
/home/lucas/Desktop/EmbeddedSystems/redo/module1/build/module0.elf:     file format elf32-littlearm

Sections:
Idx Name          Size      VMA       LMA       File off  Algn
  0 .boot2        00000100  10000000  10000000  00001000  2**0
                  CONTENTS, ALLOC, LOAD, READONLY, CODE
  1 .text         000065a8  10000100  10000100  00001100  2**3
                  CONTENTS, ALLOC, LOAD, READONLY, CODE
  2 .rodata       000004fc  100066a8  100066a8  000076a8  2**3
                  CONTENTS, ALLOC, LOAD, READONLY, DATA
  3 .binary_info  00000024  10006ba4  10006ba4  00007ba4  2**2
                  CONTENTS, ALLOC, LOAD, READONLY, DATA
  4 .xip_ram      00000000  15000000  15000000  00009170  2**0
                  CONTENTS
  5 .ram_vector_table 000000c0  20000000  20000000  0000a000  2**2
                  ALLOC
  6 .uninitialized_data 00000000  200000c0  200000c0  00009170  2**0
                  CONTENTS
  7 .data         000010b0  200000c0  10006bc8  000080c0  2**4
                  CONTENTS, ALLOC, LOAD, READONLY, CODE
  8 .tdata        00000000  20001170  20001170  00009170  2**0
                  CONTENTS, ALLOC, LOAD, DATA, THREAD_LOCAL
  9 .tbss         00000000  20001170  20001170  00000000  2**0
                  ALLOC, THREAD_LOCAL
 10 .tbss_space   00000000  20001170  20001170  00009170  2**0
                  CONTENTS
 11 .bss          00000c1c  20001170  10007c78  00009170  2**3
                  ALLOC
 12 .tls0         00000000  20001d8c  20001d8c  00009170  2**0
                  CONTENTS
 13 .tls1         00000000  20001d8c  20001d8c  00009170  2**0
                  CONTENTS
 14 .persistent_data 00000000  20001d8c  20001d8c  00009170  2**0
                  CONTENTS
 15 .dummy_pre_heap 00000000  20001d8c  20001d8c  00009170  2**0
                  CONTENTS
 16 .heap         00000800  20001d8c  20001d8c  0000a000  2**2
                  ALLOC, READONLY
 17 .scratch_x    00000000  20040000  20040000  00009170  2**0
                  CONTENTS
 18 .scratch_y    00000000  20041000  20041000  00009170  2**0
                  CONTENTS
 19 .stack_dummy  00000800  20041000  20041000  0000a000  2**5
                  ALLOC, READONLY
 20 .debug_info   00030830  00000000  00000000  00009170  2**0
                  CONTENTS, READONLY, DEBUGGING, OCTETS
 21 .debug_abbrev 00008e59  00000000  00000000  000399a0  2**0
                  CONTENTS, READONLY, DEBUGGING, OCTETS
 22 .debug_loclists 0001a8e8  00000000  00000000  000427f9  2**0
                  CONTENTS, READONLY, DEBUGGING, OCTETS
 23 .debug_aranges 000016c0  00000000  00000000  0005d0e8  2**3
                  CONTENTS, READONLY, DEBUGGING, OCTETS
 24 .debug_rnglists 0000457f  00000000  00000000  0005e7a8  2**0
                  CONTENTS, READONLY, DEBUGGING, OCTETS
 25 .debug_line   000249c8  00000000  00000000  00062d27  2**0
                  CONTENTS, READONLY, DEBUGGING, OCTETS
 26 .debug_str    00008fc8  00000000  00000000  000876ef  2**0
                  CONTENTS, READONLY, DEBUGGING, OCTETS
 27 .comment      0000003c  00000000  00000000  000906b7  2**0
                  CONTENTS, READONLY
 28 .ARM.attributes 0000002a  00000000  00000000  000906f3  2**0
                  CONTENTS, READONLY
 29 .debug_frame  00002dc0  00000000  00000000  00090720  2**2
                  CONTENTS, READONLY, DEBUGGING, OCTETS
 30 .debug_line_str 0000031c  00000000  00000000  000934e0  2**0
                  CONTENTS, READONLY, DEBUGGING, OCTETS

/home/lucas/Desktop/EmbeddedSystems/redo/module1/build/module0.elf:     file format elf32-littlearm


Disassembly of section .boot2:

10000000 <__boot2_start__>:
10000000:	4b32b500 	.word	0x4b32b500
10000004:	60582021 	.word	0x60582021
10000008:	21026898 	.word	0x21026898
1000000c:	60984388 	.word	0x60984388
10000010:	611860d8 	.word	0x611860d8
10000014:	4b2e6158 	.word	0x4b2e6158
10000018:	60992100 	.word	0x60992100
1000001c:	61592102 	.word	0x61592102
10000020:	22f02101 	.word	0x22f02101
10000024:	492b5099 	.word	0x492b5099
10000028:	21016019 	.word	0x21016019
1000002c:	20356099 	.word	0x20356099
10000030:	f844f000 	.word	0xf844f000
10000034:	42902202 	.word	0x42902202
10000038:	2106d014 	.word	0x2106d014
1000003c:	f0006619 	.word	0xf0006619
10000040:	6e19f834 	.word	0x6e19f834
10000044:	66192101 	.word	0x66192101
10000048:	66182000 	.word	0x66182000
1000004c:	f000661a 	.word	0xf000661a
10000050:	6e19f82c 	.word	0x6e19f82c
10000054:	6e196e19 	.word	0x6e196e19
10000058:	f0002005 	.word	0xf0002005
1000005c:	2101f82f 	.word	0x2101f82f
10000060:	d1f94208 	.word	0xd1f94208
10000064:	60992100 	.word	0x60992100
10000068:	6019491b 	.word	0x6019491b
1000006c:	60592100 	.word	0x60592100
10000070:	481b491a 	.word	0x481b491a
10000074:	21016001 	.word	0x21016001
10000078:	21eb6099 	.word	0x21eb6099
1000007c:	21a06619 	.word	0x21a06619
10000080:	f0006619 	.word	0xf0006619
10000084:	2100f812 	.word	0x2100f812
10000088:	49166099 	.word	0x49166099
1000008c:	60014814 	.word	0x60014814
10000090:	60992101 	.word	0x60992101
10000094:	2800bc01 	.word	0x2800bc01
10000098:	4700d000 	.word	0x4700d000
1000009c:	49134812 	.word	0x49134812
100000a0:	c8036008 	.word	0xc8036008
100000a4:	8808f380 	.word	0x8808f380
100000a8:	b5034708 	.word	0xb5034708
100000ac:	20046a99 	.word	0x20046a99
100000b0:	d0fb4201 	.word	0xd0fb4201
100000b4:	42012001 	.word	0x42012001
100000b8:	bd03d1f8 	.word	0xbd03d1f8
100000bc:	6618b502 	.word	0x6618b502
100000c0:	f7ff6618 	.word	0xf7ff6618
100000c4:	6e18fff2 	.word	0x6e18fff2
100000c8:	bd026e18 	.word	0xbd026e18
100000cc:	40020000 	.word	0x40020000
100000d0:	18000000 	.word	0x18000000
100000d4:	00070000 	.word	0x00070000
100000d8:	005f0300 	.word	0x005f0300
100000dc:	00002221 	.word	0x00002221
100000e0:	180000f4 	.word	0x180000f4
100000e4:	a0002022 	.word	0xa0002022
100000e8:	10000100 	.word	0x10000100
100000ec:	e000ed08 	.word	0xe000ed08
	...
100000fc:	7a4eb274 	.word	0x7a4eb274

Disassembly of section .text:

10000100 <__VECTOR_TABLE>:
10000100:	20042000 	.word	0x20042000
10000104:	100001f7 	.word	0x100001f7
10000108:	100001cb 	.word	0x100001cb
1000010c:	100001cd 	.word	0x100001cd
10000110:	100001c9 	.word	0x100001c9
10000114:	100001c9 	.word	0x100001c9
10000118:	100001c9 	.word	0x100001c9
1000011c:	100001c9 	.word	0x100001c9
10000120:	100001c9 	.word	0x100001c9
10000124:	100001c9 	.word	0x100001c9
10000128:	100001c9 	.word	0x100001c9
1000012c:	100001cf 	.word	0x100001cf
10000130:	100001c9 	.word	0x100001c9
10000134:	100001c9 	.word	0x100001c9
10000138:	100001d1 	.word	0x100001d1
1000013c:	100001d3 	.word	0x100001d3
10000140:	100001c1 	.word	0x100001c1
10000144:	100001c1 	.word	0x100001c1
10000148:	100001c1 	.word	0x100001c1
1000014c:	100001c1 	.word	0x100001c1
10000150:	100001c1 	.word	0x100001c1
10000154:	100001c1 	.word	0x100001c1
10000158:	100001c1 	.word	0x100001c1
1000015c:	100001c1 	.word	0x100001c1
10000160:	100001c1 	.word	0x100001c1
10000164:	100001c1 	.word	0x100001c1
10000168:	100001c1 	.word	0x100001c1
1000016c:	100001c1 	.word	0x100001c1
10000170:	100001c1 	.word	0x100001c1
10000174:	100001c1 	.word	0x100001c1
10000178:	100001c1 	.word	0x100001c1
1000017c:	100001c1 	.word	0x100001c1
10000180:	100001c1 	.word	0x100001c1
10000184:	100001c1 	.word	0x100001c1
10000188:	100001c1 	.word	0x100001c1
1000018c:	100001c1 	.word	0x100001c1
10000190:	100001c1 	.word	0x100001c1
10000194:	100001c1 	.word	0x100001c1
10000198:	100001c1 	.word	0x100001c1
1000019c:	100001c1 	.word	0x100001c1
100001a0:	100001c1 	.word	0x100001c1
100001a4:	100001c1 	.word	0x100001c1
100001a8:	100001c1 	.word	0x100001c1
100001ac:	100001c1 	.word	0x100001c1
100001b0:	100001c1 	.word	0x100001c1
100001b4:	100001c1 	.word	0x100001c1
100001b8:	100001c1 	.word	0x100001c1
100001bc:	100001c1 	.word	0x100001c1

100001c0 <__unhandled_user_irq>:
100001c0:	f3ef 8005 	mrs	r0, IPSR
100001c4:	3810      	subs	r0, #16

100001c6 <unhandled_user_irq_num_in_r0>:
100001c6:	be00      	bkpt	0x0000

100001c8 <isr_invalid>:
100001c8:	be00      	bkpt	0x0000

100001ca <isr_nmi>:
100001ca:	be00      	bkpt	0x0000

100001cc <isr_hardfault>:
100001cc:	be00      	bkpt	0x0000

100001ce <isr_svcall>:
100001ce:	be00      	bkpt	0x0000

100001d0 <isr_pendsv>:
100001d0:	be00      	bkpt	0x0000

100001d2 <isr_systick>:
100001d2:	be00      	bkpt	0x0000

100001d4 <__default_isrs_end>:
100001d4:	7188ebf2 	.word	0x7188ebf2
100001d8:	10006ba4 	.word	0x10006ba4
100001dc:	10006bc8 	.word	0x10006bc8
100001e0:	10000238 	.word	0x10000238
100001e4:	e71aa390 	.word	0xe71aa390

100001e8 <_entry_point>:
100001e8:	2000      	movs	r0, #0

100001ea <_enter_vtable_in_r0>:
100001ea:	491e      	ldr	r1, [pc, #120]	@ (10000264 <data_cpy_table+0x2c>)
100001ec:	6008      	str	r0, [r1, #0]
100001ee:	c806      	ldmia	r0!, {r1, r2}
100001f0:	f381 8808 	msr	MSP, r1
100001f4:	4710      	bx	r2

100001f6 <_reset_handler>:
100001f6:	481c      	ldr	r0, [pc, #112]	@ (10000268 <data_cpy_table+0x30>)
100001f8:	6800      	ldr	r0, [r0, #0]
100001fa:	2800      	cmp	r0, #0
100001fc:	d001      	beq.n	10000202 <hold_non_core0_in_bootrom+0x4>

100001fe <hold_non_core0_in_bootrom>:
100001fe:	2000      	movs	r0, #0
10000200:	e7f3      	b.n	100001ea <_enter_vtable_in_r0>
10000202:	a40d      	add	r4, pc, #52	@ (adr r4, 10000238 <data_cpy_table>)
10000204:	cc0e      	ldmia	r4!, {r1, r2, r3}
10000206:	2900      	cmp	r1, #0
10000208:	d002      	beq.n	10000210 <hold_non_core0_in_bootrom+0x12>
1000020a:	f000 f812 	bl	10000232 <data_cpy>
1000020e:	e7f9      	b.n	10000204 <hold_non_core0_in_bootrom+0x6>
10000210:	4916      	ldr	r1, [pc, #88]	@ (1000026c <data_cpy_table+0x34>)
10000212:	4a17      	ldr	r2, [pc, #92]	@ (10000270 <data_cpy_table+0x38>)
10000214:	2000      	movs	r0, #0
10000216:	e000      	b.n	1000021a <bss_fill_test>

10000218 <bss_fill_loop>:
10000218:	c101      	stmia	r1!, {r0}

1000021a <bss_fill_test>:
1000021a:	4291      	cmp	r1, r2
1000021c:	d1fc      	bne.n	10000218 <bss_fill_loop>

1000021e <platform_entry>:
1000021e:	4915      	ldr	r1, [pc, #84]	@ (10000274 <data_cpy_table+0x3c>)
10000220:	4788      	blx	r1
10000222:	4915      	ldr	r1, [pc, #84]	@ (10000278 <data_cpy_table+0x40>)
10000224:	4788      	blx	r1
10000226:	4915      	ldr	r1, [pc, #84]	@ (1000027c <data_cpy_table+0x44>)
10000228:	4788      	blx	r1
1000022a:	be00      	bkpt	0x0000
1000022c:	e7fd      	b.n	1000022a <platform_entry+0xc>

1000022e <data_cpy_loop>:
1000022e:	c901      	ldmia	r1!, {r0}
10000230:	c201      	stmia	r2!, {r0}

10000232 <data_cpy>:
10000232:	429a      	cmp	r2, r3
10000234:	d3fb      	bcc.n	1000022e <data_cpy_loop>

10000236 <data_cpy_done>:
10000236:	4770      	bx	lr

10000238 <data_cpy_table>:
10000238:	10006bc8 	.word	0x10006bc8
1000023c:	200000c0 	.word	0x200000c0
10000240:	20001170 	.word	0x20001170
10000244:	10007c78 	.word	0x10007c78
10000248:	20040000 	.word	0x20040000
1000024c:	20040000 	.word	0x20040000
10000250:	10007c78 	.word	0x10007c78
10000254:	20041000 	.word	0x20041000
10000258:	20041000 	.word	0x20041000
1000025c:	00000000 	.word	0x00000000
10000260:	4770      	bx	lr
10000262:	0000      	.short	0x0000
10000264:	e000ed08 	.word	0xe000ed08
10000268:	d0000000 	.word	0xd0000000
1000026c:	20001170 	.word	0x20001170
10000270:	20001d8c 	.word	0x20001d8c
10000274:	10003ea9 	.word	0x10003ea9
10000278:	10000281 	.word	0x10000281
1000027c:	10003ea1 	.word	0x10003ea1

10000280 <main>:
10000280:	b5f0      	push	{r4, r5, r6, r7, lr}
10000282:	46d6      	mov	lr, sl
10000284:	b500      	push	{lr}
10000286:	f003 ff33 	bl	100040f0 <stdio_init_all>
1000028a:	2018      	movs	r0, #24
1000028c:	f000 f860 	bl	10000350 <gpio_init>
10000290:	23d0      	movs	r3, #208	@ 0xd0
10000292:	2280      	movs	r2, #128	@ 0x80
10000294:	2196      	movs	r1, #150	@ 0x96
10000296:	061b      	lsls	r3, r3, #24
10000298:	0452      	lsls	r2, r2, #17
1000029a:	625a      	str	r2, [r3, #36]	@ 0x24
1000029c:	0209      	lsls	r1, r1, #8
1000029e:	619a      	str	r2, [r3, #24]
100002a0:	481b      	ldr	r0, [pc, #108]	@ (10000310 <main+0x90>)
100002a2:	f000 ff2f 	bl	10001104 <uart_init>
100002a6:	2102      	movs	r1, #2
100002a8:	2011      	movs	r0, #17
100002aa:	f000 f837 	bl	1000031c <gpio_set_function>
100002ae:	2500      	movs	r5, #0
100002b0:	f000 fee8 	bl	10001084 <time_us_64>
100002b4:	4c17      	ldr	r4, [pc, #92]	@ (10000314 <main+0x94>)
100002b6:	4b18      	ldr	r3, [pc, #96]	@ (10000318 <main+0x98>)
100002b8:	1824      	adds	r4, r4, r0
100002ba:	414d      	adcs	r5, r1
100002bc:	469a      	mov	sl, r3
100002be:	2610      	movs	r6, #16
100002c0:	4f13      	ldr	r7, [pc, #76]	@ (10000310 <main+0x90>)
100002c2:	69bb      	ldr	r3, [r7, #24]
100002c4:	421e      	tst	r6, r3
100002c6:	d10b      	bne.n	100002e0 <main+0x60>
100002c8:	69bb      	ldr	r3, [r7, #24]
100002ca:	421e      	tst	r6, r3
100002cc:	d1fc      	bne.n	100002c8 <main+0x48>
100002ce:	21ff      	movs	r1, #255	@ 0xff
100002d0:	683b      	ldr	r3, [r7, #0]
100002d2:	4650      	mov	r0, sl
100002d4:	4019      	ands	r1, r3
100002d6:	f003 ffdb 	bl	10004290 <__wrap_printf>
100002da:	69bb      	ldr	r3, [r7, #24]
100002dc:	421e      	tst	r6, r3
100002de:	d0f3      	beq.n	100002c8 <main+0x48>
100002e0:	f000 fed0 	bl	10001084 <time_us_64>
100002e4:	428d      	cmp	r5, r1
100002e6:	d8ec      	bhi.n	100002c2 <main+0x42>
100002e8:	d101      	bne.n	100002ee <main+0x6e>
100002ea:	4284      	cmp	r4, r0
100002ec:	d8e9      	bhi.n	100002c2 <main+0x42>
100002ee:	23d0      	movs	r3, #208	@ 0xd0
100002f0:	2280      	movs	r2, #128	@ 0x80
100002f2:	061b      	lsls	r3, r3, #24
100002f4:	6859      	ldr	r1, [r3, #4]
100002f6:	0452      	lsls	r2, r2, #17
100002f8:	4211      	tst	r1, r2
100002fa:	d107      	bne.n	1000030c <main+0x8c>
100002fc:	615a      	str	r2, [r3, #20]
100002fe:	f000 fec1 	bl	10001084 <time_us_64>
10000302:	2500      	movs	r5, #0
10000304:	4c03      	ldr	r4, [pc, #12]	@ (10000314 <main+0x94>)
10000306:	1824      	adds	r4, r4, r0
10000308:	414d      	adcs	r5, r1
1000030a:	e7da      	b.n	100002c2 <main+0x42>
1000030c:	619a      	str	r2, [r3, #24]
1000030e:	e7f6      	b.n	100002fe <main+0x7e>
10000310:	40034000 	.word	0x40034000
10000314:	000f4240 	.word	0x000f4240
10000318:	100066a8 	.word	0x100066a8

1000031c <gpio_set_function>:
1000031c:	4643      	mov	r3, r8
1000031e:	468c      	mov	ip, r1
10000320:	2140      	movs	r1, #64	@ 0x40
10000322:	4a08      	ldr	r2, [pc, #32]	@ (10000344 <gpio_set_function+0x28>)
10000324:	b408      	push	{r3}
10000326:	0083      	lsls	r3, r0, #2
10000328:	589a      	ldr	r2, [r3, r2]
1000032a:	00c0      	lsls	r0, r0, #3
1000032c:	4051      	eors	r1, r2
1000032e:	22c0      	movs	r2, #192	@ 0xc0
10000330:	400a      	ands	r2, r1
10000332:	4905      	ldr	r1, [pc, #20]	@ (10000348 <gpio_set_function+0x2c>)
10000334:	505a      	str	r2, [r3, r1]
10000336:	4b05      	ldr	r3, [pc, #20]	@ (1000034c <gpio_set_function+0x30>)
10000338:	18c0      	adds	r0, r0, r3
1000033a:	4663      	mov	r3, ip
1000033c:	6043      	str	r3, [r0, #4]
1000033e:	bc08      	pop	{r3}
10000340:	4698      	mov	r8, r3
10000342:	4770      	bx	lr
10000344:	4001c004 	.word	0x4001c004
10000348:	4001d004 	.word	0x4001d004
1000034c:	40014000 	.word	0x40014000

10000350 <gpio_init>:
10000350:	2301      	movs	r3, #1
10000352:	22d0      	movs	r2, #208	@ 0xd0
10000354:	4083      	lsls	r3, r0
10000356:	0612      	lsls	r2, r2, #24
10000358:	6293      	str	r3, [r2, #40]	@ 0x28
1000035a:	6193      	str	r3, [r2, #24]
1000035c:	4a07      	ldr	r2, [pc, #28]	@ (1000037c <gpio_init+0x2c>)
1000035e:	0083      	lsls	r3, r0, #2
10000360:	5899      	ldr	r1, [r3, r2]
10000362:	2240      	movs	r2, #64	@ 0x40
10000364:	4051      	eors	r1, r2
10000366:	3280      	adds	r2, #128	@ 0x80
10000368:	400a      	ands	r2, r1
1000036a:	4905      	ldr	r1, [pc, #20]	@ (10000380 <gpio_init+0x30>)
1000036c:	00c0      	lsls	r0, r0, #3
1000036e:	505a      	str	r2, [r3, r1]
10000370:	4b04      	ldr	r3, [pc, #16]	@ (10000384 <gpio_init+0x34>)
10000372:	18c0      	adds	r0, r0, r3
10000374:	2305      	movs	r3, #5
10000376:	6043      	str	r3, [r0, #4]
10000378:	4770      	bx	lr
1000037a:	46c0      	nop			@ (mov r8, r8)
1000037c:	4001c004 	.word	0x4001c004
10000380:	4001d004 	.word	0x4001d004
10000384:	40014000 	.word	0x40014000

10000388 <rp2040_chip_version>:
10000388:	2380      	movs	r3, #128	@ 0x80
1000038a:	05db      	lsls	r3, r3, #23
1000038c:	6818      	ldr	r0, [r3, #0]
1000038e:	0f00      	lsrs	r0, r0, #28
10000390:	4770      	bx	lr
10000392:	46c0      	nop			@ (mov r8, r8)

10000394 <panic>:
10000394:	b40f      	push	{r0, r1, r2, r3}
10000396:	b500      	push	{lr}
10000398:	4808      	ldr	r0, [pc, #32]	@ (100003bc <panic+0x28>)
1000039a:	b083      	sub	sp, #12
1000039c:	f003 fef6 	bl	1000418c <__wrap_puts>
100003a0:	9b04      	ldr	r3, [sp, #16]
100003a2:	2b00      	cmp	r3, #0
100003a4:	d007      	beq.n	100003b6 <panic+0x22>
100003a6:	a905      	add	r1, sp, #20
100003a8:	0018      	movs	r0, r3
100003aa:	9101      	str	r1, [sp, #4]
100003ac:	f003 fd5c 	bl	10003e68 <weak_raw_vprintf>
100003b0:	4803      	ldr	r0, [pc, #12]	@ (100003c0 <panic+0x2c>)
100003b2:	f003 feeb 	bl	1000418c <__wrap_puts>
100003b6:	2001      	movs	r0, #1
100003b8:	f003 fd6e 	bl	10003e98 <_exit>
100003bc:	100066b0 	.word	0x100066b0
100003c0:	10006770 	.word	0x10006770

100003c4 <hw_claim_or_assert>:
100003c4:	b570      	push	{r4, r5, r6, lr}
100003c6:	468c      	mov	ip, r1
100003c8:	0016      	movs	r6, r2
100003ca:	f3ef 8410 	mrs	r4, PRIMASK
100003ce:	b672      	cpsid	i
100003d0:	490f      	ldr	r1, [pc, #60]	@ (10000410 <hw_claim_or_assert+0x4c>)
100003d2:	680b      	ldr	r3, [r1, #0]
100003d4:	2b00      	cmp	r3, #0
100003d6:	d0fc      	beq.n	100003d2 <hw_claim_or_assert+0xe>
100003d8:	f3bf 8f5f 	dmb	sy
100003dc:	4663      	mov	r3, ip
100003de:	08db      	lsrs	r3, r3, #3
100003e0:	18c5      	adds	r5, r0, r3
100003e2:	2207      	movs	r2, #7
100003e4:	5cc0      	ldrb	r0, [r0, r3]
100003e6:	4663      	mov	r3, ip
100003e8:	401a      	ands	r2, r3
100003ea:	2301      	movs	r3, #1
100003ec:	4093      	lsls	r3, r2
100003ee:	001a      	movs	r2, r3
100003f0:	4002      	ands	r2, r0
100003f2:	4203      	tst	r3, r0
100003f4:	d107      	bne.n	10000406 <hw_claim_or_assert+0x42>
100003f6:	4318      	orrs	r0, r3
100003f8:	7028      	strb	r0, [r5, #0]
100003fa:	f3bf 8f5f 	dmb	sy
100003fe:	600a      	str	r2, [r1, #0]
10000400:	f384 8810 	msr	PRIMASK, r4
10000404:	bd70      	pop	{r4, r5, r6, pc}
10000406:	4661      	mov	r1, ip
10000408:	0030      	movs	r0, r6
1000040a:	f7ff ffc3 	bl	10000394 <panic>
1000040e:	46c0      	nop			@ (mov r8, r8)
10000410:	d000012c 	.word	0xd000012c

10000414 <hw_claim_unused_from_range>:
10000414:	b5f8      	push	{r3, r4, r5, r6, r7, lr}
10000416:	46ce      	mov	lr, r9
10000418:	4647      	mov	r7, r8
1000041a:	468c      	mov	ip, r1
1000041c:	b580      	push	{r7, lr}
1000041e:	001c      	movs	r4, r3
10000420:	f3ef 8810 	mrs	r8, PRIMASK
10000424:	b672      	cpsid	i
10000426:	491c      	ldr	r1, [pc, #112]	@ (10000498 <hw_claim_unused_from_range+0x84>)
10000428:	680b      	ldr	r3, [r1, #0]
1000042a:	2b00      	cmp	r3, #0
1000042c:	d0fc      	beq.n	10000428 <hw_claim_unused_from_range+0x14>
1000042e:	f3bf 8f5f 	dmb	sy
10000432:	42a2      	cmp	r2, r4
10000434:	d821      	bhi.n	1000047a <hw_claim_unused_from_range+0x66>
10000436:	2307      	movs	r3, #7
10000438:	4699      	mov	r9, r3
1000043a:	e002      	b.n	10000442 <hw_claim_unused_from_range+0x2e>
1000043c:	3201      	adds	r2, #1
1000043e:	4294      	cmp	r4, r2
10000440:	d318      	bcc.n	10000474 <hw_claim_unused_from_range+0x60>
10000442:	4649      	mov	r1, r9
10000444:	2601      	movs	r6, #1
10000446:	4011      	ands	r1, r2
10000448:	408e      	lsls	r6, r1
1000044a:	08d3      	lsrs	r3, r2, #3
1000044c:	18c7      	adds	r7, r0, r3
1000044e:	5cc3      	ldrb	r3, [r0, r3]
10000450:	421e      	tst	r6, r3
10000452:	d1f3      	bne.n	1000043c <hw_claim_unused_from_range+0x28>
10000454:	0010      	movs	r0, r2
10000456:	4333      	orrs	r3, r6
10000458:	703b      	strb	r3, [r7, #0]
1000045a:	f3bf 8f5f 	dmb	sy
1000045e:	2200      	movs	r2, #0
10000460:	4b0d      	ldr	r3, [pc, #52]	@ (10000498 <hw_claim_unused_from_range+0x84>)
10000462:	601a      	str	r2, [r3, #0]
10000464:	f388 8810 	msr	PRIMASK, r8
10000468:	2800      	cmp	r0, #0
1000046a:	db0e      	blt.n	1000048a <hw_claim_unused_from_range+0x76>
1000046c:	bcc0      	pop	{r6, r7}
1000046e:	46b9      	mov	r9, r7
10000470:	46b0      	mov	r8, r6
10000472:	bdf8      	pop	{r3, r4, r5, r6, r7, pc}
10000474:	2001      	movs	r0, #1
10000476:	4240      	negs	r0, r0
10000478:	e7ef      	b.n	1000045a <hw_claim_unused_from_range+0x46>
1000047a:	f3bf 8f5f 	dmb	sy
1000047e:	2300      	movs	r3, #0
10000480:	600b      	str	r3, [r1, #0]
10000482:	f388 8810 	msr	PRIMASK, r8
10000486:	2001      	movs	r0, #1
10000488:	4240      	negs	r0, r0
1000048a:	4663      	mov	r3, ip
1000048c:	2b00      	cmp	r3, #0
1000048e:	d0ed      	beq.n	1000046c <hw_claim_unused_from_range+0x58>
10000490:	9808      	ldr	r0, [sp, #32]
10000492:	f7ff ff7f 	bl	10000394 <panic>
10000496:	46c0      	nop			@ (mov r8, r8)
10000498:	d000012c 	.word	0xd000012c

1000049c <next_striped_spin_lock_num>:
1000049c:	4a04      	ldr	r2, [pc, #16]	@ (100004b0 <next_striped_spin_lock_num+0x14>)
1000049e:	7810      	ldrb	r0, [r2, #0]
100004a0:	1c43      	adds	r3, r0, #1
100004a2:	b2db      	uxtb	r3, r3
100004a4:	2b17      	cmp	r3, #23
100004a6:	d900      	bls.n	100004aa <next_striped_spin_lock_num+0xe>
100004a8:	2310      	movs	r3, #16
100004aa:	7013      	strb	r3, [r2, #0]
100004ac:	4770      	bx	lr
100004ae:	46c0      	nop			@ (mov r8, r8)
100004b0:	20001080 	.word	0x20001080

100004b4 <spin_lock_claim_unused>:
100004b4:	b500      	push	{lr}
100004b6:	4b05      	ldr	r3, [pc, #20]	@ (100004cc <spin_lock_claim_unused+0x18>)
100004b8:	b083      	sub	sp, #12
100004ba:	0001      	movs	r1, r0
100004bc:	9300      	str	r3, [sp, #0]
100004be:	2218      	movs	r2, #24
100004c0:	231f      	movs	r3, #31
100004c2:	4803      	ldr	r0, [pc, #12]	@ (100004d0 <spin_lock_claim_unused+0x1c>)
100004c4:	f7ff ffa6 	bl	10000414 <hw_claim_unused_from_range>
100004c8:	b003      	add	sp, #12
100004ca:	bd00      	pop	{pc}
100004cc:	100066c0 	.word	0x100066c0
100004d0:	200018cc 	.word	0x200018cc

100004d4 <spin_locks_reset>:
100004d4:	2100      	movs	r1, #0
100004d6:	4b04      	ldr	r3, [pc, #16]	@ (100004e8 <spin_locks_reset+0x14>)
100004d8:	4a04      	ldr	r2, [pc, #16]	@ (100004ec <spin_locks_reset+0x18>)
100004da:	f3bf 8f5f 	dmb	sy
100004de:	c302      	stmia	r3!, {r1}
100004e0:	4293      	cmp	r3, r2
100004e2:	d1fa      	bne.n	100004da <spin_locks_reset+0x6>
100004e4:	4770      	bx	lr
100004e6:	46c0      	nop			@ (mov r8, r8)
100004e8:	d0000100 	.word	0xd0000100
100004ec:	d0000180 	.word	0xd0000180

100004f0 <runtime_init_per_core_irq_priorities>:
100004f0:	4b08      	ldr	r3, [pc, #32]	@ (10000514 <runtime_init_per_core_irq_priorities+0x24>)
100004f2:	4a09      	ldr	r2, [pc, #36]	@ (10000518 <runtime_init_per_core_irq_priorities+0x28>)
100004f4:	6013      	str	r3, [r2, #0]
100004f6:	4a09      	ldr	r2, [pc, #36]	@ (1000051c <runtime_init_per_core_irq_priorities+0x2c>)
100004f8:	6013      	str	r3, [r2, #0]
100004fa:	4a09      	ldr	r2, [pc, #36]	@ (10000520 <runtime_init_per_core_irq_priorities+0x30>)
100004fc:	6013      	str	r3, [r2, #0]
100004fe:	4a09      	ldr	r2, [pc, #36]	@ (10000524 <runtime_init_per_core_irq_priorities+0x34>)
10000500:	6013      	str	r3, [r2, #0]
10000502:	4a09      	ldr	r2, [pc, #36]	@ (10000528 <runtime_init_per_core_irq_priorities+0x38>)
10000504:	6013      	str	r3, [r2, #0]
10000506:	4a09      	ldr	r2, [pc, #36]	@ (1000052c <runtime_init_per_core_irq_priorities+0x3c>)
10000508:	6013      	str	r3, [r2, #0]
1000050a:	4a09      	ldr	r2, [pc, #36]	@ (10000530 <runtime_init_per_core_irq_priorities+0x40>)
1000050c:	6013      	str	r3, [r2, #0]
1000050e:	4a09      	ldr	r2, [pc, #36]	@ (10000534 <runtime_init_per_core_irq_priorities+0x44>)
10000510:	6013      	str	r3, [r2, #0]
10000512:	4770      	bx	lr
10000514:	80808080 	.word	0x80808080
10000518:	e000e400 	.word	0xe000e400
1000051c:	e000e404 	.word	0xe000e404
10000520:	e000e408 	.word	0xe000e408
10000524:	e000e40c 	.word	0xe000e40c
10000528:	e000e410 	.word	0xe000e410
1000052c:	e000e414 	.word	0xe000e414
10000530:	e000e418 	.word	0xe000e418
10000534:	e000e41c 	.word	0xe000e41c

10000538 <irq_set_enabled>:
10000538:	231f      	movs	r3, #31
1000053a:	4018      	ands	r0, r3
1000053c:	3b1e      	subs	r3, #30
1000053e:	4083      	lsls	r3, r0
10000540:	2900      	cmp	r1, #0
10000542:	d005      	beq.n	10000550 <irq_set_enabled+0x18>
10000544:	21c0      	movs	r1, #192	@ 0xc0
10000546:	4a04      	ldr	r2, [pc, #16]	@ (10000558 <irq_set_enabled+0x20>)
10000548:	0049      	lsls	r1, r1, #1
1000054a:	5053      	str	r3, [r2, r1]
1000054c:	6013      	str	r3, [r2, #0]
1000054e:	4770      	bx	lr
10000550:	2280      	movs	r2, #128	@ 0x80
10000552:	4901      	ldr	r1, [pc, #4]	@ (10000558 <irq_set_enabled+0x20>)
10000554:	508b      	str	r3, [r1, r2]
10000556:	e7fa      	b.n	1000054e <irq_set_enabled+0x16>
10000558:	e000e100 	.word	0xe000e100

1000055c <irq_is_enabled>:
1000055c:	2201      	movs	r2, #1
1000055e:	4082      	lsls	r2, r0
10000560:	4b03      	ldr	r3, [pc, #12]	@ (10000570 <irq_is_enabled+0x14>)
10000562:	681b      	ldr	r3, [r3, #0]
10000564:	4013      	ands	r3, r2
10000566:	1e5a      	subs	r2, r3, #1
10000568:	4193      	sbcs	r3, r2
1000056a:	b2d8      	uxtb	r0, r3
1000056c:	4770      	bx	lr
1000056e:	46c0      	nop			@ (mov r8, r8)
10000570:	e000e100 	.word	0xe000e100

10000574 <irq_set_pending>:
10000574:	2301      	movs	r3, #1
10000576:	4083      	lsls	r3, r0
10000578:	4a01      	ldr	r2, [pc, #4]	@ (10000580 <irq_set_pending+0xc>)
1000057a:	6013      	str	r3, [r2, #0]
1000057c:	4770      	bx	lr
1000057e:	46c0      	nop			@ (mov r8, r8)
10000580:	e000e200 	.word	0xe000e200

10000584 <irq_has_shared_handler>:
10000584:	4b05      	ldr	r3, [pc, #20]	@ (1000059c <irq_has_shared_handler+0x18>)
10000586:	3010      	adds	r0, #16
10000588:	689b      	ldr	r3, [r3, #8]
1000058a:	0080      	lsls	r0, r0, #2
1000058c:	58c3      	ldr	r3, [r0, r3]
1000058e:	4a04      	ldr	r2, [pc, #16]	@ (100005a0 <irq_has_shared_handler+0x1c>)
10000590:	2000      	movs	r0, #0
10000592:	1a9b      	subs	r3, r3, r2
10000594:	2247      	movs	r2, #71	@ 0x47
10000596:	429a      	cmp	r2, r3
10000598:	4140      	adcs	r0, r0
1000059a:	4770      	bx	lr
1000059c:	e000ed00 	.word	0xe000ed00
100005a0:	20001084 	.word	0x20001084

100005a4 <irq_set_exclusive_handler>:
100005a4:	b510      	push	{r4, lr}
100005a6:	f3ef 8c10 	mrs	ip, PRIMASK
100005aa:	b672      	cpsid	i
100005ac:	4a0f      	ldr	r2, [pc, #60]	@ (100005ec <irq_set_exclusive_handler+0x48>)
100005ae:	6813      	ldr	r3, [r2, #0]
100005b0:	2b00      	cmp	r3, #0
100005b2:	d0fc      	beq.n	100005ae <irq_set_exclusive_handler+0xa>
100005b4:	f3bf 8f5f 	dmb	sy
100005b8:	4b0d      	ldr	r3, [pc, #52]	@ (100005f0 <irq_set_exclusive_handler+0x4c>)
100005ba:	3010      	adds	r0, #16
100005bc:	689b      	ldr	r3, [r3, #8]
100005be:	0080      	lsls	r0, r0, #2
100005c0:	581b      	ldr	r3, [r3, r0]
100005c2:	4a0c      	ldr	r2, [pc, #48]	@ (100005f4 <irq_set_exclusive_handler+0x50>)
100005c4:	4293      	cmp	r3, r2
100005c6:	d001      	beq.n	100005cc <irq_set_exclusive_handler+0x28>
100005c8:	4299      	cmp	r1, r3
100005ca:	d10c      	bne.n	100005e6 <irq_set_exclusive_handler+0x42>
100005cc:	4b08      	ldr	r3, [pc, #32]	@ (100005f0 <irq_set_exclusive_handler+0x4c>)
100005ce:	689b      	ldr	r3, [r3, #8]
100005d0:	5019      	str	r1, [r3, r0]
100005d2:	f3bf 8f5f 	dmb	sy
100005d6:	f3bf 8f5f 	dmb	sy
100005da:	2200      	movs	r2, #0
100005dc:	4b03      	ldr	r3, [pc, #12]	@ (100005ec <irq_set_exclusive_handler+0x48>)
100005de:	601a      	str	r2, [r3, #0]
100005e0:	f38c 8810 	msr	PRIMASK, ip
100005e4:	bd10      	pop	{r4, pc}
100005e6:	f001 f801 	bl	100015ec <hard_assertion_failure>
100005ea:	46c0      	nop			@ (mov r8, r8)
100005ec:	d0000124 	.word	0xd0000124
100005f0:	e000ed00 	.word	0xe000ed00
100005f4:	100001c1 	.word	0x100001c1

100005f8 <irq_add_shared_handler>:
100005f8:	b5f0      	push	{r4, r5, r6, r7, lr}
100005fa:	46de      	mov	lr, fp
100005fc:	4657      	mov	r7, sl
100005fe:	464e      	mov	r6, r9
10000600:	4645      	mov	r5, r8
10000602:	b5e0      	push	{r5, r6, r7, lr}
10000604:	468b      	mov	fp, r1
10000606:	b085      	sub	sp, #20
10000608:	f3ef 8810 	mrs	r8, PRIMASK
1000060c:	b672      	cpsid	i
1000060e:	0016      	movs	r6, r2
10000610:	4a5b      	ldr	r2, [pc, #364]	@ (10000780 <irq_add_shared_handler+0x188>)
10000612:	6813      	ldr	r3, [r2, #0]
10000614:	2b00      	cmp	r3, #0
10000616:	d0fc      	beq.n	10000612 <irq_add_shared_handler+0x1a>
10000618:	46b2      	mov	sl, r6
1000061a:	f3bf 8f5f 	dmb	sy
1000061e:	2500      	movs	r5, #0
10000620:	4958      	ldr	r1, [pc, #352]	@ (10000784 <irq_add_shared_handler+0x18c>)
10000622:	574d      	ldrsb	r5, [r1, r5]
10000624:	2d00      	cmp	r5, #0
10000626:	da00      	bge.n	1000062a <irq_add_shared_handler+0x32>
10000628:	e0a8      	b.n	1000077c <irq_add_shared_handler+0x184>
1000062a:	006b      	lsls	r3, r5, #1
1000062c:	4a56      	ldr	r2, [pc, #344]	@ (10000788 <irq_add_shared_handler+0x190>)
1000062e:	9301      	str	r3, [sp, #4]
10000630:	195b      	adds	r3, r3, r5
10000632:	009b      	lsls	r3, r3, #2
10000634:	18d4      	adds	r4, r2, r3
10000636:	79a7      	ldrb	r7, [r4, #6]
10000638:	3010      	adds	r0, #16
1000063a:	700f      	strb	r7, [r1, #0]
1000063c:	4953      	ldr	r1, [pc, #332]	@ (1000078c <irq_add_shared_handler+0x194>)
1000063e:	0080      	lsls	r0, r0, #2
10000640:	6889      	ldr	r1, [r1, #8]
10000642:	4684      	mov	ip, r0
10000644:	580f      	ldr	r7, [r1, r0]
10000646:	1ab9      	subs	r1, r7, r2
10000648:	2947      	cmp	r1, #71	@ 0x47
1000064a:	d833      	bhi.n	100006b4 <irq_add_shared_handler+0xbc>
1000064c:	2001      	movs	r0, #1
1000064e:	0039      	movs	r1, r7
10000650:	4381      	bics	r1, r0
10000652:	79ce      	ldrb	r6, [r1, #7]
10000654:	4556      	cmp	r6, sl
10000656:	d800      	bhi.n	1000065a <irq_add_shared_handler+0x62>
10000658:	e06a      	b.n	10000730 <irq_add_shared_handler+0x138>
1000065a:	46a1      	mov	r9, r4
1000065c:	4656      	mov	r6, sl
1000065e:	9303      	str	r3, [sp, #12]
10000660:	e007      	b.n	10000672 <irq_add_shared_handler+0x7a>
10000662:	0058      	lsls	r0, r3, #1
10000664:	18c0      	adds	r0, r0, r3
10000666:	0080      	lsls	r0, r0, #2
10000668:	1810      	adds	r0, r2, r0
1000066a:	79c4      	ldrb	r4, [r0, #7]
1000066c:	42b4      	cmp	r4, r6
1000066e:	d94d      	bls.n	1000070c <irq_add_shared_handler+0x114>
10000670:	0001      	movs	r1, r0
10000672:	2306      	movs	r3, #6
10000674:	56cb      	ldrsb	r3, [r1, r3]
10000676:	2b00      	cmp	r3, #0
10000678:	daf3      	bge.n	10000662 <irq_add_shared_handler+0x6a>
1000067a:	46b2      	mov	sl, r6
1000067c:	9302      	str	r3, [sp, #8]
1000067e:	1d0b      	adds	r3, r1, #4
10000680:	464c      	mov	r4, r9
10000682:	4699      	mov	r9, r3
10000684:	4b42      	ldr	r3, [pc, #264]	@ (10000790 <irq_add_shared_handler+0x198>)
10000686:	464e      	mov	r6, r9
10000688:	3c04      	subs	r4, #4
1000068a:	1ba4      	subs	r4, r4, r6
1000068c:	0524      	lsls	r4, r4, #20
1000068e:	4e41      	ldr	r6, [pc, #260]	@ (10000794 <irq_add_shared_handler+0x19c>)
10000690:	0d64      	lsrs	r4, r4, #21
10000692:	4334      	orrs	r4, r6
10000694:	808c      	strh	r4, [r1, #4]
10000696:	718d      	strb	r5, [r1, #6]
10000698:	9901      	ldr	r1, [sp, #4]
1000069a:	1949      	adds	r1, r1, r5
1000069c:	0089      	lsls	r1, r1, #2
1000069e:	1852      	adds	r2, r2, r1
100006a0:	8093      	strh	r3, [r2, #4]
100006a2:	9b02      	ldr	r3, [sp, #8]
100006a4:	493c      	ldr	r1, [pc, #240]	@ (10000798 <irq_add_shared_handler+0x1a0>)
100006a6:	7193      	strb	r3, [r2, #6]
100006a8:	4653      	mov	r3, sl
100006aa:	71d3      	strb	r3, [r2, #7]
100006ac:	465b      	mov	r3, fp
100006ae:	6011      	str	r1, [r2, #0]
100006b0:	6093      	str	r3, [r2, #8]
100006b2:	e017      	b.n	100006e4 <irq_add_shared_handler+0xec>
100006b4:	4939      	ldr	r1, [pc, #228]	@ (1000079c <irq_add_shared_handler+0x1a4>)
100006b6:	428f      	cmp	r7, r1
100006b8:	d160      	bne.n	1000077c <irq_add_shared_handler+0x184>
100006ba:	4939      	ldr	r1, [pc, #228]	@ (100007a0 <irq_add_shared_handler+0x1a8>)
100006bc:	2701      	movs	r7, #1
100006be:	52d1      	strh	r1, [r2, r3]
100006c0:	4938      	ldr	r1, [pc, #224]	@ (100007a4 <irq_add_shared_handler+0x1ac>)
100006c2:	3302      	adds	r3, #2
100006c4:	18d3      	adds	r3, r2, r3
100006c6:	3904      	subs	r1, #4
100006c8:	1acb      	subs	r3, r1, r3
100006ca:	4a32      	ldr	r2, [pc, #200]	@ (10000794 <irq_add_shared_handler+0x19c>)
100006cc:	051b      	lsls	r3, r3, #20
100006ce:	0d5b      	lsrs	r3, r3, #21
100006d0:	4313      	orrs	r3, r2
100006d2:	8063      	strh	r3, [r4, #2]
100006d4:	4b34      	ldr	r3, [pc, #208]	@ (100007a8 <irq_add_shared_handler+0x1b0>)
100006d6:	71e6      	strb	r6, [r4, #7]
100006d8:	80a3      	strh	r3, [r4, #4]
100006da:	23ff      	movs	r3, #255	@ 0xff
100006dc:	71a3      	strb	r3, [r4, #6]
100006de:	465b      	mov	r3, fp
100006e0:	4327      	orrs	r7, r4
100006e2:	60a3      	str	r3, [r4, #8]
100006e4:	4662      	mov	r2, ip
100006e6:	4b29      	ldr	r3, [pc, #164]	@ (1000078c <irq_add_shared_handler+0x194>)
100006e8:	689b      	ldr	r3, [r3, #8]
100006ea:	509f      	str	r7, [r3, r2]
100006ec:	f3bf 8f5f 	dmb	sy
100006f0:	f3bf 8f5f 	dmb	sy
100006f4:	2200      	movs	r2, #0
100006f6:	4b22      	ldr	r3, [pc, #136]	@ (10000780 <irq_add_shared_handler+0x188>)
100006f8:	601a      	str	r2, [r3, #0]
100006fa:	f388 8810 	msr	PRIMASK, r8
100006fe:	b005      	add	sp, #20
10000700:	bcf0      	pop	{r4, r5, r6, r7}
10000702:	46bb      	mov	fp, r7
10000704:	46b2      	mov	sl, r6
10000706:	46a9      	mov	r9, r5
10000708:	46a0      	mov	r8, r4
1000070a:	bdf0      	pop	{r4, r5, r6, r7, pc}
1000070c:	46b2      	mov	sl, r6
1000070e:	1d0e      	adds	r6, r1, #4
10000710:	464c      	mov	r4, r9
10000712:	46b1      	mov	r9, r6
10000714:	8888      	ldrh	r0, [r1, #4]
10000716:	9302      	str	r3, [sp, #8]
10000718:	9b03      	ldr	r3, [sp, #12]
1000071a:	0540      	lsls	r0, r0, #21
1000071c:	1500      	asrs	r0, r0, #20
1000071e:	3304      	adds	r3, #4
10000720:	4448      	add	r0, r9
10000722:	18d3      	adds	r3, r2, r3
10000724:	1ac3      	subs	r3, r0, r3
10000726:	051b      	lsls	r3, r3, #20
10000728:	481a      	ldr	r0, [pc, #104]	@ (10000794 <irq_add_shared_handler+0x19c>)
1000072a:	0d5b      	lsrs	r3, r3, #21
1000072c:	4303      	orrs	r3, r0
1000072e:	e7aa      	b.n	10000686 <irq_add_shared_handler+0x8e>
10000730:	1c9e      	adds	r6, r3, #2
10000732:	46b1      	mov	r9, r6
10000734:	4491      	add	r9, r2
10000736:	464e      	mov	r6, r9
10000738:	000f      	movs	r7, r1
1000073a:	4d1c      	ldr	r5, [pc, #112]	@ (100007ac <irq_add_shared_handler+0x1b4>)
1000073c:	1abf      	subs	r7, r7, r2
1000073e:	417f      	adcs	r7, r7
10000740:	437d      	muls	r5, r7
10000742:	0d2d      	lsrs	r5, r5, #20
10000744:	4f16      	ldr	r7, [pc, #88]	@ (100007a0 <irq_add_shared_handler+0x1a8>)
10000746:	71a5      	strb	r5, [r4, #6]
10000748:	52d7      	strh	r7, [r2, r3]
1000074a:	4f16      	ldr	r7, [pc, #88]	@ (100007a4 <irq_add_shared_handler+0x1ac>)
1000074c:	3304      	adds	r3, #4
1000074e:	3f04      	subs	r7, #4
10000750:	18d3      	adds	r3, r2, r3
10000752:	1bbf      	subs	r7, r7, r6
10000754:	1acb      	subs	r3, r1, r3
10000756:	053f      	lsls	r7, r7, #20
10000758:	3b04      	subs	r3, #4
1000075a:	0d7e      	lsrs	r6, r7, #21
1000075c:	051b      	lsls	r3, r3, #20
1000075e:	4f0d      	ldr	r7, [pc, #52]	@ (10000794 <irq_add_shared_handler+0x19c>)
10000760:	0d5b      	lsrs	r3, r3, #21
10000762:	433e      	orrs	r6, r7
10000764:	431f      	orrs	r7, r3
10000766:	4653      	mov	r3, sl
10000768:	71e3      	strb	r3, [r4, #7]
1000076a:	465b      	mov	r3, fp
1000076c:	60a3      	str	r3, [r4, #8]
1000076e:	4b0a      	ldr	r3, [pc, #40]	@ (10000798 <irq_add_shared_handler+0x1a0>)
10000770:	80a7      	strh	r7, [r4, #4]
10000772:	8066      	strh	r6, [r4, #2]
10000774:	4304      	orrs	r4, r0
10000776:	0027      	movs	r7, r4
10000778:	600b      	str	r3, [r1, #0]
1000077a:	e7b3      	b.n	100006e4 <irq_add_shared_handler+0xec>
1000077c:	f000 ff36 	bl	100015ec <hard_assertion_failure>
10000780:	d0000124 	.word	0xd0000124
10000784:	20001d85 	.word	0x20001d85
10000788:	20001084 	.word	0x20001084
1000078c:	e000ed00 	.word	0xe000ed00
10000790:	0000bd01 	.word	0x0000bd01
10000794:	ffffe000 	.word	0xffffe000
10000798:	47804801 	.word	0x47804801
1000079c:	100001c1 	.word	0x100001c1
100007a0:	ffffa100 	.word	0xffffa100
100007a4:	200010cc 	.word	0x200010cc
100007a8:	ffffbd01 	.word	0xffffbd01
100007ac:	0000aaaa 	.word	0x0000aaaa

100007b0 <irq_add_tail_to_free_list>:
100007b0:	2301      	movs	r3, #1
100007b2:	4303      	orrs	r3, r0
100007b4:	b570      	push	{r4, r5, r6, lr}
100007b6:	469c      	mov	ip, r3
100007b8:	f3ef 8105 	mrs	r1, IPSR
100007bc:	f3ef 8510 	mrs	r5, PRIMASK
100007c0:	b672      	cpsid	i
100007c2:	4a27      	ldr	r2, [pc, #156]	@ (10000860 <irq_add_tail_to_free_list+0xb0>)
100007c4:	6813      	ldr	r3, [r2, #0]
100007c6:	2b00      	cmp	r3, #0
100007c8:	d0fc      	beq.n	100007c4 <irq_add_tail_to_free_list+0x14>
100007ca:	f3bf 8f5f 	dmb	sy
100007ce:	4a25      	ldr	r2, [pc, #148]	@ (10000864 <irq_add_tail_to_free_list+0xb4>)
100007d0:	0004      	movs	r4, r0
100007d2:	4b25      	ldr	r3, [pc, #148]	@ (10000868 <irq_add_tail_to_free_list+0xb8>)
100007d4:	1aa4      	subs	r4, r4, r2
100007d6:	4164      	adcs	r4, r4
100007d8:	4363      	muls	r3, r4
100007da:	0d1b      	lsrs	r3, r3, #20
100007dc:	4c23      	ldr	r4, [pc, #140]	@ (1000086c <irq_add_tail_to_free_list+0xbc>)
100007de:	0089      	lsls	r1, r1, #2
100007e0:	68a6      	ldr	r6, [r4, #8]
100007e2:	b25b      	sxtb	r3, r3
100007e4:	5876      	ldr	r6, [r6, r1]
100007e6:	4566      	cmp	r6, ip
100007e8:	d024      	beq.n	10000834 <irq_add_tail_to_free_list+0x84>
100007ea:	2106      	movs	r1, #6
100007ec:	5651      	ldrsb	r1, [r2, r1]
100007ee:	4299      	cmp	r1, r3
100007f0:	d024      	beq.n	1000083c <irq_add_tail_to_free_list+0x8c>
100007f2:	2112      	movs	r1, #18
100007f4:	5651      	ldrsb	r1, [r2, r1]
100007f6:	4299      	cmp	r1, r3
100007f8:	d02a      	beq.n	10000850 <irq_add_tail_to_free_list+0xa0>
100007fa:	211e      	movs	r1, #30
100007fc:	5651      	ldrsb	r1, [r2, r1]
100007fe:	4299      	cmp	r1, r3
10000800:	d028      	beq.n	10000854 <irq_add_tail_to_free_list+0xa4>
10000802:	212a      	movs	r1, #42	@ 0x2a
10000804:	5651      	ldrsb	r1, [r2, r1]
10000806:	4299      	cmp	r1, r3
10000808:	d026      	beq.n	10000858 <irq_add_tail_to_free_list+0xa8>
1000080a:	2136      	movs	r1, #54	@ 0x36
1000080c:	5651      	ldrsb	r1, [r2, r1]
1000080e:	4299      	cmp	r1, r3
10000810:	d024      	beq.n	1000085c <irq_add_tail_to_free_list+0xac>
10000812:	2142      	movs	r1, #66	@ 0x42
10000814:	5651      	ldrsb	r1, [r2, r1]
10000816:	2405      	movs	r4, #5
10000818:	4299      	cmp	r1, r3
1000081a:	d010      	beq.n	1000083e <irq_add_tail_to_free_list+0x8e>
1000081c:	4a14      	ldr	r2, [pc, #80]	@ (10000870 <irq_add_tail_to_free_list+0xc0>)
1000081e:	7811      	ldrb	r1, [r2, #0]
10000820:	7013      	strb	r3, [r2, #0]
10000822:	7181      	strb	r1, [r0, #6]
10000824:	f3bf 8f5f 	dmb	sy
10000828:	2200      	movs	r2, #0
1000082a:	4b0d      	ldr	r3, [pc, #52]	@ (10000860 <irq_add_tail_to_free_list+0xb0>)
1000082c:	601a      	str	r2, [r3, #0]
1000082e:	f385 8810 	msr	PRIMASK, r5
10000832:	bd70      	pop	{r4, r5, r6, pc}
10000834:	68a2      	ldr	r2, [r4, #8]
10000836:	4c0f      	ldr	r4, [pc, #60]	@ (10000874 <irq_add_tail_to_free_list+0xc4>)
10000838:	5054      	str	r4, [r2, r1]
1000083a:	e7ef      	b.n	1000081c <irq_add_tail_to_free_list+0x6c>
1000083c:	2400      	movs	r4, #0
1000083e:	0061      	lsls	r1, r4, #1
10000840:	1909      	adds	r1, r1, r4
10000842:	0089      	lsls	r1, r1, #2
10000844:	1852      	adds	r2, r2, r1
10000846:	21ff      	movs	r1, #255	@ 0xff
10000848:	7191      	strb	r1, [r2, #6]
1000084a:	490b      	ldr	r1, [pc, #44]	@ (10000878 <irq_add_tail_to_free_list+0xc8>)
1000084c:	8091      	strh	r1, [r2, #4]
1000084e:	e7e5      	b.n	1000081c <irq_add_tail_to_free_list+0x6c>
10000850:	2401      	movs	r4, #1
10000852:	e7f4      	b.n	1000083e <irq_add_tail_to_free_list+0x8e>
10000854:	2402      	movs	r4, #2
10000856:	e7f2      	b.n	1000083e <irq_add_tail_to_free_list+0x8e>
10000858:	2403      	movs	r4, #3
1000085a:	e7f0      	b.n	1000083e <irq_add_tail_to_free_list+0x8e>
1000085c:	2404      	movs	r4, #4
1000085e:	e7ee      	b.n	1000083e <irq_add_tail_to_free_list+0x8e>
10000860:	d0000124 	.word	0xd0000124
10000864:	20001084 	.word	0x20001084
10000868:	0000aaaa 	.word	0x0000aaaa
1000086c:	e000ed00 	.word	0xe000ed00
10000870:	20001d85 	.word	0x20001d85
10000874:	100001c1 	.word	0x100001c1
10000878:	ffffbd01 	.word	0xffffbd01

1000087c <user_irq_claim_unused>:
1000087c:	b500      	push	{lr}
1000087e:	4b07      	ldr	r3, [pc, #28]	@ (1000089c <user_irq_claim_unused+0x20>)
10000880:	b083      	sub	sp, #12
10000882:	0001      	movs	r1, r0
10000884:	9300      	str	r3, [sp, #0]
10000886:	2200      	movs	r2, #0
10000888:	2305      	movs	r3, #5
1000088a:	4805      	ldr	r0, [pc, #20]	@ (100008a0 <user_irq_claim_unused+0x24>)
1000088c:	f7ff fdc2 	bl	10000414 <hw_claim_unused_from_range>
10000890:	2800      	cmp	r0, #0
10000892:	db01      	blt.n	10000898 <user_irq_claim_unused+0x1c>
10000894:	231f      	movs	r3, #31
10000896:	1a18      	subs	r0, r3, r0
10000898:	b003      	add	sp, #12
1000089a:	bd00      	pop	{pc}
1000089c:	100066dc 	.word	0x100066dc
100008a0:	20001d89 	.word	0x20001d89

100008a4 <lock_init>:
100008a4:	4b02      	ldr	r3, [pc, #8]	@ (100008b0 <lock_init+0xc>)
100008a6:	18c9      	adds	r1, r1, r3
100008a8:	0089      	lsls	r1, r1, #2
100008aa:	6001      	str	r1, [r0, #0]
100008ac:	4770      	bx	lr
100008ae:	46c0      	nop			@ (mov r8, r8)
100008b0:	34000040 	.word	0x34000040

100008b4 <runtime_init_mutex>:
100008b4:	b5f8      	push	{r3, r4, r5, r6, r7, lr}
100008b6:	4c14      	ldr	r4, [pc, #80]	@ (10000908 <runtime_init_mutex+0x54>)
100008b8:	4e14      	ldr	r6, [pc, #80]	@ (1000090c <runtime_init_mutex+0x58>)
100008ba:	42b4      	cmp	r4, r6
100008bc:	d223      	bcs.n	10000906 <runtime_init_mutex+0x52>
100008be:	3e01      	subs	r6, #1
100008c0:	1b36      	subs	r6, r6, r4
100008c2:	2500      	movs	r5, #0
100008c4:	27ff      	movs	r7, #255	@ 0xff
100008c6:	08f6      	lsrs	r6, r6, #3
100008c8:	e00e      	b.n	100008e8 <runtime_init_mutex+0x34>
100008ca:	f7ff fde7 	bl	1000049c <next_striped_spin_lock_num>
100008ce:	0001      	movs	r1, r0
100008d0:	0020      	movs	r0, r4
100008d2:	f7ff ffe7 	bl	100008a4 <lock_init>
100008d6:	2300      	movs	r3, #0
100008d8:	7127      	strb	r7, [r4, #4]
100008da:	7163      	strb	r3, [r4, #5]
100008dc:	f3bf 8f5f 	dmb	sy
100008e0:	3408      	adds	r4, #8
100008e2:	42b5      	cmp	r5, r6
100008e4:	d00f      	beq.n	10000906 <runtime_init_mutex+0x52>
100008e6:	3501      	adds	r5, #1
100008e8:	6823      	ldr	r3, [r4, #0]
100008ea:	2b00      	cmp	r3, #0
100008ec:	d1ed      	bne.n	100008ca <runtime_init_mutex+0x16>
100008ee:	f7ff fdd5 	bl	1000049c <next_striped_spin_lock_num>
100008f2:	0001      	movs	r1, r0
100008f4:	0020      	movs	r0, r4
100008f6:	f7ff ffd5 	bl	100008a4 <lock_init>
100008fa:	7127      	strb	r7, [r4, #4]
100008fc:	f3bf 8f5f 	dmb	sy
10000900:	3408      	adds	r4, #8
10000902:	42b5      	cmp	r5, r6
10000904:	d1ef      	bne.n	100008e6 <runtime_init_mutex+0x32>
10000906:	bdf8      	pop	{r3, r4, r5, r6, r7, pc}
10000908:	20001168 	.word	0x20001168
1000090c:	20001170 	.word	0x20001170

10000910 <mutex_init>:
10000910:	b510      	push	{r4, lr}
10000912:	0004      	movs	r4, r0
10000914:	f7ff fdc2 	bl	1000049c <next_striped_spin_lock_num>
10000918:	0001      	movs	r1, r0
1000091a:	0020      	movs	r0, r4
1000091c:	f7ff ffc2 	bl	100008a4 <lock_init>
10000920:	23ff      	movs	r3, #255	@ 0xff
10000922:	7123      	strb	r3, [r4, #4]
10000924:	f3bf 8f5f 	dmb	sy
10000928:	bd10      	pop	{r4, pc}
1000092a:	46c0      	nop			@ (mov r8, r8)

1000092c <critical_section_init>:
1000092c:	b510      	push	{r4, lr}
1000092e:	0004      	movs	r4, r0
10000930:	2001      	movs	r0, #1
10000932:	f7ff fdbf 	bl	100004b4 <spin_lock_claim_unused>
10000936:	4b03      	ldr	r3, [pc, #12]	@ (10000944 <critical_section_init+0x18>)
10000938:	18c0      	adds	r0, r0, r3
1000093a:	0080      	lsls	r0, r0, #2
1000093c:	6020      	str	r0, [r4, #0]
1000093e:	f3bf 8f5f 	dmb	sy
10000942:	bd10      	pop	{r4, pc}
10000944:	34000040 	.word	0x34000040

10000948 <critical_section_init_with_lock_num>:
10000948:	4b03      	ldr	r3, [pc, #12]	@ (10000958 <critical_section_init_with_lock_num+0x10>)
1000094a:	18c9      	adds	r1, r1, r3
1000094c:	0089      	lsls	r1, r1, #2
1000094e:	6001      	str	r1, [r0, #0]
10000950:	f3bf 8f5f 	dmb	sy
10000954:	4770      	bx	lr
10000956:	46c0      	nop			@ (mov r8, r8)
10000958:	34000040 	.word	0x34000040

1000095c <sleep_until_callback>:
1000095c:	4b0a      	ldr	r3, [pc, #40]	@ (10000988 <sleep_until_callback+0x2c>)
1000095e:	6819      	ldr	r1, [r3, #0]
10000960:	f3ef 8010 	mrs	r0, PRIMASK
10000964:	b672      	cpsid	i
10000966:	680a      	ldr	r2, [r1, #0]
10000968:	2a00      	cmp	r2, #0
1000096a:	d0fc      	beq.n	10000966 <sleep_until_callback+0xa>
1000096c:	f3bf 8f5f 	dmb	sy
10000970:	681b      	ldr	r3, [r3, #0]
10000972:	f3bf 8f5f 	dmb	sy
10000976:	2200      	movs	r2, #0
10000978:	601a      	str	r2, [r3, #0]
1000097a:	f380 8810 	msr	PRIMASK, r0
1000097e:	bf40      	sev
10000980:	2000      	movs	r0, #0
10000982:	2100      	movs	r1, #0
10000984:	4770      	bx	lr
10000986:	46c0      	nop			@ (mov r8, r8)
10000988:	20001d60 	.word	0x20001d60

1000098c <alarm_pool_irq_handler>:
1000098c:	b5f0      	push	{r4, r5, r6, r7, lr}
1000098e:	46de      	mov	lr, fp
10000990:	4657      	mov	r7, sl
10000992:	464e      	mov	r6, r9
10000994:	4645      	mov	r5, r8
10000996:	b5e0      	push	{r5, r6, r7, lr}
10000998:	b085      	sub	sp, #20
1000099a:	f3ef 8305 	mrs	r3, IPSR
1000099e:	2203      	movs	r2, #3
100009a0:	401a      	ands	r2, r3
100009a2:	4bb8      	ldr	r3, [pc, #736]	@ (10000c84 <alarm_pool_irq_handler+0x2f8>)
100009a4:	0091      	lsls	r1, r2, #2
100009a6:	585f      	ldr	r7, [r3, r1]
100009a8:	2301      	movs	r3, #1
100009aa:	4093      	lsls	r3, r2
100009ac:	469b      	mov	fp, r3
100009ae:	9202      	str	r2, [sp, #8]
100009b0:	465a      	mov	r2, fp
100009b2:	4688      	mov	r8, r1
100009b4:	4bb4      	ldr	r3, [pc, #720]	@ (10000c88 <alarm_pool_irq_handler+0x2fc>)
100009b6:	601a      	str	r2, [r3, #0]
100009b8:	4bb4      	ldr	r3, [pc, #720]	@ (10000c8c <alarm_pool_irq_handler+0x300>)
100009ba:	9303      	str	r3, [sp, #12]
100009bc:	465b      	mov	r3, fp
100009be:	48b4      	ldr	r0, [pc, #720]	@ (10000c90 <alarm_pool_irq_handler+0x304>)
100009c0:	6343      	str	r3, [r0, #52]	@ 0x34
100009c2:	2308      	movs	r3, #8
100009c4:	5efe      	ldrsh	r6, [r7, r3]
100009c6:	2e00      	cmp	r6, #0
100009c8:	da37      	bge.n	10000a3a <alarm_pool_irq_handler+0xae>
100009ca:	2204      	movs	r2, #4
100009cc:	5ebb      	ldrsh	r3, [r7, r2]
100009ce:	2b00      	cmp	r3, #0
100009d0:	db00      	blt.n	100009d4 <alarm_pool_irq_handler+0x48>
100009d2:	e0a4      	b.n	10000b1e <alarm_pool_irq_handler+0x192>
100009d4:	79bb      	ldrb	r3, [r7, #6]
100009d6:	2b00      	cmp	r3, #0
100009d8:	d000      	beq.n	100009dc <alarm_pool_irq_handler+0x50>
100009da:	e0e4      	b.n	10000ba6 <alarm_pool_irq_handler+0x21a>
100009dc:	2308      	movs	r3, #8
100009de:	5ef9      	ldrsh	r1, [r7, r3]
100009e0:	2900      	cmp	r1, #0
100009e2:	db20      	blt.n	10000a26 <alarm_pool_irq_handler+0x9a>
100009e4:	004b      	lsls	r3, r1, #1
100009e6:	697a      	ldr	r2, [r7, #20]
100009e8:	185b      	adds	r3, r3, r1
100009ea:	00db      	lsls	r3, r3, #3
100009ec:	18d3      	adds	r3, r2, r3
100009ee:	689d      	ldr	r5, [r3, #8]
100009f0:	68dc      	ldr	r4, [r3, #12]
100009f2:	1c6b      	adds	r3, r5, #1
100009f4:	d100      	bne.n	100009f8 <alarm_pool_irq_handler+0x6c>
100009f6:	e10a      	b.n	10000c0e <alarm_pool_irq_handler+0x282>
100009f8:	48a5      	ldr	r0, [pc, #660]	@ (10000c90 <alarm_pool_irq_handler+0x304>)
100009fa:	0001      	movs	r1, r0
100009fc:	4441      	add	r1, r8
100009fe:	6a82      	ldr	r2, [r0, #40]	@ 0x28
10000a00:	690b      	ldr	r3, [r1, #16]
10000a02:	1aae      	subs	r6, r5, r2
10000a04:	1a9b      	subs	r3, r3, r2
10000a06:	429e      	cmp	r6, r3
10000a08:	d315      	bcc.n	10000a36 <alarm_pool_irq_handler+0xaa>
10000a0a:	2301      	movs	r3, #1
10000a0c:	6a02      	ldr	r2, [r0, #32]
10000a0e:	9802      	ldr	r0, [sp, #8]
10000a10:	4083      	lsls	r3, r0
10000a12:	421a      	tst	r2, r3
10000a14:	d00f      	beq.n	10000a36 <alarm_pool_irq_handler+0xaa>
10000a16:	489e      	ldr	r0, [pc, #632]	@ (10000c90 <alarm_pool_irq_handler+0x304>)
10000a18:	f000 fb2c 	bl	10001074 <timer_time_us_64>
10000a1c:	428c      	cmp	r4, r1
10000a1e:	dc02      	bgt.n	10000a26 <alarm_pool_irq_handler+0x9a>
10000a20:	d1cc      	bne.n	100009bc <alarm_pool_irq_handler+0x30>
10000a22:	4285      	cmp	r5, r0
10000a24:	d9ca      	bls.n	100009bc <alarm_pool_irq_handler+0x30>
10000a26:	bf40      	sev
10000a28:	b005      	add	sp, #20
10000a2a:	bcf0      	pop	{r4, r5, r6, r7}
10000a2c:	46bb      	mov	fp, r7
10000a2e:	46b2      	mov	sl, r6
10000a30:	46a9      	mov	r9, r5
10000a32:	46a0      	mov	r8, r4
10000a34:	bdf0      	pop	{r4, r5, r6, r7, pc}
10000a36:	610d      	str	r5, [r1, #16]
10000a38:	e7ed      	b.n	10000a16 <alarm_pool_irq_handler+0x8a>
10000a3a:	697a      	ldr	r2, [r7, #20]
10000a3c:	0073      	lsls	r3, r6, #1
10000a3e:	4691      	mov	r9, r2
10000a40:	199b      	adds	r3, r3, r6
10000a42:	00db      	lsls	r3, r3, #3
10000a44:	4499      	add	r9, r3
10000a46:	464b      	mov	r3, r9
10000a48:	689c      	ldr	r4, [r3, #8]
10000a4a:	68dd      	ldr	r5, [r3, #12]
10000a4c:	f000 fb12 	bl	10001074 <timer_time_us_64>
10000a50:	428d      	cmp	r5, r1
10000a52:	dcba      	bgt.n	100009ca <alarm_pool_irq_handler+0x3e>
10000a54:	d100      	bne.n	10000a58 <alarm_pool_irq_handler+0xcc>
10000a56:	e104      	b.n	10000c62 <alarm_pool_irq_handler+0x2d6>
10000a58:	2d00      	cmp	r5, #0
10000a5a:	da00      	bge.n	10000a5e <alarm_pool_irq_handler+0xd2>
10000a5c:	e0e9      	b.n	10000c32 <alarm_pool_irq_handler+0x2a6>
10000a5e:	464a      	mov	r2, r9
10000a60:	464b      	mov	r3, r9
10000a62:	6952      	ldr	r2, [r2, #20]
10000a64:	691b      	ldr	r3, [r3, #16]
10000a66:	4692      	mov	sl, r2
10000a68:	9a03      	ldr	r2, [sp, #12]
10000a6a:	4293      	cmp	r3, r2
10000a6c:	d100      	bne.n	10000a70 <alarm_pool_irq_handler+0xe4>
10000a6e:	e0da      	b.n	10000c26 <alarm_pool_irq_handler+0x29a>
10000a70:	464a      	mov	r2, r9
10000a72:	2108      	movs	r1, #8
10000a74:	5e78      	ldrsh	r0, [r7, r1]
10000a76:	8852      	ldrh	r2, [r2, #2]
10000a78:	0400      	lsls	r0, r0, #16
10000a7a:	4651      	mov	r1, sl
10000a7c:	4310      	orrs	r0, r2
10000a7e:	4798      	blx	r3
10000a80:	9000      	str	r0, [sp, #0]
10000a82:	9101      	str	r1, [sp, #4]
10000a84:	9900      	ldr	r1, [sp, #0]
10000a86:	9a01      	ldr	r2, [sp, #4]
10000a88:	000b      	movs	r3, r1
10000a8a:	4313      	orrs	r3, r2
10000a8c:	d100      	bne.n	10000a90 <alarm_pool_irq_handler+0x104>
10000a8e:	e0d0      	b.n	10000c32 <alarm_pool_irq_handler+0x2a6>
10000a90:	0013      	movs	r3, r2
10000a92:	000a      	movs	r2, r1
10000a94:	2b00      	cmp	r3, #0
10000a96:	db00      	blt.n	10000a9a <alarm_pool_irq_handler+0x10e>
10000a98:	e0e7      	b.n	10000c6a <alarm_pool_irq_handler+0x2de>
10000a9a:	0020      	movs	r0, r4
10000a9c:	0029      	movs	r1, r5
10000a9e:	1a80      	subs	r0, r0, r2
10000aa0:	4199      	sbcs	r1, r3
10000aa2:	464b      	mov	r3, r9
10000aa4:	6098      	str	r0, [r3, #8]
10000aa6:	60d9      	str	r1, [r3, #12]
10000aa8:	2200      	movs	r2, #0
10000aaa:	5e9b      	ldrsh	r3, [r3, r2]
10000aac:	2b00      	cmp	r3, #0
10000aae:	da00      	bge.n	10000ab2 <alarm_pool_irq_handler+0x126>
10000ab0:	e78b      	b.n	100009ca <alarm_pool_irq_handler+0x3e>
10000ab2:	005d      	lsls	r5, r3, #1
10000ab4:	697c      	ldr	r4, [r7, #20]
10000ab6:	18ea      	adds	r2, r5, r3
10000ab8:	00d2      	lsls	r2, r2, #3
10000aba:	18a2      	adds	r2, r4, r2
10000abc:	9400      	str	r4, [sp, #0]
10000abe:	6894      	ldr	r4, [r2, #8]
10000ac0:	68d2      	ldr	r2, [r2, #12]
10000ac2:	46a2      	mov	sl, r4
10000ac4:	428a      	cmp	r2, r1
10000ac6:	dd00      	ble.n	10000aca <alarm_pool_irq_handler+0x13e>
10000ac8:	e77f      	b.n	100009ca <alarm_pool_irq_handler+0x3e>
10000aca:	d102      	bne.n	10000ad2 <alarm_pool_irq_handler+0x146>
10000acc:	4284      	cmp	r4, r0
10000ace:	d900      	bls.n	10000ad2 <alarm_pool_irq_handler+0x146>
10000ad0:	e77b      	b.n	100009ca <alarm_pool_irq_handler+0x3e>
10000ad2:	2408      	movs	r4, #8
10000ad4:	46a4      	mov	ip, r4
10000ad6:	813b      	strh	r3, [r7, #8]
10000ad8:	44bc      	add	ip, r7
10000ada:	9c00      	ldr	r4, [sp, #0]
10000adc:	9700      	str	r7, [sp, #0]
10000ade:	002f      	movs	r7, r5
10000ae0:	4665      	mov	r5, ip
10000ae2:	46b4      	mov	ip, r6
10000ae4:	003e      	movs	r6, r7
10000ae6:	e006      	b.n	10000af6 <alarm_pool_irq_handler+0x16a>
10000ae8:	005e      	lsls	r6, r3, #1
10000aea:	18f2      	adds	r2, r6, r3
10000aec:	00d2      	lsls	r2, r2, #3
10000aee:	18a2      	adds	r2, r4, r2
10000af0:	6897      	ldr	r7, [r2, #8]
10000af2:	68d2      	ldr	r2, [r2, #12]
10000af4:	46ba      	mov	sl, r7
10000af6:	428a      	cmp	r2, r1
10000af8:	dc07      	bgt.n	10000b0a <alarm_pool_irq_handler+0x17e>
10000afa:	d100      	bne.n	10000afe <alarm_pool_irq_handler+0x172>
10000afc:	e0ca      	b.n	10000c94 <alarm_pool_irq_handler+0x308>
10000afe:	18f3      	adds	r3, r6, r3
10000b00:	00db      	lsls	r3, r3, #3
10000b02:	18e5      	adds	r5, r4, r3
10000b04:	5ee3      	ldrsh	r3, [r4, r3]
10000b06:	2b00      	cmp	r3, #0
10000b08:	daee      	bge.n	10000ae8 <alarm_pool_irq_handler+0x15c>
10000b0a:	464a      	mov	r2, r9
10000b0c:	4666      	mov	r6, ip
10000b0e:	9f00      	ldr	r7, [sp, #0]
10000b10:	8013      	strh	r3, [r2, #0]
10000b12:	802e      	strh	r6, [r5, #0]
10000b14:	2204      	movs	r2, #4
10000b16:	5ebb      	ldrsh	r3, [r7, r2]
10000b18:	2b00      	cmp	r3, #0
10000b1a:	da00      	bge.n	10000b1e <alarm_pool_irq_handler+0x192>
10000b1c:	e75a      	b.n	100009d4 <alarm_pool_irq_handler+0x48>
10000b1e:	693a      	ldr	r2, [r7, #16]
10000b20:	f3ef 8110 	mrs	r1, PRIMASK
10000b24:	b672      	cpsid	i
10000b26:	6813      	ldr	r3, [r2, #0]
10000b28:	2b00      	cmp	r3, #0
10000b2a:	d0fc      	beq.n	10000b26 <alarm_pool_irq_handler+0x19a>
10000b2c:	f3bf 8f5f 	dmb	sy
10000b30:	2304      	movs	r3, #4
10000b32:	5efe      	ldrsh	r6, [r7, r3]
10000b34:	2301      	movs	r3, #1
10000b36:	425b      	negs	r3, r3
10000b38:	80bb      	strh	r3, [r7, #4]
10000b3a:	693b      	ldr	r3, [r7, #16]
10000b3c:	f3bf 8f5f 	dmb	sy
10000b40:	2200      	movs	r2, #0
10000b42:	601a      	str	r2, [r3, #0]
10000b44:	f381 8810 	msr	PRIMASK, r1
10000b48:	2e00      	cmp	r6, #0
10000b4a:	da00      	bge.n	10000b4e <alarm_pool_irq_handler+0x1c2>
10000b4c:	e742      	b.n	100009d4 <alarm_pool_irq_handler+0x48>
10000b4e:	2308      	movs	r3, #8
10000b50:	4699      	mov	r9, r3
10000b52:	46bc      	mov	ip, r7
10000b54:	697d      	ldr	r5, [r7, #20]
10000b56:	44b9      	add	r9, r7
10000b58:	4663      	mov	r3, ip
10000b5a:	0074      	lsls	r4, r6, #1
10000b5c:	19a4      	adds	r4, r4, r6
10000b5e:	2208      	movs	r2, #8
10000b60:	5e9a      	ldrsh	r2, [r3, r2]
10000b62:	00e4      	lsls	r4, r4, #3
10000b64:	192c      	adds	r4, r5, r4
10000b66:	2a00      	cmp	r2, #0
10000b68:	db55      	blt.n	10000c16 <alarm_pool_irq_handler+0x28a>
10000b6a:	68a7      	ldr	r7, [r4, #8]
10000b6c:	4649      	mov	r1, r9
10000b6e:	68e0      	ldr	r0, [r4, #12]
10000b70:	9700      	str	r7, [sp, #0]
10000b72:	e006      	b.n	10000b82 <alarm_pool_irq_handler+0x1f6>
10000b74:	4287      	cmp	r7, r0
10000b76:	d03e      	beq.n	10000bf6 <alarm_pool_irq_handler+0x26a>
10000b78:	0019      	movs	r1, r3
10000b7a:	2300      	movs	r3, #0
10000b7c:	5eca      	ldrsh	r2, [r1, r3]
10000b7e:	2a00      	cmp	r2, #0
10000b80:	db06      	blt.n	10000b90 <alarm_pool_irq_handler+0x204>
10000b82:	0053      	lsls	r3, r2, #1
10000b84:	189b      	adds	r3, r3, r2
10000b86:	00db      	lsls	r3, r3, #3
10000b88:	18eb      	adds	r3, r5, r3
10000b8a:	68df      	ldr	r7, [r3, #12]
10000b8c:	4287      	cmp	r7, r0
10000b8e:	ddf1      	ble.n	10000b74 <alarm_pool_irq_handler+0x1e8>
10000b90:	800e      	strh	r6, [r1, #0]
10000b92:	2300      	movs	r3, #0
10000b94:	5ee6      	ldrsh	r6, [r4, r3]
10000b96:	8022      	strh	r2, [r4, #0]
10000b98:	2e00      	cmp	r6, #0
10000b9a:	dadd      	bge.n	10000b58 <alarm_pool_irq_handler+0x1cc>
10000b9c:	4667      	mov	r7, ip
10000b9e:	79bb      	ldrb	r3, [r7, #6]
10000ba0:	2b00      	cmp	r3, #0
10000ba2:	d100      	bne.n	10000ba6 <alarm_pool_irq_handler+0x21a>
10000ba4:	e71a      	b.n	100009dc <alarm_pool_irq_handler+0x50>
10000ba6:	2300      	movs	r3, #0
10000ba8:	71bb      	strb	r3, [r7, #6]
10000baa:	2208      	movs	r2, #8
10000bac:	5ebb      	ldrsh	r3, [r7, r2]
10000bae:	1c5a      	adds	r2, r3, #1
10000bb0:	d100      	bne.n	10000bb4 <alarm_pool_irq_handler+0x228>
10000bb2:	e738      	b.n	10000a26 <alarm_pool_irq_handler+0x9a>
10000bb4:	003d      	movs	r5, r7
10000bb6:	3508      	adds	r5, #8
10000bb8:	002e      	movs	r6, r5
10000bba:	6978      	ldr	r0, [r7, #20]
10000bbc:	e003      	b.n	10000bc6 <alarm_pool_irq_handler+0x23a>
10000bbe:	000e      	movs	r6, r1
10000bc0:	1c5a      	adds	r2, r3, #1
10000bc2:	d100      	bne.n	10000bc6 <alarm_pool_irq_handler+0x23a>
10000bc4:	e70a      	b.n	100009dc <alarm_pool_irq_handler+0x50>
10000bc6:	001a      	movs	r2, r3
10000bc8:	005b      	lsls	r3, r3, #1
10000bca:	189b      	adds	r3, r3, r2
10000bcc:	00db      	lsls	r3, r3, #3
10000bce:	18c1      	adds	r1, r0, r3
10000bd0:	5ec3      	ldrsh	r3, [r0, r3]
10000bd2:	2502      	movs	r5, #2
10000bd4:	5f4c      	ldrsh	r4, [r1, r5]
10000bd6:	2c00      	cmp	r4, #0
10000bd8:	daf1      	bge.n	10000bbe <alarm_pool_irq_handler+0x232>
10000bda:	2401      	movs	r4, #1
10000bdc:	4264      	negs	r4, r4
10000bde:	17e5      	asrs	r5, r4, #31
10000be0:	608c      	str	r4, [r1, #8]
10000be2:	60cd      	str	r5, [r1, #12]
10000be4:	2508      	movs	r5, #8
10000be6:	5f7c      	ldrsh	r4, [r7, r5]
10000be8:	4294      	cmp	r4, r2
10000bea:	d0e9      	beq.n	10000bc0 <alarm_pool_irq_handler+0x234>
10000bec:	8033      	strh	r3, [r6, #0]
10000bee:	893c      	ldrh	r4, [r7, #8]
10000bf0:	800c      	strh	r4, [r1, #0]
10000bf2:	813a      	strh	r2, [r7, #8]
10000bf4:	e7e4      	b.n	10000bc0 <alarm_pool_irq_handler+0x234>
10000bf6:	689f      	ldr	r7, [r3, #8]
10000bf8:	46ba      	mov	sl, r7
10000bfa:	9f00      	ldr	r7, [sp, #0]
10000bfc:	45ba      	cmp	sl, r7
10000bfe:	d9bb      	bls.n	10000b78 <alarm_pool_irq_handler+0x1ec>
10000c00:	800e      	strh	r6, [r1, #0]
10000c02:	2300      	movs	r3, #0
10000c04:	5ee6      	ldrsh	r6, [r4, r3]
10000c06:	8022      	strh	r2, [r4, #0]
10000c08:	2e00      	cmp	r6, #0
10000c0a:	daa5      	bge.n	10000b58 <alarm_pool_irq_handler+0x1cc>
10000c0c:	e7c6      	b.n	10000b9c <alarm_pool_irq_handler+0x210>
10000c0e:	1c63      	adds	r3, r4, #1
10000c10:	d000      	beq.n	10000c14 <alarm_pool_irq_handler+0x288>
10000c12:	e6f1      	b.n	100009f8 <alarm_pool_irq_handler+0x6c>
10000c14:	e6ff      	b.n	10000a16 <alarm_pool_irq_handler+0x8a>
10000c16:	4649      	mov	r1, r9
10000c18:	800e      	strh	r6, [r1, #0]
10000c1a:	2300      	movs	r3, #0
10000c1c:	5ee6      	ldrsh	r6, [r4, r3]
10000c1e:	8022      	strh	r2, [r4, #0]
10000c20:	2e00      	cmp	r6, #0
10000c22:	da99      	bge.n	10000b58 <alarm_pool_irq_handler+0x1cc>
10000c24:	e7ba      	b.n	10000b9c <alarm_pool_irq_handler+0x210>
10000c26:	4653      	mov	r3, sl
10000c28:	4650      	mov	r0, sl
10000c2a:	691b      	ldr	r3, [r3, #16]
10000c2c:	4798      	blx	r3
10000c2e:	2800      	cmp	r0, #0
10000c30:	d123      	bne.n	10000c7a <alarm_pool_irq_handler+0x2ee>
10000c32:	464b      	mov	r3, r9
10000c34:	881b      	ldrh	r3, [r3, #0]
10000c36:	693a      	ldr	r2, [r7, #16]
10000c38:	813b      	strh	r3, [r7, #8]
10000c3a:	f3ef 8310 	mrs	r3, PRIMASK
10000c3e:	b672      	cpsid	i
10000c40:	6811      	ldr	r1, [r2, #0]
10000c42:	2900      	cmp	r1, #0
10000c44:	d0fc      	beq.n	10000c40 <alarm_pool_irq_handler+0x2b4>
10000c46:	f3bf 8f5f 	dmb	sy
10000c4a:	4649      	mov	r1, r9
10000c4c:	887a      	ldrh	r2, [r7, #2]
10000c4e:	800a      	strh	r2, [r1, #0]
10000c50:	693a      	ldr	r2, [r7, #16]
10000c52:	807e      	strh	r6, [r7, #2]
10000c54:	f3bf 8f5f 	dmb	sy
10000c58:	2100      	movs	r1, #0
10000c5a:	6011      	str	r1, [r2, #0]
10000c5c:	f383 8810 	msr	PRIMASK, r3
10000c60:	e6b3      	b.n	100009ca <alarm_pool_irq_handler+0x3e>
10000c62:	4284      	cmp	r4, r0
10000c64:	d800      	bhi.n	10000c68 <alarm_pool_irq_handler+0x2dc>
10000c66:	e6f7      	b.n	10000a58 <alarm_pool_irq_handler+0xcc>
10000c68:	e6af      	b.n	100009ca <alarm_pool_irq_handler+0x3e>
10000c6a:	4809      	ldr	r0, [pc, #36]	@ (10000c90 <alarm_pool_irq_handler+0x304>)
10000c6c:	f000 fa02 	bl	10001074 <timer_time_us_64>
10000c70:	9b00      	ldr	r3, [sp, #0]
10000c72:	9c01      	ldr	r4, [sp, #4]
10000c74:	18c0      	adds	r0, r0, r3
10000c76:	4161      	adcs	r1, r4
10000c78:	e713      	b.n	10000aa2 <alarm_pool_irq_handler+0x116>
10000c7a:	4653      	mov	r3, sl
10000c7c:	cb0c      	ldmia	r3, {r2, r3}
10000c7e:	9200      	str	r2, [sp, #0]
10000c80:	9301      	str	r3, [sp, #4]
10000c82:	e6ff      	b.n	10000a84 <alarm_pool_irq_handler+0xf8>
10000c84:	20001d44 	.word	0x20001d44
10000c88:	4005703c 	.word	0x4005703c
10000c8c:	1000098d 	.word	0x1000098d
10000c90:	40054000 	.word	0x40054000
10000c94:	4582      	cmp	sl, r0
10000c96:	d800      	bhi.n	10000c9a <alarm_pool_irq_handler+0x30e>
10000c98:	e731      	b.n	10000afe <alarm_pool_irq_handler+0x172>
10000c9a:	e736      	b.n	10000b0a <alarm_pool_irq_handler+0x17e>

10000c9c <runtime_init_default_alarm_pool>:
10000c9c:	b570      	push	{r4, r5, r6, lr}
10000c9e:	4c2d      	ldr	r4, [pc, #180]	@ (10000d54 <runtime_init_default_alarm_pool+0xb8>)
10000ca0:	6925      	ldr	r5, [r4, #16]
10000ca2:	2d00      	cmp	r5, #0
10000ca4:	d004      	beq.n	10000cb0 <runtime_init_default_alarm_pool+0x14>
10000ca6:	210a      	movs	r1, #10
10000ca8:	482b      	ldr	r0, [pc, #172]	@ (10000d58 <runtime_init_default_alarm_pool+0xbc>)
10000caa:	f7ff fdfb 	bl	100008a4 <lock_init>
10000cae:	bd70      	pop	{r4, r5, r6, pc}
10000cb0:	4e2a      	ldr	r6, [pc, #168]	@ (10000d5c <runtime_init_default_alarm_pool+0xc0>)
10000cb2:	2103      	movs	r1, #3
10000cb4:	4829      	ldr	r0, [pc, #164]	@ (10000d5c <runtime_init_default_alarm_pool+0xc0>)
10000cb6:	f000 f9d3 	bl	10001060 <timer_hardware_alarm_claim>
10000cba:	60e6      	str	r6, [r4, #12]
10000cbc:	f7ff fbee 	bl	1000049c <next_striped_spin_lock_num>
10000cc0:	4b27      	ldr	r3, [pc, #156]	@ (10000d60 <runtime_init_default_alarm_pool+0xc4>)
10000cc2:	2203      	movs	r2, #3
10000cc4:	18c0      	adds	r0, r0, r3
10000cc6:	23d0      	movs	r3, #208	@ 0xd0
10000cc8:	7022      	strb	r2, [r4, #0]
10000cca:	061b      	lsls	r3, r3, #24
10000ccc:	681b      	ldr	r3, [r3, #0]
10000cce:	2101      	movs	r1, #1
10000cd0:	7063      	strb	r3, [r4, #1]
10000cd2:	4b24      	ldr	r3, [pc, #144]	@ (10000d64 <runtime_init_default_alarm_pool+0xc8>)
10000cd4:	0080      	lsls	r0, r0, #2
10000cd6:	60a3      	str	r3, [r4, #8]
10000cd8:	230f      	movs	r3, #15
10000cda:	6120      	str	r0, [r4, #16]
10000cdc:	2002      	movs	r0, #2
10000cde:	8063      	strh	r3, [r4, #2]
10000ce0:	6963      	ldr	r3, [r4, #20]
10000ce2:	4249      	negs	r1, r1
10000ce4:	80a1      	strh	r1, [r4, #4]
10000ce6:	8019      	strh	r1, [r3, #0]
10000ce8:	3102      	adds	r1, #2
10000cea:	8619      	strh	r1, [r3, #48]	@ 0x30
10000cec:	3147      	adds	r1, #71	@ 0x47
10000cee:	831d      	strh	r5, [r3, #24]
10000cf0:	5258      	strh	r0, [r3, r1]
10000cf2:	3118      	adds	r1, #24
10000cf4:	525a      	strh	r2, [r3, r1]
10000cf6:	3275      	adds	r2, #117	@ 0x75
10000cf8:	395c      	subs	r1, #92	@ 0x5c
10000cfa:	5299      	strh	r1, [r3, r2]
10000cfc:	3218      	adds	r2, #24
10000cfe:	3101      	adds	r1, #1
10000d00:	5299      	strh	r1, [r3, r2]
10000d02:	3218      	adds	r2, #24
10000d04:	3101      	adds	r1, #1
10000d06:	5299      	strh	r1, [r3, r2]
10000d08:	3218      	adds	r2, #24
10000d0a:	3101      	adds	r1, #1
10000d0c:	5299      	strh	r1, [r3, r2]
10000d0e:	3508      	adds	r5, #8
10000d10:	3218      	adds	r2, #24
10000d12:	529d      	strh	r5, [r3, r2]
10000d14:	3102      	adds	r1, #2
10000d16:	3218      	adds	r2, #24
10000d18:	5299      	strh	r1, [r3, r2]
10000d1a:	3218      	adds	r2, #24
10000d1c:	3101      	adds	r1, #1
10000d1e:	5299      	strh	r1, [r3, r2]
10000d20:	3218      	adds	r2, #24
10000d22:	3101      	adds	r1, #1
10000d24:	5299      	strh	r1, [r3, r2]
10000d26:	3218      	adds	r2, #24
10000d28:	3101      	adds	r1, #1
10000d2a:	5299      	strh	r1, [r3, r2]
10000d2c:	3218      	adds	r2, #24
10000d2e:	3101      	adds	r1, #1
10000d30:	5299      	strh	r1, [r3, r2]
10000d32:	3218      	adds	r2, #24
10000d34:	3101      	adds	r1, #1
10000d36:	5299      	strh	r1, [r3, r2]
10000d38:	4b0b      	ldr	r3, [pc, #44]	@ (10000d68 <runtime_init_default_alarm_pool+0xcc>)
10000d3a:	490c      	ldr	r1, [pc, #48]	@ (10000d6c <runtime_init_default_alarm_pool+0xd0>)
10000d3c:	60dc      	str	r4, [r3, #12]
10000d3e:	3001      	adds	r0, #1
10000d40:	6235      	str	r5, [r6, #32]
10000d42:	f7ff fc2f 	bl	100005a4 <irq_set_exclusive_handler>
10000d46:	2101      	movs	r1, #1
10000d48:	2003      	movs	r0, #3
10000d4a:	f7ff fbf5 	bl	10000538 <irq_set_enabled>
10000d4e:	4b08      	ldr	r3, [pc, #32]	@ (10000d70 <runtime_init_default_alarm_pool+0xd4>)
10000d50:	601d      	str	r5, [r3, #0]
10000d52:	e7a8      	b.n	10000ca6 <runtime_init_default_alarm_pool+0xa>
10000d54:	200010f0 	.word	0x200010f0
10000d58:	20001d60 	.word	0x20001d60
10000d5c:	40054000 	.word	0x40054000
10000d60:	34000040 	.word	0x34000040
10000d64:	0010ffff 	.word	0x0010ffff
10000d68:	20001d44 	.word	0x20001d44
10000d6c:	1000098d 	.word	0x1000098d
10000d70:	40056038 	.word	0x40056038

10000d74 <alarm_pool_get_default>:
10000d74:	4800      	ldr	r0, [pc, #0]	@ (10000d78 <alarm_pool_get_default+0x4>)
10000d76:	4770      	bx	lr
10000d78:	200010f0 	.word	0x200010f0

10000d7c <alarm_pool_add_alarm_at>:
10000d7c:	b5f8      	push	{r3, r4, r5, r6, r7, lr}
10000d7e:	001f      	movs	r7, r3
10000d80:	ab08      	add	r3, sp, #32
10000d82:	781b      	ldrb	r3, [r3, #0]
10000d84:	0004      	movs	r4, r0
10000d86:	0016      	movs	r6, r2
10000d88:	2b00      	cmp	r3, #0
10000d8a:	d107      	bne.n	10000d9c <alarm_pool_add_alarm_at+0x20>
10000d8c:	f000 f97a 	bl	10001084 <time_us_64>
10000d90:	0032      	movs	r2, r6
10000d92:	003b      	movs	r3, r7
10000d94:	1a12      	subs	r2, r2, r0
10000d96:	418b      	sbcs	r3, r1
10000d98:	2b00      	cmp	r3, #0
10000d9a:	db51      	blt.n	10000e40 <alarm_pool_add_alarm_at+0xc4>
10000d9c:	6922      	ldr	r2, [r4, #16]
10000d9e:	f3ef 8c10 	mrs	ip, PRIMASK
10000da2:	b672      	cpsid	i
10000da4:	6813      	ldr	r3, [r2, #0]
10000da6:	2b00      	cmp	r3, #0
10000da8:	d0fc      	beq.n	10000da4 <alarm_pool_add_alarm_at+0x28>
10000daa:	f3bf 8f5f 	dmb	sy
10000dae:	2302      	movs	r3, #2
10000db0:	5ee1      	ldrsh	r1, [r4, r3]
10000db2:	6925      	ldr	r5, [r4, #16]
10000db4:	2900      	cmp	r1, #0
10000db6:	db3a      	blt.n	10000e2e <alarm_pool_add_alarm_at+0xb2>
10000db8:	004b      	lsls	r3, r1, #1
10000dba:	6960      	ldr	r0, [r4, #20]
10000dbc:	185b      	adds	r3, r3, r1
10000dbe:	00db      	lsls	r3, r3, #3
10000dc0:	18c2      	adds	r2, r0, r3
10000dc2:	5ac3      	ldrh	r3, [r0, r3]
10000dc4:	8063      	strh	r3, [r4, #2]
10000dc6:	f3bf 8f5f 	dmb	sy
10000dca:	2300      	movs	r3, #0
10000dcc:	602b      	str	r3, [r5, #0]
10000dce:	f38c 8810 	msr	PRIMASK, ip
10000dd2:	9b06      	ldr	r3, [sp, #24]
10000dd4:	6096      	str	r6, [r2, #8]
10000dd6:	60d7      	str	r7, [r2, #12]
10000dd8:	6113      	str	r3, [r2, #16]
10000dda:	9b07      	ldr	r3, [sp, #28]
10000ddc:	6153      	str	r3, [r2, #20]
10000dde:	8853      	ldrh	r3, [r2, #2]
10000de0:	3301      	adds	r3, #1
10000de2:	045b      	lsls	r3, r3, #17
10000de4:	0c5b      	lsrs	r3, r3, #17
10000de6:	1c18      	adds	r0, r3, #0
10000de8:	2b00      	cmp	r3, #0
10000dea:	d01e      	beq.n	10000e2a <alarm_pool_add_alarm_at+0xae>
10000dec:	b283      	uxth	r3, r0
10000dee:	8050      	strh	r0, [r2, #2]
10000df0:	0408      	lsls	r0, r1, #16
10000df2:	4318      	orrs	r0, r3
10000df4:	6925      	ldr	r5, [r4, #16]
10000df6:	f3ef 8610 	mrs	r6, PRIMASK
10000dfa:	b672      	cpsid	i
10000dfc:	682b      	ldr	r3, [r5, #0]
10000dfe:	2b00      	cmp	r3, #0
10000e00:	d0fc      	beq.n	10000dfc <alarm_pool_add_alarm_at+0x80>
10000e02:	f3bf 8f5f 	dmb	sy
10000e06:	2504      	movs	r5, #4
10000e08:	5f63      	ldrsh	r3, [r4, r5]
10000e0a:	8013      	strh	r3, [r2, #0]
10000e0c:	80a1      	strh	r1, [r4, #4]
10000e0e:	6923      	ldr	r3, [r4, #16]
10000e10:	f3bf 8f5f 	dmb	sy
10000e14:	2200      	movs	r2, #0
10000e16:	601a      	str	r2, [r3, #0]
10000e18:	f386 8810 	msr	PRIMASK, r6
10000e1c:	7823      	ldrb	r3, [r4, #0]
10000e1e:	3201      	adds	r2, #1
10000e20:	409a      	lsls	r2, r3
10000e22:	4908      	ldr	r1, [pc, #32]	@ (10000e44 <alarm_pool_add_alarm_at+0xc8>)
10000e24:	68e3      	ldr	r3, [r4, #12]
10000e26:	505a      	str	r2, [r3, r1]
10000e28:	bdf8      	pop	{r3, r4, r5, r6, r7, pc}
10000e2a:	2001      	movs	r0, #1
10000e2c:	e7de      	b.n	10000dec <alarm_pool_add_alarm_at+0x70>
10000e2e:	f3bf 8f5f 	dmb	sy
10000e32:	2300      	movs	r3, #0
10000e34:	602b      	str	r3, [r5, #0]
10000e36:	f38c 8810 	msr	PRIMASK, ip
10000e3a:	2001      	movs	r0, #1
10000e3c:	4240      	negs	r0, r0
10000e3e:	e7f3      	b.n	10000e28 <alarm_pool_add_alarm_at+0xac>
10000e40:	2000      	movs	r0, #0
10000e42:	e7f1      	b.n	10000e28 <alarm_pool_add_alarm_at+0xac>
10000e44:	0000203c 	.word	0x0000203c

10000e48 <alarm_pool_add_alarm_at_force_in_context>:
10000e48:	b570      	push	{r4, r5, r6, lr}
10000e4a:	b082      	sub	sp, #8
10000e4c:	9200      	str	r2, [sp, #0]
10000e4e:	9301      	str	r3, [sp, #4]
10000e50:	0001      	movs	r1, r0
10000e52:	6902      	ldr	r2, [r0, #16]
10000e54:	f3ef 8410 	mrs	r4, PRIMASK
10000e58:	b672      	cpsid	i
10000e5a:	6813      	ldr	r3, [r2, #0]
10000e5c:	2b00      	cmp	r3, #0
10000e5e:	d0fc      	beq.n	10000e5a <alarm_pool_add_alarm_at_force_in_context+0x12>
10000e60:	f3bf 8f5f 	dmb	sy
10000e64:	2302      	movs	r3, #2
10000e66:	5ec8      	ldrsh	r0, [r1, r3]
10000e68:	690d      	ldr	r5, [r1, #16]
10000e6a:	2800      	cmp	r0, #0
10000e6c:	db3f      	blt.n	10000eee <alarm_pool_add_alarm_at_force_in_context+0xa6>
10000e6e:	694a      	ldr	r2, [r1, #20]
10000e70:	0043      	lsls	r3, r0, #1
10000e72:	0016      	movs	r6, r2
10000e74:	181b      	adds	r3, r3, r0
10000e76:	00db      	lsls	r3, r3, #3
10000e78:	18d2      	adds	r2, r2, r3
10000e7a:	5af3      	ldrh	r3, [r6, r3]
10000e7c:	804b      	strh	r3, [r1, #2]
10000e7e:	f3bf 8f5f 	dmb	sy
10000e82:	2300      	movs	r3, #0
10000e84:	602b      	str	r3, [r5, #0]
10000e86:	f384 8810 	msr	PRIMASK, r4
10000e8a:	9b06      	ldr	r3, [sp, #24]
10000e8c:	6113      	str	r3, [r2, #16]
10000e8e:	9b07      	ldr	r3, [sp, #28]
10000e90:	6153      	str	r3, [r2, #20]
10000e92:	9b00      	ldr	r3, [sp, #0]
10000e94:	9c01      	ldr	r4, [sp, #4]
10000e96:	6093      	str	r3, [r2, #8]
10000e98:	60d4      	str	r4, [r2, #12]
10000e9a:	8853      	ldrh	r3, [r2, #2]
10000e9c:	3301      	adds	r3, #1
10000e9e:	045b      	lsls	r3, r3, #17
10000ea0:	0c5b      	lsrs	r3, r3, #17
10000ea2:	1c1d      	adds	r5, r3, #0
10000ea4:	2b00      	cmp	r3, #0
10000ea6:	d020      	beq.n	10000eea <alarm_pool_add_alarm_at_force_in_context+0xa2>
10000ea8:	b2ac      	uxth	r4, r5
10000eaa:	0403      	lsls	r3, r0, #16
10000eac:	8055      	strh	r5, [r2, #2]
10000eae:	4323      	orrs	r3, r4
10000eb0:	690d      	ldr	r5, [r1, #16]
10000eb2:	f3ef 8c10 	mrs	ip, PRIMASK
10000eb6:	b672      	cpsid	i
10000eb8:	682c      	ldr	r4, [r5, #0]
10000eba:	2c00      	cmp	r4, #0
10000ebc:	d0fc      	beq.n	10000eb8 <alarm_pool_add_alarm_at_force_in_context+0x70>
10000ebe:	f3bf 8f5f 	dmb	sy
10000ec2:	2504      	movs	r5, #4
10000ec4:	5f4c      	ldrsh	r4, [r1, r5]
10000ec6:	8014      	strh	r4, [r2, #0]
10000ec8:	8088      	strh	r0, [r1, #4]
10000eca:	690a      	ldr	r2, [r1, #16]
10000ecc:	f3bf 8f5f 	dmb	sy
10000ed0:	2000      	movs	r0, #0
10000ed2:	6010      	str	r0, [r2, #0]
10000ed4:	f38c 8810 	msr	PRIMASK, ip
10000ed8:	780a      	ldrb	r2, [r1, #0]
10000eda:	3001      	adds	r0, #1
10000edc:	4090      	lsls	r0, r2
10000ede:	68ca      	ldr	r2, [r1, #12]
10000ee0:	4907      	ldr	r1, [pc, #28]	@ (10000f00 <alarm_pool_add_alarm_at_force_in_context+0xb8>)
10000ee2:	5050      	str	r0, [r2, r1]
10000ee4:	0018      	movs	r0, r3
10000ee6:	b002      	add	sp, #8
10000ee8:	bd70      	pop	{r4, r5, r6, pc}
10000eea:	2501      	movs	r5, #1
10000eec:	e7dc      	b.n	10000ea8 <alarm_pool_add_alarm_at_force_in_context+0x60>
10000eee:	f3bf 8f5f 	dmb	sy
10000ef2:	2300      	movs	r3, #0
10000ef4:	602b      	str	r3, [r5, #0]
10000ef6:	f384 8810 	msr	PRIMASK, r4
10000efa:	3b01      	subs	r3, #1
10000efc:	e7f2      	b.n	10000ee4 <alarm_pool_add_alarm_at_force_in_context+0x9c>
10000efe:	46c0      	nop			@ (mov r8, r8)
10000f00:	0000203c 	.word	0x0000203c

10000f04 <alarm_pool_cancel_alarm>:
10000f04:	b510      	push	{r4, lr}
10000f06:	8943      	ldrh	r3, [r0, #10]
10000f08:	140a      	asrs	r2, r1, #16
10000f0a:	4293      	cmp	r3, r2
10000f0c:	dd19      	ble.n	10000f42 <alarm_pool_cancel_alarm+0x3e>
10000f0e:	0053      	lsls	r3, r2, #1
10000f10:	189b      	adds	r3, r3, r2
10000f12:	6942      	ldr	r2, [r0, #20]
10000f14:	00db      	lsls	r3, r3, #3
10000f16:	18d3      	adds	r3, r2, r3
10000f18:	6904      	ldr	r4, [r0, #16]
10000f1a:	f3ef 8c10 	mrs	ip, PRIMASK
10000f1e:	b672      	cpsid	i
10000f20:	6822      	ldr	r2, [r4, #0]
10000f22:	2a00      	cmp	r2, #0
10000f24:	d0fc      	beq.n	10000f20 <alarm_pool_cancel_alarm+0x1c>
10000f26:	f3bf 8f5f 	dmb	sy
10000f2a:	885a      	ldrh	r2, [r3, #2]
10000f2c:	0409      	lsls	r1, r1, #16
10000f2e:	0c09      	lsrs	r1, r1, #16
10000f30:	4291      	cmp	r1, r2
10000f32:	d008      	beq.n	10000f46 <alarm_pool_cancel_alarm+0x42>
10000f34:	6903      	ldr	r3, [r0, #16]
10000f36:	f3bf 8f5f 	dmb	sy
10000f3a:	2200      	movs	r2, #0
10000f3c:	601a      	str	r2, [r3, #0]
10000f3e:	f38c 8810 	msr	PRIMASK, ip
10000f42:	2000      	movs	r0, #0
10000f44:	bd10      	pop	{r4, pc}
10000f46:	4a09      	ldr	r2, [pc, #36]	@ (10000f6c <alarm_pool_cancel_alarm+0x68>)
10000f48:	430a      	orrs	r2, r1
10000f4a:	805a      	strh	r2, [r3, #2]
10000f4c:	2301      	movs	r3, #1
10000f4e:	6902      	ldr	r2, [r0, #16]
10000f50:	7183      	strb	r3, [r0, #6]
10000f52:	f3bf 8f5f 	dmb	sy
10000f56:	2100      	movs	r1, #0
10000f58:	6011      	str	r1, [r2, #0]
10000f5a:	f38c 8810 	msr	PRIMASK, ip
10000f5e:	7802      	ldrb	r2, [r0, #0]
10000f60:	4903      	ldr	r1, [pc, #12]	@ (10000f70 <alarm_pool_cancel_alarm+0x6c>)
10000f62:	4093      	lsls	r3, r2
10000f64:	68c2      	ldr	r2, [r0, #12]
10000f66:	2001      	movs	r0, #1
10000f68:	5053      	str	r3, [r2, r1]
10000f6a:	e7eb      	b.n	10000f44 <alarm_pool_cancel_alarm+0x40>
10000f6c:	ffff8000 	.word	0xffff8000
10000f70:	0000203c 	.word	0x0000203c

10000f74 <alarm_pool_core_num>:
10000f74:	7840      	ldrb	r0, [r0, #1]
10000f76:	4770      	bx	lr

10000f78 <best_effort_wfe_or_timeout>:
10000f78:	b5f0      	push	{r4, r5, r6, r7, lr}
10000f7a:	46ce      	mov	lr, r9
10000f7c:	4647      	mov	r7, r8
10000f7e:	b580      	push	{r7, lr}
10000f80:	0004      	movs	r4, r0
10000f82:	000d      	movs	r5, r1
10000f84:	b085      	sub	sp, #20
10000f86:	f3ef 8305 	mrs	r3, IPSR
10000f8a:	4689      	mov	r9, r1
10000f8c:	2b00      	cmp	r3, #0
10000f8e:	d132      	bne.n	10000ff6 <best_effort_wfe_or_timeout+0x7e>
10000f90:	4e2f      	ldr	r6, [pc, #188]	@ (10001050 <best_effort_wfe_or_timeout+0xd8>)
10000f92:	6833      	ldr	r3, [r6, #0]
10000f94:	4283      	cmp	r3, r0
10000f96:	d02a      	beq.n	10000fee <best_effort_wfe_or_timeout+0x76>
10000f98:	4f2e      	ldr	r7, [pc, #184]	@ (10001054 <best_effort_wfe_or_timeout+0xdc>)
10000f9a:	68fb      	ldr	r3, [r7, #12]
10000f9c:	783a      	ldrb	r2, [r7, #0]
10000f9e:	4698      	mov	r8, r3
10000fa0:	0018      	movs	r0, r3
10000fa2:	9203      	str	r2, [sp, #12]
10000fa4:	f000 f866 	bl	10001074 <timer_time_us_64>
10000fa8:	9a03      	ldr	r2, [sp, #12]
10000faa:	1d13      	adds	r3, r2, #4
10000fac:	4642      	mov	r2, r8
10000fae:	009b      	lsls	r3, r3, #2
10000fb0:	589b      	ldr	r3, [r3, r2]
10000fb2:	0022      	movs	r2, r4
10000fb4:	1a1b      	subs	r3, r3, r0
10000fb6:	469c      	mov	ip, r3
10000fb8:	002b      	movs	r3, r5
10000fba:	1a12      	subs	r2, r2, r0
10000fbc:	418b      	sbcs	r3, r1
10000fbe:	0019      	movs	r1, r3
10000fc0:	2300      	movs	r3, #0
10000fc2:	0010      	movs	r0, r2
10000fc4:	428b      	cmp	r3, r1
10000fc6:	dc1e      	bgt.n	10001006 <best_effort_wfe_or_timeout+0x8e>
10000fc8:	d01b      	beq.n	10001002 <best_effort_wfe_or_timeout+0x8a>
10000fca:	bf20      	wfe
10000fcc:	4b22      	ldr	r3, [pc, #136]	@ (10001058 <best_effort_wfe_or_timeout+0xe0>)
10000fce:	6a58      	ldr	r0, [r3, #36]	@ 0x24
10000fd0:	4548      	cmp	r0, r9
10000fd2:	d314      	bcc.n	10000ffe <best_effort_wfe_or_timeout+0x86>
10000fd4:	1b40      	subs	r0, r0, r5
10000fd6:	6a9a      	ldr	r2, [r3, #40]	@ 0x28
10000fd8:	1e43      	subs	r3, r0, #1
10000fda:	4198      	sbcs	r0, r3
10000fdc:	2300      	movs	r3, #0
10000fde:	42a2      	cmp	r2, r4
10000fe0:	415b      	adcs	r3, r3
10000fe2:	4318      	orrs	r0, r3
10000fe4:	b005      	add	sp, #20
10000fe6:	bcc0      	pop	{r6, r7}
10000fe8:	46b9      	mov	r9, r7
10000fea:	46b0      	mov	r8, r6
10000fec:	bdf0      	pop	{r4, r5, r6, r7, pc}
10000fee:	6873      	ldr	r3, [r6, #4]
10000ff0:	428b      	cmp	r3, r1
10000ff2:	d1d1      	bne.n	10000f98 <best_effort_wfe_or_timeout+0x20>
10000ff4:	e7e9      	b.n	10000fca <best_effort_wfe_or_timeout+0x52>
10000ff6:	4b18      	ldr	r3, [pc, #96]	@ (10001058 <best_effort_wfe_or_timeout+0xe0>)
10000ff8:	6a58      	ldr	r0, [r3, #36]	@ 0x24
10000ffa:	4288      	cmp	r0, r1
10000ffc:	d2ea      	bcs.n	10000fd4 <best_effort_wfe_or_timeout+0x5c>
10000ffe:	2000      	movs	r0, #0
10001000:	e7f0      	b.n	10000fe4 <best_effort_wfe_or_timeout+0x6c>
10001002:	4584      	cmp	ip, r0
10001004:	d9e1      	bls.n	10000fca <best_effort_wfe_or_timeout+0x52>
10001006:	f000 f83d 	bl	10001084 <time_us_64>
1000100a:	0022      	movs	r2, r4
1000100c:	002b      	movs	r3, r5
1000100e:	1a12      	subs	r2, r2, r0
10001010:	418b      	sbcs	r3, r1
10001012:	2b00      	cmp	r3, #0
10001014:	dbda      	blt.n	10000fcc <best_effort_wfe_or_timeout+0x54>
10001016:	2300      	movs	r3, #0
10001018:	9301      	str	r3, [sp, #4]
1000101a:	4b10      	ldr	r3, [pc, #64]	@ (1000105c <best_effort_wfe_or_timeout+0xe4>)
1000101c:	0022      	movs	r2, r4
1000101e:	9300      	str	r3, [sp, #0]
10001020:	0038      	movs	r0, r7
10001022:	002b      	movs	r3, r5
10001024:	f7ff ff10 	bl	10000e48 <alarm_pool_add_alarm_at_force_in_context>
10001028:	2800      	cmp	r0, #0
1000102a:	ddcf      	ble.n	10000fcc <best_effort_wfe_or_timeout+0x54>
1000102c:	4b0a      	ldr	r3, [pc, #40]	@ (10001058 <best_effort_wfe_or_timeout+0xe0>)
1000102e:	c630      	stmia	r6!, {r4, r5}
10001030:	6a5a      	ldr	r2, [r3, #36]	@ 0x24
10001032:	454a      	cmp	r2, r9
10001034:	d309      	bcc.n	1000104a <best_effort_wfe_or_timeout+0xd2>
10001036:	6a9b      	ldr	r3, [r3, #40]	@ 0x28
10001038:	42a3      	cmp	r3, r4
1000103a:	d304      	bcc.n	10001046 <best_effort_wfe_or_timeout+0xce>
1000103c:	0001      	movs	r1, r0
1000103e:	0038      	movs	r0, r7
10001040:	f7ff ff60 	bl	10000f04 <alarm_pool_cancel_alarm>
10001044:	e7c2      	b.n	10000fcc <best_effort_wfe_or_timeout+0x54>
10001046:	454a      	cmp	r2, r9
10001048:	d1f8      	bne.n	1000103c <best_effort_wfe_or_timeout+0xc4>
1000104a:	bf20      	wfe
1000104c:	e7f6      	b.n	1000103c <best_effort_wfe_or_timeout+0xc4>
1000104e:	46c0      	nop			@ (mov r8, r8)
10001050:	200010e8 	.word	0x200010e8
10001054:	200010f0 	.word	0x200010f0
10001058:	40054000 	.word	0x40054000
1000105c:	1000095d 	.word	0x1000095d

10001060 <timer_hardware_alarm_claim>:
10001060:	b510      	push	{r4, lr}
10001062:	4a02      	ldr	r2, [pc, #8]	@ (1000106c <timer_hardware_alarm_claim+0xc>)
10001064:	4802      	ldr	r0, [pc, #8]	@ (10001070 <timer_hardware_alarm_claim+0x10>)
10001066:	f7ff f9ad 	bl	100003c4 <hw_claim_or_assert>
1000106a:	bd10      	pop	{r4, pc}
1000106c:	100066f8 	.word	0x100066f8
10001070:	200018d0 	.word	0x200018d0

10001074 <timer_time_us_64>:
10001074:	0003      	movs	r3, r0
10001076:	6a41      	ldr	r1, [r0, #36]	@ 0x24
10001078:	000a      	movs	r2, r1
1000107a:	6a98      	ldr	r0, [r3, #40]	@ 0x28
1000107c:	6a59      	ldr	r1, [r3, #36]	@ 0x24
1000107e:	428a      	cmp	r2, r1
10001080:	d1fa      	bne.n	10001078 <timer_time_us_64+0x4>
10001082:	4770      	bx	lr

10001084 <time_us_64>:
10001084:	4b03      	ldr	r3, [pc, #12]	@ (10001094 <time_us_64+0x10>)
10001086:	6a59      	ldr	r1, [r3, #36]	@ 0x24
10001088:	000a      	movs	r2, r1
1000108a:	6a98      	ldr	r0, [r3, #40]	@ 0x28
1000108c:	6a59      	ldr	r1, [r3, #36]	@ 0x24
1000108e:	4291      	cmp	r1, r2
10001090:	d1fa      	bne.n	10001088 <time_us_64+0x4>
10001092:	4770      	bx	lr
10001094:	40054000 	.word	0x40054000

10001098 <busy_wait_us>:
10001098:	b570      	push	{r4, r5, r6, lr}
1000109a:	0005      	movs	r5, r0
1000109c:	000e      	movs	r6, r1
1000109e:	4a18      	ldr	r2, [pc, #96]	@ (10001100 <busy_wait_us+0x68>)
100010a0:	6a53      	ldr	r3, [r2, #36]	@ 0x24
100010a2:	0019      	movs	r1, r3
100010a4:	6a94      	ldr	r4, [r2, #40]	@ 0x28
100010a6:	6a53      	ldr	r3, [r2, #36]	@ 0x24
100010a8:	428b      	cmp	r3, r1
100010aa:	d1fa      	bne.n	100010a2 <busy_wait_us+0xa>
100010ac:	0020      	movs	r0, r4
100010ae:	0019      	movs	r1, r3
100010b0:	002c      	movs	r4, r5
100010b2:	0035      	movs	r5, r6
100010b4:	1824      	adds	r4, r4, r0
100010b6:	414d      	adcs	r5, r1
100010b8:	42ab      	cmp	r3, r5
100010ba:	d816      	bhi.n	100010ea <busy_wait_us+0x52>
100010bc:	d013      	beq.n	100010e6 <busy_wait_us+0x4e>
100010be:	4b10      	ldr	r3, [pc, #64]	@ (10001100 <busy_wait_us+0x68>)
100010c0:	002a      	movs	r2, r5
100010c2:	6a5b      	ldr	r3, [r3, #36]	@ 0x24
100010c4:	429d      	cmp	r5, r3
100010c6:	d903      	bls.n	100010d0 <busy_wait_us+0x38>
100010c8:	490d      	ldr	r1, [pc, #52]	@ (10001100 <busy_wait_us+0x68>)
100010ca:	6a4b      	ldr	r3, [r1, #36]	@ 0x24
100010cc:	4293      	cmp	r3, r2
100010ce:	d3fc      	bcc.n	100010ca <busy_wait_us+0x32>
100010d0:	4293      	cmp	r3, r2
100010d2:	d107      	bne.n	100010e4 <busy_wait_us+0x4c>
100010d4:	4a0a      	ldr	r2, [pc, #40]	@ (10001100 <busy_wait_us+0x68>)
100010d6:	e002      	b.n	100010de <busy_wait_us+0x46>
100010d8:	6a51      	ldr	r1, [r2, #36]	@ 0x24
100010da:	4299      	cmp	r1, r3
100010dc:	d102      	bne.n	100010e4 <busy_wait_us+0x4c>
100010de:	6a91      	ldr	r1, [r2, #40]	@ 0x28
100010e0:	42a1      	cmp	r1, r4
100010e2:	d3f9      	bcc.n	100010d8 <busy_wait_us+0x40>
100010e4:	bd70      	pop	{r4, r5, r6, pc}
100010e6:	42a0      	cmp	r0, r4
100010e8:	d9e9      	bls.n	100010be <busy_wait_us+0x26>
100010ea:	4b05      	ldr	r3, [pc, #20]	@ (10001100 <busy_wait_us+0x68>)
100010ec:	6a5b      	ldr	r3, [r3, #36]	@ 0x24
100010ee:	001c      	movs	r4, r3
100010f0:	1c5a      	adds	r2, r3, #1
100010f2:	d0ef      	beq.n	100010d4 <busy_wait_us+0x3c>
100010f4:	2201      	movs	r2, #1
100010f6:	2401      	movs	r4, #1
100010f8:	4264      	negs	r4, r4
100010fa:	17e5      	asrs	r5, r4, #31
100010fc:	4252      	negs	r2, r2
100010fe:	e7e3      	b.n	100010c8 <busy_wait_us+0x30>
10001100:	40054000 	.word	0x40054000

10001104 <uart_init>:
10001104:	b5f8      	push	{r3, r4, r5, r6, r7, lr}
10001106:	0004      	movs	r4, r0
10001108:	2006      	movs	r0, #6
1000110a:	000d      	movs	r5, r1
1000110c:	f000 f964 	bl	100013d8 <clock_get_hz>
10001110:	2800      	cmp	r0, #0
10001112:	d043      	beq.n	1000119c <uart_init+0x98>
10001114:	4b35      	ldr	r3, [pc, #212]	@ (100011ec <uart_init+0xe8>)
10001116:	4936      	ldr	r1, [pc, #216]	@ (100011f0 <uart_init+0xec>)
10001118:	18e3      	adds	r3, r4, r3
1000111a:	1e5a      	subs	r2, r3, #1
1000111c:	4193      	sbcs	r3, r2
1000111e:	2280      	movs	r2, #128	@ 0x80
10001120:	425b      	negs	r3, r3
10001122:	0d9b      	lsrs	r3, r3, #22
10001124:	0412      	lsls	r2, r2, #16
10001126:	059b      	lsls	r3, r3, #22
10001128:	189b      	adds	r3, r3, r2
1000112a:	4a32      	ldr	r2, [pc, #200]	@ (100011f4 <uart_init+0xf0>)
1000112c:	6013      	str	r3, [r2, #0]
1000112e:	4a32      	ldr	r2, [pc, #200]	@ (100011f8 <uart_init+0xf4>)
10001130:	6013      	str	r3, [r2, #0]
10001132:	0018      	movs	r0, r3
10001134:	680a      	ldr	r2, [r1, #0]
10001136:	4390      	bics	r0, r2
10001138:	d1fb      	bne.n	10001132 <uart_init+0x2e>
1000113a:	4b2c      	ldr	r3, [pc, #176]	@ (100011ec <uart_init+0xe8>)
1000113c:	4a2f      	ldr	r2, [pc, #188]	@ (100011fc <uart_init+0xf8>)
1000113e:	18e3      	adds	r3, r4, r3
10001140:	4259      	negs	r1, r3
10001142:	414b      	adcs	r3, r1
10001144:	2180      	movs	r1, #128	@ 0x80
10001146:	005b      	lsls	r3, r3, #1
10001148:	0049      	lsls	r1, r1, #1
1000114a:	2006      	movs	r0, #6
1000114c:	5299      	strh	r1, [r3, r2]
1000114e:	f000 f943 	bl	100013d8 <clock_get_hz>
10001152:	0029      	movs	r1, r5
10001154:	00c0      	lsls	r0, r0, #3
10001156:	f000 fb9b 	bl	10001890 <__wrap___aeabi_uidiv>
1000115a:	3001      	adds	r0, #1
1000115c:	09c3      	lsrs	r3, r0, #7
1000115e:	d11e      	bne.n	1000119e <uart_init+0x9a>
10001160:	2740      	movs	r7, #64	@ 0x40
10001162:	2201      	movs	r2, #1
10001164:	6262      	str	r2, [r4, #36]	@ 0x24
10001166:	62a3      	str	r3, [r4, #40]	@ 0x28
10001168:	6b26      	ldr	r6, [r4, #48]	@ 0x30
1000116a:	07f3      	lsls	r3, r6, #31
1000116c:	d422      	bmi.n	100011b4 <uart_init+0xb0>
1000116e:	6ae3      	ldr	r3, [r4, #44]	@ 0x2c
10001170:	4b23      	ldr	r3, [pc, #140]	@ (10001200 <uart_init+0xfc>)
10001172:	2006      	movs	r0, #6
10001174:	18e5      	adds	r5, r4, r3
10001176:	2300      	movs	r3, #0
10001178:	602b      	str	r3, [r5, #0]
1000117a:	6326      	str	r6, [r4, #48]	@ 0x30
1000117c:	f000 f92c 	bl	100013d8 <clock_get_hz>
10001180:	0039      	movs	r1, r7
10001182:	0080      	lsls	r0, r0, #2
10001184:	f000 fb84 	bl	10001890 <__wrap___aeabi_uidiv>
10001188:	2370      	movs	r3, #112	@ 0x70
1000118a:	6ae2      	ldr	r2, [r4, #44]	@ 0x2c
1000118c:	405a      	eors	r2, r3
1000118e:	330e      	adds	r3, #14
10001190:	4013      	ands	r3, r2
10001192:	602b      	str	r3, [r5, #0]
10001194:	4b1b      	ldr	r3, [pc, #108]	@ (10001204 <uart_init+0x100>)
10001196:	6323      	str	r3, [r4, #48]	@ 0x30
10001198:	2303      	movs	r3, #3
1000119a:	64a3      	str	r3, [r4, #72]	@ 0x48
1000119c:	bdf8      	pop	{r3, r4, r5, r6, r7, pc}
1000119e:	4a1a      	ldr	r2, [pc, #104]	@ (10001208 <uart_init+0x104>)
100011a0:	4293      	cmp	r3, r2
100011a2:	d91c      	bls.n	100011de <uart_init+0xda>
100011a4:	2300      	movs	r3, #0
100011a6:	4a19      	ldr	r2, [pc, #100]	@ (1000120c <uart_init+0x108>)
100011a8:	4f19      	ldr	r7, [pc, #100]	@ (10001210 <uart_init+0x10c>)
100011aa:	6262      	str	r2, [r4, #36]	@ 0x24
100011ac:	62a3      	str	r3, [r4, #40]	@ 0x28
100011ae:	6b26      	ldr	r6, [r4, #48]	@ 0x30
100011b0:	07f3      	lsls	r3, r6, #31
100011b2:	d5dc      	bpl.n	1000116e <uart_init+0x6a>
100011b4:	4a13      	ldr	r2, [pc, #76]	@ (10001204 <uart_init+0x100>)
100011b6:	4b17      	ldr	r3, [pc, #92]	@ (10001214 <uart_init+0x110>)
100011b8:	2006      	movs	r0, #6
100011ba:	50e2      	str	r2, [r4, r3]
100011bc:	6a65      	ldr	r5, [r4, #36]	@ 0x24
100011be:	6aa3      	ldr	r3, [r4, #40]	@ 0x28
100011c0:	01ad      	lsls	r5, r5, #6
100011c2:	18ed      	adds	r5, r5, r3
100011c4:	f000 f908 	bl	100013d8 <clock_get_hz>
100011c8:	4913      	ldr	r1, [pc, #76]	@ (10001218 <uart_init+0x114>)
100011ca:	f000 fb61 	bl	10001890 <__wrap___aeabi_uidiv>
100011ce:	0001      	movs	r1, r0
100011d0:	02a8      	lsls	r0, r5, #10
100011d2:	f000 fb5d 	bl	10001890 <__wrap___aeabi_uidiv>
100011d6:	2100      	movs	r1, #0
100011d8:	f7ff ff5e 	bl	10001098 <busy_wait_us>
100011dc:	e7c7      	b.n	1000116e <uart_init+0x6a>
100011de:	0640      	lsls	r0, r0, #25
100011e0:	019a      	lsls	r2, r3, #6
100011e2:	0e80      	lsrs	r0, r0, #26
100011e4:	1817      	adds	r7, r2, r0
100011e6:	001a      	movs	r2, r3
100011e8:	0003      	movs	r3, r0
100011ea:	e7bb      	b.n	10001164 <uart_init+0x60>
100011ec:	bffc8000 	.word	0xbffc8000
100011f0:	4000c008 	.word	0x4000c008
100011f4:	4000e000 	.word	0x4000e000
100011f8:	4000f000 	.word	0x4000f000
100011fc:	20001d6c 	.word	0x20001d6c
10001200:	0000102c 	.word	0x0000102c
10001204:	00000301 	.word	0x00000301
10001208:	0000fffe 	.word	0x0000fffe
1000120c:	0000ffff 	.word	0x0000ffff
10001210:	003fffc0 	.word	0x003fffc0
10001214:	00003030 	.word	0x00003030
10001218:	00000e4e 	.word	0x00000e4e

1000121c <clock_configure_int_divider>:
1000121c:	b5f8      	push	{r3, r4, r5, r6, r7, lr}
1000121e:	46de      	mov	lr, fp
10001220:	464e      	mov	r6, r9
10001222:	4645      	mov	r5, r8
10001224:	4657      	mov	r7, sl
10001226:	b5e0      	push	{r5, r6, r7, lr}
10001228:	0005      	movs	r5, r0
1000122a:	468b      	mov	fp, r1
1000122c:	0018      	movs	r0, r3
1000122e:	990a      	ldr	r1, [sp, #40]	@ 0x28
10001230:	4691      	mov	r9, r2
10001232:	f000 fb2d 	bl	10001890 <__wrap___aeabi_uidiv>
10001236:	9b0a      	ldr	r3, [sp, #40]	@ 0x28
10001238:	006c      	lsls	r4, r5, #1
1000123a:	021e      	lsls	r6, r3, #8
1000123c:	1964      	adds	r4, r4, r5
1000123e:	4b2e      	ldr	r3, [pc, #184]	@ (100012f8 <clock_configure_int_divider+0xdc>)
10001240:	00a4      	lsls	r4, r4, #2
10001242:	18e4      	adds	r4, r4, r3
10001244:	6863      	ldr	r3, [r4, #4]
10001246:	4680      	mov	r8, r0
10001248:	429e      	cmp	r6, r3
1000124a:	d900      	bls.n	1000124e <clock_configure_int_divider+0x32>
1000124c:	6066      	str	r6, [r4, #4]
1000124e:	23c0      	movs	r3, #192	@ 0xc0
10001250:	1f2f      	subs	r7, r5, #4
10001252:	b2fa      	uxtb	r2, r7
10001254:	019b      	lsls	r3, r3, #6
10001256:	4692      	mov	sl, r2
10001258:	18e3      	adds	r3, r4, r3
1000125a:	2a01      	cmp	r2, #1
1000125c:	d92b      	bls.n	100012b6 <clock_configure_int_divider+0x9a>
1000125e:	2280      	movs	r2, #128	@ 0x80
10001260:	4f26      	ldr	r7, [pc, #152]	@ (100012fc <clock_configure_int_divider+0xe0>)
10001262:	00ad      	lsls	r5, r5, #2
10001264:	5979      	ldr	r1, [r7, r5]
10001266:	0112      	lsls	r2, r2, #4
10001268:	601a      	str	r2, [r3, #0]
1000126a:	2900      	cmp	r1, #0
1000126c:	d11a      	bne.n	100012a4 <clock_configure_int_divider+0x88>
1000126e:	464b      	mov	r3, r9
10001270:	6822      	ldr	r2, [r4, #0]
10001272:	015b      	lsls	r3, r3, #5
10001274:	4053      	eors	r3, r2
10001276:	22e0      	movs	r2, #224	@ 0xe0
10001278:	4013      	ands	r3, r2
1000127a:	2280      	movs	r2, #128	@ 0x80
1000127c:	0152      	lsls	r2, r2, #5
1000127e:	18a2      	adds	r2, r4, r2
10001280:	6013      	str	r3, [r2, #0]
10001282:	4653      	mov	r3, sl
10001284:	2b01      	cmp	r3, #1
10001286:	d92b      	bls.n	100012e0 <clock_configure_int_divider+0xc4>
10001288:	2380      	movs	r3, #128	@ 0x80
1000128a:	2280      	movs	r2, #128	@ 0x80
1000128c:	019b      	lsls	r3, r3, #6
1000128e:	0112      	lsls	r2, r2, #4
10001290:	50e2      	str	r2, [r4, r3]
10001292:	4643      	mov	r3, r8
10001294:	6066      	str	r6, [r4, #4]
10001296:	517b      	str	r3, [r7, r5]
10001298:	bcf0      	pop	{r4, r5, r6, r7}
1000129a:	46bb      	mov	fp, r7
1000129c:	46b2      	mov	sl, r6
1000129e:	46a9      	mov	r9, r5
100012a0:	46a0      	mov	r8, r4
100012a2:	bdf8      	pop	{r3, r4, r5, r6, r7, pc}
100012a4:	6978      	ldr	r0, [r7, #20]
100012a6:	f000 faf3 	bl	10001890 <__wrap___aeabi_uidiv>
100012aa:	3001      	adds	r0, #1
100012ac:	0043      	lsls	r3, r0, #1
100012ae:	181b      	adds	r3, r3, r0
100012b0:	3b03      	subs	r3, #3
100012b2:	d2fd      	bcs.n	100012b0 <clock_configure_int_divider+0x94>
100012b4:	e7db      	b.n	1000126e <clock_configure_int_divider+0x52>
100012b6:	465a      	mov	r2, fp
100012b8:	2a01      	cmp	r2, #1
100012ba:	d1d0      	bne.n	1000125e <clock_configure_int_divider+0x42>
100012bc:	3202      	adds	r2, #2
100012be:	601a      	str	r2, [r3, #0]
100012c0:	3a02      	subs	r2, #2
100012c2:	68a3      	ldr	r3, [r4, #8]
100012c4:	421a      	tst	r2, r3
100012c6:	d0fc      	beq.n	100012c2 <clock_configure_int_divider+0xa6>
100012c8:	464a      	mov	r2, r9
100012ca:	6823      	ldr	r3, [r4, #0]
100012cc:	0152      	lsls	r2, r2, #5
100012ce:	405a      	eors	r2, r3
100012d0:	23e0      	movs	r3, #224	@ 0xe0
100012d2:	4013      	ands	r3, r2
100012d4:	2280      	movs	r2, #128	@ 0x80
100012d6:	0152      	lsls	r2, r2, #5
100012d8:	18a2      	adds	r2, r4, r2
100012da:	4f08      	ldr	r7, [pc, #32]	@ (100012fc <clock_configure_int_divider+0xe0>)
100012dc:	6013      	str	r3, [r2, #0]
100012de:	00ad      	lsls	r5, r5, #2
100012e0:	4658      	mov	r0, fp
100012e2:	2303      	movs	r3, #3
100012e4:	6821      	ldr	r1, [r4, #0]
100012e6:	4041      	eors	r1, r0
100012e8:	400b      	ands	r3, r1
100012ea:	6013      	str	r3, [r2, #0]
100012ec:	2201      	movs	r2, #1
100012ee:	4082      	lsls	r2, r0
100012f0:	68a3      	ldr	r3, [r4, #8]
100012f2:	421a      	tst	r2, r3
100012f4:	d0fc      	beq.n	100012f0 <clock_configure_int_divider+0xd4>
100012f6:	e7c7      	b.n	10001288 <clock_configure_int_divider+0x6c>
100012f8:	40008000 	.word	0x40008000
100012fc:	200018d4 	.word	0x200018d4

10001300 <clock_configure_undivided>:
10001300:	b5f0      	push	{r4, r5, r6, r7, lr}
10001302:	46d6      	mov	lr, sl
10001304:	464f      	mov	r7, r9
10001306:	4646      	mov	r6, r8
10001308:	0044      	lsls	r4, r0, #1
1000130a:	4698      	mov	r8, r3
1000130c:	1824      	adds	r4, r4, r0
1000130e:	4b30      	ldr	r3, [pc, #192]	@ (100013d0 <clock_configure_undivided+0xd0>)
10001310:	00a4      	lsls	r4, r4, #2
10001312:	18e4      	adds	r4, r4, r3
10001314:	6863      	ldr	r3, [r4, #4]
10001316:	468a      	mov	sl, r1
10001318:	4691      	mov	r9, r2
1000131a:	b5c0      	push	{r6, r7, lr}
1000131c:	2bff      	cmp	r3, #255	@ 0xff
1000131e:	d802      	bhi.n	10001326 <clock_configure_undivided+0x26>
10001320:	2380      	movs	r3, #128	@ 0x80
10001322:	005b      	lsls	r3, r3, #1
10001324:	6063      	str	r3, [r4, #4]
10001326:	23c0      	movs	r3, #192	@ 0xc0
10001328:	1f06      	subs	r6, r0, #4
1000132a:	019b      	lsls	r3, r3, #6
1000132c:	b2f6      	uxtb	r6, r6
1000132e:	18e3      	adds	r3, r4, r3
10001330:	2e01      	cmp	r6, #1
10001332:	d92b      	bls.n	1000138c <clock_configure_undivided+0x8c>
10001334:	2280      	movs	r2, #128	@ 0x80
10001336:	4f27      	ldr	r7, [pc, #156]	@ (100013d4 <clock_configure_undivided+0xd4>)
10001338:	0085      	lsls	r5, r0, #2
1000133a:	5979      	ldr	r1, [r7, r5]
1000133c:	0112      	lsls	r2, r2, #4
1000133e:	601a      	str	r2, [r3, #0]
10001340:	2900      	cmp	r1, #0
10001342:	d11a      	bne.n	1000137a <clock_configure_undivided+0x7a>
10001344:	464b      	mov	r3, r9
10001346:	6822      	ldr	r2, [r4, #0]
10001348:	015b      	lsls	r3, r3, #5
1000134a:	4053      	eors	r3, r2
1000134c:	22e0      	movs	r2, #224	@ 0xe0
1000134e:	4013      	ands	r3, r2
10001350:	2280      	movs	r2, #128	@ 0x80
10001352:	0152      	lsls	r2, r2, #5
10001354:	18a2      	adds	r2, r4, r2
10001356:	6013      	str	r3, [r2, #0]
10001358:	2e01      	cmp	r6, #1
1000135a:	d92c      	bls.n	100013b6 <clock_configure_undivided+0xb6>
1000135c:	2380      	movs	r3, #128	@ 0x80
1000135e:	2280      	movs	r2, #128	@ 0x80
10001360:	019b      	lsls	r3, r3, #6
10001362:	0112      	lsls	r2, r2, #4
10001364:	50e2      	str	r2, [r4, r3]
10001366:	2380      	movs	r3, #128	@ 0x80
10001368:	005b      	lsls	r3, r3, #1
1000136a:	6063      	str	r3, [r4, #4]
1000136c:	4643      	mov	r3, r8
1000136e:	517b      	str	r3, [r7, r5]
10001370:	bce0      	pop	{r5, r6, r7}
10001372:	46ba      	mov	sl, r7
10001374:	46b1      	mov	r9, r6
10001376:	46a8      	mov	r8, r5
10001378:	bdf0      	pop	{r4, r5, r6, r7, pc}
1000137a:	6978      	ldr	r0, [r7, #20]
1000137c:	f000 fa88 	bl	10001890 <__wrap___aeabi_uidiv>
10001380:	3001      	adds	r0, #1
10001382:	0043      	lsls	r3, r0, #1
10001384:	181b      	adds	r3, r3, r0
10001386:	3b03      	subs	r3, #3
10001388:	d2fd      	bcs.n	10001386 <clock_configure_undivided+0x86>
1000138a:	e7db      	b.n	10001344 <clock_configure_undivided+0x44>
1000138c:	4652      	mov	r2, sl
1000138e:	2a01      	cmp	r2, #1
10001390:	d1d0      	bne.n	10001334 <clock_configure_undivided+0x34>
10001392:	3202      	adds	r2, #2
10001394:	601a      	str	r2, [r3, #0]
10001396:	3a02      	subs	r2, #2
10001398:	68a3      	ldr	r3, [r4, #8]
1000139a:	421a      	tst	r2, r3
1000139c:	d0fc      	beq.n	10001398 <clock_configure_undivided+0x98>
1000139e:	464a      	mov	r2, r9
100013a0:	6823      	ldr	r3, [r4, #0]
100013a2:	0152      	lsls	r2, r2, #5
100013a4:	405a      	eors	r2, r3
100013a6:	23e0      	movs	r3, #224	@ 0xe0
100013a8:	4013      	ands	r3, r2
100013aa:	2280      	movs	r2, #128	@ 0x80
100013ac:	0152      	lsls	r2, r2, #5
100013ae:	18a2      	adds	r2, r4, r2
100013b0:	4f08      	ldr	r7, [pc, #32]	@ (100013d4 <clock_configure_undivided+0xd4>)
100013b2:	6013      	str	r3, [r2, #0]
100013b4:	0085      	lsls	r5, r0, #2
100013b6:	4650      	mov	r0, sl
100013b8:	2303      	movs	r3, #3
100013ba:	6821      	ldr	r1, [r4, #0]
100013bc:	4041      	eors	r1, r0
100013be:	400b      	ands	r3, r1
100013c0:	6013      	str	r3, [r2, #0]
100013c2:	2201      	movs	r2, #1
100013c4:	4082      	lsls	r2, r0
100013c6:	68a3      	ldr	r3, [r4, #8]
100013c8:	421a      	tst	r2, r3
100013ca:	d0fc      	beq.n	100013c6 <clock_configure_undivided+0xc6>
100013cc:	e7c6      	b.n	1000135c <clock_configure_undivided+0x5c>
100013ce:	46c0      	nop			@ (mov r8, r8)
100013d0:	40008000 	.word	0x40008000
100013d4:	200018d4 	.word	0x200018d4

100013d8 <clock_get_hz>:
100013d8:	4b01      	ldr	r3, [pc, #4]	@ (100013e0 <clock_get_hz+0x8>)
100013da:	0080      	lsls	r0, r0, #2
100013dc:	58c0      	ldr	r0, [r0, r3]
100013de:	4770      	bx	lr
100013e0:	200018d4 	.word	0x200018d4

100013e4 <pll_init>:
100013e4:	b5f0      	push	{r4, r5, r6, r7, lr}
100013e6:	46c6      	mov	lr, r8
100013e8:	0004      	movs	r4, r0
100013ea:	b500      	push	{lr}
100013ec:	4822      	ldr	r0, [pc, #136]	@ (10001478 <pll_init+0x94>)
100013ee:	4690      	mov	r8, r2
100013f0:	001e      	movs	r6, r3
100013f2:	000d      	movs	r5, r1
100013f4:	f000 fa4c 	bl	10001890 <__wrap___aeabi_uidiv>
100013f8:	0001      	movs	r1, r0
100013fa:	4640      	mov	r0, r8
100013fc:	f000 fa48 	bl	10001890 <__wrap___aeabi_uidiv>
10001400:	9b06      	ldr	r3, [sp, #24]
10001402:	4684      	mov	ip, r0
10001404:	031a      	lsls	r2, r3, #12
10001406:	6823      	ldr	r3, [r4, #0]
10001408:	0430      	lsls	r0, r6, #16
1000140a:	4310      	orrs	r0, r2
1000140c:	2b00      	cmp	r3, #0
1000140e:	db22      	blt.n	10001456 <pll_init+0x72>
10001410:	4b1a      	ldr	r3, [pc, #104]	@ (1000147c <pll_init+0x98>)
10001412:	18e2      	adds	r2, r4, r3
10001414:	1e53      	subs	r3, r2, #1
10001416:	419a      	sbcs	r2, r3
10001418:	2380      	movs	r3, #128	@ 0x80
1000141a:	4252      	negs	r2, r2
1000141c:	0b12      	lsrs	r2, r2, #12
1000141e:	019b      	lsls	r3, r3, #6
10001420:	0312      	lsls	r2, r2, #12
10001422:	18d2      	adds	r2, r2, r3
10001424:	4b16      	ldr	r3, [pc, #88]	@ (10001480 <pll_init+0x9c>)
10001426:	601a      	str	r2, [r3, #0]
10001428:	4b16      	ldr	r3, [pc, #88]	@ (10001484 <pll_init+0xa0>)
1000142a:	601a      	str	r2, [r3, #0]
1000142c:	4b16      	ldr	r3, [pc, #88]	@ (10001488 <pll_init+0xa4>)
1000142e:	0016      	movs	r6, r2
10001430:	6819      	ldr	r1, [r3, #0]
10001432:	438e      	bics	r6, r1
10001434:	d1fb      	bne.n	1000142e <pll_init+0x4a>
10001436:	4663      	mov	r3, ip
10001438:	2221      	movs	r2, #33	@ 0x21
1000143a:	6025      	str	r5, [r4, #0]
1000143c:	60a3      	str	r3, [r4, #8]
1000143e:	4b13      	ldr	r3, [pc, #76]	@ (1000148c <pll_init+0xa8>)
10001440:	18e3      	adds	r3, r4, r3
10001442:	601a      	str	r2, [r3, #0]
10001444:	6822      	ldr	r2, [r4, #0]
10001446:	2a00      	cmp	r2, #0
10001448:	dafc      	bge.n	10001444 <pll_init+0x60>
1000144a:	2208      	movs	r2, #8
1000144c:	60e0      	str	r0, [r4, #12]
1000144e:	601a      	str	r2, [r3, #0]
10001450:	bc80      	pop	{r7}
10001452:	46b8      	mov	r8, r7
10001454:	bdf0      	pop	{r4, r5, r6, r7, pc}
10001456:	233f      	movs	r3, #63	@ 0x3f
10001458:	6822      	ldr	r2, [r4, #0]
1000145a:	4013      	ands	r3, r2
1000145c:	42ab      	cmp	r3, r5
1000145e:	d1d7      	bne.n	10001410 <pll_init+0x2c>
10001460:	68a3      	ldr	r3, [r4, #8]
10001462:	051b      	lsls	r3, r3, #20
10001464:	0d1b      	lsrs	r3, r3, #20
10001466:	4563      	cmp	r3, ip
10001468:	d1d2      	bne.n	10001410 <pll_init+0x2c>
1000146a:	22ee      	movs	r2, #238	@ 0xee
1000146c:	68e3      	ldr	r3, [r4, #12]
1000146e:	02d2      	lsls	r2, r2, #11
10001470:	4013      	ands	r3, r2
10001472:	4283      	cmp	r3, r0
10001474:	d1cc      	bne.n	10001410 <pll_init+0x2c>
10001476:	e7eb      	b.n	10001450 <pll_init+0x6c>
10001478:	00b71b00 	.word	0x00b71b00
1000147c:	bffd4000 	.word	0xbffd4000
10001480:	4000e000 	.word	0x4000e000
10001484:	4000f000 	.word	0x4000f000
10001488:	4000c008 	.word	0x4000c008
1000148c:	00003004 	.word	0x00003004

10001490 <watchdog_reboot>:
10001490:	468c      	mov	ip, r1
10001492:	2180      	movs	r1, #128	@ 0x80
10001494:	4b1b      	ldr	r3, [pc, #108]	@ (10001504 <watchdog_reboot+0x74>)
10001496:	05c9      	lsls	r1, r1, #23
10001498:	6019      	str	r1, [r3, #0]
1000149a:	2800      	cmp	r0, #0
1000149c:	d01b      	beq.n	100014d6 <watchdog_reboot+0x46>
1000149e:	2301      	movs	r3, #1
100014a0:	4919      	ldr	r1, [pc, #100]	@ (10001508 <watchdog_reboot+0x78>)
100014a2:	4318      	orrs	r0, r3
100014a4:	4b19      	ldr	r3, [pc, #100]	@ (1000150c <watchdog_reboot+0x7c>)
100014a6:	61d9      	str	r1, [r3, #28]
100014a8:	4919      	ldr	r1, [pc, #100]	@ (10001510 <watchdog_reboot+0x80>)
100014aa:	4041      	eors	r1, r0
100014ac:	6219      	str	r1, [r3, #32]
100014ae:	4661      	mov	r1, ip
100014b0:	6259      	str	r1, [r3, #36]	@ 0x24
100014b2:	6298      	str	r0, [r3, #40]	@ 0x28
100014b4:	2180      	movs	r1, #128	@ 0x80
100014b6:	4b13      	ldr	r3, [pc, #76]	@ (10001504 <watchdog_reboot+0x74>)
100014b8:	05c9      	lsls	r1, r1, #23
100014ba:	6019      	str	r1, [r3, #0]
100014bc:	4815      	ldr	r0, [pc, #84]	@ (10001514 <watchdog_reboot+0x84>)
100014be:	4916      	ldr	r1, [pc, #88]	@ (10001518 <watchdog_reboot+0x88>)
100014c0:	6008      	str	r0, [r1, #0]
100014c2:	21e0      	movs	r1, #224	@ 0xe0
100014c4:	04c9      	lsls	r1, r1, #19
100014c6:	6019      	str	r1, [r3, #0]
100014c8:	2a00      	cmp	r2, #0
100014ca:	d107      	bne.n	100014dc <watchdog_reboot+0x4c>
100014cc:	2280      	movs	r2, #128	@ 0x80
100014ce:	4b13      	ldr	r3, [pc, #76]	@ (1000151c <watchdog_reboot+0x8c>)
100014d0:	0612      	lsls	r2, r2, #24
100014d2:	601a      	str	r2, [r3, #0]
100014d4:	4770      	bx	lr
100014d6:	4b0d      	ldr	r3, [pc, #52]	@ (1000150c <watchdog_reboot+0x7c>)
100014d8:	61d8      	str	r0, [r3, #28]
100014da:	e7eb      	b.n	100014b4 <watchdog_reboot+0x24>
100014dc:	0153      	lsls	r3, r2, #5
100014de:	1a9b      	subs	r3, r3, r2
100014e0:	009b      	lsls	r3, r3, #2
100014e2:	189a      	adds	r2, r3, r2
100014e4:	4b0e      	ldr	r3, [pc, #56]	@ (10001520 <watchdog_reboot+0x90>)
100014e6:	0112      	lsls	r2, r2, #4
100014e8:	429a      	cmp	r2, r3
100014ea:	d809      	bhi.n	10001500 <watchdog_reboot+0x70>
100014ec:	0013      	movs	r3, r2
100014ee:	490d      	ldr	r1, [pc, #52]	@ (10001524 <watchdog_reboot+0x94>)
100014f0:	600b      	str	r3, [r1, #0]
100014f2:	4b06      	ldr	r3, [pc, #24]	@ (1000150c <watchdog_reboot+0x7c>)
100014f4:	605a      	str	r2, [r3, #4]
100014f6:	2280      	movs	r2, #128	@ 0x80
100014f8:	4b08      	ldr	r3, [pc, #32]	@ (1000151c <watchdog_reboot+0x8c>)
100014fa:	05d2      	lsls	r2, r2, #23
100014fc:	601a      	str	r2, [r3, #0]
100014fe:	e7e9      	b.n	100014d4 <watchdog_reboot+0x44>
10001500:	001a      	movs	r2, r3
10001502:	e7f4      	b.n	100014ee <watchdog_reboot+0x5e>
10001504:	4005b000 	.word	0x4005b000
10001508:	b007c0d3 	.word	0xb007c0d3
1000150c:	40058000 	.word	0x40058000
10001510:	4ff83f2d 	.word	0x4ff83f2d
10001514:	0001fffc 	.word	0x0001fffc
10001518:	40012008 	.word	0x40012008
1000151c:	4005a000 	.word	0x4005a000
10001520:	00ffffff 	.word	0x00ffffff
10001524:	20001d34 	.word	0x20001d34

10001528 <tick_start>:
10001528:	2380      	movs	r3, #128	@ 0x80
1000152a:	4a02      	ldr	r2, [pc, #8]	@ (10001534 <tick_start+0xc>)
1000152c:	009b      	lsls	r3, r3, #2
1000152e:	430b      	orrs	r3, r1
10001530:	62d3      	str	r3, [r2, #44]	@ 0x2c
10001532:	4770      	bx	lr
10001534:	40058000 	.word	0x40058000

10001538 <rom_func_lookup>:
10001538:	2300      	movs	r3, #0
1000153a:	b510      	push	{r4, lr}
1000153c:	0001      	movs	r1, r0
1000153e:	8a98      	ldrh	r0, [r3, #20]
10001540:	8b1b      	ldrh	r3, [r3, #24]
10001542:	4798      	blx	r3
10001544:	bd10      	pop	{r4, pc}
10001546:	46c0      	nop			@ (mov r8, r8)

10001548 <rom_data_lookup>:
10001548:	2300      	movs	r3, #0
1000154a:	b510      	push	{r4, lr}
1000154c:	0001      	movs	r1, r0
1000154e:	8ad8      	ldrh	r0, [r3, #22]
10001550:	8b1b      	ldrh	r3, [r3, #24]
10001552:	4798      	blx	r3
10001554:	bd10      	pop	{r4, pc}
10001556:	46c0      	nop			@ (mov r8, r8)

10001558 <rom_funcs_lookup>:
10001558:	b5f8      	push	{r3, r4, r5, r6, r7, lr}
1000155a:	4647      	mov	r7, r8
1000155c:	46ce      	mov	lr, r9
1000155e:	b580      	push	{r7, lr}
10001560:	1e0f      	subs	r7, r1, #0
10001562:	d018      	beq.n	10001596 <rom_funcs_lookup+0x3e>
10001564:	2314      	movs	r3, #20
10001566:	4699      	mov	r9, r3
10001568:	3304      	adds	r3, #4
1000156a:	0004      	movs	r4, r0
1000156c:	2500      	movs	r5, #0
1000156e:	2601      	movs	r6, #1
10001570:	4698      	mov	r8, r3
10001572:	464b      	mov	r3, r9
10001574:	8818      	ldrh	r0, [r3, #0]
10001576:	4643      	mov	r3, r8
10001578:	6821      	ldr	r1, [r4, #0]
1000157a:	881b      	ldrh	r3, [r3, #0]
1000157c:	4798      	blx	r3
1000157e:	c401      	stmia	r4!, {r0}
10001580:	1e43      	subs	r3, r0, #1
10001582:	4198      	sbcs	r0, r3
10001584:	3501      	adds	r5, #1
10001586:	4006      	ands	r6, r0
10001588:	42af      	cmp	r7, r5
1000158a:	d1f2      	bne.n	10001572 <rom_funcs_lookup+0x1a>
1000158c:	0030      	movs	r0, r6
1000158e:	bcc0      	pop	{r6, r7}
10001590:	46b9      	mov	r9, r7
10001592:	46b0      	mov	r8, r6
10001594:	bdf8      	pop	{r3, r4, r5, r6, r7, pc}
10001596:	2601      	movs	r6, #1
10001598:	e7f8      	b.n	1000158c <rom_funcs_lookup+0x34>
1000159a:	46c0      	nop			@ (mov r8, r8)

1000159c <rom_reset_usb_boot_extra>:
1000159c:	2300      	movs	r3, #0
1000159e:	b570      	push	{r4, r5, r6, lr}
100015a0:	0004      	movs	r4, r0
100015a2:	000d      	movs	r5, r1
100015a4:	8a98      	ldrh	r0, [r3, #20]
100015a6:	4905      	ldr	r1, [pc, #20]	@ (100015bc <rom_reset_usb_boot_extra+0x20>)
100015a8:	8b1b      	ldrh	r3, [r3, #24]
100015aa:	4798      	blx	r3
100015ac:	0003      	movs	r3, r0
100015ae:	2000      	movs	r0, #0
100015b0:	2c00      	cmp	r4, #0
100015b2:	db01      	blt.n	100015b8 <rom_reset_usb_boot_extra+0x1c>
100015b4:	3001      	adds	r0, #1
100015b6:	40a0      	lsls	r0, r4
100015b8:	0029      	movs	r1, r5
100015ba:	4798      	blx	r3
100015bc:	00004255 	.word	0x00004255

100015c0 <xosc_init>:
100015c0:	23aa      	movs	r3, #170	@ 0xaa
100015c2:	4a06      	ldr	r2, [pc, #24]	@ (100015dc <xosc_init+0x1c>)
100015c4:	011b      	lsls	r3, r3, #4
100015c6:	6013      	str	r3, [r2, #0]
100015c8:	238d      	movs	r3, #141	@ 0x8d
100015ca:	005b      	lsls	r3, r3, #1
100015cc:	60d3      	str	r3, [r2, #12]
100015ce:	4904      	ldr	r1, [pc, #16]	@ (100015e0 <xosc_init+0x20>)
100015d0:	4b04      	ldr	r3, [pc, #16]	@ (100015e4 <xosc_init+0x24>)
100015d2:	6019      	str	r1, [r3, #0]
100015d4:	6853      	ldr	r3, [r2, #4]
100015d6:	2b00      	cmp	r3, #0
100015d8:	dafc      	bge.n	100015d4 <xosc_init+0x14>
100015da:	4770      	bx	lr
100015dc:	40024000 	.word	0x40024000
100015e0:	00fab000 	.word	0x00fab000
100015e4:	40026000 	.word	0x40026000

100015e8 <first_per_core_initializer>:
100015e8:	4770      	bx	lr
100015ea:	46c0      	nop			@ (mov r8, r8)

100015ec <hard_assertion_failure>:
100015ec:	b510      	push	{r4, lr}
100015ee:	4801      	ldr	r0, [pc, #4]	@ (100015f4 <hard_assertion_failure+0x8>)
100015f0:	f7fe fed0 	bl	10000394 <panic>
100015f4:	1000671c 	.word	0x1000671c

100015f8 <runtime_run_initializers>:
100015f8:	b570      	push	{r4, r5, r6, lr}
100015fa:	4d07      	ldr	r5, [pc, #28]	@ (10001618 <runtime_run_initializers+0x20>)
100015fc:	4e07      	ldr	r6, [pc, #28]	@ (1000161c <runtime_run_initializers+0x24>)
100015fe:	42b5      	cmp	r5, r6
10001600:	d209      	bcs.n	10001616 <runtime_run_initializers+0x1e>
10001602:	2400      	movs	r4, #0
10001604:	3e01      	subs	r6, #1
10001606:	1b76      	subs	r6, r6, r5
10001608:	08b6      	lsrs	r6, r6, #2
1000160a:	3601      	adds	r6, #1
1000160c:	cd08      	ldmia	r5!, {r3}
1000160e:	3401      	adds	r4, #1
10001610:	4798      	blx	r3
10001612:	42b4      	cmp	r4, r6
10001614:	d1fa      	bne.n	1000160c <runtime_run_initializers+0x14>
10001616:	bd70      	pop	{r4, r5, r6, pc}
10001618:	10006668 	.word	0x10006668
1000161c:	100066a4 	.word	0x100066a4

10001620 <runtime_init_early_resets>:
10001620:	4b05      	ldr	r3, [pc, #20]	@ (10001638 <runtime_init_early_resets+0x18>)
10001622:	4a06      	ldr	r2, [pc, #24]	@ (1000163c <runtime_init_early_resets+0x1c>)
10001624:	4906      	ldr	r1, [pc, #24]	@ (10001640 <runtime_init_early_resets+0x20>)
10001626:	601a      	str	r2, [r3, #0]
10001628:	4a06      	ldr	r2, [pc, #24]	@ (10001644 <runtime_init_early_resets+0x24>)
1000162a:	4b07      	ldr	r3, [pc, #28]	@ (10001648 <runtime_init_early_resets+0x28>)
1000162c:	601a      	str	r2, [r3, #0]
1000162e:	0010      	movs	r0, r2
10001630:	680b      	ldr	r3, [r1, #0]
10001632:	4398      	bics	r0, r3
10001634:	d1fb      	bne.n	1000162e <runtime_init_early_resets+0xe>
10001636:	4770      	bx	lr
10001638:	4000e000 	.word	0x4000e000
1000163c:	fefbcdbf 	.word	0xfefbcdbf
10001640:	4000c008 	.word	0x4000c008
10001644:	003c7ffe 	.word	0x003c7ffe
10001648:	4000f000 	.word	0x4000f000

1000164c <runtime_init_usb_power_down>:
1000164c:	4b04      	ldr	r3, [pc, #16]	@ (10001660 <runtime_init_usb_power_down+0x14>)
1000164e:	6cdb      	ldr	r3, [r3, #76]	@ 0x4c
10001650:	2b00      	cmp	r3, #0
10001652:	d103      	bne.n	1000165c <runtime_init_usb_power_down+0x10>
10001654:	2280      	movs	r2, #128	@ 0x80
10001656:	4b03      	ldr	r3, [pc, #12]	@ (10001664 <runtime_init_usb_power_down+0x18>)
10001658:	02d2      	lsls	r2, r2, #11
1000165a:	601a      	str	r2, [r3, #0]
1000165c:	4770      	bx	lr
1000165e:	46c0      	nop			@ (mov r8, r8)
10001660:	50110000 	.word	0x50110000
10001664:	5011204c 	.word	0x5011204c

10001668 <runtime_init_post_clock_resets>:
10001668:	4a04      	ldr	r2, [pc, #16]	@ (1000167c <runtime_init_post_clock_resets+0x14>)
1000166a:	4b05      	ldr	r3, [pc, #20]	@ (10001680 <runtime_init_post_clock_resets+0x18>)
1000166c:	601a      	str	r2, [r3, #0]
1000166e:	4a05      	ldr	r2, [pc, #20]	@ (10001684 <runtime_init_post_clock_resets+0x1c>)
10001670:	6813      	ldr	r3, [r2, #0]
10001672:	01db      	lsls	r3, r3, #7
10001674:	3380      	adds	r3, #128	@ 0x80
10001676:	d1fb      	bne.n	10001670 <runtime_init_post_clock_resets+0x8>
10001678:	4770      	bx	lr
1000167a:	46c0      	nop			@ (mov r8, r8)
1000167c:	01ffffff 	.word	0x01ffffff
10001680:	4000f000 	.word	0x4000f000
10001684:	4000c008 	.word	0x4000c008

10001688 <runtime_init_rp2040_gpio_ie_disable>:
10001688:	2240      	movs	r2, #64	@ 0x40
1000168a:	4b03      	ldr	r3, [pc, #12]	@ (10001698 <runtime_init_rp2040_gpio_ie_disable+0x10>)
1000168c:	679a      	str	r2, [r3, #120]	@ 0x78
1000168e:	675a      	str	r2, [r3, #116]	@ 0x74
10001690:	671a      	str	r2, [r3, #112]	@ 0x70
10001692:	66da      	str	r2, [r3, #108]	@ 0x6c
10001694:	4770      	bx	lr
10001696:	46c0      	nop			@ (mov r8, r8)
10001698:	4001f000 	.word	0x4001f000

1000169c <runtime_init_spin_locks_reset>:
1000169c:	b510      	push	{r4, lr}
1000169e:	f7fe ff19 	bl	100004d4 <spin_locks_reset>
100016a2:	bd10      	pop	{r4, pc}

100016a4 <runtime_init_install_ram_vector_table>:
100016a4:	b570      	push	{r4, r5, r6, lr}
100016a6:	4927      	ldr	r1, [pc, #156]	@ (10001744 <runtime_init_install_ram_vector_table+0xa0>)
100016a8:	4d27      	ldr	r5, [pc, #156]	@ (10001748 <runtime_init_install_ram_vector_table+0xa4>)
100016aa:	4e28      	ldr	r6, [pc, #160]	@ (1000174c <runtime_init_install_ram_vector_table+0xa8>)
100016ac:	1a6d      	subs	r5, r5, r1
100016ae:	08ac      	lsrs	r4, r5, #2
100016b0:	0022      	movs	r2, r4
100016b2:	2c30      	cmp	r4, #48	@ 0x30
100016b4:	d900      	bls.n	100016b8 <runtime_init_install_ram_vector_table+0x14>
100016b6:	2230      	movs	r2, #48	@ 0x30
100016b8:	0030      	movs	r0, r6
100016ba:	0092      	lsls	r2, r2, #2
100016bc:	f000 ff7e 	bl	100025bc <__wrap___aeabi_memcpy>
100016c0:	2c2f      	cmp	r4, #47	@ 0x2f
100016c2:	d83c      	bhi.n	1000173e <runtime_init_install_ram_vector_table+0x9a>
100016c4:	0023      	movs	r3, r4
100016c6:	3b2a      	subs	r3, #42	@ 0x2a
100016c8:	4a21      	ldr	r2, [pc, #132]	@ (10001750 <runtime_init_install_ram_vector_table+0xac>)
100016ca:	2b05      	cmp	r3, #5
100016cc:	d91c      	bls.n	10001708 <runtime_init_install_ram_vector_table+0x64>
100016ce:	2030      	movs	r0, #48	@ 0x30
100016d0:	1975      	adds	r5, r6, r5
100016d2:	076d      	lsls	r5, r5, #29
100016d4:	46a4      	mov	ip, r4
100016d6:	1b00      	subs	r0, r0, r4
100016d8:	0feb      	lsrs	r3, r5, #31
100016da:	2d00      	cmp	r5, #0
100016dc:	da03      	bge.n	100016e6 <runtime_init_install_ram_vector_table+0x42>
100016de:	00a1      	lsls	r1, r4, #2
100016e0:	5072      	str	r2, [r6, r1]
100016e2:	1c61      	adds	r1, r4, #1
100016e4:	468c      	mov	ip, r1
100016e6:	1ac0      	subs	r0, r0, r3
100016e8:	18e3      	adds	r3, r4, r3
100016ea:	0845      	lsrs	r5, r0, #1
100016ec:	009b      	lsls	r3, r3, #2
100016ee:	18f3      	adds	r3, r6, r3
100016f0:	00e9      	lsls	r1, r5, #3
100016f2:	18c9      	adds	r1, r1, r3
100016f4:	601a      	str	r2, [r3, #0]
100016f6:	605a      	str	r2, [r3, #4]
100016f8:	3308      	adds	r3, #8
100016fa:	428b      	cmp	r3, r1
100016fc:	d1fa      	bne.n	100016f4 <runtime_init_install_ram_vector_table+0x50>
100016fe:	006d      	lsls	r5, r5, #1
10001700:	42a8      	cmp	r0, r5
10001702:	d01c      	beq.n	1000173e <runtime_init_install_ram_vector_table+0x9a>
10001704:	002c      	movs	r4, r5
10001706:	4464      	add	r4, ip
10001708:	00a3      	lsls	r3, r4, #2
1000170a:	50f2      	str	r2, [r6, r3]
1000170c:	1c63      	adds	r3, r4, #1
1000170e:	2c2f      	cmp	r4, #47	@ 0x2f
10001710:	d015      	beq.n	1000173e <runtime_init_install_ram_vector_table+0x9a>
10001712:	009b      	lsls	r3, r3, #2
10001714:	50f2      	str	r2, [r6, r3]
10001716:	1ca3      	adds	r3, r4, #2
10001718:	2c2e      	cmp	r4, #46	@ 0x2e
1000171a:	d010      	beq.n	1000173e <runtime_init_install_ram_vector_table+0x9a>
1000171c:	009b      	lsls	r3, r3, #2
1000171e:	50f2      	str	r2, [r6, r3]
10001720:	1ce3      	adds	r3, r4, #3
10001722:	2c2d      	cmp	r4, #45	@ 0x2d
10001724:	d00b      	beq.n	1000173e <runtime_init_install_ram_vector_table+0x9a>
10001726:	009b      	lsls	r3, r3, #2
10001728:	50f2      	str	r2, [r6, r3]
1000172a:	1d23      	adds	r3, r4, #4
1000172c:	2c2c      	cmp	r4, #44	@ 0x2c
1000172e:	d006      	beq.n	1000173e <runtime_init_install_ram_vector_table+0x9a>
10001730:	009b      	lsls	r3, r3, #2
10001732:	50f2      	str	r2, [r6, r3]
10001734:	1d63      	adds	r3, r4, #5
10001736:	2c2b      	cmp	r4, #43	@ 0x2b
10001738:	d001      	beq.n	1000173e <runtime_init_install_ram_vector_table+0x9a>
1000173a:	009b      	lsls	r3, r3, #2
1000173c:	50f2      	str	r2, [r6, r3]
1000173e:	4b05      	ldr	r3, [pc, #20]	@ (10001754 <runtime_init_install_ram_vector_table+0xb0>)
10001740:	609e      	str	r6, [r3, #8]
10001742:	bd70      	pop	{r4, r5, r6, pc}
10001744:	10000100 	.word	0x10000100
10001748:	100001c0 	.word	0x100001c0
1000174c:	20000000 	.word	0x20000000
10001750:	100001c1 	.word	0x100001c1
10001754:	e000ed00 	.word	0xe000ed00

10001758 <runtime_init_clocks>:
10001758:	2300      	movs	r3, #0
1000175a:	b510      	push	{r4, lr}
1000175c:	4c29      	ldr	r4, [pc, #164]	@ (10001804 <runtime_init_clocks+0xac>)
1000175e:	b082      	sub	sp, #8
10001760:	67a3      	str	r3, [r4, #120]	@ 0x78
10001762:	f7ff ff2d 	bl	100015c0 <xosc_init>
10001766:	2201      	movs	r2, #1
10001768:	4b27      	ldr	r3, [pc, #156]	@ (10001808 <runtime_init_clocks+0xb0>)
1000176a:	601a      	str	r2, [r3, #0]
1000176c:	6c63      	ldr	r3, [r4, #68]	@ 0x44
1000176e:	2b01      	cmp	r3, #1
10001770:	d1fc      	bne.n	1000176c <runtime_init_clocks+0x14>
10001772:	2203      	movs	r2, #3
10001774:	4b25      	ldr	r3, [pc, #148]	@ (1000180c <runtime_init_clocks+0xb4>)
10001776:	601a      	str	r2, [r3, #0]
10001778:	4a22      	ldr	r2, [pc, #136]	@ (10001804 <runtime_init_clocks+0xac>)
1000177a:	6b93      	ldr	r3, [r2, #56]	@ 0x38
1000177c:	2b01      	cmp	r3, #1
1000177e:	d1fc      	bne.n	1000177a <runtime_init_clocks+0x22>
10001780:	3301      	adds	r3, #1
10001782:	9300      	str	r3, [sp, #0]
10001784:	2101      	movs	r1, #1
10001786:	4a22      	ldr	r2, [pc, #136]	@ (10001810 <runtime_init_clocks+0xb8>)
10001788:	4822      	ldr	r0, [pc, #136]	@ (10001814 <runtime_init_clocks+0xbc>)
1000178a:	3304      	adds	r3, #4
1000178c:	f7ff fe2a 	bl	100013e4 <pll_init>
10001790:	2305      	movs	r3, #5
10001792:	2101      	movs	r1, #1
10001794:	9300      	str	r3, [sp, #0]
10001796:	4a20      	ldr	r2, [pc, #128]	@ (10001818 <runtime_init_clocks+0xc0>)
10001798:	4820      	ldr	r0, [pc, #128]	@ (1000181c <runtime_init_clocks+0xc4>)
1000179a:	f7ff fe23 	bl	100013e4 <pll_init>
1000179e:	2200      	movs	r2, #0
100017a0:	2102      	movs	r1, #2
100017a2:	2004      	movs	r0, #4
100017a4:	4b1e      	ldr	r3, [pc, #120]	@ (10001820 <runtime_init_clocks+0xc8>)
100017a6:	f7ff fdab 	bl	10001300 <clock_configure_undivided>
100017aa:	2200      	movs	r2, #0
100017ac:	2101      	movs	r1, #1
100017ae:	2005      	movs	r0, #5
100017b0:	4b1c      	ldr	r3, [pc, #112]	@ (10001824 <runtime_init_clocks+0xcc>)
100017b2:	f7ff fda5 	bl	10001300 <clock_configure_undivided>
100017b6:	2200      	movs	r2, #0
100017b8:	2100      	movs	r1, #0
100017ba:	2007      	movs	r0, #7
100017bc:	4b1a      	ldr	r3, [pc, #104]	@ (10001828 <runtime_init_clocks+0xd0>)
100017be:	f7ff fd9f 	bl	10001300 <clock_configure_undivided>
100017c2:	2200      	movs	r2, #0
100017c4:	2100      	movs	r1, #0
100017c6:	2008      	movs	r0, #8
100017c8:	4b17      	ldr	r3, [pc, #92]	@ (10001828 <runtime_init_clocks+0xd0>)
100017ca:	f7ff fd99 	bl	10001300 <clock_configure_undivided>
100017ce:	2380      	movs	r3, #128	@ 0x80
100017d0:	00db      	lsls	r3, r3, #3
100017d2:	9300      	str	r3, [sp, #0]
100017d4:	2200      	movs	r2, #0
100017d6:	2100      	movs	r1, #0
100017d8:	2009      	movs	r0, #9
100017da:	4b13      	ldr	r3, [pc, #76]	@ (10001828 <runtime_init_clocks+0xd0>)
100017dc:	f7ff fd1e 	bl	1000121c <clock_configure_int_divider>
100017e0:	2200      	movs	r2, #0
100017e2:	4b10      	ldr	r3, [pc, #64]	@ (10001824 <runtime_init_clocks+0xcc>)
100017e4:	2100      	movs	r1, #0
100017e6:	2006      	movs	r0, #6
100017e8:	f7ff fd8a 	bl	10001300 <clock_configure_undivided>
100017ec:	2004      	movs	r0, #4
100017ee:	f7ff fdf3 	bl	100013d8 <clock_get_hz>
100017f2:	490e      	ldr	r1, [pc, #56]	@ (1000182c <runtime_init_clocks+0xd4>)
100017f4:	f000 f84c 	bl	10001890 <__wrap___aeabi_uidiv>
100017f8:	0001      	movs	r1, r0
100017fa:	2000      	movs	r0, #0
100017fc:	f7ff fe94 	bl	10001528 <tick_start>
10001800:	b002      	add	sp, #8
10001802:	bd10      	pop	{r4, pc}
10001804:	40008000 	.word	0x40008000
10001808:	4000b03c 	.word	0x4000b03c
1000180c:	4000b030 	.word	0x4000b030
10001810:	59682f00 	.word	0x59682f00
10001814:	40028000 	.word	0x40028000
10001818:	47868c00 	.word	0x47868c00
1000181c:	4002c000 	.word	0x4002c000
10001820:	00b71b00 	.word	0x00b71b00
10001824:	07735940 	.word	0x07735940
10001828:	02dc6c00 	.word	0x02dc6c00
1000182c:	000f4240 	.word	0x000f4240

10001830 <__aeabi_bits_init>:
10001830:	4801      	ldr	r0, [pc, #4]	@ (10001838 <__aeabi_bits_init+0x8>)
10001832:	2104      	movs	r1, #4
10001834:	4b01      	ldr	r3, [pc, #4]	@ (1000183c <__aeabi_bits_init+0xc>)
10001836:	4718      	bx	r3
10001838:	20001110 	.word	0x20001110
1000183c:	10001559 	.word	0x10001559

10001840 <__wrap___aeabi_idiv>:
10001840:	4a12      	ldr	r2, [pc, #72]	@ (1000188c <divmod_s32s32_savestate+0x18>)
10001842:	6f93      	ldr	r3, [r2, #120]	@ 0x78
10001844:	089b      	lsrs	r3, r3, #2
10001846:	d215      	bcs.n	10001874 <divmod_s32s32_savestate>

10001848 <divmod_s32s32_core>:
10001848:	6690      	str	r0, [r2, #104]	@ 0x68
1000184a:	66d1      	str	r1, [r2, #108]	@ 0x6c
1000184c:	2900      	cmp	r1, #0
1000184e:	d005      	beq.n	1000185c <divmod_s32s32_core+0x14>
10001850:	e7ff      	b.n	10001852 <divmod_s32s32_core+0xa>
10001852:	e7ff      	b.n	10001854 <divmod_s32s32_core+0xc>
10001854:	e7ff      	b.n	10001856 <divmod_s32s32_core+0xe>
10001856:	6f51      	ldr	r1, [r2, #116]	@ 0x74
10001858:	6f10      	ldr	r0, [r2, #112]	@ 0x70
1000185a:	4770      	bx	lr
1000185c:	b504      	push	{r2, lr}
1000185e:	2180      	movs	r1, #128	@ 0x80
10001860:	0609      	lsls	r1, r1, #24
10001862:	17c2      	asrs	r2, r0, #31
10001864:	4051      	eors	r1, r2
10001866:	2800      	cmp	r0, #0
10001868:	d000      	beq.n	1000186c <divmod_s32s32_core+0x24>
1000186a:	43c8      	mvns	r0, r1
1000186c:	f004 fee4 	bl	10006638 <____aeabi_idiv0_veneer>
10001870:	2100      	movs	r1, #0
10001872:	bd04      	pop	{r2, pc}

10001874 <divmod_s32s32_savestate>:
10001874:	b5f0      	push	{r4, r5, r6, r7, lr}
10001876:	6e14      	ldr	r4, [r2, #96]	@ 0x60
10001878:	6e55      	ldr	r5, [r2, #100]	@ 0x64
1000187a:	6f57      	ldr	r7, [r2, #116]	@ 0x74
1000187c:	6f16      	ldr	r6, [r2, #112]	@ 0x70
1000187e:	f7ff ffe3 	bl	10001848 <divmod_s32s32_core>
10001882:	6614      	str	r4, [r2, #96]	@ 0x60
10001884:	6655      	str	r5, [r2, #100]	@ 0x64
10001886:	6757      	str	r7, [r2, #116]	@ 0x74
10001888:	6716      	str	r6, [r2, #112]	@ 0x70
1000188a:	bdf0      	pop	{r4, r5, r6, r7, pc}
1000188c:	d0000000 	.word	0xd0000000

10001890 <__wrap___aeabi_uidiv>:
10001890:	4a11      	ldr	r2, [pc, #68]	@ (100018d8 <divmod_u32u32_savestate+0x18>)
10001892:	6f93      	ldr	r3, [r2, #120]	@ 0x78
10001894:	089b      	lsrs	r3, r3, #2
10001896:	d213      	bcs.n	100018c0 <divmod_u32u32_savestate>

10001898 <divmod_u32u32_core>:
10001898:	6610      	str	r0, [r2, #96]	@ 0x60
1000189a:	6651      	str	r1, [r2, #100]	@ 0x64
1000189c:	2900      	cmp	r1, #0
1000189e:	d005      	beq.n	100018ac <divmod_u32u32_core+0x14>
100018a0:	e7ff      	b.n	100018a2 <divmod_u32u32_core+0xa>
100018a2:	e7ff      	b.n	100018a4 <divmod_u32u32_core+0xc>
100018a4:	e7ff      	b.n	100018a6 <divmod_u32u32_core+0xe>
100018a6:	6f51      	ldr	r1, [r2, #116]	@ 0x74
100018a8:	6f10      	ldr	r0, [r2, #112]	@ 0x70
100018aa:	4770      	bx	lr
100018ac:	b504      	push	{r2, lr}
100018ae:	2800      	cmp	r0, #0
100018b0:	d001      	beq.n	100018b6 <divmod_u32u32_core+0x1e>
100018b2:	2000      	movs	r0, #0
100018b4:	43c0      	mvns	r0, r0
100018b6:	f004 febf 	bl	10006638 <____aeabi_idiv0_veneer>
100018ba:	2100      	movs	r1, #0
100018bc:	bd04      	pop	{r2, pc}
100018be:	46c0      	nop			@ (mov r8, r8)

100018c0 <divmod_u32u32_savestate>:
100018c0:	b5f0      	push	{r4, r5, r6, r7, lr}
100018c2:	6e14      	ldr	r4, [r2, #96]	@ 0x60
100018c4:	6e55      	ldr	r5, [r2, #100]	@ 0x64
100018c6:	6f57      	ldr	r7, [r2, #116]	@ 0x74
100018c8:	6f16      	ldr	r6, [r2, #112]	@ 0x70
100018ca:	f7ff ffe5 	bl	10001898 <divmod_u32u32_core>
100018ce:	6614      	str	r4, [r2, #96]	@ 0x60
100018d0:	6655      	str	r5, [r2, #100]	@ 0x64
100018d2:	6757      	str	r7, [r2, #116]	@ 0x74
100018d4:	6716      	str	r6, [r2, #112]	@ 0x70
100018d6:	bdf0      	pop	{r4, r5, r6, r7, pc}
100018d8:	d0000000 	.word	0xd0000000

100018dc <__wrap___aeabi_ldivmod>:
100018dc:	4694      	mov	ip, r2
100018de:	4a4a      	ldr	r2, [pc, #296]	@ (10001a08 <udiv0+0x1a>)
100018e0:	6f92      	ldr	r2, [r2, #120]	@ 0x78
100018e2:	0892      	lsrs	r2, r2, #2
100018e4:	4662      	mov	r2, ip
100018e6:	d201      	bcs.n	100018ec <divmod_s64s64_savestate>
100018e8:	e028      	b.n	1000193c <divmod_s64s64_unsafe>
100018ea:	46c0      	nop			@ (mov r8, r8)

100018ec <divmod_s64s64_savestate>:
100018ec:	b5f0      	push	{r4, r5, r6, r7, lr}
100018ee:	4e46      	ldr	r6, [pc, #280]	@ (10001a08 <udiv0+0x1a>)
100018f0:	6e34      	ldr	r4, [r6, #96]	@ 0x60
100018f2:	6e75      	ldr	r5, [r6, #100]	@ 0x64
100018f4:	6f77      	ldr	r7, [r6, #116]	@ 0x74
100018f6:	6f36      	ldr	r6, [r6, #112]	@ 0x70
100018f8:	f000 f820 	bl	1000193c <divmod_s64s64_unsafe>
100018fc:	4694      	mov	ip, r2
100018fe:	4a42      	ldr	r2, [pc, #264]	@ (10001a08 <udiv0+0x1a>)
10001900:	6614      	str	r4, [r2, #96]	@ 0x60
10001902:	6655      	str	r5, [r2, #100]	@ 0x64
10001904:	6757      	str	r7, [r2, #116]	@ 0x74
10001906:	6716      	str	r6, [r2, #112]	@ 0x70
10001908:	4662      	mov	r2, ip
1000190a:	bdf0      	pop	{r4, r5, r6, r7, pc}

1000190c <__wrap___aeabi_uldivmod>:
1000190c:	4694      	mov	ip, r2
1000190e:	4a3e      	ldr	r2, [pc, #248]	@ (10001a08 <udiv0+0x1a>)
10001910:	6f92      	ldr	r2, [r2, #120]	@ 0x78
10001912:	0892      	lsrs	r2, r2, #2
10001914:	4662      	mov	r2, ip
10001916:	d201      	bcs.n	1000191c <divmod_u64u64_savestate>
10001918:	e054      	b.n	100019c4 <divmod_u64u64_unsafe>
1000191a:	46c0      	nop			@ (mov r8, r8)

1000191c <divmod_u64u64_savestate>:
1000191c:	b5f0      	push	{r4, r5, r6, r7, lr}
1000191e:	4e3a      	ldr	r6, [pc, #232]	@ (10001a08 <udiv0+0x1a>)
10001920:	6e34      	ldr	r4, [r6, #96]	@ 0x60
10001922:	6e75      	ldr	r5, [r6, #100]	@ 0x64
10001924:	6f77      	ldr	r7, [r6, #116]	@ 0x74
10001926:	6f36      	ldr	r6, [r6, #112]	@ 0x70
10001928:	f000 f84c 	bl	100019c4 <divmod_u64u64_unsafe>
1000192c:	4694      	mov	ip, r2
1000192e:	4a36      	ldr	r2, [pc, #216]	@ (10001a08 <udiv0+0x1a>)
10001930:	6614      	str	r4, [r2, #96]	@ 0x60
10001932:	6655      	str	r5, [r2, #100]	@ 0x64
10001934:	6757      	str	r7, [r2, #116]	@ 0x74
10001936:	6716      	str	r6, [r2, #112]	@ 0x70
10001938:	4662      	mov	r2, ip
1000193a:	bdf0      	pop	{r4, r5, r6, r7, pc}

1000193c <divmod_s64s64_unsafe>:
1000193c:	2b00      	cmp	r3, #0
1000193e:	db24      	blt.n	1000198a <l46_1+0x26>
10001940:	d011      	beq.n	10001966 <l46_1+0x2>
10001942:	2900      	cmp	r1, #0
10001944:	da3e      	bge.n	100019c4 <divmod_u64u64_unsafe>
10001946:	b500      	push	{lr}
10001948:	43c9      	mvns	r1, r1
1000194a:	4240      	negs	r0, r0
1000194c:	d100      	bne.n	10001950 <l44_1>
1000194e:	3101      	adds	r1, #1

10001950 <l44_1>:
10001950:	f000 f838 	bl	100019c4 <divmod_u64u64_unsafe>
10001954:	43c9      	mvns	r1, r1
10001956:	4240      	negs	r0, r0
10001958:	d100      	bne.n	1000195c <l45_1>
1000195a:	3101      	adds	r1, #1

1000195c <l45_1>:
1000195c:	43db      	mvns	r3, r3
1000195e:	4252      	negs	r2, r2
10001960:	d100      	bne.n	10001964 <l46_1>
10001962:	3301      	adds	r3, #1

10001964 <l46_1>:
10001964:	bd00      	pop	{pc}
10001966:	2a00      	cmp	r2, #0
10001968:	d1eb      	bne.n	10001942 <divmod_s64s64_unsafe+0x6>
1000196a:	2800      	cmp	r0, #0
1000196c:	d101      	bne.n	10001972 <l46_1+0xe>
1000196e:	2900      	cmp	r1, #0
10001970:	d005      	beq.n	1000197e <l46_1+0x1a>
10001972:	2000      	movs	r0, #0
10001974:	0fc9      	lsrs	r1, r1, #31
10001976:	07c9      	lsls	r1, r1, #31
10001978:	d101      	bne.n	1000197e <l46_1+0x1a>
1000197a:	43c0      	mvns	r0, r0
1000197c:	0841      	lsrs	r1, r0, #1
1000197e:	b500      	push	{lr}
10001980:	f004 fe2a 	bl	100065d8 <____aeabi_ldiv0_veneer>
10001984:	2200      	movs	r2, #0
10001986:	2300      	movs	r3, #0
10001988:	bd00      	pop	{pc}
1000198a:	b500      	push	{lr}
1000198c:	2900      	cmp	r1, #0
1000198e:	db0a      	blt.n	100019a6 <l48_1+0x2>
10001990:	43db      	mvns	r3, r3
10001992:	4252      	negs	r2, r2
10001994:	d100      	bne.n	10001998 <l47_1>
10001996:	3301      	adds	r3, #1

10001998 <l47_1>:
10001998:	f000 f814 	bl	100019c4 <divmod_u64u64_unsafe>
1000199c:	43c9      	mvns	r1, r1
1000199e:	4240      	negs	r0, r0
100019a0:	d100      	bne.n	100019a4 <l48_1>
100019a2:	3101      	adds	r1, #1

100019a4 <l48_1>:
100019a4:	bd00      	pop	{pc}
100019a6:	43c9      	mvns	r1, r1
100019a8:	4240      	negs	r0, r0
100019aa:	d100      	bne.n	100019ae <l49_1>
100019ac:	3101      	adds	r1, #1

100019ae <l49_1>:
100019ae:	43db      	mvns	r3, r3
100019b0:	4252      	negs	r2, r2
100019b2:	d100      	bne.n	100019b6 <l50_1>
100019b4:	3301      	adds	r3, #1

100019b6 <l50_1>:
100019b6:	f000 f805 	bl	100019c4 <divmod_u64u64_unsafe>
100019ba:	43db      	mvns	r3, r3
100019bc:	4252      	negs	r2, r2
100019be:	d100      	bne.n	100019c2 <l51_1>
100019c0:	3301      	adds	r3, #1

100019c2 <l51_1>:
100019c2:	bd00      	pop	{pc}

100019c4 <divmod_u64u64_unsafe>:
100019c4:	2900      	cmp	r1, #0
100019c6:	d123      	bne.n	10001a10 <y64>
100019c8:	2b00      	cmp	r3, #0
100019ca:	d118      	bne.n	100019fe <udiv0+0x10>
100019cc:	2a00      	cmp	r2, #0
100019ce:	d00c      	beq.n	100019ea <divmod_u64u64_unsafe+0x26>
100019d0:	46bc      	mov	ip, r7
100019d2:	4f0d      	ldr	r7, [pc, #52]	@ (10001a08 <udiv0+0x1a>)
100019d4:	6638      	str	r0, [r7, #96]	@ 0x60
100019d6:	667a      	str	r2, [r7, #100]	@ 0x64
100019d8:	2100      	movs	r1, #0
100019da:	2300      	movs	r3, #0
100019dc:	e7ff      	b.n	100019de <divmod_u64u64_unsafe+0x1a>
100019de:	e7ff      	b.n	100019e0 <divmod_u64u64_unsafe+0x1c>
100019e0:	e7ff      	b.n	100019e2 <divmod_u64u64_unsafe+0x1e>
100019e2:	6f7a      	ldr	r2, [r7, #116]	@ 0x74
100019e4:	6f38      	ldr	r0, [r7, #112]	@ 0x70
100019e6:	4667      	mov	r7, ip
100019e8:	4770      	bx	lr
100019ea:	2800      	cmp	r0, #0
100019ec:	d001      	beq.n	100019f2 <udiv0+0x4>

100019ee <udiv0>:
100019ee:	4807      	ldr	r0, [pc, #28]	@ (10001a0c <udiv0+0x1e>)
100019f0:	0001      	movs	r1, r0
100019f2:	b500      	push	{lr}
100019f4:	f004 fdf0 	bl	100065d8 <____aeabi_ldiv0_veneer>
100019f8:	2200      	movs	r2, #0
100019fa:	2300      	movs	r3, #0
100019fc:	bd00      	pop	{pc}
100019fe:	0002      	movs	r2, r0
10001a00:	000b      	movs	r3, r1
10001a02:	2000      	movs	r0, #0
10001a04:	2100      	movs	r1, #0
10001a06:	4770      	bx	lr
10001a08:	d0000000 	.word	0xd0000000
10001a0c:	ffffffff 	.word	0xffffffff

10001a10 <y64>:
10001a10:	2b00      	cmp	r3, #0
10001a12:	d000      	beq.n	10001a16 <y64+0x6>
10001a14:	e0bf      	b.n	10001b96 <y64_x48>
10001a16:	0c13      	lsrs	r3, r2, #16
10001a18:	d128      	bne.n	10001a6c <y64_x32>
10001a1a:	2a00      	cmp	r2, #0
10001a1c:	d0e7      	beq.n	100019ee <udiv0>
10001a1e:	b480      	push	{r7}
10001a20:	4f11      	ldr	r7, [pc, #68]	@ (10001a68 <y64+0x58>)
10001a22:	6639      	str	r1, [r7, #96]	@ 0x60
10001a24:	667a      	str	r2, [r7, #100]	@ 0x64
10001a26:	e7ff      	b.n	10001a28 <y64+0x18>
10001a28:	e7ff      	b.n	10001a2a <y64+0x1a>
10001a2a:	b430      	push	{r4, r5}
10001a2c:	0c04      	lsrs	r4, r0, #16
10001a2e:	6f7b      	ldr	r3, [r7, #116]	@ 0x74
10001a30:	6f39      	ldr	r1, [r7, #112]	@ 0x70
10001a32:	041b      	lsls	r3, r3, #16
10001a34:	4323      	orrs	r3, r4
10001a36:	663b      	str	r3, [r7, #96]	@ 0x60
10001a38:	667a      	str	r2, [r7, #100]	@ 0x64
10001a3a:	e7ff      	b.n	10001a3c <y64+0x2c>
10001a3c:	e7ff      	b.n	10001a3e <y64+0x2e>
10001a3e:	e7ff      	b.n	10001a40 <y64+0x30>
10001a40:	46c0      	nop			@ (mov r8, r8)
10001a42:	b284      	uxth	r4, r0
10001a44:	6f7b      	ldr	r3, [r7, #116]	@ 0x74
10001a46:	6f3d      	ldr	r5, [r7, #112]	@ 0x70
10001a48:	041b      	lsls	r3, r3, #16
10001a4a:	4323      	orrs	r3, r4
10001a4c:	663b      	str	r3, [r7, #96]	@ 0x60
10001a4e:	667a      	str	r2, [r7, #100]	@ 0x64
10001a50:	e7ff      	b.n	10001a52 <y64+0x42>
10001a52:	e7ff      	b.n	10001a54 <y64+0x44>
10001a54:	46c0      	nop			@ (mov r8, r8)
10001a56:	2300      	movs	r3, #0
10001a58:	042c      	lsls	r4, r5, #16
10001a5a:	0c2d      	lsrs	r5, r5, #16
10001a5c:	6f7a      	ldr	r2, [r7, #116]	@ 0x74
10001a5e:	6f38      	ldr	r0, [r7, #112]	@ 0x70
10001a60:	1900      	adds	r0, r0, r4
10001a62:	4169      	adcs	r1, r5
10001a64:	bcb0      	pop	{r4, r5, r7}
10001a66:	4770      	bx	lr
10001a68:	d0000000 	.word	0xd0000000

10001a6c <y64_x32>:
10001a6c:	b5f0      	push	{r4, r5, r6, r7, lr}
10001a6e:	4694      	mov	ip, r2
10001a70:	2500      	movs	r5, #0
10001a72:	0e14      	lsrs	r4, r2, #24
10001a74:	d101      	bne.n	10001a7a <y64_x32+0xe>
10001a76:	0212      	lsls	r2, r2, #8
10001a78:	3508      	adds	r5, #8
10001a7a:	0f14      	lsrs	r4, r2, #28
10001a7c:	d101      	bne.n	10001a82 <y64_x32+0x16>
10001a7e:	0112      	lsls	r2, r2, #4
10001a80:	3504      	adds	r5, #4
10001a82:	0f94      	lsrs	r4, r2, #30
10001a84:	d101      	bne.n	10001a8a <y64_x32+0x1e>
10001a86:	0092      	lsls	r2, r2, #2
10001a88:	3502      	adds	r5, #2
10001a8a:	0fd4      	lsrs	r4, r2, #31
10001a8c:	d101      	bne.n	10001a92 <y64_x32+0x26>
10001a8e:	0052      	lsls	r2, r2, #1
10001a90:	3501      	adds	r5, #1
10001a92:	0bd4      	lsrs	r4, r2, #15
10001a94:	3401      	adds	r4, #1
10001a96:	4f25      	ldr	r7, [pc, #148]	@ (10001b2c <y64_x32+0xc0>)
10001a98:	667c      	str	r4, [r7, #100]	@ 0x64
10001a9a:	4c25      	ldr	r4, [pc, #148]	@ (10001b30 <y64_x32+0xc4>)
10001a9c:	663c      	str	r4, [r7, #96]	@ 0x60
10001a9e:	0c0e      	lsrs	r6, r1, #16
10001aa0:	b293      	uxth	r3, r2
10001aa2:	e7ff      	b.n	10001aa4 <y64_x32+0x38>
10001aa4:	e7ff      	b.n	10001aa6 <y64_x32+0x3a>
10001aa6:	e7ff      	b.n	10001aa8 <y64_x32+0x3c>
10001aa8:	6f3c      	ldr	r4, [r7, #112]	@ 0x70
10001aaa:	4366      	muls	r6, r4
10001aac:	0c36      	lsrs	r6, r6, #16
10001aae:	0377      	lsls	r7, r6, #13
10001ab0:	46be      	mov	lr, r7
10001ab2:	4373      	muls	r3, r6
10001ab4:	0bdf      	lsrs	r7, r3, #15
10001ab6:	045b      	lsls	r3, r3, #17
10001ab8:	1ac0      	subs	r0, r0, r3
10001aba:	41b9      	sbcs	r1, r7
10001abc:	0c13      	lsrs	r3, r2, #16
10001abe:	4373      	muls	r3, r6
10001ac0:	18db      	adds	r3, r3, r3
10001ac2:	1ac9      	subs	r1, r1, r3
10001ac4:	08ce      	lsrs	r6, r1, #3
10001ac6:	4366      	muls	r6, r4
10001ac8:	0c36      	lsrs	r6, r6, #16
10001aca:	44b6      	add	lr, r6
10001acc:	b293      	uxth	r3, r2
10001ace:	4373      	muls	r3, r6
10001ad0:	0f1f      	lsrs	r7, r3, #28
10001ad2:	011b      	lsls	r3, r3, #4
10001ad4:	1ac0      	subs	r0, r0, r3
10001ad6:	41b9      	sbcs	r1, r7
10001ad8:	0c13      	lsrs	r3, r2, #16
10001ada:	4373      	muls	r3, r6
10001adc:	0b1f      	lsrs	r7, r3, #12
10001ade:	051b      	lsls	r3, r3, #20
10001ae0:	1ac0      	subs	r0, r0, r3
10001ae2:	41b9      	sbcs	r1, r7
10001ae4:	0d86      	lsrs	r6, r0, #22
10001ae6:	028f      	lsls	r7, r1, #10
10001ae8:	433e      	orrs	r6, r7
10001aea:	4366      	muls	r6, r4
10001aec:	0c36      	lsrs	r6, r6, #16
10001aee:	2d09      	cmp	r5, #9
10001af0:	db24      	blt.n	10001b3c <last0>
10001af2:	0a52      	lsrs	r2, r2, #9
10001af4:	4372      	muls	r2, r6
10001af6:	1a80      	subs	r0, r0, r2
10001af8:	0377      	lsls	r7, r6, #13
10001afa:	0a46      	lsrs	r6, r0, #9
10001afc:	4366      	muls	r6, r4
10001afe:	0c36      	lsrs	r6, r6, #16
10001b00:	2316      	movs	r3, #22
10001b02:	1b5b      	subs	r3, r3, r5
10001b04:	40de      	lsrs	r6, r3
10001b06:	40df      	lsrs	r7, r3
10001b08:	19bf      	adds	r7, r7, r6
10001b0a:	4664      	mov	r4, ip
10001b0c:	4366      	muls	r6, r4
10001b0e:	1b82      	subs	r2, r0, r6
10001b10:	4670      	mov	r0, lr
10001b12:	3504      	adds	r5, #4
10001b14:	3306      	adds	r3, #6
10001b16:	0001      	movs	r1, r0
10001b18:	40d9      	lsrs	r1, r3
10001b1a:	40a8      	lsls	r0, r5
10001b1c:	19c0      	adds	r0, r0, r7
10001b1e:	d300      	bcc.n	10001b22 <y64_x32+0xb6>
10001b20:	3101      	adds	r1, #1
10001b22:	42a2      	cmp	r2, r4
10001b24:	d206      	bcs.n	10001b34 <y64_x32+0xc8>
10001b26:	2300      	movs	r3, #0
10001b28:	bdf0      	pop	{r4, r5, r6, r7, pc}
10001b2a:	0000      	.short	0x0000
10001b2c:	d0000000 	.word	0xd0000000
10001b30:	ffffffff 	.word	0xffffffff
10001b34:	1b12      	subs	r2, r2, r4
10001b36:	3001      	adds	r0, #1
10001b38:	d3f3      	bcc.n	10001b22 <y64_x32+0xb6>
10001b3a:	e7f1      	b.n	10001b20 <y64_x32+0xb4>

10001b3c <last0>:
10001b3c:	2709      	movs	r7, #9
10001b3e:	1b7f      	subs	r7, r7, r5
10001b40:	40fe      	lsrs	r6, r7
10001b42:	4664      	mov	r4, ip
10001b44:	b2a2      	uxth	r2, r4
10001b46:	4372      	muls	r2, r6
10001b48:	1a80      	subs	r0, r0, r2
10001b4a:	d200      	bcs.n	10001b4e <last0+0x12>
10001b4c:	3901      	subs	r1, #1
10001b4e:	0c22      	lsrs	r2, r4, #16
10001b50:	4372      	muls	r2, r6
10001b52:	0c13      	lsrs	r3, r2, #16
10001b54:	0412      	lsls	r2, r2, #16
10001b56:	1a82      	subs	r2, r0, r2
10001b58:	4199      	sbcs	r1, r3
10001b5a:	000b      	movs	r3, r1
10001b5c:	4670      	mov	r0, lr
10001b5e:	3504      	adds	r5, #4
10001b60:	3713      	adds	r7, #19
10001b62:	0001      	movs	r1, r0
10001b64:	40f9      	lsrs	r1, r7
10001b66:	40a8      	lsls	r0, r5
10001b68:	1980      	adds	r0, r0, r6
10001b6a:	d300      	bcc.n	10001b6e <last0+0x32>
10001b6c:	3101      	adds	r1, #1
10001b6e:	2b00      	cmp	r3, #0
10001b70:	d102      	bne.n	10001b78 <last0+0x3c>
10001b72:	42a2      	cmp	r2, r4
10001b74:	d20a      	bcs.n	10001b8c <last0+0x50>
10001b76:	bdf0      	pop	{r4, r5, r6, r7, pc}
10001b78:	3001      	adds	r0, #1
10001b7a:	d300      	bcc.n	10001b7e <last0+0x42>
10001b7c:	3101      	adds	r1, #1
10001b7e:	1b12      	subs	r2, r2, r4
10001b80:	d2fa      	bcs.n	10001b78 <last0+0x3c>
10001b82:	3b01      	subs	r3, #1
10001b84:	d1f8      	bne.n	10001b78 <last0+0x3c>
10001b86:	42a2      	cmp	r2, r4
10001b88:	d200      	bcs.n	10001b8c <last0+0x50>
10001b8a:	bdf0      	pop	{r4, r5, r6, r7, pc}
10001b8c:	3001      	adds	r0, #1
10001b8e:	d300      	bcc.n	10001b92 <last0+0x56>
10001b90:	3101      	adds	r1, #1
10001b92:	1b12      	subs	r2, r2, r4
10001b94:	e7f7      	b.n	10001b86 <last0+0x4a>

10001b96 <y64_x48>:
10001b96:	b5f0      	push	{r4, r5, r6, r7, lr}
10001b98:	0c1c      	lsrs	r4, r3, #16
10001b9a:	d000      	beq.n	10001b9e <y64_x48+0x8>
10001b9c:	e080      	b.n	10001ca0 <y64_x64>
10001b9e:	b40c      	push	{r2, r3}
10001ba0:	2500      	movs	r5, #0
10001ba2:	0a1c      	lsrs	r4, r3, #8
10001ba4:	d104      	bne.n	10001bb0 <y64_x48+0x1a>
10001ba6:	021b      	lsls	r3, r3, #8
10001ba8:	0e16      	lsrs	r6, r2, #24
10001baa:	4333      	orrs	r3, r6
10001bac:	0212      	lsls	r2, r2, #8
10001bae:	3508      	adds	r5, #8
10001bb0:	0b1c      	lsrs	r4, r3, #12
10001bb2:	d104      	bne.n	10001bbe <y64_x48+0x28>
10001bb4:	011b      	lsls	r3, r3, #4
10001bb6:	0f16      	lsrs	r6, r2, #28
10001bb8:	4333      	orrs	r3, r6
10001bba:	0112      	lsls	r2, r2, #4
10001bbc:	3504      	adds	r5, #4
10001bbe:	0b9c      	lsrs	r4, r3, #14
10001bc0:	d104      	bne.n	10001bcc <y64_x48+0x36>
10001bc2:	009b      	lsls	r3, r3, #2
10001bc4:	0f96      	lsrs	r6, r2, #30
10001bc6:	4333      	orrs	r3, r6
10001bc8:	0092      	lsls	r2, r2, #2
10001bca:	3502      	adds	r5, #2
10001bcc:	0bdc      	lsrs	r4, r3, #15
10001bce:	d102      	bne.n	10001bd6 <y64_x48+0x40>
10001bd0:	1892      	adds	r2, r2, r2
10001bd2:	415b      	adcs	r3, r3
10001bd4:	3501      	adds	r5, #1
10001bd6:	001c      	movs	r4, r3
10001bd8:	1897      	adds	r7, r2, r2
10001bda:	4164      	adcs	r4, r4
10001bdc:	3401      	adds	r4, #1
10001bde:	4f46      	ldr	r7, [pc, #280]	@ (10001cf8 <y64_x64+0x58>)
10001be0:	667c      	str	r4, [r7, #100]	@ 0x64
10001be2:	4c46      	ldr	r4, [pc, #280]	@ (10001cfc <y64_x64+0x5c>)
10001be4:	663c      	str	r4, [r7, #96]	@ 0x60
10001be6:	0c0e      	lsrs	r6, r1, #16
10001be8:	e7ff      	b.n	10001bea <y64_x48+0x54>
10001bea:	e7ff      	b.n	10001bec <y64_x48+0x56>
10001bec:	e7ff      	b.n	10001bee <y64_x48+0x58>
10001bee:	46c0      	nop			@ (mov r8, r8)
10001bf0:	6f3c      	ldr	r4, [r7, #112]	@ 0x70
10001bf2:	4366      	muls	r6, r4
10001bf4:	0c36      	lsrs	r6, r6, #16
10001bf6:	0377      	lsls	r7, r6, #13
10001bf8:	46be      	mov	lr, r7
10001bfa:	b297      	uxth	r7, r2
10001bfc:	4377      	muls	r7, r6
10001bfe:	1bc0      	subs	r0, r0, r7
10001c00:	d200      	bcs.n	10001c04 <y64_x48+0x6e>
10001c02:	3901      	subs	r1, #1
10001c04:	1bc0      	subs	r0, r0, r7
10001c06:	d200      	bcs.n	10001c0a <y64_x48+0x74>
10001c08:	3901      	subs	r1, #1
10001c0a:	b29f      	uxth	r7, r3
10001c0c:	4377      	muls	r7, r6
10001c0e:	1bc9      	subs	r1, r1, r7
10001c10:	1bc9      	subs	r1, r1, r7
10001c12:	0c17      	lsrs	r7, r2, #16
10001c14:	4377      	muls	r7, r6
10001c16:	047e      	lsls	r6, r7, #17
10001c18:	0bff      	lsrs	r7, r7, #15
10001c1a:	1b80      	subs	r0, r0, r6
10001c1c:	41b9      	sbcs	r1, r7
10001c1e:	08ce      	lsrs	r6, r1, #3
10001c20:	4366      	muls	r6, r4
10001c22:	0c36      	lsrs	r6, r6, #16
10001c24:	2d0c      	cmp	r5, #12
10001c26:	db33      	blt.n	10001c90 <last1>
10001c28:	44b6      	add	lr, r6
10001c2a:	0b12      	lsrs	r2, r2, #12
10001c2c:	051f      	lsls	r7, r3, #20
10001c2e:	433a      	orrs	r2, r7
10001c30:	0b1b      	lsrs	r3, r3, #12
10001c32:	b297      	uxth	r7, r2
10001c34:	4377      	muls	r7, r6
10001c36:	1bc0      	subs	r0, r0, r7
10001c38:	d200      	bcs.n	10001c3c <y64_x48+0xa6>
10001c3a:	3901      	subs	r1, #1
10001c3c:	b29f      	uxth	r7, r3
10001c3e:	4377      	muls	r7, r6
10001c40:	1bc9      	subs	r1, r1, r7
10001c42:	0c17      	lsrs	r7, r2, #16
10001c44:	4377      	muls	r7, r6
10001c46:	043e      	lsls	r6, r7, #16
10001c48:	0c3f      	lsrs	r7, r7, #16
10001c4a:	1b80      	subs	r0, r0, r6
10001c4c:	41b9      	sbcs	r1, r7
10001c4e:	0d86      	lsrs	r6, r0, #22
10001c50:	028f      	lsls	r7, r1, #10
10001c52:	433e      	orrs	r6, r7
10001c54:	4366      	muls	r6, r4
10001c56:	2729      	movs	r7, #41	@ 0x29
10001c58:	1b7f      	subs	r7, r7, r5
10001c5a:	40fe      	lsrs	r6, r7
10001c5c:	3d0c      	subs	r5, #12
10001c5e:	4677      	mov	r7, lr
10001c60:	40af      	lsls	r7, r5
10001c62:	19bf      	adds	r7, r7, r6
10001c64:	bc30      	pop	{r4, r5}
10001c66:	b2a2      	uxth	r2, r4
10001c68:	b2ab      	uxth	r3, r5
10001c6a:	4372      	muls	r2, r6
10001c6c:	4373      	muls	r3, r6
10001c6e:	1a80      	subs	r0, r0, r2
10001c70:	4199      	sbcs	r1, r3
10001c72:	0c22      	lsrs	r2, r4, #16
10001c74:	4372      	muls	r2, r6
10001c76:	0c13      	lsrs	r3, r2, #16
10001c78:	0412      	lsls	r2, r2, #16
10001c7a:	1a80      	subs	r0, r0, r2
10001c7c:	4199      	sbcs	r1, r3
10001c7e:	0002      	movs	r2, r0
10001c80:	000b      	movs	r3, r1
10001c82:	3701      	adds	r7, #1
10001c84:	1b00      	subs	r0, r0, r4
10001c86:	41a9      	sbcs	r1, r5
10001c88:	d2f9      	bcs.n	10001c7e <y64_x48+0xe8>
10001c8a:	1e78      	subs	r0, r7, #1
10001c8c:	2100      	movs	r1, #0
10001c8e:	bdf0      	pop	{r4, r5, r6, r7, pc}

10001c90 <last1>:
10001c90:	270c      	movs	r7, #12
10001c92:	1b7f      	subs	r7, r7, r5
10001c94:	40fe      	lsrs	r6, r7
10001c96:	4677      	mov	r7, lr
10001c98:	0b7f      	lsrs	r7, r7, #13
10001c9a:	40af      	lsls	r7, r5
10001c9c:	19ff      	adds	r7, r7, r7
10001c9e:	e7e0      	b.n	10001c62 <y64_x48+0xcc>

10001ca0 <y64_x64>:
10001ca0:	2400      	movs	r4, #0
10001ca2:	1c5d      	adds	r5, r3, #1
10001ca4:	d007      	beq.n	10001cb6 <y64_x64+0x16>
10001ca6:	4f14      	ldr	r7, [pc, #80]	@ (10001cf8 <y64_x64+0x58>)
10001ca8:	667d      	str	r5, [r7, #100]	@ 0x64
10001caa:	6639      	str	r1, [r7, #96]	@ 0x60
10001cac:	e7ff      	b.n	10001cae <y64_x64+0xe>
10001cae:	e7ff      	b.n	10001cb0 <y64_x64+0x10>
10001cb0:	e7ff      	b.n	10001cb2 <y64_x64+0x12>
10001cb2:	e7ff      	b.n	10001cb4 <y64_x64+0x14>
10001cb4:	6f3c      	ldr	r4, [r7, #112]	@ 0x70
10001cb6:	b295      	uxth	r5, r2
10001cb8:	b29e      	uxth	r6, r3
10001cba:	4365      	muls	r5, r4
10001cbc:	4366      	muls	r6, r4
10001cbe:	1b40      	subs	r0, r0, r5
10001cc0:	41b1      	sbcs	r1, r6
10001cc2:	0c15      	lsrs	r5, r2, #16
10001cc4:	0c1e      	lsrs	r6, r3, #16
10001cc6:	4365      	muls	r5, r4
10001cc8:	4366      	muls	r6, r4
10001cca:	0436      	lsls	r6, r6, #16
10001ccc:	0c2f      	lsrs	r7, r5, #16
10001cce:	433e      	orrs	r6, r7
10001cd0:	042d      	lsls	r5, r5, #16
10001cd2:	1b40      	subs	r0, r0, r5
10001cd4:	41b1      	sbcs	r1, r6
10001cd6:	4299      	cmp	r1, r3
10001cd8:	d204      	bcs.n	10001ce4 <y64_x64+0x44>
10001cda:	0002      	movs	r2, r0
10001cdc:	000b      	movs	r3, r1
10001cde:	0020      	movs	r0, r4
10001ce0:	2100      	movs	r1, #0
10001ce2:	bdf0      	pop	{r4, r5, r6, r7, pc}
10001ce4:	d101      	bne.n	10001cea <y64_x64+0x4a>
10001ce6:	4290      	cmp	r0, r2
10001ce8:	d3f7      	bcc.n	10001cda <y64_x64+0x3a>
10001cea:	1a80      	subs	r0, r0, r2
10001cec:	4199      	sbcs	r1, r3
10001cee:	3401      	adds	r4, #1
10001cf0:	4299      	cmp	r1, r3
10001cf2:	d3f2      	bcc.n	10001cda <y64_x64+0x3a>
10001cf4:	e7f6      	b.n	10001ce4 <y64_x64+0x44>
10001cf6:	0000      	.short	0x0000
10001cf8:	d0000000 	.word	0xd0000000
10001cfc:	ffffffff 	.word	0xffffffff

10001d00 <__wrap___aeabi_drsub>:
10001d00:	4048      	eors	r0, r1
10001d02:	4041      	eors	r1, r0
10001d04:	4048      	eors	r0, r1

10001d06 <__wrap___aeabi_dsub>:
10001d06:	b418      	push	{r3, r4}
10001d08:	4b1b      	ldr	r3, [pc, #108]	@ (10001d78 <__wrap___aeabi_dmul+0x12>)
10001d0a:	685b      	ldr	r3, [r3, #4]
10001d0c:	46fc      	mov	ip, pc
10001d0e:	9301      	str	r3, [sp, #4]
10001d10:	bd08      	pop	{r3, pc}
10001d12:	df04      	.short	0xdf04
10001d14:	10001fab 	.word	0x10001fab

10001d18 <__wrap___aeabi_dadd>:
10001d18:	b418      	push	{r3, r4}
10001d1a:	4b17      	ldr	r3, [pc, #92]	@ (10001d78 <__wrap___aeabi_dmul+0x12>)
10001d1c:	681b      	ldr	r3, [r3, #0]
10001d1e:	46fc      	mov	ip, pc
10001d20:	9301      	str	r3, [sp, #4]
10001d22:	bd08      	pop	{r3, pc}
10001d24:	1fb5df00 	.word	0x1fb5df00
10001d28:	1000      	.short	0x1000

10001d2a <__wrap___aeabi_ddiv>:
10001d2a:	4694      	mov	ip, r2
10001d2c:	4a13      	ldr	r2, [pc, #76]	@ (10001d7c <__wrap___aeabi_dmul+0x16>)
10001d2e:	6f92      	ldr	r2, [r2, #120]	@ 0x78
10001d30:	0892      	lsrs	r2, r2, #2
10001d32:	d209      	bcs.n	10001d48 <ddiv_save_state>
10001d34:	4662      	mov	r2, ip

10001d36 <ddiv_shim_call>:
10001d36:	b418      	push	{r3, r4}
10001d38:	4b0f      	ldr	r3, [pc, #60]	@ (10001d78 <__wrap___aeabi_dmul+0x12>)
10001d3a:	68db      	ldr	r3, [r3, #12]
10001d3c:	46fc      	mov	ip, pc
10001d3e:	9301      	str	r3, [sp, #4]
10001d40:	bd08      	pop	{r3, pc}
10001d42:	df0c      	.short	0xdf0c
10001d44:	1000226d 	.word	0x1000226d

10001d48 <ddiv_save_state>:
10001d48:	4a0c      	ldr	r2, [pc, #48]	@ (10001d7c <__wrap___aeabi_dmul+0x16>)
10001d4a:	b5f0      	push	{r4, r5, r6, r7, lr}
10001d4c:	6e14      	ldr	r4, [r2, #96]	@ 0x60
10001d4e:	6e55      	ldr	r5, [r2, #100]	@ 0x64
10001d50:	6f57      	ldr	r7, [r2, #116]	@ 0x74
10001d52:	6f16      	ldr	r6, [r2, #112]	@ 0x70
10001d54:	4662      	mov	r2, ip
10001d56:	f7ff ffee 	bl	10001d36 <ddiv_shim_call>
10001d5a:	4a08      	ldr	r2, [pc, #32]	@ (10001d7c <__wrap___aeabi_dmul+0x16>)
10001d5c:	6614      	str	r4, [r2, #96]	@ 0x60
10001d5e:	6655      	str	r5, [r2, #100]	@ 0x64
10001d60:	6757      	str	r7, [r2, #116]	@ 0x74
10001d62:	6716      	str	r6, [r2, #112]	@ 0x70
10001d64:	bdf0      	pop	{r4, r5, r6, r7, pc}

10001d66 <__wrap___aeabi_dmul>:
10001d66:	b418      	push	{r3, r4}
10001d68:	4b03      	ldr	r3, [pc, #12]	@ (10001d78 <__wrap___aeabi_dmul+0x12>)
10001d6a:	689b      	ldr	r3, [r3, #8]
10001d6c:	46fc      	mov	ip, pc
10001d6e:	9301      	str	r3, [sp, #4]
10001d70:	bd08      	pop	{r3, pc}
10001d72:	df08      	.short	0xdf08
10001d74:	10002111 	.word	0x10002111
10001d78:	200013c0 	.word	0x200013c0
10001d7c:	d0000000 	.word	0xd0000000

10001d80 <__wrap___aeabi_cdrcmple>:
10001d80:	b5ff      	push	{r0, r1, r2, r3, r4, r5, r6, r7, lr}
10001d82:	4050      	eors	r0, r2
10001d84:	4042      	eors	r2, r0
10001d86:	4050      	eors	r0, r2
10001d88:	4059      	eors	r1, r3
10001d8a:	404b      	eors	r3, r1
10001d8c:	4059      	eors	r1, r3
10001d8e:	e000      	b.n	10001d92 <__aeabi_dfcmple_guts>

10001d90 <__wrap___aeabi_cdcmpeq>:
10001d90:	b5ff      	push	{r0, r1, r2, r3, r4, r5, r6, r7, lr}

10001d92 <__aeabi_dfcmple_guts>:
10001d92:	4f15      	ldr	r7, [pc, #84]	@ (10001de8 <__aeabi_dfcmple_guts+0x56>)
10001d94:	004c      	lsls	r4, r1, #1
10001d96:	0d64      	lsrs	r4, r4, #21
10001d98:	d003      	beq.n	10001da2 <__aeabi_dfcmple_guts+0x10>
10001d9a:	42bc      	cmp	r4, r7
10001d9c:	d104      	bne.n	10001da8 <__aeabi_dfcmple_guts+0x16>
10001d9e:	030c      	lsls	r4, r1, #12
10001da0:	d814      	bhi.n	10001dcc <__aeabi_dfcmple_guts+0x3a>
10001da2:	2000      	movs	r0, #0
10001da4:	0d09      	lsrs	r1, r1, #20
10001da6:	0509      	lsls	r1, r1, #20
10001da8:	005c      	lsls	r4, r3, #1
10001daa:	0d64      	lsrs	r4, r4, #21
10001dac:	d003      	beq.n	10001db6 <__aeabi_dfcmple_guts+0x24>
10001dae:	42bc      	cmp	r4, r7
10001db0:	d104      	bne.n	10001dbc <__aeabi_dfcmple_guts+0x2a>
10001db2:	031c      	lsls	r4, r3, #12
10001db4:	d80a      	bhi.n	10001dcc <__aeabi_dfcmple_guts+0x3a>
10001db6:	2200      	movs	r2, #0
10001db8:	0d1b      	lsrs	r3, r3, #20
10001dba:	051b      	lsls	r3, r3, #20
10001dbc:	2601      	movs	r6, #1
10001dbe:	404b      	eors	r3, r1
10001dc0:	d409      	bmi.n	10001dd6 <__aeabi_dfcmple_guts+0x44>
10001dc2:	404b      	eors	r3, r1
10001dc4:	d503      	bpl.n	10001dce <__aeabi_dfcmple_guts+0x3c>
10001dc6:	428b      	cmp	r3, r1
10001dc8:	d100      	bne.n	10001dcc <__aeabi_dfcmple_guts+0x3a>
10001dca:	4282      	cmp	r2, r0
10001dcc:	bdff      	pop	{r0, r1, r2, r3, r4, r5, r6, r7, pc}
10001dce:	4299      	cmp	r1, r3
10001dd0:	d1fc      	bne.n	10001dcc <__aeabi_dfcmple_guts+0x3a>
10001dd2:	4290      	cmp	r0, r2
10001dd4:	bdff      	pop	{r0, r1, r2, r3, r4, r5, r6, r7, pc}
10001dd6:	430b      	orrs	r3, r1
10001dd8:	18db      	adds	r3, r3, r3
10001dda:	4303      	orrs	r3, r0
10001ddc:	4313      	orrs	r3, r2
10001dde:	d0f5      	beq.n	10001dcc <__aeabi_dfcmple_guts+0x3a>
10001de0:	43c9      	mvns	r1, r1
10001de2:	1849      	adds	r1, r1, r1
10001de4:	bdff      	pop	{r0, r1, r2, r3, r4, r5, r6, r7, pc}
10001de6:	0000      	.short	0x0000
10001de8:	000007ff 	.word	0x000007ff

10001dec <__wrap___aeabi_dcmplt>:
10001dec:	b500      	push	{lr}
10001dee:	f7ff ffcf 	bl	10001d90 <__wrap___aeabi_cdcmpeq>
10001df2:	4180      	sbcs	r0, r0
10001df4:	bd00      	pop	{pc}
10001df6:	46c0      	nop			@ (mov r8, r8)

10001df8 <__wrap___aeabi_dcmple>:
10001df8:	b500      	push	{lr}
10001dfa:	f7ff ffc9 	bl	10001d90 <__wrap___aeabi_cdcmpeq>
10001dfe:	d901      	bls.n	10001e04 <__wrap___aeabi_dcmple+0xc>
10001e00:	2000      	movs	r0, #0
10001e02:	bd00      	pop	{pc}
10001e04:	2001      	movs	r0, #1
10001e06:	bd00      	pop	{pc}

10001e08 <__wrap___aeabi_dcmpge>:
10001e08:	b500      	push	{lr}
10001e0a:	f7ff ffb9 	bl	10001d80 <__wrap___aeabi_cdrcmple>
10001e0e:	d901      	bls.n	10001e14 <__wrap___aeabi_dcmpge+0xc>
10001e10:	2000      	movs	r0, #0
10001e12:	bd00      	pop	{pc}
10001e14:	2001      	movs	r0, #1
10001e16:	bd00      	pop	{pc}

10001e18 <__wrap___aeabi_dcmpgt>:
10001e18:	b500      	push	{lr}
10001e1a:	f7ff ffb1 	bl	10001d80 <__wrap___aeabi_cdrcmple>
10001e1e:	4180      	sbcs	r0, r0
10001e20:	bd00      	pop	{pc}

10001e22 <__wrap___aeabi_dcmpun>:
10001e22:	2001      	movs	r0, #1
10001e24:	0540      	lsls	r0, r0, #21
10001e26:	004a      	lsls	r2, r1, #1
10001e28:	1812      	adds	r2, r2, r0
10001e2a:	d804      	bhi.n	10001e36 <__wrap___aeabi_dcmpun+0x14>
10001e2c:	005a      	lsls	r2, r3, #1
10001e2e:	1812      	adds	r2, r2, r0
10001e30:	d801      	bhi.n	10001e36 <__wrap___aeabi_dcmpun+0x14>
10001e32:	2000      	movs	r0, #0
10001e34:	4770      	bx	lr
10001e36:	2001      	movs	r0, #1
10001e38:	4770      	bx	lr
	...

10001e3c <__wrap___aeabi_ui2d>:
10001e3c:	2100      	movs	r1, #0
10001e3e:	2800      	cmp	r0, #0
10001e40:	d105      	bne.n	10001e4e <__wrap___aeabi_i2d+0xa>
10001e42:	4770      	bx	lr

10001e44 <__wrap___aeabi_i2d>:
10001e44:	17c1      	asrs	r1, r0, #31
10001e46:	4048      	eors	r0, r1
10001e48:	1a40      	subs	r0, r0, r1
10001e4a:	d0fa      	beq.n	10001e42 <__wrap___aeabi_ui2d+0x6>
10001e4c:	07c9      	lsls	r1, r1, #31
10001e4e:	b513      	push	{r0, r1, r4, lr}
10001e50:	4b06      	ldr	r3, [pc, #24]	@ (10001e6c <__wrap___aeabi_i2d+0x28>)
10001e52:	681b      	ldr	r3, [r3, #0]
10001e54:	4798      	blx	r3
10001e56:	bc0c      	pop	{r2, r3}
10001e58:	1c44      	adds	r4, r0, #1
10001e5a:	40a2      	lsls	r2, r4
10001e5c:	0510      	lsls	r0, r2, #20
10001e5e:	0b12      	lsrs	r2, r2, #12
10001e60:	4903      	ldr	r1, [pc, #12]	@ (10001e70 <__wrap___aeabi_i2d+0x2c>)
10001e62:	1b09      	subs	r1, r1, r4
10001e64:	0509      	lsls	r1, r1, #20
10001e66:	4319      	orrs	r1, r3
10001e68:	4311      	orrs	r1, r2
10001e6a:	bd10      	pop	{r4, pc}
10001e6c:	20001d5c 	.word	0x20001d5c
10001e70:	0000041f 	.word	0x0000041f

10001e74 <__wrap___aeabi_d2iz>:
10001e74:	b510      	push	{r4, lr}
10001e76:	004c      	lsls	r4, r1, #1
10001e78:	0d62      	lsrs	r2, r4, #21
10001e7a:	2380      	movs	r3, #128	@ 0x80
10001e7c:	18d2      	adds	r2, r2, r3
10001e7e:	00db      	lsls	r3, r3, #3
10001e80:	1ad2      	subs	r2, r2, r3
10001e82:	055b      	lsls	r3, r3, #21
10001e84:	2a7e      	cmp	r2, #126	@ 0x7e
10001e86:	dd10      	ble.n	10001eaa <__wrap___aeabi_d2iz+0x36>
10001e88:	3a9e      	subs	r2, #158	@ 0x9e
10001e8a:	da13      	bge.n	10001eb4 <__wrap___aeabi_d2iz+0x40>
10001e8c:	17cc      	asrs	r4, r1, #31
10001e8e:	0309      	lsls	r1, r1, #12
10001e90:	0849      	lsrs	r1, r1, #1
10001e92:	4319      	orrs	r1, r3
10001e94:	4252      	negs	r2, r2
10001e96:	40d1      	lsrs	r1, r2
10001e98:	0064      	lsls	r4, r4, #1
10001e9a:	3401      	adds	r4, #1
10001e9c:	3215      	adds	r2, #21
10001e9e:	2a20      	cmp	r2, #32
10001ea0:	da05      	bge.n	10001eae <__wrap___aeabi_d2iz+0x3a>
10001ea2:	40d0      	lsrs	r0, r2
10001ea4:	4308      	orrs	r0, r1
10001ea6:	4360      	muls	r0, r4
10001ea8:	bd10      	pop	{r4, pc}
10001eaa:	2000      	movs	r0, #0
10001eac:	bd10      	pop	{r4, pc}
10001eae:	4608      	mov	r0, r1
10001eb0:	4360      	muls	r0, r4
10001eb2:	bd10      	pop	{r4, pc}
10001eb4:	0fc8      	lsrs	r0, r1, #31
10001eb6:	18c0      	adds	r0, r0, r3
10001eb8:	3801      	subs	r0, #1
10001eba:	bd10      	pop	{r4, pc}

10001ebc <__wrap___aeabi_d2uiz>:
10001ebc:	b418      	push	{r3, r4}
10001ebe:	4b04      	ldr	r3, [pc, #16]	@ (10001ed0 <__wrap___aeabi_d2uiz+0x14>)
10001ec0:	6a5b      	ldr	r3, [r3, #36]	@ 0x24
10001ec2:	46fc      	mov	ip, pc
10001ec4:	9301      	str	r3, [sp, #4]
10001ec6:	bd08      	pop	{r3, pc}
10001ec8:	241ddf24 	.word	0x241ddf24
10001ecc:	00001000 	.word	0x00001000
10001ed0:	200013c0 	.word	0x200013c0

10001ed4 <__aeabi_double_init>:
10001ed4:	2300      	movs	r3, #0
10001ed6:	b570      	push	{r4, r5, r6, lr}
10001ed8:	7cdd      	ldrb	r5, [r3, #19]
10001eda:	2d01      	cmp	r5, #1
10001edc:	d019      	beq.n	10001f12 <__aeabi_double_init+0x3e>
10001ede:	dd14      	ble.n	10001f0a <__aeabi_double_init+0x36>
10001ee0:	481f      	ldr	r0, [pc, #124]	@ (10001f60 <__aeabi_double_init+0x8c>)
10001ee2:	f7ff fb31 	bl	10001548 <rom_data_lookup>
10001ee6:	0006      	movs	r6, r0
10001ee8:	481e      	ldr	r0, [pc, #120]	@ (10001f64 <__aeabi_double_init+0x90>)
10001eea:	f7ff fb2d 	bl	10001548 <rom_data_lookup>
10001eee:	4c1e      	ldr	r4, [pc, #120]	@ (10001f68 <__aeabi_double_init+0x94>)
10001ef0:	2280      	movs	r2, #128	@ 0x80
10001ef2:	0031      	movs	r1, r6
10001ef4:	0020      	movs	r0, r4
10001ef6:	f000 fb61 	bl	100025bc <__wrap___aeabi_memcpy>
10001efa:	2d02      	cmp	r5, #2
10001efc:	d02d      	beq.n	10001f5a <__aeabi_double_init+0x86>
10001efe:	481b      	ldr	r0, [pc, #108]	@ (10001f6c <__aeabi_double_init+0x98>)
10001f00:	f7ff fb1a 	bl	10001538 <rom_func_lookup>
10001f04:	4b1a      	ldr	r3, [pc, #104]	@ (10001f70 <__aeabi_double_init+0x9c>)
10001f06:	6018      	str	r0, [r3, #0]
10001f08:	bd70      	pop	{r4, r5, r6, pc}
10001f0a:	4b1a      	ldr	r3, [pc, #104]	@ (10001f74 <__aeabi_double_init+0xa0>)
10001f0c:	4c16      	ldr	r4, [pc, #88]	@ (10001f68 <__aeabi_double_init+0x94>)
10001f0e:	64a3      	str	r3, [r4, #72]	@ 0x48
10001f10:	e7f5      	b.n	10001efe <__aeabi_double_init+0x2a>
10001f12:	4b18      	ldr	r3, [pc, #96]	@ (10001f74 <__aeabi_double_init+0xa0>)
10001f14:	4c14      	ldr	r4, [pc, #80]	@ (10001f68 <__aeabi_double_init+0x94>)
10001f16:	6023      	str	r3, [r4, #0]
10001f18:	6063      	str	r3, [r4, #4]
10001f1a:	60a3      	str	r3, [r4, #8]
10001f1c:	60e3      	str	r3, [r4, #12]
10001f1e:	6123      	str	r3, [r4, #16]
10001f20:	6163      	str	r3, [r4, #20]
10001f22:	61a3      	str	r3, [r4, #24]
10001f24:	61e3      	str	r3, [r4, #28]
10001f26:	6223      	str	r3, [r4, #32]
10001f28:	6263      	str	r3, [r4, #36]	@ 0x24
10001f2a:	62a3      	str	r3, [r4, #40]	@ 0x28
10001f2c:	62e3      	str	r3, [r4, #44]	@ 0x2c
10001f2e:	6323      	str	r3, [r4, #48]	@ 0x30
10001f30:	6363      	str	r3, [r4, #52]	@ 0x34
10001f32:	63a3      	str	r3, [r4, #56]	@ 0x38
10001f34:	63e3      	str	r3, [r4, #60]	@ 0x3c
10001f36:	6423      	str	r3, [r4, #64]	@ 0x40
10001f38:	6463      	str	r3, [r4, #68]	@ 0x44
10001f3a:	64a3      	str	r3, [r4, #72]	@ 0x48
10001f3c:	64e3      	str	r3, [r4, #76]	@ 0x4c
10001f3e:	6523      	str	r3, [r4, #80]	@ 0x50
10001f40:	6563      	str	r3, [r4, #84]	@ 0x54
10001f42:	65a3      	str	r3, [r4, #88]	@ 0x58
10001f44:	65e3      	str	r3, [r4, #92]	@ 0x5c
10001f46:	6623      	str	r3, [r4, #96]	@ 0x60
10001f48:	6663      	str	r3, [r4, #100]	@ 0x64
10001f4a:	66a3      	str	r3, [r4, #104]	@ 0x68
10001f4c:	66e3      	str	r3, [r4, #108]	@ 0x6c
10001f4e:	6723      	str	r3, [r4, #112]	@ 0x70
10001f50:	6763      	str	r3, [r4, #116]	@ 0x74
10001f52:	67a3      	str	r3, [r4, #120]	@ 0x78
10001f54:	67e3      	str	r3, [r4, #124]	@ 0x7c
10001f56:	64a3      	str	r3, [r4, #72]	@ 0x48
10001f58:	e7d1      	b.n	10001efe <__aeabi_double_init+0x2a>
10001f5a:	4b06      	ldr	r3, [pc, #24]	@ (10001f74 <__aeabi_double_init+0xa0>)
10001f5c:	64a3      	str	r3, [r4, #72]	@ 0x48
10001f5e:	e7ce      	b.n	10001efe <__aeabi_double_init+0x2a>
10001f60:	00004453 	.word	0x00004453
10001f64:	00004653 	.word	0x00004653
10001f68:	200013c0 	.word	0x200013c0
10001f6c:	0000334c 	.word	0x0000334c
10001f70:	20001d5c 	.word	0x20001d5c
10001f74:	10001f79 	.word	0x10001f79

10001f78 <double_table_shim_on_use_helper>:
10001f78:	b507      	push	{r0, r1, r2, lr}
10001f7a:	4660      	mov	r0, ip
10001f7c:	8801      	ldrh	r1, [r0, #0]
10001f7e:	0a0a      	lsrs	r2, r1, #8
10001f80:	3002      	adds	r0, #2
10001f82:	2adf      	cmp	r2, #223	@ 0xdf
10001f84:	d1fa      	bne.n	10001f7c <double_table_shim_on_use_helper+0x4>
10001f86:	b2c9      	uxtb	r1, r1
10001f88:	0882      	lsrs	r2, r0, #2
10001f8a:	d304      	bcc.n	10001f96 <double_table_shim_on_use_helper+0x1e>
10001f8c:	8802      	ldrh	r2, [r0, #0]
10001f8e:	8840      	ldrh	r0, [r0, #2]
10001f90:	0400      	lsls	r0, r0, #16
10001f92:	4310      	orrs	r0, r2
10001f94:	e000      	b.n	10001f98 <double_table_shim_on_use_helper+0x20>
10001f96:	6800      	ldr	r0, [r0, #0]
10001f98:	4a01      	ldr	r2, [pc, #4]	@ (10001fa0 <double_table_shim_on_use_helper+0x28>)
10001f9a:	5050      	str	r0, [r2, r1]
10001f9c:	9003      	str	r0, [sp, #12]
10001f9e:	bd07      	pop	{r0, r1, r2, pc}
10001fa0:	200013c0 	.word	0x200013c0

10001fa4 <drsub_shim>:
10001fa4:	b40f      	push	{r0, r1, r2, r3}
10001fa6:	bc03      	pop	{r0, r1}
10001fa8:	bc0c      	pop	{r2, r3}

10001faa <dsub_shim>:
10001faa:	b5f0      	push	{r4, r5, r6, r7, lr}
10001fac:	2401      	movs	r4, #1
10001fae:	07e4      	lsls	r4, r4, #31
10001fb0:	4063      	eors	r3, r4
10001fb2:	e000      	b.n	10001fb6 <da_entry>

10001fb4 <dadd_shim>:
10001fb4:	b5f0      	push	{r4, r5, r6, r7, lr}

10001fb6 <da_entry>:
10001fb6:	0d0c      	lsrs	r4, r1, #20
10001fb8:	0fcf      	lsrs	r7, r1, #31
10001fba:	1e66      	subs	r6, r4, #1
10001fbc:	0536      	lsls	r6, r6, #20
10001fbe:	1b89      	subs	r1, r1, r6
10001fc0:	0564      	lsls	r4, r4, #21
10001fc2:	d303      	bcc.n	10001fcc <l8_1>
10001fc4:	43c9      	mvns	r1, r1
10001fc6:	4240      	negs	r0, r0
10001fc8:	d300      	bcc.n	10001fcc <l8_1>
10001fca:	3101      	adds	r1, #1

10001fcc <l8_1>:
10001fcc:	0d64      	lsrs	r4, r4, #21
10001fce:	d003      	beq.n	10001fd8 <l8_2>
10001fd0:	1c66      	adds	r6, r4, #1
10001fd2:	0af6      	lsrs	r6, r6, #11
10001fd4:	d007      	beq.n	10001fe6 <l8_3>
10001fd6:	1be4      	subs	r4, r4, r7

10001fd8 <l8_2>:
10001fd8:	2000      	movs	r0, #0
10001fda:	007f      	lsls	r7, r7, #1
10001fdc:	1c79      	adds	r1, r7, #1
10001fde:	0789      	lsls	r1, r1, #30
10001fe0:	1289      	asrs	r1, r1, #10
10001fe2:	3c80      	subs	r4, #128	@ 0x80
10001fe4:	0324      	lsls	r4, r4, #12

10001fe6 <l8_3>:
10001fe6:	0d1d      	lsrs	r5, r3, #20
10001fe8:	0fdf      	lsrs	r7, r3, #31
10001fea:	1e6e      	subs	r6, r5, #1
10001fec:	0536      	lsls	r6, r6, #20
10001fee:	1b9b      	subs	r3, r3, r6
10001ff0:	056d      	lsls	r5, r5, #21
10001ff2:	d303      	bcc.n	10001ffc <l9_1>
10001ff4:	43db      	mvns	r3, r3
10001ff6:	4252      	negs	r2, r2
10001ff8:	d300      	bcc.n	10001ffc <l9_1>
10001ffa:	3301      	adds	r3, #1

10001ffc <l9_1>:
10001ffc:	0d6d      	lsrs	r5, r5, #21
10001ffe:	d003      	beq.n	10002008 <l9_2>
10002000:	1c6e      	adds	r6, r5, #1
10002002:	0af6      	lsrs	r6, r6, #11
10002004:	d007      	beq.n	10002016 <l9_3>
10002006:	1bed      	subs	r5, r5, r7

10002008 <l9_2>:
10002008:	2200      	movs	r2, #0
1000200a:	007f      	lsls	r7, r7, #1
1000200c:	1c7b      	adds	r3, r7, #1
1000200e:	079b      	lsls	r3, r3, #30
10002010:	129b      	asrs	r3, r3, #10
10002012:	3d80      	subs	r5, #128	@ 0x80
10002014:	032d      	lsls	r5, r5, #12

10002016 <l9_3>:
10002016:	1b2f      	subs	r7, r5, r4
10002018:	1b66      	subs	r6, r4, r5
1000201a:	d458      	bmi.n	100020ce <da_ygtx>
1000201c:	46a4      	mov	ip, r4
1000201e:	2e20      	cmp	r6, #32
10002020:	da46      	bge.n	100020b0 <da_xrgty>
10002022:	3720      	adds	r7, #32
10002024:	0014      	movs	r4, r2
10002026:	40bc      	lsls	r4, r7

10002028 <da_xgty0>:
10002028:	001d      	movs	r5, r3
1000202a:	40bd      	lsls	r5, r7
1000202c:	40f2      	lsrs	r2, r6
1000202e:	4133      	asrs	r3, r6
10002030:	432a      	orrs	r2, r5

10002032 <da_add>:
10002032:	1880      	adds	r0, r0, r2
10002034:	4159      	adcs	r1, r3

10002036 <da_pack>:
10002036:	0fcb      	lsrs	r3, r1, #31
10002038:	d005      	beq.n	10002046 <da_pack+0x10>
1000203a:	43c9      	mvns	r1, r1
1000203c:	43c0      	mvns	r0, r0
1000203e:	2200      	movs	r2, #0
10002040:	4264      	negs	r4, r4
10002042:	4150      	adcs	r0, r2
10002044:	4151      	adcs	r1, r2
10002046:	4662      	mov	r2, ip
10002048:	0d4d      	lsrs	r5, r1, #21
1000204a:	d128      	bne.n	1000209e <da_0>
1000204c:	0d0d      	lsrs	r5, r1, #20
1000204e:	d107      	bne.n	10002060 <da_1>
10002050:	2800      	cmp	r0, #0
10002052:	d01f      	beq.n	10002094 <da_5>

10002054 <da_2>:
10002054:	1924      	adds	r4, r4, r4
10002056:	4140      	adcs	r0, r0
10002058:	4149      	adcs	r1, r1
1000205a:	3a01      	subs	r2, #1
1000205c:	0d0d      	lsrs	r5, r1, #20
1000205e:	d0f9      	beq.n	10002054 <da_2>

10002060 <da_1>:
10002060:	0064      	lsls	r4, r4, #1
10002062:	d306      	bcc.n	10002072 <da_3>

10002064 <da_4>:
10002064:	3001      	adds	r0, #1
10002066:	d300      	bcc.n	1000206a <da_4+0x6>
10002068:	3101      	adds	r1, #1
1000206a:	2c00      	cmp	r4, #0
1000206c:	d101      	bne.n	10002072 <da_3>
1000206e:	0840      	lsrs	r0, r0, #1
10002070:	0040      	lsls	r0, r0, #1

10002072 <da_3>:
10002072:	3a01      	subs	r2, #1
10002074:	d40b      	bmi.n	1000208e <da_6>
10002076:	1c94      	adds	r4, r2, #2
10002078:	0ae4      	lsrs	r4, r4, #11
1000207a:	d104      	bne.n	10002086 <da_7>
1000207c:	0512      	lsls	r2, r2, #20
1000207e:	4411      	add	r1, r2
10002080:	07db      	lsls	r3, r3, #31
10002082:	4419      	add	r1, r3
10002084:	bdf0      	pop	{r4, r5, r6, r7, pc}

10002086 <da_7>:
10002086:	07d9      	lsls	r1, r3, #31
10002088:	4b20      	ldr	r3, [pc, #128]	@ (1000210c <da_xmgty+0x4>)
1000208a:	4319      	orrs	r1, r3
1000208c:	e000      	b.n	10002090 <da_6+0x2>

1000208e <da_6>:
1000208e:	07d9      	lsls	r1, r3, #31
10002090:	2000      	movs	r0, #0
10002092:	bdf0      	pop	{r4, r5, r6, r7, pc}

10002094 <da_5>:
10002094:	2900      	cmp	r1, #0
10002096:	d1dd      	bne.n	10002054 <da_2>
10002098:	2c00      	cmp	r4, #0
1000209a:	d1db      	bne.n	10002054 <da_2>
1000209c:	bdf0      	pop	{r4, r5, r6, r7, pc}

1000209e <da_0>:
1000209e:	3201      	adds	r2, #1
100020a0:	07c6      	lsls	r6, r0, #31
100020a2:	0840      	lsrs	r0, r0, #1
100020a4:	07cd      	lsls	r5, r1, #31
100020a6:	4328      	orrs	r0, r5
100020a8:	0849      	lsrs	r1, r1, #1
100020aa:	2e00      	cmp	r6, #0
100020ac:	d0e1      	beq.n	10002072 <da_3>
100020ae:	e7d9      	b.n	10002064 <da_4>

100020b0 <da_xrgty>:
100020b0:	2e3c      	cmp	r6, #60	@ 0x3c
100020b2:	da29      	bge.n	10002108 <da_xmgty>
100020b4:	3e20      	subs	r6, #32
100020b6:	3740      	adds	r7, #64	@ 0x40
100020b8:	0014      	movs	r4, r2
100020ba:	40bc      	lsls	r4, r7
100020bc:	d000      	beq.n	100020c0 <da_xrgty+0x10>
100020be:	2401      	movs	r4, #1
100020c0:	40f2      	lsrs	r2, r6
100020c2:	4314      	orrs	r4, r2
100020c4:	001a      	movs	r2, r3
100020c6:	40bb      	lsls	r3, r7
100020c8:	431c      	orrs	r4, r3
100020ca:	17d3      	asrs	r3, r2, #31
100020cc:	e7ac      	b.n	10002028 <da_xgty0>

100020ce <da_ygtx>:
100020ce:	46ac      	mov	ip, r5
100020d0:	2f20      	cmp	r7, #32
100020d2:	da08      	bge.n	100020e6 <da_yrgtx>
100020d4:	3620      	adds	r6, #32
100020d6:	0004      	movs	r4, r0
100020d8:	40b4      	lsls	r4, r6

100020da <da_ygtx0>:
100020da:	000d      	movs	r5, r1
100020dc:	40b5      	lsls	r5, r6
100020de:	40f8      	lsrs	r0, r7
100020e0:	4139      	asrs	r1, r7
100020e2:	4328      	orrs	r0, r5
100020e4:	e7a5      	b.n	10002032 <da_add>

100020e6 <da_yrgtx>:
100020e6:	2f3c      	cmp	r7, #60	@ 0x3c
100020e8:	da0c      	bge.n	10002104 <da_ymgtx>
100020ea:	3f20      	subs	r7, #32
100020ec:	3640      	adds	r6, #64	@ 0x40
100020ee:	0004      	movs	r4, r0
100020f0:	40b4      	lsls	r4, r6
100020f2:	d000      	beq.n	100020f6 <da_yrgtx+0x10>
100020f4:	2401      	movs	r4, #1
100020f6:	40f8      	lsrs	r0, r7
100020f8:	4304      	orrs	r4, r0
100020fa:	0008      	movs	r0, r1
100020fc:	40b1      	lsls	r1, r6
100020fe:	430c      	orrs	r4, r1
10002100:	17c1      	asrs	r1, r0, #31
10002102:	e7ea      	b.n	100020da <da_ygtx0>

10002104 <da_ymgtx>:
10002104:	0010      	movs	r0, r2
10002106:	0019      	movs	r1, r3

10002108 <da_xmgty>:
10002108:	2400      	movs	r4, #0
1000210a:	e794      	b.n	10002036 <da_pack>
1000210c:	7ff00000 	.word	0x7ff00000

10002110 <dmul_shim>:
10002110:	b5f0      	push	{r4, r5, r6, r7, lr}
10002112:	0d0c      	lsrs	r4, r1, #20
10002114:	1e66      	subs	r6, r4, #1
10002116:	0536      	lsls	r6, r6, #20
10002118:	1b89      	subs	r1, r1, r6
1000211a:	0ae6      	lsrs	r6, r4, #11
1000211c:	0564      	lsls	r4, r4, #21
1000211e:	0d64      	lsrs	r4, r4, #21
10002120:	d002      	beq.n	10002128 <l12_1>
10002122:	1c65      	adds	r5, r4, #1
10002124:	0aed      	lsrs	r5, r5, #11
10002126:	d004      	beq.n	10002132 <l12_2>

10002128 <l12_1>:
10002128:	2000      	movs	r0, #0
1000212a:	2101      	movs	r1, #1
1000212c:	0509      	lsls	r1, r1, #20
1000212e:	3c80      	subs	r4, #128	@ 0x80
10002130:	0324      	lsls	r4, r4, #12

10002132 <l12_2>:
10002132:	46a4      	mov	ip, r4
10002134:	0d1c      	lsrs	r4, r3, #20
10002136:	1e67      	subs	r7, r4, #1
10002138:	053f      	lsls	r7, r7, #20
1000213a:	1bdb      	subs	r3, r3, r7
1000213c:	0ae7      	lsrs	r7, r4, #11
1000213e:	0564      	lsls	r4, r4, #21
10002140:	0d64      	lsrs	r4, r4, #21
10002142:	d002      	beq.n	1000214a <l13_1>
10002144:	1c65      	adds	r5, r4, #1
10002146:	0aed      	lsrs	r5, r5, #11
10002148:	d004      	beq.n	10002154 <l13_2>

1000214a <l13_1>:
1000214a:	2200      	movs	r2, #0
1000214c:	2301      	movs	r3, #1
1000214e:	051b      	lsls	r3, r3, #20
10002150:	3c80      	subs	r4, #128	@ 0x80
10002152:	0324      	lsls	r4, r4, #12

10002154 <l13_2>:
10002154:	4077      	eors	r7, r6
10002156:	4464      	add	r4, ip
10002158:	b497      	push	{r0, r1, r2, r4, r7}
1000215a:	b284      	uxth	r4, r0
1000215c:	b296      	uxth	r6, r2
1000215e:	4374      	muls	r4, r6
10002160:	0c07      	lsrs	r7, r0, #16
10002162:	437e      	muls	r6, r7
10002164:	0c15      	lsrs	r5, r2, #16
10002166:	436f      	muls	r7, r5
10002168:	b280      	uxth	r0, r0
1000216a:	4368      	muls	r0, r5
1000216c:	1836      	adds	r6, r6, r0
1000216e:	d302      	bcc.n	10002176 <l14_1>
10002170:	2001      	movs	r0, #1
10002172:	0400      	lsls	r0, r0, #16
10002174:	183f      	adds	r7, r7, r0

10002176 <l14_1>:
10002176:	0430      	lsls	r0, r6, #16
10002178:	0c35      	lsrs	r5, r6, #16
1000217a:	1900      	adds	r0, r0, r4
1000217c:	417d      	adcs	r5, r7
1000217e:	4684      	mov	ip, r0
10002180:	b288      	uxth	r0, r1
10002182:	b29a      	uxth	r2, r3
10002184:	4350      	muls	r0, r2
10002186:	0c0c      	lsrs	r4, r1, #16
10002188:	4362      	muls	r2, r4
1000218a:	0c1f      	lsrs	r7, r3, #16
1000218c:	437c      	muls	r4, r7
1000218e:	b28e      	uxth	r6, r1
10002190:	437e      	muls	r6, r7
10002192:	1992      	adds	r2, r2, r6
10002194:	d302      	bcc.n	1000219c <l15_1>
10002196:	2601      	movs	r6, #1
10002198:	0436      	lsls	r6, r6, #16
1000219a:	19a4      	adds	r4, r4, r6

1000219c <l15_1>:
1000219c:	0416      	lsls	r6, r2, #16
1000219e:	0c17      	lsrs	r7, r2, #16
100021a0:	1836      	adds	r6, r6, r0
100021a2:	4167      	adcs	r7, r4
100021a4:	bc01      	pop	{r0}
100021a6:	b281      	uxth	r1, r0
100021a8:	b29a      	uxth	r2, r3
100021aa:	4351      	muls	r1, r2
100021ac:	0c04      	lsrs	r4, r0, #16
100021ae:	4362      	muls	r2, r4
100021b0:	0c1b      	lsrs	r3, r3, #16
100021b2:	435c      	muls	r4, r3
100021b4:	b280      	uxth	r0, r0
100021b6:	4358      	muls	r0, r3
100021b8:	1812      	adds	r2, r2, r0
100021ba:	d302      	bcc.n	100021c2 <l16_1>
100021bc:	2001      	movs	r0, #1
100021be:	0400      	lsls	r0, r0, #16
100021c0:	1824      	adds	r4, r4, r0

100021c2 <l16_1>:
100021c2:	0410      	lsls	r0, r2, #16
100021c4:	0c13      	lsrs	r3, r2, #16
100021c6:	1840      	adds	r0, r0, r1
100021c8:	4163      	adcs	r3, r4
100021ca:	182d      	adds	r5, r5, r0
100021cc:	415e      	adcs	r6, r3
100021ce:	2000      	movs	r0, #0
100021d0:	4147      	adcs	r7, r0
100021d2:	bc06      	pop	{r1, r2}
100021d4:	b288      	uxth	r0, r1
100021d6:	b293      	uxth	r3, r2
100021d8:	4358      	muls	r0, r3
100021da:	0c0c      	lsrs	r4, r1, #16
100021dc:	4363      	muls	r3, r4
100021de:	0c12      	lsrs	r2, r2, #16
100021e0:	4354      	muls	r4, r2
100021e2:	b289      	uxth	r1, r1
100021e4:	4351      	muls	r1, r2
100021e6:	185b      	adds	r3, r3, r1
100021e8:	d302      	bcc.n	100021f0 <l17_1>
100021ea:	2101      	movs	r1, #1
100021ec:	0409      	lsls	r1, r1, #16
100021ee:	1864      	adds	r4, r4, r1

100021f0 <l17_1>:
100021f0:	0419      	lsls	r1, r3, #16
100021f2:	0c1a      	lsrs	r2, r3, #16
100021f4:	1809      	adds	r1, r1, r0
100021f6:	4162      	adcs	r2, r4
100021f8:	186d      	adds	r5, r5, r1
100021fa:	4156      	adcs	r6, r2
100021fc:	2000      	movs	r0, #0
100021fe:	4147      	adcs	r7, r0
10002200:	bc18      	pop	{r3, r4}
10002202:	02f9      	lsls	r1, r7, #11
10002204:	0d72      	lsrs	r2, r6, #21
10002206:	4311      	orrs	r1, r2
10002208:	02f0      	lsls	r0, r6, #11
1000220a:	0d6a      	lsrs	r2, r5, #21
1000220c:	4310      	orrs	r0, r2
1000220e:	02ed      	lsls	r5, r5, #11
10002210:	0d0a      	lsrs	r2, r1, #20
10002212:	d103      	bne.n	1000221c <l17_1+0x2c>
10002214:	196d      	adds	r5, r5, r5
10002216:	4140      	adcs	r0, r0
10002218:	4149      	adcs	r1, r1
1000221a:	3b01      	subs	r3, #1
1000221c:	4e12      	ldr	r6, [pc, #72]	@ (10002268 <dm_1+0xa>)
1000221e:	1b9b      	subs	r3, r3, r6
10002220:	0076      	lsls	r6, r6, #1
10002222:	42b3      	cmp	r3, r6
10002224:	d20e      	bcs.n	10002244 <dm_0>
10002226:	006d      	lsls	r5, r5, #1
10002228:	d307      	bcc.n	1000223a <l17_1+0x4a>
1000222a:	3001      	adds	r0, #1
1000222c:	2600      	movs	r6, #0
1000222e:	4171      	adcs	r1, r6
10002230:	4666      	mov	r6, ip
10002232:	4335      	orrs	r5, r6
10002234:	d101      	bne.n	1000223a <l17_1+0x4a>
10002236:	0840      	lsrs	r0, r0, #1
10002238:	0040      	lsls	r0, r0, #1
1000223a:	051b      	lsls	r3, r3, #20
1000223c:	18c9      	adds	r1, r1, r3

1000223e <dm_2>:
1000223e:	07e4      	lsls	r4, r4, #31
10002240:	4421      	add	r1, r4
10002242:	bdf0      	pop	{r4, r5, r6, r7, pc}

10002244 <dm_0>:
10002244:	da0b      	bge.n	1000225e <dm_1>
10002246:	3301      	adds	r3, #1
10002248:	d106      	bne.n	10002258 <dm_0+0x14>
1000224a:	3001      	adds	r0, #1
1000224c:	d104      	bne.n	10002258 <dm_0+0x14>
1000224e:	3101      	adds	r1, #1
10002250:	0d4f      	lsrs	r7, r1, #21
10002252:	d001      	beq.n	10002258 <dm_0+0x14>
10002254:	0849      	lsrs	r1, r1, #1
10002256:	e7f2      	b.n	1000223e <dm_2>
10002258:	07e1      	lsls	r1, r4, #31
1000225a:	2000      	movs	r0, #0
1000225c:	bdf0      	pop	{r4, r5, r6, r7, pc}

1000225e <dm_1>:
1000225e:	3601      	adds	r6, #1
10002260:	0531      	lsls	r1, r6, #20
10002262:	2000      	movs	r0, #0
10002264:	e7eb      	b.n	1000223e <dm_2>
10002266:	0000      	.short	0x0000
10002268:	000003ff 	.word	0x000003ff

1000226c <ddiv_shim>:
1000226c:	b5f0      	push	{r4, r5, r6, r7, lr}

1000226e <ddiv0>:
1000226e:	0d1c      	lsrs	r4, r3, #20
10002270:	1e67      	subs	r7, r4, #1
10002272:	053f      	lsls	r7, r7, #20
10002274:	1bdb      	subs	r3, r3, r7
10002276:	0ae7      	lsrs	r7, r4, #11
10002278:	0564      	lsls	r4, r4, #21
1000227a:	0d64      	lsrs	r4, r4, #21
1000227c:	d002      	beq.n	10002284 <l20_1>
1000227e:	1c66      	adds	r6, r4, #1
10002280:	0af6      	lsrs	r6, r6, #11
10002282:	d004      	beq.n	1000228e <l20_2>

10002284 <l20_1>:
10002284:	2200      	movs	r2, #0
10002286:	2301      	movs	r3, #1
10002288:	051b      	lsls	r3, r3, #20
1000228a:	3c80      	subs	r4, #128	@ 0x80
1000228c:	0324      	lsls	r4, r4, #12

1000228e <l20_2>:
1000228e:	25d0      	movs	r5, #208	@ 0xd0
10002290:	062d      	lsls	r5, r5, #24
10002292:	2600      	movs	r6, #0
10002294:	43f6      	mvns	r6, r6
10002296:	662e      	str	r6, [r5, #96]	@ 0x60
10002298:	091e      	lsrs	r6, r3, #4
1000229a:	666e      	str	r6, [r5, #100]	@ 0x64
1000229c:	0fce      	lsrs	r6, r1, #31
1000229e:	19f6      	adds	r6, r6, r7
100022a0:	46b4      	mov	ip, r6
100022a2:	0049      	lsls	r1, r1, #1
100022a4:	0d4f      	lsrs	r7, r1, #21
100022a6:	d002      	beq.n	100022ae <l20_2+0x20>
100022a8:	1c7e      	adds	r6, r7, #1
100022aa:	0af6      	lsrs	r6, r6, #11
100022ac:	d003      	beq.n	100022b6 <l20_2+0x28>
100022ae:	2000      	movs	r0, #0
100022b0:	2100      	movs	r1, #0
100022b2:	3f40      	subs	r7, #64	@ 0x40
100022b4:	033f      	lsls	r7, r7, #12
100022b6:	1b3e      	subs	r6, r7, r4
100022b8:	00b6      	lsls	r6, r6, #2
100022ba:	44b4      	add	ip, r6
100022bc:	3f01      	subs	r7, #1
100022be:	057f      	lsls	r7, r7, #21
100022c0:	1bc9      	subs	r1, r1, r7
100022c2:	0849      	lsrs	r1, r1, #1
100022c4:	6f2e      	ldr	r6, [r5, #112]	@ 0x70
100022c6:	3601      	adds	r6, #1
100022c8:	0876      	lsrs	r6, r6, #1
100022ca:	029c      	lsls	r4, r3, #10
100022cc:	0d95      	lsrs	r5, r2, #22
100022ce:	4325      	orrs	r5, r4
100022d0:	4375      	muls	r5, r6
100022d2:	13ed      	asrs	r5, r5, #15
100022d4:	4375      	muls	r5, r6
100022d6:	13ad      	asrs	r5, r5, #14
100022d8:	3501      	adds	r5, #1
100022da:	106d      	asrs	r5, r5, #1
100022dc:	03f6      	lsls	r6, r6, #15
100022de:	1b76      	subs	r6, r6, r5
100022e0:	b40c      	push	{r2, r3}
100022e2:	02cc      	lsls	r4, r1, #11
100022e4:	0d45      	lsrs	r5, r0, #21
100022e6:	432c      	orrs	r4, r5
100022e8:	b2a2      	uxth	r2, r4
100022ea:	b2b3      	uxth	r3, r6
100022ec:	435a      	muls	r2, r3
100022ee:	0c27      	lsrs	r7, r4, #16
100022f0:	437b      	muls	r3, r7
100022f2:	0c35      	lsrs	r5, r6, #16
100022f4:	436f      	muls	r7, r5
100022f6:	b2a4      	uxth	r4, r4
100022f8:	436c      	muls	r4, r5
100022fa:	191b      	adds	r3, r3, r4
100022fc:	d302      	bcc.n	10002304 <l21_1>
100022fe:	2401      	movs	r4, #1
10002300:	0424      	lsls	r4, r4, #16
10002302:	193f      	adds	r7, r7, r4

10002304 <l21_1>:
10002304:	041c      	lsls	r4, r3, #16
10002306:	0c1d      	lsrs	r5, r3, #16
10002308:	18a4      	adds	r4, r4, r2
1000230a:	417d      	adcs	r5, r7
1000230c:	1924      	adds	r4, r4, r4
1000230e:	416d      	adcs	r5, r5
10002310:	9a00      	ldr	r2, [sp, #0]
10002312:	b291      	uxth	r1, r2
10002314:	b2ac      	uxth	r4, r5
10002316:	4361      	muls	r1, r4
10002318:	0c17      	lsrs	r7, r2, #16
1000231a:	437c      	muls	r4, r7
1000231c:	0c2b      	lsrs	r3, r5, #16
1000231e:	435f      	muls	r7, r3
10002320:	b292      	uxth	r2, r2
10002322:	435a      	muls	r2, r3
10002324:	18a4      	adds	r4, r4, r2
10002326:	d302      	bcc.n	1000232e <l22_1>
10002328:	2201      	movs	r2, #1
1000232a:	0412      	lsls	r2, r2, #16
1000232c:	18bf      	adds	r7, r7, r2

1000232e <l22_1>:
1000232e:	0422      	lsls	r2, r4, #16
10002330:	0c23      	lsrs	r3, r4, #16
10002332:	1852      	adds	r2, r2, r1
10002334:	417b      	adcs	r3, r7
10002336:	9c01      	ldr	r4, [sp, #4]
10002338:	436c      	muls	r4, r5
1000233a:	191b      	adds	r3, r3, r4
1000233c:	0e52      	lsrs	r2, r2, #25
1000233e:	01d9      	lsls	r1, r3, #7
10002340:	430a      	orrs	r2, r1
10002342:	0144      	lsls	r4, r0, #5
10002344:	1aa0      	subs	r0, r4, r2
10002346:	b281      	uxth	r1, r0
10002348:	b2b2      	uxth	r2, r6
1000234a:	4351      	muls	r1, r2
1000234c:	1403      	asrs	r3, r0, #16
1000234e:	435a      	muls	r2, r3
10002350:	0c36      	lsrs	r6, r6, #16
10002352:	4373      	muls	r3, r6
10002354:	b287      	uxth	r7, r0
10002356:	4377      	muls	r7, r6
10002358:	17d6      	asrs	r6, r2, #31
1000235a:	19d2      	adds	r2, r2, r7
1000235c:	2700      	movs	r7, #0
1000235e:	417e      	adcs	r6, r7
10002360:	0436      	lsls	r6, r6, #16
10002362:	199b      	adds	r3, r3, r6
10002364:	0417      	lsls	r7, r2, #16
10002366:	0c16      	lsrs	r6, r2, #16
10002368:	187f      	adds	r7, r7, r1
1000236a:	415e      	adcs	r6, r3
1000236c:	1673      	asrs	r3, r6, #25
1000236e:	18ed      	adds	r5, r5, r3
10002370:	01f3      	lsls	r3, r6, #7
10002372:	2600      	movs	r6, #0
10002374:	3380      	adds	r3, #128	@ 0x80
10002376:	4175      	adcs	r5, r6
10002378:	0fa9      	lsrs	r1, r5, #30
1000237a:	d106      	bne.n	1000238a <dd_0>
1000237c:	0064      	lsls	r4, r4, #1
1000237e:	0a69      	lsrs	r1, r5, #9
10002380:	05e8      	lsls	r0, r5, #23
10002382:	0a5b      	lsrs	r3, r3, #9
10002384:	4318      	orrs	r0, r3
10002386:	d209      	bcs.n	1000239c <dd_1>
10002388:	e02f      	b.n	100023ea <dd_2>

1000238a <dd_0>:
1000238a:	2204      	movs	r2, #4
1000238c:	4494      	add	ip, r2
1000238e:	3380      	adds	r3, #128	@ 0x80
10002390:	4175      	adcs	r5, r6
10002392:	0aa9      	lsrs	r1, r5, #10
10002394:	05a8      	lsls	r0, r5, #22
10002396:	0a9b      	lsrs	r3, r3, #10
10002398:	4318      	orrs	r0, r3
1000239a:	d326      	bcc.n	100023ea <dd_2>

1000239c <dd_1>:
1000239c:	4140      	adcs	r0, r0
1000239e:	4149      	adcs	r1, r1
100023a0:	0424      	lsls	r4, r4, #16
100023a2:	9a00      	ldr	r2, [sp, #0]
100023a4:	9b01      	ldr	r3, [sp, #4]
100023a6:	000d      	movs	r5, r1
100023a8:	4355      	muls	r5, r2
100023aa:	1b64      	subs	r4, r4, r5
100023ac:	4343      	muls	r3, r0
100023ae:	1ae4      	subs	r4, r4, r3
100023b0:	b295      	uxth	r5, r2
100023b2:	b286      	uxth	r6, r0
100023b4:	4375      	muls	r5, r6
100023b6:	0c17      	lsrs	r7, r2, #16
100023b8:	437e      	muls	r6, r7
100023ba:	0c03      	lsrs	r3, r0, #16
100023bc:	435f      	muls	r7, r3
100023be:	b292      	uxth	r2, r2
100023c0:	435a      	muls	r2, r3
100023c2:	18b6      	adds	r6, r6, r2
100023c4:	d302      	bcc.n	100023cc <l24_1>
100023c6:	2201      	movs	r2, #1
100023c8:	0412      	lsls	r2, r2, #16
100023ca:	18bf      	adds	r7, r7, r2

100023cc <l24_1>:
100023cc:	0432      	lsls	r2, r6, #16
100023ce:	0c33      	lsrs	r3, r6, #16
100023d0:	1952      	adds	r2, r2, r5
100023d2:	417b      	adcs	r3, r7
100023d4:	4252      	negs	r2, r2
100023d6:	419c      	sbcs	r4, r3
100023d8:	2c00      	cmp	r4, #0
100023da:	d402      	bmi.n	100023e2 <l24_1+0x16>
100023dc:	2200      	movs	r2, #0
100023de:	3001      	adds	r0, #1
100023e0:	4151      	adcs	r1, r2
100023e2:	0840      	lsrs	r0, r0, #1
100023e4:	07ca      	lsls	r2, r1, #31
100023e6:	4310      	orrs	r0, r2
100023e8:	0849      	lsrs	r1, r1, #1

100023ea <dd_2>:
100023ea:	b002      	add	sp, #8
100023ec:	4662      	mov	r2, ip
100023ee:	07d7      	lsls	r7, r2, #31
100023f0:	1092      	asrs	r2, r2, #2
100023f2:	4b08      	ldr	r3, [pc, #32]	@ (10002414 <dd_4+0x6>)
100023f4:	18d2      	adds	r2, r2, r3
100023f6:	4b08      	ldr	r3, [pc, #32]	@ (10002418 <dd_4+0xa>)
100023f8:	429a      	cmp	r2, r3
100023fa:	d203      	bcs.n	10002404 <dd_3>
100023fc:	0512      	lsls	r2, r2, #20
100023fe:	1889      	adds	r1, r1, r2

10002400 <dd_5>:
10002400:	19c9      	adds	r1, r1, r7
10002402:	bdf0      	pop	{r4, r5, r6, r7, pc}

10002404 <dd_3>:
10002404:	2000      	movs	r0, #0
10002406:	2a00      	cmp	r2, #0
10002408:	dc01      	bgt.n	1000240e <dd_4>
1000240a:	0039      	movs	r1, r7
1000240c:	bdf0      	pop	{r4, r5, r6, r7, pc}

1000240e <dd_4>:
1000240e:	3301      	adds	r3, #1
10002410:	0519      	lsls	r1, r3, #20
10002412:	e7f5      	b.n	10002400 <dd_5>
10002414:	000003fd 	.word	0x000003fd
10002418:	000007fe 	.word	0x000007fe

1000241c <double2uint_shim>:
1000241c:	2200      	movs	r2, #0

1000241e <double2ufix_shim>:
1000241e:	b500      	push	{lr}
10002420:	3220      	adds	r2, #32
10002422:	f000 f804 	bl	1000242e <double2ufix64_shim>
10002426:	0008      	movs	r0, r1
10002428:	bd00      	pop	{pc}
	...

1000242c <double2uint64_shim>:
1000242c:	2200      	movs	r2, #0

1000242e <double2ufix64_shim>:
1000242e:	150b      	asrs	r3, r1, #20
10002430:	d40a      	bmi.n	10002448 <ret_dzero>

10002432 <d2fix>:
10002432:	b510      	push	{r4, lr}
10002434:	4694      	mov	ip, r2
10002436:	f000 f831 	bl	1000249c <dunpacks>
1000243a:	1414      	asrs	r4, r2, #16
1000243c:	3401      	adds	r4, #1
1000243e:	da00      	bge.n	10002442 <d2fix+0x10>
10002440:	2100      	movs	r1, #0
10002442:	17cb      	asrs	r3, r1, #31
10002444:	4c14      	ldr	r4, [pc, #80]	@ (10002498 <d2fix_a+0x4a>)
10002446:	4720      	bx	r4

10002448 <ret_dzero>:
10002448:	2000      	movs	r0, #0
1000244a:	2100      	movs	r1, #0
1000244c:	4770      	bx	lr

1000244e <d2fix_a>:
1000244e:	4462      	add	r2, ip
10002450:	3a34      	subs	r2, #52	@ 0x34
10002452:	d40c      	bmi.n	1000246e <d2fix_a+0x20>
10002454:	2a0c      	cmp	r2, #12
10002456:	da07      	bge.n	10002468 <d2fix_a+0x1a>
10002458:	0004      	movs	r4, r0
1000245a:	4091      	lsls	r1, r2
1000245c:	4090      	lsls	r0, r2
1000245e:	4252      	negs	r2, r2
10002460:	3220      	adds	r2, #32
10002462:	40d4      	lsrs	r4, r2
10002464:	4321      	orrs	r1, r4
10002466:	bd10      	pop	{r4, pc}
10002468:	43d8      	mvns	r0, r3
1000246a:	43d9      	mvns	r1, r3
1000246c:	bd10      	pop	{r4, pc}
1000246e:	3220      	adds	r2, #32
10002470:	d407      	bmi.n	10002482 <d2fix_a+0x34>
10002472:	460c      	mov	r4, r1
10002474:	4094      	lsls	r4, r2
10002476:	4252      	negs	r2, r2
10002478:	3220      	adds	r2, #32
1000247a:	4111      	asrs	r1, r2
1000247c:	40d0      	lsrs	r0, r2
1000247e:	4320      	orrs	r0, r4
10002480:	bd10      	pop	{r4, pc}
10002482:	0008      	movs	r0, r1
10002484:	17c9      	asrs	r1, r1, #31
10002486:	3220      	adds	r2, #32
10002488:	d403      	bmi.n	10002492 <d2fix_a+0x44>
1000248a:	4252      	negs	r2, r2
1000248c:	3220      	adds	r2, #32
1000248e:	4110      	asrs	r0, r2
10002490:	bd10      	pop	{r4, pc}
10002492:	0018      	movs	r0, r3
10002494:	0019      	movs	r1, r3
10002496:	bd10      	pop	{r4, pc}
10002498:	1000244f 	.word	0x1000244f

1000249c <dunpacks>:
1000249c:	0d0a      	lsrs	r2, r1, #20
1000249e:	0fcc      	lsrs	r4, r1, #31
100024a0:	1e53      	subs	r3, r2, #1
100024a2:	051b      	lsls	r3, r3, #20
100024a4:	1ac9      	subs	r1, r1, r3
100024a6:	0552      	lsls	r2, r2, #21
100024a8:	d303      	bcc.n	100024b2 <l60_1>
100024aa:	43c9      	mvns	r1, r1
100024ac:	4240      	negs	r0, r0
100024ae:	d300      	bcc.n	100024b2 <l60_1>
100024b0:	3101      	adds	r1, #1

100024b2 <l60_1>:
100024b2:	0d52      	lsrs	r2, r2, #21
100024b4:	d003      	beq.n	100024be <l60_2>
100024b6:	1c53      	adds	r3, r2, #1
100024b8:	0adb      	lsrs	r3, r3, #11
100024ba:	d007      	beq.n	100024cc <l60_3>
100024bc:	1b12      	subs	r2, r2, r4

100024be <l60_2>:
100024be:	2000      	movs	r0, #0
100024c0:	0064      	lsls	r4, r4, #1
100024c2:	1c61      	adds	r1, r4, #1
100024c4:	0789      	lsls	r1, r1, #30
100024c6:	1289      	asrs	r1, r1, #10
100024c8:	3a80      	subs	r2, #128	@ 0x80
100024ca:	0312      	lsls	r2, r2, #12

100024cc <l60_3>:
100024cc:	4b01      	ldr	r3, [pc, #4]	@ (100024d4 <l60_3+0x8>)
100024ce:	1ad2      	subs	r2, r2, r3
100024d0:	4770      	bx	lr
100024d2:	0000      	.short	0x0000
100024d4:	000003ff 	.word	0x000003ff

100024d8 <__wrap___aeabi_lmul>:
100024d8:	4351      	muls	r1, r2
100024da:	4343      	muls	r3, r0
100024dc:	18c9      	adds	r1, r1, r3
100024de:	468c      	mov	ip, r1
100024e0:	0c11      	lsrs	r1, r2, #16
100024e2:	b283      	uxth	r3, r0
100024e4:	434b      	muls	r3, r1
100024e6:	b410      	push	{r4}
100024e8:	0c04      	lsrs	r4, r0, #16
100024ea:	4361      	muls	r1, r4
100024ec:	b292      	uxth	r2, r2
100024ee:	b280      	uxth	r0, r0
100024f0:	4350      	muls	r0, r2
100024f2:	4362      	muls	r2, r4
100024f4:	041c      	lsls	r4, r3, #16
100024f6:	0c1b      	lsrs	r3, r3, #16
100024f8:	1900      	adds	r0, r0, r4
100024fa:	bc10      	pop	{r4}
100024fc:	4159      	adcs	r1, r3
100024fe:	0413      	lsls	r3, r2, #16
10002500:	0c12      	lsrs	r2, r2, #16
10002502:	18c0      	adds	r0, r0, r3
10002504:	4151      	adcs	r1, r2
10002506:	4461      	add	r1, ip
10002508:	4770      	bx	lr
	...

1000250c <__aeabi_float_init>:
1000250c:	2300      	movs	r3, #0
1000250e:	b510      	push	{r4, lr}
10002510:	7cdc      	ldrb	r4, [r3, #19]
10002512:	4813      	ldr	r0, [pc, #76]	@ (10002560 <__aeabi_float_init+0x54>)
10002514:	f7ff f818 	bl	10001548 <rom_data_lookup>
10002518:	2c01      	cmp	r4, #1
1000251a:	d00b      	beq.n	10002534 <__aeabi_float_init+0x28>
1000251c:	dd04      	ble.n	10002528 <__aeabi_float_init+0x1c>
1000251e:	0001      	movs	r1, r0
10002520:	2280      	movs	r2, #128	@ 0x80
10002522:	4810      	ldr	r0, [pc, #64]	@ (10002564 <__aeabi_float_init+0x58>)
10002524:	f000 f84a 	bl	100025bc <__wrap___aeabi_memcpy>
10002528:	480f      	ldr	r0, [pc, #60]	@ (10002568 <__aeabi_float_init+0x5c>)
1000252a:	f7ff f805 	bl	10001538 <rom_func_lookup>
1000252e:	4b0f      	ldr	r3, [pc, #60]	@ (1000256c <__aeabi_float_init+0x60>)
10002530:	6018      	str	r0, [r3, #0]
10002532:	bd10      	pop	{r4, pc}
10002534:	4c0b      	ldr	r4, [pc, #44]	@ (10002564 <__aeabi_float_init+0x58>)
10002536:	0001      	movs	r1, r0
10002538:	2254      	movs	r2, #84	@ 0x54
1000253a:	0020      	movs	r0, r4
1000253c:	f000 f83e 	bl	100025bc <__wrap___aeabi_memcpy>
10002540:	4b0b      	ldr	r3, [pc, #44]	@ (10002570 <__aeabi_float_init+0x64>)
10002542:	6563      	str	r3, [r4, #84]	@ 0x54
10002544:	65a3      	str	r3, [r4, #88]	@ 0x58
10002546:	65e3      	str	r3, [r4, #92]	@ 0x5c
10002548:	6623      	str	r3, [r4, #96]	@ 0x60
1000254a:	6663      	str	r3, [r4, #100]	@ 0x64
1000254c:	66a3      	str	r3, [r4, #104]	@ 0x68
1000254e:	66e3      	str	r3, [r4, #108]	@ 0x6c
10002550:	6723      	str	r3, [r4, #112]	@ 0x70
10002552:	6763      	str	r3, [r4, #116]	@ 0x74
10002554:	67a3      	str	r3, [r4, #120]	@ 0x78
10002556:	67e3      	str	r3, [r4, #124]	@ 0x7c
10002558:	6223      	str	r3, [r4, #32]
1000255a:	61e3      	str	r3, [r4, #28]
1000255c:	e7e4      	b.n	10002528 <__aeabi_float_init+0x1c>
1000255e:	46c0      	nop			@ (mov r8, r8)
10002560:	00004653 	.word	0x00004653
10002564:	200014c0 	.word	0x200014c0
10002568:	0000334c 	.word	0x0000334c
1000256c:	20001d5c 	.word	0x20001d5c
10002570:	10002575 	.word	0x10002575

10002574 <float_table_shim_on_use_helper>:
10002574:	b507      	push	{r0, r1, r2, lr}
10002576:	4660      	mov	r0, ip
10002578:	8801      	ldrh	r1, [r0, #0]
1000257a:	0a0a      	lsrs	r2, r1, #8
1000257c:	3002      	adds	r0, #2
1000257e:	2adf      	cmp	r2, #223	@ 0xdf
10002580:	d1fa      	bne.n	10002578 <float_table_shim_on_use_helper+0x4>
10002582:	b2c9      	uxtb	r1, r1
10002584:	0882      	lsrs	r2, r0, #2
10002586:	d304      	bcc.n	10002592 <float_table_shim_on_use_helper+0x1e>
10002588:	8802      	ldrh	r2, [r0, #0]
1000258a:	8840      	ldrh	r0, [r0, #2]
1000258c:	0400      	lsls	r0, r0, #16
1000258e:	4310      	orrs	r0, r2
10002590:	e000      	b.n	10002594 <float_table_shim_on_use_helper+0x20>
10002592:	6800      	ldr	r0, [r0, #0]
10002594:	4a01      	ldr	r2, [pc, #4]	@ (1000259c <float_table_shim_on_use_helper+0x28>)
10002596:	5050      	str	r0, [r2, r1]
10002598:	9003      	str	r0, [sp, #12]
1000259a:	bd07      	pop	{r0, r1, r2, pc}
1000259c:	200014c0 	.word	0x200014c0

100025a0 <__aeabi_mem_init>:
100025a0:	4801      	ldr	r0, [pc, #4]	@ (100025a8 <__aeabi_mem_init+0x8>)
100025a2:	2104      	movs	r1, #4
100025a4:	4b01      	ldr	r3, [pc, #4]	@ (100025ac <__aeabi_mem_init+0xc>)
100025a6:	4718      	bx	r3
100025a8:	20001120 	.word	0x20001120
100025ac:	10001559 	.word	0x10001559

100025b0 <__wrap_memset>:
100025b0:	4b01      	ldr	r3, [pc, #4]	@ (100025b8 <__wrap_memset+0x8>)
100025b2:	681b      	ldr	r3, [r3, #0]
100025b4:	4718      	bx	r3
100025b6:	0000      	.short	0x0000
100025b8:	20001120 	.word	0x20001120

100025bc <__wrap___aeabi_memcpy>:
100025bc:	4b01      	ldr	r3, [pc, #4]	@ (100025c4 <__wrap___aeabi_memcpy+0x8>)
100025be:	685b      	ldr	r3, [r3, #4]
100025c0:	4718      	bx	r3
100025c2:	0000      	.short	0x0000
100025c4:	20001120 	.word	0x20001120

100025c8 <_out_null>:
100025c8:	4770      	bx	lr
100025ca:	46c0      	nop			@ (mov r8, r8)

100025cc <_out_rev>:
100025cc:	b5f8      	push	{r3, r4, r5, r6, r7, lr}
100025ce:	46de      	mov	lr, fp
100025d0:	4657      	mov	r7, sl
100025d2:	464e      	mov	r6, r9
100025d4:	4645      	mov	r5, r8
100025d6:	b5e0      	push	{r5, r6, r7, lr}
100025d8:	4699      	mov	r9, r3
100025da:	9b0d      	ldr	r3, [sp, #52]	@ 0x34
100025dc:	0007      	movs	r7, r0
100025de:	4688      	mov	r8, r1
100025e0:	4693      	mov	fp, r2
100025e2:	079b      	lsls	r3, r3, #30
100025e4:	d028      	beq.n	10002638 <_out_rev+0x6c>
100025e6:	9b0b      	ldr	r3, [sp, #44]	@ 0x2c
100025e8:	2b00      	cmp	r3, #0
100025ea:	d03c      	beq.n	10002666 <_out_rev+0x9a>
100025ec:	465e      	mov	r6, fp
100025ee:	9c0b      	ldr	r4, [sp, #44]	@ 0x2c
100025f0:	9d0a      	ldr	r5, [sp, #40]	@ 0x28
100025f2:	1936      	adds	r6, r6, r4
100025f4:	1b32      	subs	r2, r6, r4
100025f6:	3c01      	subs	r4, #1
100025f8:	464b      	mov	r3, r9
100025fa:	4641      	mov	r1, r8
100025fc:	5d28      	ldrb	r0, [r5, r4]
100025fe:	47b8      	blx	r7
10002600:	2c00      	cmp	r4, #0
10002602:	d1f7      	bne.n	100025f4 <_out_rev+0x28>
10002604:	0035      	movs	r5, r6
10002606:	9b0d      	ldr	r3, [sp, #52]	@ 0x34
10002608:	079b      	lsls	r3, r3, #30
1000260a:	d50e      	bpl.n	1000262a <_out_rev+0x5e>
1000260c:	465b      	mov	r3, fp
1000260e:	1aec      	subs	r4, r5, r3
10002610:	9b0c      	ldr	r3, [sp, #48]	@ 0x30
10002612:	42a3      	cmp	r3, r4
10002614:	d909      	bls.n	1000262a <_out_rev+0x5e>
10002616:	001e      	movs	r6, r3
10002618:	002a      	movs	r2, r5
1000261a:	464b      	mov	r3, r9
1000261c:	4641      	mov	r1, r8
1000261e:	2020      	movs	r0, #32
10002620:	3401      	adds	r4, #1
10002622:	47b8      	blx	r7
10002624:	3501      	adds	r5, #1
10002626:	42b4      	cmp	r4, r6
10002628:	d3f6      	bcc.n	10002618 <_out_rev+0x4c>
1000262a:	0028      	movs	r0, r5
1000262c:	bcf0      	pop	{r4, r5, r6, r7}
1000262e:	46bb      	mov	fp, r7
10002630:	46b2      	mov	sl, r6
10002632:	46a9      	mov	r9, r5
10002634:	46a0      	mov	r8, r4
10002636:	bdf8      	pop	{r3, r4, r5, r6, r7, pc}
10002638:	9b0b      	ldr	r3, [sp, #44]	@ 0x2c
1000263a:	9a0c      	ldr	r2, [sp, #48]	@ 0x30
1000263c:	4293      	cmp	r3, r2
1000263e:	d214      	bcs.n	1000266a <_out_rev+0x9e>
10002640:	0013      	movs	r3, r2
10002642:	465d      	mov	r5, fp
10002644:	000c      	movs	r4, r1
10002646:	9a0b      	ldr	r2, [sp, #44]	@ 0x2c
10002648:	1a9e      	subs	r6, r3, r2
1000264a:	1976      	adds	r6, r6, r5
1000264c:	002a      	movs	r2, r5
1000264e:	464b      	mov	r3, r9
10002650:	3501      	adds	r5, #1
10002652:	0021      	movs	r1, r4
10002654:	2020      	movs	r0, #32
10002656:	47b8      	blx	r7
10002658:	42b5      	cmp	r5, r6
1000265a:	d1f7      	bne.n	1000264c <_out_rev+0x80>
1000265c:	9b0b      	ldr	r3, [sp, #44]	@ 0x2c
1000265e:	46a0      	mov	r8, r4
10002660:	2b00      	cmp	r3, #0
10002662:	d1c4      	bne.n	100025ee <_out_rev+0x22>
10002664:	e7e1      	b.n	1000262a <_out_rev+0x5e>
10002666:	0015      	movs	r5, r2
10002668:	e7cd      	b.n	10002606 <_out_rev+0x3a>
1000266a:	2b00      	cmp	r3, #0
1000266c:	d1be      	bne.n	100025ec <_out_rev+0x20>
1000266e:	465d      	mov	r5, fp
10002670:	e7db      	b.n	1000262a <_out_rev+0x5e>
10002672:	46c0      	nop			@ (mov r8, r8)

10002674 <_ntoa_format>:
10002674:	b5f0      	push	{r4, r5, r6, r7, lr}
10002676:	464f      	mov	r7, r9
10002678:	46d6      	mov	lr, sl
1000267a:	4646      	mov	r6, r8
1000267c:	b5c0      	push	{r6, r7, lr}
1000267e:	b084      	sub	sp, #16
10002680:	469c      	mov	ip, r3
10002682:	ab0e      	add	r3, sp, #56	@ 0x38
10002684:	781f      	ldrb	r7, [r3, #0]
10002686:	9b12      	ldr	r3, [sp, #72]	@ 0x48
10002688:	4691      	mov	r9, r2
1000268a:	46ba      	mov	sl, r7
1000268c:	9c0d      	ldr	r4, [sp, #52]	@ 0x34
1000268e:	9e10      	ldr	r6, [sp, #64]	@ 0x40
10002690:	9d11      	ldr	r5, [sp, #68]	@ 0x44
10002692:	079b      	lsls	r3, r3, #30
10002694:	d452      	bmi.n	1000273c <_ntoa_format+0xc8>
10002696:	2d00      	cmp	r5, #0
10002698:	d147      	bne.n	1000272a <_ntoa_format+0xb6>
1000269a:	42b4      	cmp	r4, r6
1000269c:	d24e      	bcs.n	1000273c <_ntoa_format+0xc8>
1000269e:	2301      	movs	r3, #1
100026a0:	9f12      	ldr	r7, [sp, #72]	@ 0x48
100026a2:	401f      	ands	r7, r3
100026a4:	46b8      	mov	r8, r7
100026a6:	9b0c      	ldr	r3, [sp, #48]	@ 0x30
100026a8:	1e5f      	subs	r7, r3, #1
100026aa:	2330      	movs	r3, #48	@ 0x30
100026ac:	e003      	b.n	100026b6 <_ntoa_format+0x42>
100026ae:	3401      	adds	r4, #1
100026b0:	553b      	strb	r3, [r7, r4]
100026b2:	42a6      	cmp	r6, r4
100026b4:	d901      	bls.n	100026ba <_ntoa_format+0x46>
100026b6:	2c20      	cmp	r4, #32
100026b8:	d1f9      	bne.n	100026ae <_ntoa_format+0x3a>
100026ba:	4643      	mov	r3, r8
100026bc:	2b00      	cmp	r3, #0
100026be:	d100      	bne.n	100026c2 <_ntoa_format+0x4e>
100026c0:	e083      	b.n	100027ca <_ntoa_format+0x156>
100026c2:	9b0c      	ldr	r3, [sp, #48]	@ 0x30
100026c4:	1e5f      	subs	r7, r3, #1
100026c6:	2330      	movs	r3, #48	@ 0x30
100026c8:	42a5      	cmp	r5, r4
100026ca:	d804      	bhi.n	100026d6 <_ntoa_format+0x62>
100026cc:	e036      	b.n	1000273c <_ntoa_format+0xc8>
100026ce:	3401      	adds	r4, #1
100026d0:	553b      	strb	r3, [r7, r4]
100026d2:	42ac      	cmp	r4, r5
100026d4:	d032      	beq.n	1000273c <_ntoa_format+0xc8>
100026d6:	2c20      	cmp	r4, #32
100026d8:	d1f9      	bne.n	100026ce <_ntoa_format+0x5a>
100026da:	9b12      	ldr	r3, [sp, #72]	@ 0x48
100026dc:	06db      	lsls	r3, r3, #27
100026de:	d514      	bpl.n	1000270a <_ntoa_format+0x96>
100026e0:	9b12      	ldr	r3, [sp, #72]	@ 0x48
100026e2:	055b      	lsls	r3, r3, #21
100026e4:	d453      	bmi.n	1000278e <_ntoa_format+0x11a>
100026e6:	42a6      	cmp	r6, r4
100026e8:	d063      	beq.n	100027b2 <_ntoa_format+0x13e>
100026ea:	42a5      	cmp	r5, r4
100026ec:	d061      	beq.n	100027b2 <_ntoa_format+0x13e>
100026ee:	9b0f      	ldr	r3, [sp, #60]	@ 0x3c
100026f0:	2b10      	cmp	r3, #16
100026f2:	d04f      	beq.n	10002794 <_ntoa_format+0x120>
100026f4:	2b02      	cmp	r3, #2
100026f6:	d057      	beq.n	100027a8 <_ntoa_format+0x134>
100026f8:	2c20      	cmp	r4, #32
100026fa:	d006      	beq.n	1000270a <_ntoa_format+0x96>
100026fc:	0023      	movs	r3, r4
100026fe:	3401      	adds	r4, #1
10002700:	2630      	movs	r6, #48	@ 0x30
10002702:	9a0c      	ldr	r2, [sp, #48]	@ 0x30
10002704:	54d6      	strb	r6, [r2, r3]
10002706:	2c20      	cmp	r4, #32
10002708:	d12a      	bne.n	10002760 <_ntoa_format+0xec>
1000270a:	9b12      	ldr	r3, [sp, #72]	@ 0x48
1000270c:	464a      	mov	r2, r9
1000270e:	9303      	str	r3, [sp, #12]
10002710:	9b0c      	ldr	r3, [sp, #48]	@ 0x30
10002712:	9502      	str	r5, [sp, #8]
10002714:	9300      	str	r3, [sp, #0]
10002716:	9401      	str	r4, [sp, #4]
10002718:	4663      	mov	r3, ip
1000271a:	f7ff ff57 	bl	100025cc <_out_rev>
1000271e:	b004      	add	sp, #16
10002720:	bce0      	pop	{r5, r6, r7}
10002722:	46ba      	mov	sl, r7
10002724:	46b1      	mov	r9, r6
10002726:	46a8      	mov	r8, r5
10002728:	bdf0      	pop	{r4, r5, r6, r7, pc}
1000272a:	2301      	movs	r3, #1
1000272c:	9a12      	ldr	r2, [sp, #72]	@ 0x48
1000272e:	4013      	ands	r3, r2
10002730:	4698      	mov	r8, r3
10002732:	2301      	movs	r3, #1
10002734:	4213      	tst	r3, r2
10002736:	d123      	bne.n	10002780 <_ntoa_format+0x10c>
10002738:	42b4      	cmp	r4, r6
1000273a:	d3b4      	bcc.n	100026a6 <_ntoa_format+0x32>
1000273c:	9b12      	ldr	r3, [sp, #72]	@ 0x48
1000273e:	06db      	lsls	r3, r3, #27
10002740:	d5e1      	bpl.n	10002706 <_ntoa_format+0x92>
10002742:	9b12      	ldr	r3, [sp, #72]	@ 0x48
10002744:	055b      	lsls	r3, r3, #21
10002746:	d4d2      	bmi.n	100026ee <_ntoa_format+0x7a>
10002748:	2c00      	cmp	r4, #0
1000274a:	d1cc      	bne.n	100026e6 <_ntoa_format+0x72>
1000274c:	9b0f      	ldr	r3, [sp, #60]	@ 0x3c
1000274e:	2b10      	cmp	r3, #16
10002750:	d054      	beq.n	100027fc <_ntoa_format+0x188>
10002752:	9b0f      	ldr	r3, [sp, #60]	@ 0x3c
10002754:	2b02      	cmp	r3, #2
10002756:	d06a      	beq.n	1000282e <_ntoa_format+0x1ba>
10002758:	2330      	movs	r3, #48	@ 0x30
1000275a:	2401      	movs	r4, #1
1000275c:	9a0c      	ldr	r2, [sp, #48]	@ 0x30
1000275e:	7013      	strb	r3, [r2, #0]
10002760:	4653      	mov	r3, sl
10002762:	2b00      	cmp	r3, #0
10002764:	d107      	bne.n	10002776 <_ntoa_format+0x102>
10002766:	9b12      	ldr	r3, [sp, #72]	@ 0x48
10002768:	075b      	lsls	r3, r3, #29
1000276a:	d536      	bpl.n	100027da <_ntoa_format+0x166>
1000276c:	232b      	movs	r3, #43	@ 0x2b
1000276e:	9a0c      	ldr	r2, [sp, #48]	@ 0x30
10002770:	5513      	strb	r3, [r2, r4]
10002772:	3401      	adds	r4, #1
10002774:	e7c9      	b.n	1000270a <_ntoa_format+0x96>
10002776:	232d      	movs	r3, #45	@ 0x2d
10002778:	9a0c      	ldr	r2, [sp, #48]	@ 0x30
1000277a:	5513      	strb	r3, [r2, r4]
1000277c:	3401      	adds	r4, #1
1000277e:	e7c4      	b.n	1000270a <_ntoa_format+0x96>
10002780:	2f00      	cmp	r7, #0
10002782:	d032      	beq.n	100027ea <_ntoa_format+0x176>
10002784:	3d01      	subs	r5, #1
10002786:	42b4      	cmp	r4, r6
10002788:	d200      	bcs.n	1000278c <_ntoa_format+0x118>
1000278a:	e78c      	b.n	100026a6 <_ntoa_format+0x32>
1000278c:	e799      	b.n	100026c2 <_ntoa_format+0x4e>
1000278e:	9b0f      	ldr	r3, [sp, #60]	@ 0x3c
10002790:	2b10      	cmp	r3, #16
10002792:	d1ba      	bne.n	1000270a <_ntoa_format+0x96>
10002794:	9b12      	ldr	r3, [sp, #72]	@ 0x48
10002796:	069b      	lsls	r3, r3, #26
10002798:	d53a      	bpl.n	10002810 <_ntoa_format+0x19c>
1000279a:	2c20      	cmp	r4, #32
1000279c:	d0b5      	beq.n	1000270a <_ntoa_format+0x96>
1000279e:	2358      	movs	r3, #88	@ 0x58
100027a0:	9a0c      	ldr	r2, [sp, #48]	@ 0x30
100027a2:	5513      	strb	r3, [r2, r4]
100027a4:	3401      	adds	r4, #1
100027a6:	e7a7      	b.n	100026f8 <_ntoa_format+0x84>
100027a8:	2c20      	cmp	r4, #32
100027aa:	d0ae      	beq.n	1000270a <_ntoa_format+0x96>
100027ac:	0023      	movs	r3, r4
100027ae:	3401      	adds	r4, #1
100027b0:	e007      	b.n	100027c2 <_ntoa_format+0x14e>
100027b2:	1e63      	subs	r3, r4, #1
100027b4:	2c01      	cmp	r4, #1
100027b6:	d0c9      	beq.n	1000274c <_ntoa_format+0xd8>
100027b8:	9a0f      	ldr	r2, [sp, #60]	@ 0x3c
100027ba:	2a10      	cmp	r2, #16
100027bc:	d03e      	beq.n	1000283c <_ntoa_format+0x1c8>
100027be:	2a02      	cmp	r2, #2
100027c0:	d19e      	bne.n	10002700 <_ntoa_format+0x8c>
100027c2:	2662      	movs	r6, #98	@ 0x62
100027c4:	9a0c      	ldr	r2, [sp, #48]	@ 0x30
100027c6:	54d6      	strb	r6, [r2, r3]
100027c8:	e796      	b.n	100026f8 <_ntoa_format+0x84>
100027ca:	9b12      	ldr	r3, [sp, #72]	@ 0x48
100027cc:	06db      	lsls	r3, r3, #27
100027ce:	d59a      	bpl.n	10002706 <_ntoa_format+0x92>
100027d0:	9b12      	ldr	r3, [sp, #72]	@ 0x48
100027d2:	055b      	lsls	r3, r3, #21
100027d4:	d400      	bmi.n	100027d8 <_ntoa_format+0x164>
100027d6:	e786      	b.n	100026e6 <_ntoa_format+0x72>
100027d8:	e789      	b.n	100026ee <_ntoa_format+0x7a>
100027da:	9b12      	ldr	r3, [sp, #72]	@ 0x48
100027dc:	071b      	lsls	r3, r3, #28
100027de:	d594      	bpl.n	1000270a <_ntoa_format+0x96>
100027e0:	2320      	movs	r3, #32
100027e2:	9a0c      	ldr	r2, [sp, #48]	@ 0x30
100027e4:	5513      	strb	r3, [r2, r4]
100027e6:	3401      	adds	r4, #1
100027e8:	e78f      	b.n	1000270a <_ntoa_format+0x96>
100027ea:	230c      	movs	r3, #12
100027ec:	4013      	ands	r3, r2
100027ee:	1e5f      	subs	r7, r3, #1
100027f0:	41bb      	sbcs	r3, r7
100027f2:	1aed      	subs	r5, r5, r3
100027f4:	42b4      	cmp	r4, r6
100027f6:	d200      	bcs.n	100027fa <_ntoa_format+0x186>
100027f8:	e755      	b.n	100026a6 <_ntoa_format+0x32>
100027fa:	e762      	b.n	100026c2 <_ntoa_format+0x4e>
100027fc:	9b12      	ldr	r3, [sp, #72]	@ 0x48
100027fe:	069b      	lsls	r3, r3, #26
10002800:	d40e      	bmi.n	10002820 <_ntoa_format+0x1ac>
10002802:	2378      	movs	r3, #120	@ 0x78
10002804:	9a0c      	ldr	r2, [sp, #48]	@ 0x30
10002806:	2402      	movs	r4, #2
10002808:	7013      	strb	r3, [r2, #0]
1000280a:	3b48      	subs	r3, #72	@ 0x48
1000280c:	7053      	strb	r3, [r2, #1]
1000280e:	e7a7      	b.n	10002760 <_ntoa_format+0xec>
10002810:	2c20      	cmp	r4, #32
10002812:	d100      	bne.n	10002816 <_ntoa_format+0x1a2>
10002814:	e779      	b.n	1000270a <_ntoa_format+0x96>
10002816:	2378      	movs	r3, #120	@ 0x78
10002818:	9a0c      	ldr	r2, [sp, #48]	@ 0x30
1000281a:	5513      	strb	r3, [r2, r4]
1000281c:	3401      	adds	r4, #1
1000281e:	e76b      	b.n	100026f8 <_ntoa_format+0x84>
10002820:	2358      	movs	r3, #88	@ 0x58
10002822:	9a0c      	ldr	r2, [sp, #48]	@ 0x30
10002824:	2402      	movs	r4, #2
10002826:	7013      	strb	r3, [r2, #0]
10002828:	3b28      	subs	r3, #40	@ 0x28
1000282a:	7053      	strb	r3, [r2, #1]
1000282c:	e798      	b.n	10002760 <_ntoa_format+0xec>
1000282e:	9a0c      	ldr	r2, [sp, #48]	@ 0x30
10002830:	3360      	adds	r3, #96	@ 0x60
10002832:	7013      	strb	r3, [r2, #0]
10002834:	3b32      	subs	r3, #50	@ 0x32
10002836:	2402      	movs	r4, #2
10002838:	7053      	strb	r3, [r2, #1]
1000283a:	e791      	b.n	10002760 <_ntoa_format+0xec>
1000283c:	9a0c      	ldr	r2, [sp, #48]	@ 0x30
1000283e:	1ea6      	subs	r6, r4, #2
10002840:	1996      	adds	r6, r2, r6
10002842:	9a12      	ldr	r2, [sp, #72]	@ 0x48
10002844:	0692      	lsls	r2, r2, #26
10002846:	d502      	bpl.n	1000284e <_ntoa_format+0x1da>
10002848:	2258      	movs	r2, #88	@ 0x58
1000284a:	7032      	strb	r2, [r6, #0]
1000284c:	e758      	b.n	10002700 <_ntoa_format+0x8c>
1000284e:	2278      	movs	r2, #120	@ 0x78
10002850:	7032      	strb	r2, [r6, #0]
10002852:	e755      	b.n	10002700 <_ntoa_format+0x8c>

10002854 <_out_char>:
10002854:	b510      	push	{r4, lr}
10002856:	2800      	cmp	r0, #0
10002858:	d100      	bne.n	1000285c <_out_char+0x8>
1000285a:	bd10      	pop	{r4, pc}
1000285c:	f001 fc4c 	bl	100040f8 <__wrap_putchar>
10002860:	e7fb      	b.n	1000285a <_out_char+0x6>
10002862:	46c0      	nop			@ (mov r8, r8)

10002864 <_out_fct>:
10002864:	b510      	push	{r4, lr}
10002866:	2800      	cmp	r0, #0
10002868:	d003      	beq.n	10002872 <_out_fct+0xe>
1000286a:	684a      	ldr	r2, [r1, #4]
1000286c:	680b      	ldr	r3, [r1, #0]
1000286e:	0011      	movs	r1, r2
10002870:	4798      	blx	r3
10002872:	bd10      	pop	{r4, pc}

10002874 <_ftoa>:
10002874:	b5f0      	push	{r4, r5, r6, r7, lr}
10002876:	464e      	mov	r6, r9
10002878:	46de      	mov	lr, fp
1000287a:	4657      	mov	r7, sl
1000287c:	4645      	mov	r5, r8
1000287e:	b5e0      	push	{r5, r6, r7, lr}
10002880:	b095      	sub	sp, #84	@ 0x54
10002882:	4682      	mov	sl, r0
10002884:	4689      	mov	r9, r1
10002886:	4693      	mov	fp, r2
10002888:	4698      	mov	r8, r3
1000288a:	9a1e      	ldr	r2, [sp, #120]	@ 0x78
1000288c:	9b1f      	ldr	r3, [sp, #124]	@ 0x7c
1000288e:	0010      	movs	r0, r2
10002890:	0019      	movs	r1, r3
10002892:	9e20      	ldr	r6, [sp, #128]	@ 0x80
10002894:	f7ff fac5 	bl	10001e22 <__wrap___aeabi_dcmpun>
10002898:	2800      	cmp	r0, #0
1000289a:	d000      	beq.n	1000289e <_ftoa+0x2a>
1000289c:	e1d3      	b.n	10002c46 <_ftoa+0x3d2>
1000289e:	981e      	ldr	r0, [sp, #120]	@ 0x78
100028a0:	991f      	ldr	r1, [sp, #124]	@ 0x7c
100028a2:	2201      	movs	r2, #1
100028a4:	4bc3      	ldr	r3, [pc, #780]	@ (10002bb4 <_ftoa+0x340>)
100028a6:	4252      	negs	r2, r2
100028a8:	f7ff faa0 	bl	10001dec <__wrap___aeabi_dcmplt>
100028ac:	2800      	cmp	r0, #0
100028ae:	d000      	beq.n	100028b2 <_ftoa+0x3e>
100028b0:	e101      	b.n	10002ab6 <_ftoa+0x242>
100028b2:	981e      	ldr	r0, [sp, #120]	@ 0x78
100028b4:	991f      	ldr	r1, [sp, #124]	@ 0x7c
100028b6:	2201      	movs	r2, #1
100028b8:	4bbf      	ldr	r3, [pc, #764]	@ (10002bb8 <_ftoa+0x344>)
100028ba:	4252      	negs	r2, r2
100028bc:	f7ff faac 	bl	10001e18 <__wrap___aeabi_dcmpgt>
100028c0:	2800      	cmp	r0, #0
100028c2:	d000      	beq.n	100028c6 <_ftoa+0x52>
100028c4:	e0d6      	b.n	10002a74 <_ftoa+0x200>
100028c6:	981e      	ldr	r0, [sp, #120]	@ 0x78
100028c8:	991f      	ldr	r1, [sp, #124]	@ 0x7c
100028ca:	2200      	movs	r2, #0
100028cc:	4bbb      	ldr	r3, [pc, #748]	@ (10002bbc <_ftoa+0x348>)
100028ce:	f7ff faa3 	bl	10001e18 <__wrap___aeabi_dcmpgt>
100028d2:	2800      	cmp	r0, #0
100028d4:	d000      	beq.n	100028d8 <_ftoa+0x64>
100028d6:	e0b5      	b.n	10002a44 <_ftoa+0x1d0>
100028d8:	981e      	ldr	r0, [sp, #120]	@ 0x78
100028da:	991f      	ldr	r1, [sp, #124]	@ 0x7c
100028dc:	2200      	movs	r2, #0
100028de:	4bb8      	ldr	r3, [pc, #736]	@ (10002bc0 <_ftoa+0x34c>)
100028e0:	f7ff fa84 	bl	10001dec <__wrap___aeabi_dcmplt>
100028e4:	2800      	cmp	r0, #0
100028e6:	d000      	beq.n	100028ea <_ftoa+0x76>
100028e8:	e0ac      	b.n	10002a44 <_ftoa+0x1d0>
100028ea:	981e      	ldr	r0, [sp, #120]	@ 0x78
100028ec:	991f      	ldr	r1, [sp, #124]	@ 0x7c
100028ee:	2200      	movs	r2, #0
100028f0:	2300      	movs	r3, #0
100028f2:	f7ff fa7b 	bl	10001dec <__wrap___aeabi_dcmplt>
100028f6:	2800      	cmp	r0, #0
100028f8:	d000      	beq.n	100028fc <_ftoa+0x88>
100028fa:	e0d1      	b.n	10002aa0 <_ftoa+0x22c>
100028fc:	2300      	movs	r3, #0
100028fe:	930b      	str	r3, [sp, #44]	@ 0x2c
10002900:	9b22      	ldr	r3, [sp, #136]	@ 0x88
10002902:	055b      	lsls	r3, r3, #21
10002904:	d400      	bmi.n	10002908 <_ftoa+0x94>
10002906:	2606      	movs	r6, #6
10002908:	2400      	movs	r4, #0
1000290a:	2330      	movs	r3, #48	@ 0x30
1000290c:	e006      	b.n	1000291c <_ftoa+0xa8>
1000290e:	aa06      	add	r2, sp, #24
10002910:	3401      	adds	r4, #1
10002912:	3217      	adds	r2, #23
10002914:	5513      	strb	r3, [r2, r4]
10002916:	3e01      	subs	r6, #1
10002918:	2c20      	cmp	r4, #32
1000291a:	d001      	beq.n	10002920 <_ftoa+0xac>
1000291c:	2e09      	cmp	r6, #9
1000291e:	d8f6      	bhi.n	1000290e <_ftoa+0x9a>
10002920:	981e      	ldr	r0, [sp, #120]	@ 0x78
10002922:	991f      	ldr	r1, [sp, #124]	@ 0x7c
10002924:	f7ff faa6 	bl	10001e74 <__wrap___aeabi_d2iz>
10002928:	4ba6      	ldr	r3, [pc, #664]	@ (10002bc4 <_ftoa+0x350>)
1000292a:	00f2      	lsls	r2, r6, #3
1000292c:	189b      	adds	r3, r3, r2
1000292e:	cb0c      	ldmia	r3, {r2, r3}
10002930:	0005      	movs	r5, r0
10002932:	9208      	str	r2, [sp, #32]
10002934:	9309      	str	r3, [sp, #36]	@ 0x24
10002936:	f7ff fa85 	bl	10001e44 <__wrap___aeabi_i2d>
1000293a:	0002      	movs	r2, r0
1000293c:	000b      	movs	r3, r1
1000293e:	981e      	ldr	r0, [sp, #120]	@ 0x78
10002940:	991f      	ldr	r1, [sp, #124]	@ 0x7c
10002942:	f7ff f9e0 	bl	10001d06 <__wrap___aeabi_dsub>
10002946:	9a08      	ldr	r2, [sp, #32]
10002948:	9b09      	ldr	r3, [sp, #36]	@ 0x24
1000294a:	f7ff fa0c 	bl	10001d66 <__wrap___aeabi_dmul>
1000294e:	9006      	str	r0, [sp, #24]
10002950:	9107      	str	r1, [sp, #28]
10002952:	f7ff fab3 	bl	10001ebc <__wrap___aeabi_d2uiz>
10002956:	0007      	movs	r7, r0
10002958:	f7ff fa70 	bl	10001e3c <__wrap___aeabi_ui2d>
1000295c:	0002      	movs	r2, r0
1000295e:	000b      	movs	r3, r1
10002960:	9806      	ldr	r0, [sp, #24]
10002962:	9907      	ldr	r1, [sp, #28]
10002964:	f7ff f9cf 	bl	10001d06 <__wrap___aeabi_dsub>
10002968:	2200      	movs	r2, #0
1000296a:	4b97      	ldr	r3, [pc, #604]	@ (10002bc8 <_ftoa+0x354>)
1000296c:	9006      	str	r0, [sp, #24]
1000296e:	9107      	str	r1, [sp, #28]
10002970:	f7ff fa52 	bl	10001e18 <__wrap___aeabi_dcmpgt>
10002974:	2800      	cmp	r0, #0
10002976:	d100      	bne.n	1000297a <_ftoa+0x106>
10002978:	e0e9      	b.n	10002b4e <_ftoa+0x2da>
1000297a:	3701      	adds	r7, #1
1000297c:	0038      	movs	r0, r7
1000297e:	f7ff fa5d 	bl	10001e3c <__wrap___aeabi_ui2d>
10002982:	0002      	movs	r2, r0
10002984:	000b      	movs	r3, r1
10002986:	9808      	ldr	r0, [sp, #32]
10002988:	9909      	ldr	r1, [sp, #36]	@ 0x24
1000298a:	f7ff fa35 	bl	10001df8 <__wrap___aeabi_dcmple>
1000298e:	2800      	cmp	r0, #0
10002990:	d001      	beq.n	10002996 <_ftoa+0x122>
10002992:	2700      	movs	r7, #0
10002994:	3501      	adds	r5, #1
10002996:	2e00      	cmp	r6, #0
10002998:	d100      	bne.n	1000299c <_ftoa+0x128>
1000299a:	e0b7      	b.n	10002b0c <_ftoa+0x298>
1000299c:	9506      	str	r5, [sp, #24]
1000299e:	e014      	b.n	100029ca <_ftoa+0x156>
100029a0:	ab06      	add	r3, sp, #24
100029a2:	469c      	mov	ip, r3
100029a4:	2317      	movs	r3, #23
100029a6:	210a      	movs	r1, #10
100029a8:	4463      	add	r3, ip
100029aa:	0038      	movs	r0, r7
100029ac:	3401      	adds	r4, #1
100029ae:	191d      	adds	r5, r3, r4
100029b0:	f7fe ff6e 	bl	10001890 <__wrap___aeabi_uidiv>
100029b4:	3130      	adds	r1, #48	@ 0x30
100029b6:	7029      	strb	r1, [r5, #0]
100029b8:	0038      	movs	r0, r7
100029ba:	210a      	movs	r1, #10
100029bc:	3e01      	subs	r6, #1
100029be:	f7fe ff67 	bl	10001890 <__wrap___aeabi_uidiv>
100029c2:	2f09      	cmp	r7, #9
100029c4:	d800      	bhi.n	100029c8 <_ftoa+0x154>
100029c6:	e0e0      	b.n	10002b8a <_ftoa+0x316>
100029c8:	0007      	movs	r7, r0
100029ca:	2c20      	cmp	r4, #32
100029cc:	d1e8      	bne.n	100029a0 <_ftoa+0x12c>
100029ce:	ab0c      	add	r3, sp, #48	@ 0x30
100029d0:	9d06      	ldr	r5, [sp, #24]
100029d2:	9306      	str	r3, [sp, #24]
100029d4:	2717      	movs	r7, #23
100029d6:	ab06      	add	r3, sp, #24
100029d8:	18ff      	adds	r7, r7, r3
100029da:	e00d      	b.n	100029f8 <_ftoa+0x184>
100029dc:	0028      	movs	r0, r5
100029de:	210a      	movs	r1, #10
100029e0:	f7fe ff2e 	bl	10001840 <__wrap___aeabi_idiv>
100029e4:	3401      	adds	r4, #1
100029e6:	3130      	adds	r1, #48	@ 0x30
100029e8:	0028      	movs	r0, r5
100029ea:	5539      	strb	r1, [r7, r4]
100029ec:	210a      	movs	r1, #10
100029ee:	f7fe ff27 	bl	10001840 <__wrap___aeabi_idiv>
100029f2:	1e05      	subs	r5, r0, #0
100029f4:	d100      	bne.n	100029f8 <_ftoa+0x184>
100029f6:	e0b7      	b.n	10002b68 <_ftoa+0x2f4>
100029f8:	2c20      	cmp	r4, #32
100029fa:	d1ef      	bne.n	100029dc <_ftoa+0x168>
100029fc:	2303      	movs	r3, #3
100029fe:	9a22      	ldr	r2, [sp, #136]	@ 0x88
10002a00:	4013      	ands	r3, r2
10002a02:	2b01      	cmp	r3, #1
10002a04:	d117      	bne.n	10002a36 <_ftoa+0x1c2>
10002a06:	9b21      	ldr	r3, [sp, #132]	@ 0x84
10002a08:	2b00      	cmp	r3, #0
10002a0a:	d014      	beq.n	10002a36 <_ftoa+0x1c2>
10002a0c:	9b0b      	ldr	r3, [sp, #44]	@ 0x2c
10002a0e:	2b00      	cmp	r3, #0
10002a10:	d100      	bne.n	10002a14 <_ftoa+0x1a0>
10002a12:	e0e1      	b.n	10002bd8 <_ftoa+0x364>
10002a14:	9b21      	ldr	r3, [sp, #132]	@ 0x84
10002a16:	3b01      	subs	r3, #1
10002a18:	9321      	str	r3, [sp, #132]	@ 0x84
10002a1a:	2b20      	cmp	r3, #32
10002a1c:	d90b      	bls.n	10002a36 <_ftoa+0x1c2>
10002a1e:	2330      	movs	r3, #48	@ 0x30
10002a20:	9a21      	ldr	r2, [sp, #132]	@ 0x84
10002a22:	e006      	b.n	10002a32 <_ftoa+0x1be>
10002a24:	a906      	add	r1, sp, #24
10002a26:	3401      	adds	r4, #1
10002a28:	3117      	adds	r1, #23
10002a2a:	550b      	strb	r3, [r1, r4]
10002a2c:	4294      	cmp	r4, r2
10002a2e:	d300      	bcc.n	10002a32 <_ftoa+0x1be>
10002a30:	e0a0      	b.n	10002b74 <_ftoa+0x300>
10002a32:	2c20      	cmp	r4, #32
10002a34:	d1f6      	bne.n	10002a24 <_ftoa+0x1b0>
10002a36:	9b22      	ldr	r3, [sp, #136]	@ 0x88
10002a38:	9401      	str	r4, [sp, #4]
10002a3a:	9303      	str	r3, [sp, #12]
10002a3c:	9b21      	ldr	r3, [sp, #132]	@ 0x84
10002a3e:	9302      	str	r3, [sp, #8]
10002a40:	9b06      	ldr	r3, [sp, #24]
10002a42:	e021      	b.n	10002a88 <_ftoa+0x214>
10002a44:	9b22      	ldr	r3, [sp, #136]	@ 0x88
10002a46:	465a      	mov	r2, fp
10002a48:	9304      	str	r3, [sp, #16]
10002a4a:	9b21      	ldr	r3, [sp, #132]	@ 0x84
10002a4c:	4649      	mov	r1, r9
10002a4e:	9303      	str	r3, [sp, #12]
10002a50:	4650      	mov	r0, sl
10002a52:	9b1e      	ldr	r3, [sp, #120]	@ 0x78
10002a54:	9c1f      	ldr	r4, [sp, #124]	@ 0x7c
10002a56:	9602      	str	r6, [sp, #8]
10002a58:	9300      	str	r3, [sp, #0]
10002a5a:	9401      	str	r4, [sp, #4]
10002a5c:	4643      	mov	r3, r8
10002a5e:	f000 f945 	bl	10002cec <_etoa>
10002a62:	0004      	movs	r4, r0
10002a64:	0020      	movs	r0, r4
10002a66:	b015      	add	sp, #84	@ 0x54
10002a68:	bcf0      	pop	{r4, r5, r6, r7}
10002a6a:	46bb      	mov	fp, r7
10002a6c:	46b2      	mov	sl, r6
10002a6e:	46a9      	mov	r9, r5
10002a70:	46a0      	mov	r8, r4
10002a72:	bdf0      	pop	{r4, r5, r6, r7, pc}
10002a74:	9b22      	ldr	r3, [sp, #136]	@ 0x88
10002a76:	075b      	lsls	r3, r3, #29
10002a78:	d40f      	bmi.n	10002a9a <_ftoa+0x226>
10002a7a:	2203      	movs	r2, #3
10002a7c:	4b53      	ldr	r3, [pc, #332]	@ (10002bcc <_ftoa+0x358>)
10002a7e:	9922      	ldr	r1, [sp, #136]	@ 0x88
10002a80:	9201      	str	r2, [sp, #4]
10002a82:	9103      	str	r1, [sp, #12]
10002a84:	9921      	ldr	r1, [sp, #132]	@ 0x84
10002a86:	9102      	str	r1, [sp, #8]
10002a88:	9300      	str	r3, [sp, #0]
10002a8a:	465a      	mov	r2, fp
10002a8c:	4643      	mov	r3, r8
10002a8e:	4649      	mov	r1, r9
10002a90:	4650      	mov	r0, sl
10002a92:	f7ff fd9b 	bl	100025cc <_out_rev>
10002a96:	0004      	movs	r4, r0
10002a98:	e7e4      	b.n	10002a64 <_ftoa+0x1f0>
10002a9a:	2204      	movs	r2, #4
10002a9c:	4b4c      	ldr	r3, [pc, #304]	@ (10002bd0 <_ftoa+0x35c>)
10002a9e:	e7ee      	b.n	10002a7e <_ftoa+0x20a>
10002aa0:	9a1e      	ldr	r2, [sp, #120]	@ 0x78
10002aa2:	9b1f      	ldr	r3, [sp, #124]	@ 0x7c
10002aa4:	2000      	movs	r0, #0
10002aa6:	2100      	movs	r1, #0
10002aa8:	f7ff f92d 	bl	10001d06 <__wrap___aeabi_dsub>
10002aac:	2301      	movs	r3, #1
10002aae:	901e      	str	r0, [sp, #120]	@ 0x78
10002ab0:	911f      	str	r1, [sp, #124]	@ 0x7c
10002ab2:	930b      	str	r3, [sp, #44]	@ 0x2c
10002ab4:	e724      	b.n	10002900 <_ftoa+0x8c>
10002ab6:	2302      	movs	r3, #2
10002ab8:	9a22      	ldr	r2, [sp, #136]	@ 0x88
10002aba:	401a      	ands	r2, r3
10002abc:	9b22      	ldr	r3, [sp, #136]	@ 0x88
10002abe:	9206      	str	r2, [sp, #24]
10002ac0:	079b      	lsls	r3, r3, #30
10002ac2:	d100      	bne.n	10002ac6 <_ftoa+0x252>
10002ac4:	e0a0      	b.n	10002c08 <_ftoa+0x394>
10002ac6:	465c      	mov	r4, fp
10002ac8:	0026      	movs	r6, r4
10002aca:	4d42      	ldr	r5, [pc, #264]	@ (10002bd4 <_ftoa+0x360>)
10002acc:	9408      	str	r4, [sp, #32]
10002ace:	1f2f      	subs	r7, r5, #4
10002ad0:	0032      	movs	r2, r6
10002ad2:	78e8      	ldrb	r0, [r5, #3]
10002ad4:	4643      	mov	r3, r8
10002ad6:	4649      	mov	r1, r9
10002ad8:	3d01      	subs	r5, #1
10002ada:	47d0      	blx	sl
10002adc:	3601      	adds	r6, #1
10002ade:	42af      	cmp	r7, r5
10002ae0:	d1f6      	bne.n	10002ad0 <_ftoa+0x25c>
10002ae2:	9c08      	ldr	r4, [sp, #32]
10002ae4:	9b06      	ldr	r3, [sp, #24]
10002ae6:	3404      	adds	r4, #4
10002ae8:	2b00      	cmp	r3, #0
10002aea:	d0bb      	beq.n	10002a64 <_ftoa+0x1f0>
10002aec:	465f      	mov	r7, fp
10002aee:	9a21      	ldr	r2, [sp, #132]	@ 0x84
10002af0:	1be3      	subs	r3, r4, r7
10002af2:	429a      	cmp	r2, r3
10002af4:	d9b6      	bls.n	10002a64 <_ftoa+0x1f0>
10002af6:	0015      	movs	r5, r2
10002af8:	0022      	movs	r2, r4
10002afa:	4643      	mov	r3, r8
10002afc:	4649      	mov	r1, r9
10002afe:	2020      	movs	r0, #32
10002b00:	3401      	adds	r4, #1
10002b02:	47d0      	blx	sl
10002b04:	1be3      	subs	r3, r4, r7
10002b06:	429d      	cmp	r5, r3
10002b08:	d8f6      	bhi.n	10002af8 <_ftoa+0x284>
10002b0a:	e7ab      	b.n	10002a64 <_ftoa+0x1f0>
10002b0c:	0028      	movs	r0, r5
10002b0e:	f7ff f999 	bl	10001e44 <__wrap___aeabi_i2d>
10002b12:	0002      	movs	r2, r0
10002b14:	000b      	movs	r3, r1
10002b16:	981e      	ldr	r0, [sp, #120]	@ 0x78
10002b18:	991f      	ldr	r1, [sp, #124]	@ 0x7c
10002b1a:	f7ff f8f4 	bl	10001d06 <__wrap___aeabi_dsub>
10002b1e:	4b2a      	ldr	r3, [pc, #168]	@ (10002bc8 <_ftoa+0x354>)
10002b20:	2200      	movs	r2, #0
10002b22:	0006      	movs	r6, r0
10002b24:	000f      	movs	r7, r1
10002b26:	f7ff f961 	bl	10001dec <__wrap___aeabi_dcmplt>
10002b2a:	ab0c      	add	r3, sp, #48	@ 0x30
10002b2c:	9306      	str	r3, [sp, #24]
10002b2e:	2800      	cmp	r0, #0
10002b30:	d000      	beq.n	10002b34 <_ftoa+0x2c0>
10002b32:	e74f      	b.n	100029d4 <_ftoa+0x160>
10002b34:	2200      	movs	r2, #0
10002b36:	0030      	movs	r0, r6
10002b38:	0039      	movs	r1, r7
10002b3a:	4b23      	ldr	r3, [pc, #140]	@ (10002bc8 <_ftoa+0x354>)
10002b3c:	f7ff f96c 	bl	10001e18 <__wrap___aeabi_dcmpgt>
10002b40:	2800      	cmp	r0, #0
10002b42:	d000      	beq.n	10002b46 <_ftoa+0x2d2>
10002b44:	e746      	b.n	100029d4 <_ftoa+0x160>
10002b46:	2301      	movs	r3, #1
10002b48:	3501      	adds	r5, #1
10002b4a:	439d      	bics	r5, r3
10002b4c:	e742      	b.n	100029d4 <_ftoa+0x160>
10002b4e:	2200      	movs	r2, #0
10002b50:	9806      	ldr	r0, [sp, #24]
10002b52:	9907      	ldr	r1, [sp, #28]
10002b54:	4b1c      	ldr	r3, [pc, #112]	@ (10002bc8 <_ftoa+0x354>)
10002b56:	f7ff f949 	bl	10001dec <__wrap___aeabi_dcmplt>
10002b5a:	2800      	cmp	r0, #0
10002b5c:	d000      	beq.n	10002b60 <_ftoa+0x2ec>
10002b5e:	e71a      	b.n	10002996 <_ftoa+0x122>
10002b60:	2f00      	cmp	r7, #0
10002b62:	d16b      	bne.n	10002c3c <_ftoa+0x3c8>
10002b64:	3701      	adds	r7, #1
10002b66:	e716      	b.n	10002996 <_ftoa+0x122>
10002b68:	2303      	movs	r3, #3
10002b6a:	9a22      	ldr	r2, [sp, #136]	@ 0x88
10002b6c:	4013      	ands	r3, r2
10002b6e:	2b01      	cmp	r3, #1
10002b70:	d100      	bne.n	10002b74 <_ftoa+0x300>
10002b72:	e0a7      	b.n	10002cc4 <_ftoa+0x450>
10002b74:	2c20      	cmp	r4, #32
10002b76:	d100      	bne.n	10002b7a <_ftoa+0x306>
10002b78:	e75d      	b.n	10002a36 <_ftoa+0x1c2>
10002b7a:	9b0b      	ldr	r3, [sp, #44]	@ 0x2c
10002b7c:	2b00      	cmp	r3, #0
10002b7e:	d038      	beq.n	10002bf2 <_ftoa+0x37e>
10002b80:	232d      	movs	r3, #45	@ 0x2d
10002b82:	9a06      	ldr	r2, [sp, #24]
10002b84:	5513      	strb	r3, [r2, r4]
10002b86:	3401      	adds	r4, #1
10002b88:	e755      	b.n	10002a36 <_ftoa+0x1c2>
10002b8a:	2330      	movs	r3, #48	@ 0x30
10002b8c:	9d06      	ldr	r5, [sp, #24]
10002b8e:	1936      	adds	r6, r6, r4
10002b90:	2c20      	cmp	r4, #32
10002b92:	d106      	bne.n	10002ba2 <_ftoa+0x32e>
10002b94:	e035      	b.n	10002c02 <_ftoa+0x38e>
10002b96:	aa06      	add	r2, sp, #24
10002b98:	3401      	adds	r4, #1
10002b9a:	3217      	adds	r2, #23
10002b9c:	5513      	strb	r3, [r2, r4]
10002b9e:	2c20      	cmp	r4, #32
10002ba0:	d02f      	beq.n	10002c02 <_ftoa+0x38e>
10002ba2:	42b4      	cmp	r4, r6
10002ba4:	d1f7      	bne.n	10002b96 <_ftoa+0x322>
10002ba6:	232e      	movs	r3, #46	@ 0x2e
10002ba8:	aa0c      	add	r2, sp, #48	@ 0x30
10002baa:	3401      	adds	r4, #1
10002bac:	9206      	str	r2, [sp, #24]
10002bae:	5593      	strb	r3, [r2, r6]
10002bb0:	e710      	b.n	100029d4 <_ftoa+0x160>
10002bb2:	46c0      	nop			@ (mov r8, r8)
10002bb4:	ffefffff 	.word	0xffefffff
10002bb8:	7fefffff 	.word	0x7fefffff
10002bbc:	41cdcd65 	.word	0x41cdcd65
10002bc0:	c1cdcd65 	.word	0xc1cdcd65
10002bc4:	10006910 	.word	0x10006910
10002bc8:	3fe00000 	.word	0x3fe00000
10002bcc:	10006774 	.word	0x10006774
10002bd0:	1000676c 	.word	0x1000676c
10002bd4:	1000677c 	.word	0x1000677c
10002bd8:	230c      	movs	r3, #12
10002bda:	9a22      	ldr	r2, [sp, #136]	@ 0x88
10002bdc:	4213      	tst	r3, r2
10002bde:	d06c      	beq.n	10002cba <_ftoa+0x446>
10002be0:	9b21      	ldr	r3, [sp, #132]	@ 0x84
10002be2:	3b01      	subs	r3, #1
10002be4:	9321      	str	r3, [sp, #132]	@ 0x84
10002be6:	42a3      	cmp	r3, r4
10002be8:	d900      	bls.n	10002bec <_ftoa+0x378>
10002bea:	e718      	b.n	10002a1e <_ftoa+0x1aa>
10002bec:	2c20      	cmp	r4, #32
10002bee:	d100      	bne.n	10002bf2 <_ftoa+0x37e>
10002bf0:	e721      	b.n	10002a36 <_ftoa+0x1c2>
10002bf2:	9b22      	ldr	r3, [sp, #136]	@ 0x88
10002bf4:	075b      	lsls	r3, r3, #29
10002bf6:	d518      	bpl.n	10002c2a <_ftoa+0x3b6>
10002bf8:	232b      	movs	r3, #43	@ 0x2b
10002bfa:	9a06      	ldr	r2, [sp, #24]
10002bfc:	5513      	strb	r3, [r2, r4]
10002bfe:	3401      	adds	r4, #1
10002c00:	e719      	b.n	10002a36 <_ftoa+0x1c2>
10002c02:	ab0c      	add	r3, sp, #48	@ 0x30
10002c04:	9306      	str	r3, [sp, #24]
10002c06:	e6e5      	b.n	100029d4 <_ftoa+0x160>
10002c08:	9b21      	ldr	r3, [sp, #132]	@ 0x84
10002c0a:	2b04      	cmp	r3, #4
10002c0c:	d800      	bhi.n	10002c10 <_ftoa+0x39c>
10002c0e:	e75a      	b.n	10002ac6 <_ftoa+0x252>
10002c10:	465d      	mov	r5, fp
10002c12:	464f      	mov	r7, r9
10002c14:	1f2c      	subs	r4, r5, #4
10002c16:	18e4      	adds	r4, r4, r3
10002c18:	002a      	movs	r2, r5
10002c1a:	4643      	mov	r3, r8
10002c1c:	3501      	adds	r5, #1
10002c1e:	0039      	movs	r1, r7
10002c20:	2020      	movs	r0, #32
10002c22:	47d0      	blx	sl
10002c24:	42a5      	cmp	r5, r4
10002c26:	d1f7      	bne.n	10002c18 <_ftoa+0x3a4>
10002c28:	e74e      	b.n	10002ac8 <_ftoa+0x254>
10002c2a:	9b22      	ldr	r3, [sp, #136]	@ 0x88
10002c2c:	071b      	lsls	r3, r3, #28
10002c2e:	d400      	bmi.n	10002c32 <_ftoa+0x3be>
10002c30:	e701      	b.n	10002a36 <_ftoa+0x1c2>
10002c32:	2320      	movs	r3, #32
10002c34:	9a06      	ldr	r2, [sp, #24]
10002c36:	5513      	strb	r3, [r2, r4]
10002c38:	3401      	adds	r4, #1
10002c3a:	e6fc      	b.n	10002a36 <_ftoa+0x1c2>
10002c3c:	07fb      	lsls	r3, r7, #31
10002c3e:	d400      	bmi.n	10002c42 <_ftoa+0x3ce>
10002c40:	e6a9      	b.n	10002996 <_ftoa+0x122>
10002c42:	3701      	adds	r7, #1
10002c44:	e6a7      	b.n	10002996 <_ftoa+0x122>
10002c46:	2702      	movs	r7, #2
10002c48:	9b22      	ldr	r3, [sp, #136]	@ 0x88
10002c4a:	401f      	ands	r7, r3
10002c4c:	079b      	lsls	r3, r3, #30
10002c4e:	d022      	beq.n	10002c96 <_ftoa+0x422>
10002c50:	465d      	mov	r5, fp
10002c52:	9706      	str	r7, [sp, #24]
10002c54:	4657      	mov	r7, sl
10002c56:	4e24      	ldr	r6, [pc, #144]	@ (10002ce8 <_ftoa+0x474>)
10002c58:	1cec      	adds	r4, r5, #3
10002c5a:	002a      	movs	r2, r5
10002c5c:	78b0      	ldrb	r0, [r6, #2]
10002c5e:	4643      	mov	r3, r8
10002c60:	4649      	mov	r1, r9
10002c62:	3501      	adds	r5, #1
10002c64:	47b8      	blx	r7
10002c66:	3e01      	subs	r6, #1
10002c68:	42a5      	cmp	r5, r4
10002c6a:	d1f6      	bne.n	10002c5a <_ftoa+0x3e6>
10002c6c:	9f06      	ldr	r7, [sp, #24]
10002c6e:	2f00      	cmp	r7, #0
10002c70:	d100      	bne.n	10002c74 <_ftoa+0x400>
10002c72:	e6f7      	b.n	10002a64 <_ftoa+0x1f0>
10002c74:	465f      	mov	r7, fp
10002c76:	9a21      	ldr	r2, [sp, #132]	@ 0x84
10002c78:	1be3      	subs	r3, r4, r7
10002c7a:	4293      	cmp	r3, r2
10002c7c:	d300      	bcc.n	10002c80 <_ftoa+0x40c>
10002c7e:	e6f1      	b.n	10002a64 <_ftoa+0x1f0>
10002c80:	0015      	movs	r5, r2
10002c82:	0022      	movs	r2, r4
10002c84:	4643      	mov	r3, r8
10002c86:	4649      	mov	r1, r9
10002c88:	2020      	movs	r0, #32
10002c8a:	3401      	adds	r4, #1
10002c8c:	47d0      	blx	sl
10002c8e:	1be3      	subs	r3, r4, r7
10002c90:	429d      	cmp	r5, r3
10002c92:	d8f6      	bhi.n	10002c82 <_ftoa+0x40e>
10002c94:	e6e6      	b.n	10002a64 <_ftoa+0x1f0>
10002c96:	9b21      	ldr	r3, [sp, #132]	@ 0x84
10002c98:	2b03      	cmp	r3, #3
10002c9a:	d9d9      	bls.n	10002c50 <_ftoa+0x3dc>
10002c9c:	465c      	mov	r4, fp
10002c9e:	9706      	str	r7, [sp, #24]
10002ca0:	464f      	mov	r7, r9
10002ca2:	1ee5      	subs	r5, r4, #3
10002ca4:	18ed      	adds	r5, r5, r3
10002ca6:	0022      	movs	r2, r4
10002ca8:	4643      	mov	r3, r8
10002caa:	3401      	adds	r4, #1
10002cac:	0039      	movs	r1, r7
10002cae:	2020      	movs	r0, #32
10002cb0:	47d0      	blx	sl
10002cb2:	42ac      	cmp	r4, r5
10002cb4:	d1f7      	bne.n	10002ca6 <_ftoa+0x432>
10002cb6:	9f06      	ldr	r7, [sp, #24]
10002cb8:	e7cb      	b.n	10002c52 <_ftoa+0x3de>
10002cba:	9b21      	ldr	r3, [sp, #132]	@ 0x84
10002cbc:	42a3      	cmp	r3, r4
10002cbe:	d900      	bls.n	10002cc2 <_ftoa+0x44e>
10002cc0:	e6ad      	b.n	10002a1e <_ftoa+0x1aa>
10002cc2:	e6b8      	b.n	10002a36 <_ftoa+0x1c2>
10002cc4:	9b21      	ldr	r3, [sp, #132]	@ 0x84
10002cc6:	2b00      	cmp	r3, #0
10002cc8:	d100      	bne.n	10002ccc <_ftoa+0x458>
10002cca:	e753      	b.n	10002b74 <_ftoa+0x300>
10002ccc:	9b0b      	ldr	r3, [sp, #44]	@ 0x2c
10002cce:	2b00      	cmp	r3, #0
10002cd0:	d082      	beq.n	10002bd8 <_ftoa+0x364>
10002cd2:	9b21      	ldr	r3, [sp, #132]	@ 0x84
10002cd4:	3b01      	subs	r3, #1
10002cd6:	9321      	str	r3, [sp, #132]	@ 0x84
10002cd8:	429c      	cmp	r4, r3
10002cda:	d200      	bcs.n	10002cde <_ftoa+0x46a>
10002cdc:	e69f      	b.n	10002a1e <_ftoa+0x1aa>
10002cde:	2c20      	cmp	r4, #32
10002ce0:	d000      	beq.n	10002ce4 <_ftoa+0x470>
10002ce2:	e74d      	b.n	10002b80 <_ftoa+0x30c>
10002ce4:	e6a7      	b.n	10002a36 <_ftoa+0x1c2>
10002ce6:	46c0      	nop			@ (mov r8, r8)
10002ce8:	10006778 	.word	0x10006778

10002cec <_etoa>:
10002cec:	b5f0      	push	{r4, r5, r6, r7, lr}
10002cee:	464e      	mov	r6, r9
10002cf0:	46de      	mov	lr, fp
10002cf2:	4657      	mov	r7, sl
10002cf4:	4645      	mov	r5, r8
10002cf6:	b5e0      	push	{r5, r6, r7, lr}
10002cf8:	b09b      	sub	sp, #108	@ 0x6c
10002cfa:	9c24      	ldr	r4, [sp, #144]	@ 0x90
10002cfc:	9d25      	ldr	r5, [sp, #148]	@ 0x94
10002cfe:	4683      	mov	fp, r0
10002d00:	4689      	mov	r9, r1
10002d02:	4692      	mov	sl, r2
10002d04:	001e      	movs	r6, r3
10002d06:	0022      	movs	r2, r4
10002d08:	002b      	movs	r3, r5
10002d0a:	0020      	movs	r0, r4
10002d0c:	0029      	movs	r1, r5
10002d0e:	f7ff f888 	bl	10001e22 <__wrap___aeabi_dcmpun>
10002d12:	2800      	cmp	r0, #0
10002d14:	d000      	beq.n	10002d18 <_etoa+0x2c>
10002d16:	e0c4      	b.n	10002ea2 <_etoa+0x1b6>
10002d18:	2201      	movs	r2, #1
10002d1a:	0020      	movs	r0, r4
10002d1c:	0029      	movs	r1, r5
10002d1e:	4b7f      	ldr	r3, [pc, #508]	@ (10002f1c <_etoa+0x230>)
10002d20:	4252      	negs	r2, r2
10002d22:	f7ff f879 	bl	10001e18 <__wrap___aeabi_dcmpgt>
10002d26:	2800      	cmp	r0, #0
10002d28:	d000      	beq.n	10002d2c <_etoa+0x40>
10002d2a:	e0ba      	b.n	10002ea2 <_etoa+0x1b6>
10002d2c:	2201      	movs	r2, #1
10002d2e:	0020      	movs	r0, r4
10002d30:	0029      	movs	r1, r5
10002d32:	4b7b      	ldr	r3, [pc, #492]	@ (10002f20 <_etoa+0x234>)
10002d34:	4252      	negs	r2, r2
10002d36:	f7ff f859 	bl	10001dec <__wrap___aeabi_dcmplt>
10002d3a:	2800      	cmp	r0, #0
10002d3c:	d000      	beq.n	10002d40 <_etoa+0x54>
10002d3e:	e0b0      	b.n	10002ea2 <_etoa+0x1b6>
10002d40:	2200      	movs	r2, #0
10002d42:	2300      	movs	r3, #0
10002d44:	0020      	movs	r0, r4
10002d46:	0029      	movs	r1, r5
10002d48:	f7ff f850 	bl	10001dec <__wrap___aeabi_dcmplt>
10002d4c:	2800      	cmp	r0, #0
10002d4e:	d000      	beq.n	10002d52 <_etoa+0x66>
10002d50:	e218      	b.n	10003184 <_etoa+0x498>
10002d52:	9408      	str	r4, [sp, #32]
10002d54:	9509      	str	r5, [sp, #36]	@ 0x24
10002d56:	9808      	ldr	r0, [sp, #32]
10002d58:	9909      	ldr	r1, [sp, #36]	@ 0x24
10002d5a:	2380      	movs	r3, #128	@ 0x80
10002d5c:	9a28      	ldr	r2, [sp, #160]	@ 0xa0
10002d5e:	00db      	lsls	r3, r3, #3
10002d60:	401a      	ands	r2, r3
10002d62:	920f      	str	r2, [sp, #60]	@ 0x3c
10002d64:	2280      	movs	r2, #128	@ 0x80
10002d66:	9f28      	ldr	r7, [sp, #160]	@ 0xa0
10002d68:	0112      	lsls	r2, r2, #4
10002d6a:	4017      	ands	r7, r2
10002d6c:	003a      	movs	r2, r7
10002d6e:	970e      	str	r7, [sp, #56]	@ 0x38
10002d70:	9f28      	ldr	r7, [sp, #160]	@ 0xa0
10002d72:	4688      	mov	r8, r1
10002d74:	900a      	str	r0, [sp, #40]	@ 0x28
10002d76:	421f      	tst	r7, r3
10002d78:	d000      	beq.n	10002d7c <_etoa+0x90>
10002d7a:	e0a7      	b.n	10002ecc <_etoa+0x1e0>
10002d7c:	000b      	movs	r3, r1
10002d7e:	4303      	orrs	r3, r0
10002d80:	d000      	beq.n	10002d84 <_etoa+0x98>
10002d82:	e0d1      	b.n	10002f28 <_etoa+0x23c>
10002d84:	2a00      	cmp	r2, #0
10002d86:	d000      	beq.n	10002d8a <_etoa+0x9e>
10002d88:	e224      	b.n	100031d4 <_etoa+0x4e8>
10002d8a:	003a      	movs	r2, r7
10002d8c:	3306      	adds	r3, #6
10002d8e:	9326      	str	r3, [sp, #152]	@ 0x98
10002d90:	2302      	movs	r3, #2
10002d92:	4013      	ands	r3, r2
10002d94:	4698      	mov	r8, r3
10002d96:	2302      	movs	r3, #2
10002d98:	4213      	tst	r3, r2
10002d9a:	d100      	bne.n	10002d9e <_etoa+0xb2>
10002d9c:	e211      	b.n	100031c2 <_etoa+0x4d6>
10002d9e:	2300      	movs	r3, #0
10002da0:	2700      	movs	r7, #0
10002da2:	930e      	str	r3, [sp, #56]	@ 0x38
10002da4:	3302      	adds	r3, #2
10002da6:	4698      	mov	r8, r3
10002da8:	3302      	adds	r3, #2
10002daa:	930c      	str	r3, [sp, #48]	@ 0x30
10002dac:	2200      	movs	r2, #0
10002dae:	2300      	movs	r3, #0
10002db0:	0020      	movs	r0, r4
10002db2:	0029      	movs	r1, r5
10002db4:	f7ff f81a 	bl	10001dec <__wrap___aeabi_dcmplt>
10002db8:	2800      	cmp	r0, #0
10002dba:	d000      	beq.n	10002dbe <_etoa+0xd2>
10002dbc:	e1b3      	b.n	10003126 <_etoa+0x43a>
10002dbe:	4b59      	ldr	r3, [pc, #356]	@ (10002f24 <_etoa+0x238>)
10002dc0:	9a28      	ldr	r2, [sp, #160]	@ 0xa0
10002dc2:	4013      	ands	r3, r2
10002dc4:	9304      	str	r3, [sp, #16]
10002dc6:	9b0e      	ldr	r3, [sp, #56]	@ 0x38
10002dc8:	9303      	str	r3, [sp, #12]
10002dca:	9b26      	ldr	r3, [sp, #152]	@ 0x98
10002dcc:	9302      	str	r3, [sp, #8]
10002dce:	9b08      	ldr	r3, [sp, #32]
10002dd0:	9c09      	ldr	r4, [sp, #36]	@ 0x24
10002dd2:	9300      	str	r3, [sp, #0]
10002dd4:	9401      	str	r4, [sp, #4]
10002dd6:	4649      	mov	r1, r9
10002dd8:	0033      	movs	r3, r6
10002dda:	4652      	mov	r2, sl
10002ddc:	4658      	mov	r0, fp
10002dde:	f7ff fd49 	bl	10002874 <_ftoa>
10002de2:	0002      	movs	r2, r0
10002de4:	2020      	movs	r0, #32
10002de6:	9b28      	ldr	r3, [sp, #160]	@ 0xa0
10002de8:	2500      	movs	r5, #0
10002dea:	4003      	ands	r3, r0
10002dec:	4259      	negs	r1, r3
10002dee:	414b      	adcs	r3, r1
10002df0:	425b      	negs	r3, r3
10002df2:	4018      	ands	r0, r3
10002df4:	1c53      	adds	r3, r2, #1
10002df6:	9308      	str	r3, [sp, #32]
10002df8:	4649      	mov	r1, r9
10002dfa:	0033      	movs	r3, r6
10002dfc:	3045      	adds	r0, #69	@ 0x45
10002dfe:	47d8      	blx	fp
10002e00:	17fb      	asrs	r3, r7, #31
10002e02:	18fc      	adds	r4, r7, r3
10002e04:	405c      	eors	r4, r3
10002e06:	0ffb      	lsrs	r3, r7, #31
10002e08:	271f      	movs	r7, #31
10002e0a:	930a      	str	r3, [sp, #40]	@ 0x28
10002e0c:	9b0c      	ldr	r3, [sp, #48]	@ 0x30
10002e0e:	960c      	str	r6, [sp, #48]	@ 0x30
10002e10:	3b01      	subs	r3, #1
10002e12:	930e      	str	r3, [sp, #56]	@ 0x38
10002e14:	ab0a      	add	r3, sp, #40	@ 0x28
10002e16:	18ff      	adds	r7, r7, r3
10002e18:	e006      	b.n	10002e28 <_etoa+0x13c>
10002e1a:	0020      	movs	r0, r4
10002e1c:	210a      	movs	r1, #10
10002e1e:	f7fe fd37 	bl	10001890 <__wrap___aeabi_uidiv>
10002e22:	0004      	movs	r4, r0
10002e24:	2d20      	cmp	r5, #32
10002e26:	d008      	beq.n	10002e3a <_etoa+0x14e>
10002e28:	210a      	movs	r1, #10
10002e2a:	0020      	movs	r0, r4
10002e2c:	f7fe fd30 	bl	10001890 <__wrap___aeabi_uidiv>
10002e30:	3501      	adds	r5, #1
10002e32:	3130      	adds	r1, #48	@ 0x30
10002e34:	5579      	strb	r1, [r7, r5]
10002e36:	2c09      	cmp	r4, #9
10002e38:	d8ef      	bhi.n	10002e1a <_etoa+0x12e>
10002e3a:	2305      	movs	r3, #5
10002e3c:	9306      	str	r3, [sp, #24]
10002e3e:	9b0e      	ldr	r3, [sp, #56]	@ 0x38
10002e40:	465f      	mov	r7, fp
10002e42:	9305      	str	r3, [sp, #20]
10002e44:	2300      	movs	r3, #0
10002e46:	9304      	str	r3, [sp, #16]
10002e48:	330a      	adds	r3, #10
10002e4a:	9303      	str	r3, [sp, #12]
10002e4c:	9b0a      	ldr	r3, [sp, #40]	@ 0x28
10002e4e:	9e0c      	ldr	r6, [sp, #48]	@ 0x30
10002e50:	9302      	str	r3, [sp, #8]
10002e52:	ab12      	add	r3, sp, #72	@ 0x48
10002e54:	9300      	str	r3, [sp, #0]
10002e56:	4649      	mov	r1, r9
10002e58:	0033      	movs	r3, r6
10002e5a:	0038      	movs	r0, r7
10002e5c:	9a08      	ldr	r2, [sp, #32]
10002e5e:	9501      	str	r5, [sp, #4]
10002e60:	f7ff fc08 	bl	10002674 <_ntoa_format>
10002e64:	4643      	mov	r3, r8
10002e66:	2b00      	cmp	r3, #0
10002e68:	d029      	beq.n	10002ebe <_etoa+0x1d2>
10002e6a:	4653      	mov	r3, sl
10002e6c:	1ac4      	subs	r4, r0, r3
10002e6e:	9b27      	ldr	r3, [sp, #156]	@ 0x9c
10002e70:	42a3      	cmp	r3, r4
10002e72:	d924      	bls.n	10002ebe <_etoa+0x1d2>
10002e74:	4680      	mov	r8, r0
10002e76:	001d      	movs	r5, r3
10002e78:	4653      	mov	r3, sl
10002e7a:	4649      	mov	r1, r9
10002e7c:	191a      	adds	r2, r3, r4
10002e7e:	2020      	movs	r0, #32
10002e80:	0033      	movs	r3, r6
10002e82:	3401      	adds	r4, #1
10002e84:	47b8      	blx	r7
10002e86:	42a5      	cmp	r5, r4
10002e88:	d8f6      	bhi.n	10002e78 <_etoa+0x18c>
10002e8a:	4640      	mov	r0, r8
10002e8c:	4651      	mov	r1, sl
10002e8e:	9c27      	ldr	r4, [sp, #156]	@ 0x9c
10002e90:	1a42      	subs	r2, r0, r1
10002e92:	3201      	adds	r2, #1
10002e94:	2300      	movs	r3, #0
10002e96:	4294      	cmp	r4, r2
10002e98:	d300      	bcc.n	10002e9c <_etoa+0x1b0>
10002e9a:	e1a9      	b.n	100031f0 <_etoa+0x504>
10002e9c:	3001      	adds	r0, #1
10002e9e:	1818      	adds	r0, r3, r0
10002ea0:	e00d      	b.n	10002ebe <_etoa+0x1d2>
10002ea2:	9b28      	ldr	r3, [sp, #160]	@ 0xa0
10002ea4:	9400      	str	r4, [sp, #0]
10002ea6:	9501      	str	r5, [sp, #4]
10002ea8:	9304      	str	r3, [sp, #16]
10002eaa:	9b27      	ldr	r3, [sp, #156]	@ 0x9c
10002eac:	9303      	str	r3, [sp, #12]
10002eae:	9b26      	ldr	r3, [sp, #152]	@ 0x98
10002eb0:	9302      	str	r3, [sp, #8]
10002eb2:	0033      	movs	r3, r6
10002eb4:	4652      	mov	r2, sl
10002eb6:	4649      	mov	r1, r9
10002eb8:	4658      	mov	r0, fp
10002eba:	f7ff fcdb 	bl	10002874 <_ftoa>
10002ebe:	b01b      	add	sp, #108	@ 0x6c
10002ec0:	bcf0      	pop	{r4, r5, r6, r7}
10002ec2:	46bb      	mov	fp, r7
10002ec4:	46b2      	mov	sl, r6
10002ec6:	46a9      	mov	r9, r5
10002ec8:	46a0      	mov	r8, r4
10002eca:	bdf0      	pop	{r4, r5, r6, r7, pc}
10002ecc:	4301      	orrs	r1, r0
10002ece:	d12d      	bne.n	10002f2c <_etoa+0x240>
10002ed0:	9b0e      	ldr	r3, [sp, #56]	@ 0x38
10002ed2:	003a      	movs	r2, r7
10002ed4:	2b00      	cmp	r3, #0
10002ed6:	d100      	bne.n	10002eda <_etoa+0x1ee>
10002ed8:	e75a      	b.n	10002d90 <_etoa+0xa4>
10002eda:	2700      	movs	r7, #0
10002edc:	2300      	movs	r3, #0
10002ede:	4698      	mov	r8, r3
10002ee0:	9b26      	ldr	r3, [sp, #152]	@ 0x98
10002ee2:	42bb      	cmp	r3, r7
10002ee4:	dd00      	ble.n	10002ee8 <_etoa+0x1fc>
10002ee6:	e192      	b.n	1000320e <_etoa+0x522>
10002ee8:	2200      	movs	r2, #0
10002eea:	2300      	movs	r3, #0
10002eec:	0020      	movs	r0, r4
10002eee:	0029      	movs	r1, r5
10002ef0:	f7fe ff7c 	bl	10001dec <__wrap___aeabi_dcmplt>
10002ef4:	2800      	cmp	r0, #0
10002ef6:	d000      	beq.n	10002efa <_etoa+0x20e>
10002ef8:	e14c      	b.n	10003194 <_etoa+0x4a8>
10002efa:	9b28      	ldr	r3, [sp, #160]	@ 0xa0
10002efc:	4a09      	ldr	r2, [pc, #36]	@ (10002f24 <_etoa+0x238>)
10002efe:	401a      	ands	r2, r3
10002f00:	2380      	movs	r3, #128	@ 0x80
10002f02:	00db      	lsls	r3, r3, #3
10002f04:	4313      	orrs	r3, r2
10002f06:	9304      	str	r3, [sp, #16]
10002f08:	9b27      	ldr	r3, [sp, #156]	@ 0x9c
10002f0a:	9303      	str	r3, [sp, #12]
10002f0c:	4643      	mov	r3, r8
10002f0e:	9302      	str	r3, [sp, #8]
10002f10:	9b08      	ldr	r3, [sp, #32]
10002f12:	9c09      	ldr	r4, [sp, #36]	@ 0x24
10002f14:	9300      	str	r3, [sp, #0]
10002f16:	9401      	str	r4, [sp, #4]
10002f18:	e7cb      	b.n	10002eb2 <_etoa+0x1c6>
10002f1a:	46c0      	nop			@ (mov r8, r8)
10002f1c:	7fefffff 	.word	0x7fefffff
10002f20:	ffefffff 	.word	0xffefffff
10002f24:	fffff7ff 	.word	0xfffff7ff
10002f28:	2306      	movs	r3, #6
10002f2a:	9326      	str	r3, [sp, #152]	@ 0x98
10002f2c:	4643      	mov	r3, r8
10002f2e:	0058      	lsls	r0, r3, #1
10002f30:	4bbb      	ldr	r3, [pc, #748]	@ (10003220 <_etoa+0x534>)
10002f32:	0d40      	lsrs	r0, r0, #21
10002f34:	18c0      	adds	r0, r0, r3
10002f36:	f7fe ff85 	bl	10001e44 <__wrap___aeabi_i2d>
10002f3a:	4aba      	ldr	r2, [pc, #744]	@ (10003224 <_etoa+0x538>)
10002f3c:	4bba      	ldr	r3, [pc, #744]	@ (10003228 <_etoa+0x53c>)
10002f3e:	f7fe ff12 	bl	10001d66 <__wrap___aeabi_dmul>
10002f42:	4aba      	ldr	r2, [pc, #744]	@ (1000322c <_etoa+0x540>)
10002f44:	4bba      	ldr	r3, [pc, #744]	@ (10003230 <_etoa+0x544>)
10002f46:	f7fe fee7 	bl	10001d18 <__wrap___aeabi_dadd>
10002f4a:	4643      	mov	r3, r8
10002f4c:	031f      	lsls	r7, r3, #12
10002f4e:	4bb9      	ldr	r3, [pc, #740]	@ (10003234 <_etoa+0x548>)
10002f50:	0b3f      	lsrs	r7, r7, #12
10002f52:	433b      	orrs	r3, r7
10002f54:	900c      	str	r0, [sp, #48]	@ 0x30
10002f56:	910d      	str	r1, [sp, #52]	@ 0x34
10002f58:	2200      	movs	r2, #0
10002f5a:	980a      	ldr	r0, [sp, #40]	@ 0x28
10002f5c:	0019      	movs	r1, r3
10002f5e:	4bb6      	ldr	r3, [pc, #728]	@ (10003238 <_etoa+0x54c>)
10002f60:	f7fe fed1 	bl	10001d06 <__wrap___aeabi_dsub>
10002f64:	4ab5      	ldr	r2, [pc, #724]	@ (1000323c <_etoa+0x550>)
10002f66:	4bb6      	ldr	r3, [pc, #728]	@ (10003240 <_etoa+0x554>)
10002f68:	f7fe fefd 	bl	10001d66 <__wrap___aeabi_dmul>
10002f6c:	0002      	movs	r2, r0
10002f6e:	000b      	movs	r3, r1
10002f70:	980c      	ldr	r0, [sp, #48]	@ 0x30
10002f72:	990d      	ldr	r1, [sp, #52]	@ 0x34
10002f74:	f7fe fed0 	bl	10001d18 <__wrap___aeabi_dadd>
10002f78:	f7fe ff7c 	bl	10001e74 <__wrap___aeabi_d2iz>
10002f7c:	0007      	movs	r7, r0
10002f7e:	f7fe ff61 	bl	10001e44 <__wrap___aeabi_i2d>
10002f82:	4ab0      	ldr	r2, [pc, #704]	@ (10003244 <_etoa+0x558>)
10002f84:	4bb0      	ldr	r3, [pc, #704]	@ (10003248 <_etoa+0x55c>)
10002f86:	900a      	str	r0, [sp, #40]	@ 0x28
10002f88:	910b      	str	r1, [sp, #44]	@ 0x2c
10002f8a:	f7fe feec 	bl	10001d66 <__wrap___aeabi_dmul>
10002f8e:	2200      	movs	r2, #0
10002f90:	4bae      	ldr	r3, [pc, #696]	@ (1000324c <_etoa+0x560>)
10002f92:	f7fe fec1 	bl	10001d18 <__wrap___aeabi_dadd>
10002f96:	f7fe ff6d 	bl	10001e74 <__wrap___aeabi_d2iz>
10002f9a:	4aad      	ldr	r2, [pc, #692]	@ (10003250 <_etoa+0x564>)
10002f9c:	4680      	mov	r8, r0
10002f9e:	980a      	ldr	r0, [sp, #40]	@ 0x28
10002fa0:	990b      	ldr	r1, [sp, #44]	@ 0x2c
10002fa2:	4bac      	ldr	r3, [pc, #688]	@ (10003254 <_etoa+0x568>)
10002fa4:	f7fe fedf 	bl	10001d66 <__wrap___aeabi_dmul>
10002fa8:	900a      	str	r0, [sp, #40]	@ 0x28
10002faa:	910b      	str	r1, [sp, #44]	@ 0x2c
10002fac:	4640      	mov	r0, r8
10002fae:	f7fe ff49 	bl	10001e44 <__wrap___aeabi_i2d>
10002fb2:	4aa9      	ldr	r2, [pc, #676]	@ (10003258 <_etoa+0x56c>)
10002fb4:	4ba9      	ldr	r3, [pc, #676]	@ (1000325c <_etoa+0x570>)
10002fb6:	f7fe fed6 	bl	10001d66 <__wrap___aeabi_dmul>
10002fba:	0002      	movs	r2, r0
10002fbc:	000b      	movs	r3, r1
10002fbe:	980a      	ldr	r0, [sp, #40]	@ 0x28
10002fc0:	990b      	ldr	r1, [sp, #44]	@ 0x2c
10002fc2:	f7fe fea0 	bl	10001d06 <__wrap___aeabi_dsub>
10002fc6:	0002      	movs	r2, r0
10002fc8:	000b      	movs	r3, r1
10002fca:	900a      	str	r0, [sp, #40]	@ 0x28
10002fcc:	910b      	str	r1, [sp, #44]	@ 0x2c
10002fce:	f7fe feca 	bl	10001d66 <__wrap___aeabi_dmul>
10002fd2:	900c      	str	r0, [sp, #48]	@ 0x30
10002fd4:	910d      	str	r1, [sp, #52]	@ 0x34
10002fd6:	980a      	ldr	r0, [sp, #40]	@ 0x28
10002fd8:	990b      	ldr	r1, [sp, #44]	@ 0x2c
10002fda:	0002      	movs	r2, r0
10002fdc:	000b      	movs	r3, r1
10002fde:	f7fe fe9b 	bl	10001d18 <__wrap___aeabi_dadd>
10002fe2:	2200      	movs	r2, #0
10002fe4:	9010      	str	r0, [sp, #64]	@ 0x40
10002fe6:	9111      	str	r1, [sp, #68]	@ 0x44
10002fe8:	980c      	ldr	r0, [sp, #48]	@ 0x30
10002fea:	990d      	ldr	r1, [sp, #52]	@ 0x34
10002fec:	4b9c      	ldr	r3, [pc, #624]	@ (10003260 <_etoa+0x574>)
10002fee:	f7fe fe9c 	bl	10001d2a <__wrap___aeabi_ddiv>
10002ff2:	2200      	movs	r2, #0
10002ff4:	4b9b      	ldr	r3, [pc, #620]	@ (10003264 <_etoa+0x578>)
10002ff6:	f7fe fe8f 	bl	10001d18 <__wrap___aeabi_dadd>
10002ffa:	0002      	movs	r2, r0
10002ffc:	000b      	movs	r3, r1
10002ffe:	980c      	ldr	r0, [sp, #48]	@ 0x30
10003000:	990d      	ldr	r1, [sp, #52]	@ 0x34
10003002:	f7fe fe92 	bl	10001d2a <__wrap___aeabi_ddiv>
10003006:	2200      	movs	r2, #0
10003008:	4b97      	ldr	r3, [pc, #604]	@ (10003268 <_etoa+0x57c>)
1000300a:	f7fe fe85 	bl	10001d18 <__wrap___aeabi_dadd>
1000300e:	0002      	movs	r2, r0
10003010:	000b      	movs	r3, r1
10003012:	980c      	ldr	r0, [sp, #48]	@ 0x30
10003014:	990d      	ldr	r1, [sp, #52]	@ 0x34
10003016:	f7fe fe88 	bl	10001d2a <__wrap___aeabi_ddiv>
1000301a:	9a0a      	ldr	r2, [sp, #40]	@ 0x28
1000301c:	9b0b      	ldr	r3, [sp, #44]	@ 0x2c
1000301e:	900c      	str	r0, [sp, #48]	@ 0x30
10003020:	910d      	str	r1, [sp, #52]	@ 0x34
10003022:	2180      	movs	r1, #128	@ 0x80
10003024:	2000      	movs	r0, #0
10003026:	05c9      	lsls	r1, r1, #23
10003028:	f7fe fe6d 	bl	10001d06 <__wrap___aeabi_dsub>
1000302c:	0002      	movs	r2, r0
1000302e:	000b      	movs	r3, r1
10003030:	980c      	ldr	r0, [sp, #48]	@ 0x30
10003032:	990d      	ldr	r1, [sp, #52]	@ 0x34
10003034:	f7fe fe70 	bl	10001d18 <__wrap___aeabi_dadd>
10003038:	0002      	movs	r2, r0
1000303a:	000b      	movs	r3, r1
1000303c:	9810      	ldr	r0, [sp, #64]	@ 0x40
1000303e:	9911      	ldr	r1, [sp, #68]	@ 0x44
10003040:	f7fe fe73 	bl	10001d2a <__wrap___aeabi_ddiv>
10003044:	2200      	movs	r2, #0
10003046:	4b7b      	ldr	r3, [pc, #492]	@ (10003234 <_etoa+0x548>)
10003048:	f7fe fe66 	bl	10001d18 <__wrap___aeabi_dadd>
1000304c:	4643      	mov	r3, r8
1000304e:	4a87      	ldr	r2, [pc, #540]	@ (1000326c <_etoa+0x580>)
10003050:	900a      	str	r0, [sp, #40]	@ 0x28
10003052:	910b      	str	r1, [sp, #44]	@ 0x2c
10003054:	980a      	ldr	r0, [sp, #40]	@ 0x28
10003056:	990b      	ldr	r1, [sp, #44]	@ 0x2c
10003058:	189b      	adds	r3, r3, r2
1000305a:	051b      	lsls	r3, r3, #20
1000305c:	2200      	movs	r2, #0
1000305e:	f7fe fe82 	bl	10001d66 <__wrap___aeabi_dmul>
10003062:	0002      	movs	r2, r0
10003064:	000b      	movs	r3, r1
10003066:	9808      	ldr	r0, [sp, #32]
10003068:	9909      	ldr	r1, [sp, #36]	@ 0x24
1000306a:	920a      	str	r2, [sp, #40]	@ 0x28
1000306c:	930b      	str	r3, [sp, #44]	@ 0x2c
1000306e:	f7fe febd 	bl	10001dec <__wrap___aeabi_dcmplt>
10003072:	2800      	cmp	r0, #0
10003074:	d008      	beq.n	10003088 <_etoa+0x39c>
10003076:	980a      	ldr	r0, [sp, #40]	@ 0x28
10003078:	990b      	ldr	r1, [sp, #44]	@ 0x2c
1000307a:	2200      	movs	r2, #0
1000307c:	4b79      	ldr	r3, [pc, #484]	@ (10003264 <_etoa+0x578>)
1000307e:	f7fe fe54 	bl	10001d2a <__wrap___aeabi_ddiv>
10003082:	900a      	str	r0, [sp, #40]	@ 0x28
10003084:	910b      	str	r1, [sp, #44]	@ 0x2c
10003086:	3f01      	subs	r7, #1
10003088:	990a      	ldr	r1, [sp, #40]	@ 0x28
1000308a:	9a0b      	ldr	r2, [sp, #44]	@ 0x2c
1000308c:	000b      	movs	r3, r1
1000308e:	0011      	movs	r1, r2
10003090:	003a      	movs	r2, r7
10003092:	3263      	adds	r2, #99	@ 0x63
10003094:	2ac6      	cmp	r2, #198	@ 0xc6
10003096:	d857      	bhi.n	10003148 <_etoa+0x45c>
10003098:	2202      	movs	r2, #2
1000309a:	9828      	ldr	r0, [sp, #160]	@ 0xa0
1000309c:	4010      	ands	r0, r2
1000309e:	9a0e      	ldr	r2, [sp, #56]	@ 0x38
100030a0:	4680      	mov	r8, r0
100030a2:	2a00      	cmp	r2, #0
100030a4:	d100      	bne.n	100030a8 <_etoa+0x3bc>
100030a6:	e098      	b.n	100031da <_etoa+0x4ee>
100030a8:	2204      	movs	r2, #4
100030aa:	920c      	str	r2, [sp, #48]	@ 0x30
100030ac:	430b      	orrs	r3, r1
100030ae:	d100      	bne.n	100030b2 <_etoa+0x3c6>
100030b0:	e714      	b.n	10002edc <_etoa+0x1f0>
100030b2:	9808      	ldr	r0, [sp, #32]
100030b4:	9909      	ldr	r1, [sp, #36]	@ 0x24
100030b6:	4a6e      	ldr	r2, [pc, #440]	@ (10003270 <_etoa+0x584>)
100030b8:	4b6e      	ldr	r3, [pc, #440]	@ (10003274 <_etoa+0x588>)
100030ba:	f7fe fea5 	bl	10001e08 <__wrap___aeabi_dcmpge>
100030be:	2800      	cmp	r0, #0
100030c0:	d008      	beq.n	100030d4 <_etoa+0x3e8>
100030c2:	9808      	ldr	r0, [sp, #32]
100030c4:	9909      	ldr	r1, [sp, #36]	@ 0x24
100030c6:	2200      	movs	r2, #0
100030c8:	4b6b      	ldr	r3, [pc, #428]	@ (10003278 <_etoa+0x58c>)
100030ca:	f7fe fe8f 	bl	10001dec <__wrap___aeabi_dcmplt>
100030ce:	2800      	cmp	r0, #0
100030d0:	d000      	beq.n	100030d4 <_etoa+0x3e8>
100030d2:	e703      	b.n	10002edc <_etoa+0x1f0>
100030d4:	9b26      	ldr	r3, [sp, #152]	@ 0x98
100030d6:	2b00      	cmp	r3, #0
100030d8:	d048      	beq.n	1000316c <_etoa+0x480>
100030da:	9b0f      	ldr	r3, [sp, #60]	@ 0x3c
100030dc:	2b00      	cmp	r3, #0
100030de:	d045      	beq.n	1000316c <_etoa+0x480>
100030e0:	9b26      	ldr	r3, [sp, #152]	@ 0x98
100030e2:	9a0c      	ldr	r2, [sp, #48]	@ 0x30
100030e4:	3b01      	subs	r3, #1
100030e6:	9326      	str	r3, [sp, #152]	@ 0x98
100030e8:	9b27      	ldr	r3, [sp, #156]	@ 0x9c
100030ea:	4293      	cmp	r3, r2
100030ec:	d905      	bls.n	100030fa <_etoa+0x40e>
100030ee:	4643      	mov	r3, r8
100030f0:	2b00      	cmp	r3, #0
100030f2:	d100      	bne.n	100030f6 <_etoa+0x40a>
100030f4:	e082      	b.n	100031fc <_etoa+0x510>
100030f6:	2302      	movs	r3, #2
100030f8:	4698      	mov	r8, r3
100030fa:	2300      	movs	r3, #0
100030fc:	930e      	str	r3, [sp, #56]	@ 0x38
100030fe:	2f00      	cmp	r7, #0
10003100:	d100      	bne.n	10003104 <_etoa+0x418>
10003102:	e653      	b.n	10002dac <_etoa+0xc0>
10003104:	9a0a      	ldr	r2, [sp, #40]	@ 0x28
10003106:	9b0b      	ldr	r3, [sp, #44]	@ 0x2c
10003108:	9808      	ldr	r0, [sp, #32]
1000310a:	9909      	ldr	r1, [sp, #36]	@ 0x24
1000310c:	f7fe fe0d 	bl	10001d2a <__wrap___aeabi_ddiv>
10003110:	2200      	movs	r2, #0
10003112:	9008      	str	r0, [sp, #32]
10003114:	9109      	str	r1, [sp, #36]	@ 0x24
10003116:	2300      	movs	r3, #0
10003118:	0020      	movs	r0, r4
1000311a:	0029      	movs	r1, r5
1000311c:	f7fe fe66 	bl	10001dec <__wrap___aeabi_dcmplt>
10003120:	2800      	cmp	r0, #0
10003122:	d100      	bne.n	10003126 <_etoa+0x43a>
10003124:	e64b      	b.n	10002dbe <_etoa+0xd2>
10003126:	9c08      	ldr	r4, [sp, #32]
10003128:	9d09      	ldr	r5, [sp, #36]	@ 0x24
1000312a:	9a28      	ldr	r2, [sp, #160]	@ 0xa0
1000312c:	2080      	movs	r0, #128	@ 0x80
1000312e:	4b53      	ldr	r3, [pc, #332]	@ (1000327c <_etoa+0x590>)
10003130:	0600      	lsls	r0, r0, #24
10003132:	4013      	ands	r3, r2
10003134:	0022      	movs	r2, r4
10003136:	9304      	str	r3, [sp, #16]
10003138:	9b0e      	ldr	r3, [sp, #56]	@ 0x38
1000313a:	9303      	str	r3, [sp, #12]
1000313c:	9b26      	ldr	r3, [sp, #152]	@ 0x98
1000313e:	9302      	str	r3, [sp, #8]
10003140:	182b      	adds	r3, r5, r0
10003142:	9200      	str	r2, [sp, #0]
10003144:	9301      	str	r3, [sp, #4]
10003146:	e646      	b.n	10002dd6 <_etoa+0xea>
10003148:	2202      	movs	r2, #2
1000314a:	9828      	ldr	r0, [sp, #160]	@ 0xa0
1000314c:	4010      	ands	r0, r2
1000314e:	9a0e      	ldr	r2, [sp, #56]	@ 0x38
10003150:	4680      	mov	r8, r0
10003152:	2a00      	cmp	r2, #0
10003154:	d132      	bne.n	100031bc <_etoa+0x4d0>
10003156:	9b27      	ldr	r3, [sp, #156]	@ 0x9c
10003158:	2b05      	cmp	r3, #5
1000315a:	d904      	bls.n	10003166 <_etoa+0x47a>
1000315c:	2800      	cmp	r0, #0
1000315e:	d15a      	bne.n	10003216 <_etoa+0x52a>
10003160:	9b27      	ldr	r3, [sp, #156]	@ 0x9c
10003162:	3b05      	subs	r3, #5
10003164:	930e      	str	r3, [sp, #56]	@ 0x38
10003166:	2305      	movs	r3, #5
10003168:	930c      	str	r3, [sp, #48]	@ 0x30
1000316a:	e7cb      	b.n	10003104 <_etoa+0x418>
1000316c:	9b27      	ldr	r3, [sp, #156]	@ 0x9c
1000316e:	9a0c      	ldr	r2, [sp, #48]	@ 0x30
10003170:	4293      	cmp	r3, r2
10003172:	d9c2      	bls.n	100030fa <_etoa+0x40e>
10003174:	4643      	mov	r3, r8
10003176:	2b00      	cmp	r3, #0
10003178:	d040      	beq.n	100031fc <_etoa+0x510>
1000317a:	2300      	movs	r3, #0
1000317c:	930e      	str	r3, [sp, #56]	@ 0x38
1000317e:	3302      	adds	r3, #2
10003180:	4698      	mov	r8, r3
10003182:	e7bc      	b.n	100030fe <_etoa+0x412>
10003184:	2380      	movs	r3, #128	@ 0x80
10003186:	061b      	lsls	r3, r3, #24
10003188:	469c      	mov	ip, r3
1000318a:	44ac      	add	ip, r5
1000318c:	4663      	mov	r3, ip
1000318e:	9408      	str	r4, [sp, #32]
10003190:	9309      	str	r3, [sp, #36]	@ 0x24
10003192:	e5e0      	b.n	10002d56 <_etoa+0x6a>
10003194:	9b28      	ldr	r3, [sp, #160]	@ 0xa0
10003196:	4a39      	ldr	r2, [pc, #228]	@ (1000327c <_etoa+0x590>)
10003198:	2080      	movs	r0, #128	@ 0x80
1000319a:	9c08      	ldr	r4, [sp, #32]
1000319c:	9d09      	ldr	r5, [sp, #36]	@ 0x24
1000319e:	401a      	ands	r2, r3
100031a0:	2380      	movs	r3, #128	@ 0x80
100031a2:	00db      	lsls	r3, r3, #3
100031a4:	4313      	orrs	r3, r2
100031a6:	9304      	str	r3, [sp, #16]
100031a8:	9b27      	ldr	r3, [sp, #156]	@ 0x9c
100031aa:	0022      	movs	r2, r4
100031ac:	9303      	str	r3, [sp, #12]
100031ae:	4643      	mov	r3, r8
100031b0:	0600      	lsls	r0, r0, #24
100031b2:	9302      	str	r3, [sp, #8]
100031b4:	182b      	adds	r3, r5, r0
100031b6:	9200      	str	r2, [sp, #0]
100031b8:	9301      	str	r3, [sp, #4]
100031ba:	e67a      	b.n	10002eb2 <_etoa+0x1c6>
100031bc:	2205      	movs	r2, #5
100031be:	920c      	str	r2, [sp, #48]	@ 0x30
100031c0:	e774      	b.n	100030ac <_etoa+0x3c0>
100031c2:	9b27      	ldr	r3, [sp, #156]	@ 0x9c
100031c4:	2b04      	cmp	r3, #4
100031c6:	d317      	bcc.n	100031f8 <_etoa+0x50c>
100031c8:	3b04      	subs	r3, #4
100031ca:	930e      	str	r3, [sp, #56]	@ 0x38
100031cc:	2304      	movs	r3, #4
100031ce:	2700      	movs	r7, #0
100031d0:	930c      	str	r3, [sp, #48]	@ 0x30
100031d2:	e5eb      	b.n	10002dac <_etoa+0xc0>
100031d4:	2305      	movs	r3, #5
100031d6:	4698      	mov	r8, r3
100031d8:	e686      	b.n	10002ee8 <_etoa+0x1fc>
100031da:	9b27      	ldr	r3, [sp, #156]	@ 0x9c
100031dc:	2b04      	cmp	r3, #4
100031de:	d904      	bls.n	100031ea <_etoa+0x4fe>
100031e0:	2800      	cmp	r0, #0
100031e2:	d10f      	bne.n	10003204 <_etoa+0x518>
100031e4:	9b27      	ldr	r3, [sp, #156]	@ 0x9c
100031e6:	3b04      	subs	r3, #4
100031e8:	930e      	str	r3, [sp, #56]	@ 0x38
100031ea:	2304      	movs	r3, #4
100031ec:	930c      	str	r3, [sp, #48]	@ 0x30
100031ee:	e786      	b.n	100030fe <_etoa+0x412>
100031f0:	1e4b      	subs	r3, r1, #1
100031f2:	191b      	adds	r3, r3, r4
100031f4:	1a1b      	subs	r3, r3, r0
100031f6:	e651      	b.n	10002e9c <_etoa+0x1b0>
100031f8:	2304      	movs	r3, #4
100031fa:	e7e5      	b.n	100031c8 <_etoa+0x4dc>
100031fc:	9b27      	ldr	r3, [sp, #156]	@ 0x9c
100031fe:	1a9b      	subs	r3, r3, r2
10003200:	930e      	str	r3, [sp, #56]	@ 0x38
10003202:	e77c      	b.n	100030fe <_etoa+0x412>
10003204:	2304      	movs	r3, #4
10003206:	930c      	str	r3, [sp, #48]	@ 0x30
10003208:	3b02      	subs	r3, #2
1000320a:	4698      	mov	r8, r3
1000320c:	e777      	b.n	100030fe <_etoa+0x412>
1000320e:	1bdb      	subs	r3, r3, r7
10003210:	3b01      	subs	r3, #1
10003212:	4698      	mov	r8, r3
10003214:	e668      	b.n	10002ee8 <_etoa+0x1fc>
10003216:	2302      	movs	r3, #2
10003218:	4698      	mov	r8, r3
1000321a:	3303      	adds	r3, #3
1000321c:	930c      	str	r3, [sp, #48]	@ 0x30
1000321e:	e771      	b.n	10003104 <_etoa+0x418>
10003220:	fffffc01 	.word	0xfffffc01
10003224:	509f79fb 	.word	0x509f79fb
10003228:	3fd34413 	.word	0x3fd34413
1000322c:	8b60c8b3 	.word	0x8b60c8b3
10003230:	3fc68a28 	.word	0x3fc68a28
10003234:	3ff00000 	.word	0x3ff00000
10003238:	3ff80000 	.word	0x3ff80000
1000323c:	636f4361 	.word	0x636f4361
10003240:	3fd287a7 	.word	0x3fd287a7
10003244:	0979a371 	.word	0x0979a371
10003248:	400a934f 	.word	0x400a934f
1000324c:	3fe00000 	.word	0x3fe00000
10003250:	bbb55516 	.word	0xbbb55516
10003254:	40026bb1 	.word	0x40026bb1
10003258:	fefa39ef 	.word	0xfefa39ef
1000325c:	3fe62e42 	.word	0x3fe62e42
10003260:	402c0000 	.word	0x402c0000
10003264:	40240000 	.word	0x40240000
10003268:	40180000 	.word	0x40180000
1000326c:	000003ff 	.word	0x000003ff
10003270:	eb1c432d 	.word	0xeb1c432d
10003274:	3f1a36e2 	.word	0x3f1a36e2
10003278:	412e8480 	.word	0x412e8480
1000327c:	fffff7ff 	.word	0xfffff7ff

10003280 <_vsnprintf>:
10003280:	b5f0      	push	{r4, r5, r6, r7, lr}
10003282:	4657      	mov	r7, sl
10003284:	46de      	mov	lr, fp
10003286:	464e      	mov	r6, r9
10003288:	4645      	mov	r5, r8
1000328a:	b5e0      	push	{r5, r6, r7, lr}
1000328c:	b09f      	sub	sp, #124	@ 0x7c
1000328e:	001f      	movs	r7, r3
10003290:	9b28      	ldr	r3, [sp, #160]	@ 0xa0
10003292:	4692      	mov	sl, r2
10003294:	930b      	str	r3, [sp, #44]	@ 0x2c
10003296:	4ac6      	ldr	r2, [pc, #792]	@ (100035b0 <_vsnprintf+0x330>)
10003298:	4bc6      	ldr	r3, [pc, #792]	@ (100035b4 <_vsnprintf+0x334>)
1000329a:	468b      	mov	fp, r1
1000329c:	900a      	str	r0, [sp, #40]	@ 0x28
1000329e:	601a      	str	r2, [r3, #0]
100032a0:	2900      	cmp	r1, #0
100032a2:	d100      	bne.n	100032a6 <_vsnprintf+0x26>
100032a4:	e202      	b.n	100036ac <_vsnprintf+0x42c>
100032a6:	2300      	movs	r3, #0
100032a8:	7838      	ldrb	r0, [r7, #0]
100032aa:	4699      	mov	r9, r3
100032ac:	2800      	cmp	r0, #0
100032ae:	d100      	bne.n	100032b2 <_vsnprintf+0x32>
100032b0:	e204      	b.n	100036bc <_vsnprintf+0x43c>
100032b2:	4bc1      	ldr	r3, [pc, #772]	@ (100035b8 <_vsnprintf+0x338>)
100032b4:	465d      	mov	r5, fp
100032b6:	9309      	str	r3, [sp, #36]	@ 0x24
100032b8:	4bc0      	ldr	r3, [pc, #768]	@ (100035bc <_vsnprintf+0x33c>)
100032ba:	4656      	mov	r6, sl
100032bc:	930d      	str	r3, [sp, #52]	@ 0x34
100032be:	464b      	mov	r3, r9
100032c0:	9308      	str	r3, [sp, #32]
100032c2:	e00b      	b.n	100032dc <_vsnprintf+0x5c>
100032c4:	9a08      	ldr	r2, [sp, #32]
100032c6:	0033      	movs	r3, r6
100032c8:	4690      	mov	r8, r2
100032ca:	0029      	movs	r1, r5
100032cc:	9c0a      	ldr	r4, [sp, #40]	@ 0x28
100032ce:	47a0      	blx	r4
100032d0:	4643      	mov	r3, r8
100032d2:	3301      	adds	r3, #1
100032d4:	9308      	str	r3, [sp, #32]
100032d6:	7838      	ldrb	r0, [r7, #0]
100032d8:	2800      	cmp	r0, #0
100032da:	d076      	beq.n	100033ca <_vsnprintf+0x14a>
100032dc:	3701      	adds	r7, #1
100032de:	2825      	cmp	r0, #37	@ 0x25
100032e0:	d1f0      	bne.n	100032c4 <_vsnprintf+0x44>
100032e2:	2310      	movs	r3, #16
100032e4:	469b      	mov	fp, r3
100032e6:	3b08      	subs	r3, #8
100032e8:	469a      	mov	sl, r3
100032ea:	3b04      	subs	r3, #4
100032ec:	4699      	mov	r9, r3
100032ee:	3b02      	subs	r3, #2
100032f0:	4698      	mov	r8, r3
100032f2:	3b01      	subs	r3, #1
100032f4:	2200      	movs	r2, #0
100032f6:	469c      	mov	ip, r3
100032f8:	7838      	ldrb	r0, [r7, #0]
100032fa:	1c79      	adds	r1, r7, #1
100032fc:	0003      	movs	r3, r0
100032fe:	3b20      	subs	r3, #32
10003300:	b2db      	uxtb	r3, r3
10003302:	2b10      	cmp	r3, #16
10003304:	d803      	bhi.n	1000330e <_vsnprintf+0x8e>
10003306:	9c09      	ldr	r4, [sp, #36]	@ 0x24
10003308:	009b      	lsls	r3, r3, #2
1000330a:	58e3      	ldr	r3, [r4, r3]
1000330c:	469f      	mov	pc, r3
1000330e:	0003      	movs	r3, r0
10003310:	3b30      	subs	r3, #48	@ 0x30
10003312:	2b09      	cmp	r3, #9
10003314:	d800      	bhi.n	10003318 <_vsnprintf+0x98>
10003316:	e0e2      	b.n	100034de <_vsnprintf+0x25e>
10003318:	2300      	movs	r3, #0
1000331a:	4698      	mov	r8, r3
1000331c:	282a      	cmp	r0, #42	@ 0x2a
1000331e:	d100      	bne.n	10003322 <_vsnprintf+0xa2>
10003320:	e132      	b.n	10003588 <_vsnprintf+0x308>
10003322:	2300      	movs	r3, #0
10003324:	930c      	str	r3, [sp, #48]	@ 0x30
10003326:	282e      	cmp	r0, #46	@ 0x2e
10003328:	d100      	bne.n	1000332c <_vsnprintf+0xac>
1000332a:	e0c7      	b.n	100034bc <_vsnprintf+0x23c>
1000332c:	2368      	movs	r3, #104	@ 0x68
1000332e:	425b      	negs	r3, r3
10003330:	469c      	mov	ip, r3
10003332:	4484      	add	ip, r0
10003334:	4663      	mov	r3, ip
10003336:	b2db      	uxtb	r3, r3
10003338:	2b12      	cmp	r3, #18
1000333a:	d81d      	bhi.n	10003378 <_vsnprintf+0xf8>
1000333c:	009b      	lsls	r3, r3, #2
1000333e:	001c      	movs	r4, r3
10003340:	9b0d      	ldr	r3, [sp, #52]	@ 0x34
10003342:	591b      	ldr	r3, [r3, r4]
10003344:	469f      	mov	pc, r3
10003346:	4663      	mov	r3, ip
10003348:	000f      	movs	r7, r1
1000334a:	431a      	orrs	r2, r3
1000334c:	e7d4      	b.n	100032f8 <_vsnprintf+0x78>
1000334e:	4643      	mov	r3, r8
10003350:	000f      	movs	r7, r1
10003352:	431a      	orrs	r2, r3
10003354:	e7d0      	b.n	100032f8 <_vsnprintf+0x78>
10003356:	464b      	mov	r3, r9
10003358:	000f      	movs	r7, r1
1000335a:	431a      	orrs	r2, r3
1000335c:	e7cc      	b.n	100032f8 <_vsnprintf+0x78>
1000335e:	465b      	mov	r3, fp
10003360:	000f      	movs	r7, r1
10003362:	431a      	orrs	r2, r3
10003364:	e7c8      	b.n	100032f8 <_vsnprintf+0x78>
10003366:	4653      	mov	r3, sl
10003368:	000f      	movs	r7, r1
1000336a:	431a      	orrs	r2, r3
1000336c:	e7c4      	b.n	100032f8 <_vsnprintf+0x78>
1000336e:	2080      	movs	r0, #128	@ 0x80
10003370:	0040      	lsls	r0, r0, #1
10003372:	4302      	orrs	r2, r0
10003374:	7878      	ldrb	r0, [r7, #1]
10003376:	3101      	adds	r1, #1
10003378:	000f      	movs	r7, r1
1000337a:	2865      	cmp	r0, #101	@ 0x65
1000337c:	d83e      	bhi.n	100033fc <_vsnprintf+0x17c>
1000337e:	2846      	cmp	r0, #70	@ 0x46
10003380:	d900      	bls.n	10003384 <_vsnprintf+0x104>
10003382:	e0c2      	b.n	1000350a <_vsnprintf+0x28a>
10003384:	2825      	cmp	r0, #37	@ 0x25
10003386:	d09d      	beq.n	100032c4 <_vsnprintf+0x44>
10003388:	2824      	cmp	r0, #36	@ 0x24
1000338a:	d99b      	bls.n	100032c4 <_vsnprintf+0x44>
1000338c:	2845      	cmp	r0, #69	@ 0x45
1000338e:	d100      	bne.n	10003392 <_vsnprintf+0x112>
10003390:	e292      	b.n	100038b8 <_vsnprintf+0x638>
10003392:	2846      	cmp	r0, #70	@ 0x46
10003394:	d196      	bne.n	100032c4 <_vsnprintf+0x44>
10003396:	2120      	movs	r1, #32
10003398:	430a      	orrs	r2, r1
1000339a:	2007      	movs	r0, #7
1000339c:	990b      	ldr	r1, [sp, #44]	@ 0x2c
1000339e:	9204      	str	r2, [sp, #16]
100033a0:	4642      	mov	r2, r8
100033a2:	1dcb      	adds	r3, r1, #7
100033a4:	4383      	bics	r3, r0
100033a6:	0019      	movs	r1, r3
100033a8:	9203      	str	r2, [sp, #12]
100033aa:	9a0c      	ldr	r2, [sp, #48]	@ 0x30
100033ac:	980a      	ldr	r0, [sp, #40]	@ 0x28
100033ae:	9202      	str	r2, [sp, #8]
100033b0:	c90c      	ldmia	r1!, {r2, r3}
100033b2:	9200      	str	r2, [sp, #0]
100033b4:	9301      	str	r3, [sp, #4]
100033b6:	910b      	str	r1, [sp, #44]	@ 0x2c
100033b8:	0033      	movs	r3, r6
100033ba:	0029      	movs	r1, r5
100033bc:	9a08      	ldr	r2, [sp, #32]
100033be:	f7ff fa59 	bl	10002874 <_ftoa>
100033c2:	9008      	str	r0, [sp, #32]
100033c4:	7838      	ldrb	r0, [r7, #0]
100033c6:	2800      	cmp	r0, #0
100033c8:	d188      	bne.n	100032dc <_vsnprintf+0x5c>
100033ca:	9b08      	ldr	r3, [sp, #32]
100033cc:	46ab      	mov	fp, r5
100033ce:	4699      	mov	r9, r3
100033d0:	46b2      	mov	sl, r6
100033d2:	001c      	movs	r4, r3
100033d4:	45ca      	cmp	sl, r9
100033d6:	d803      	bhi.n	100033e0 <_vsnprintf+0x160>
100033d8:	2301      	movs	r3, #1
100033da:	425b      	negs	r3, r3
100033dc:	4453      	add	r3, sl
100033de:	4699      	mov	r9, r3
100033e0:	4653      	mov	r3, sl
100033e2:	464a      	mov	r2, r9
100033e4:	4659      	mov	r1, fp
100033e6:	2000      	movs	r0, #0
100033e8:	9d0a      	ldr	r5, [sp, #40]	@ 0x28
100033ea:	47a8      	blx	r5
100033ec:	0020      	movs	r0, r4
100033ee:	b01f      	add	sp, #124	@ 0x7c
100033f0:	bcf0      	pop	{r4, r5, r6, r7}
100033f2:	46bb      	mov	fp, r7
100033f4:	46b2      	mov	sl, r6
100033f6:	46a9      	mov	r9, r5
100033f8:	46a0      	mov	r8, r4
100033fa:	bdf0      	pop	{r4, r5, r6, r7, pc}
100033fc:	2878      	cmp	r0, #120	@ 0x78
100033fe:	d900      	bls.n	10003402 <_vsnprintf+0x182>
10003400:	e760      	b.n	100032c4 <_vsnprintf+0x44>
10003402:	2868      	cmp	r0, #104	@ 0x68
10003404:	d800      	bhi.n	10003408 <_vsnprintf+0x188>
10003406:	e15b      	b.n	100036c0 <_vsnprintf+0x440>
10003408:	0001      	movs	r1, r0
1000340a:	2301      	movs	r3, #1
1000340c:	3969      	subs	r1, #105	@ 0x69
1000340e:	b2c9      	uxtb	r1, r1
10003410:	408b      	lsls	r3, r1
10003412:	469c      	mov	ip, r3
10003414:	4661      	mov	r1, ip
10003416:	4b6a      	ldr	r3, [pc, #424]	@ (100035c0 <_vsnprintf+0x340>)
10003418:	001c      	movs	r4, r3
1000341a:	4019      	ands	r1, r3
1000341c:	4663      	mov	r3, ip
1000341e:	4223      	tst	r3, r4
10003420:	d000      	beq.n	10003424 <_vsnprintf+0x1a4>
10003422:	e16c      	b.n	100036fe <_vsnprintf+0x47e>
10003424:	2873      	cmp	r0, #115	@ 0x73
10003426:	d100      	bne.n	1000342a <_vsnprintf+0x1aa>
10003428:	e0d0      	b.n	100035cc <_vsnprintf+0x34c>
1000342a:	2870      	cmp	r0, #112	@ 0x70
1000342c:	d000      	beq.n	10003430 <_vsnprintf+0x1b0>
1000342e:	e749      	b.n	100032c4 <_vsnprintf+0x44>
10003430:	9b0b      	ldr	r3, [sp, #44]	@ 0x2c
10003432:	cb01      	ldmia	r3!, {r0}
10003434:	4684      	mov	ip, r0
10003436:	4698      	mov	r8, r3
10003438:	2800      	cmp	r0, #0
1000343a:	d000      	beq.n	1000343e <_vsnprintf+0x1be>
1000343c:	e1f1      	b.n	10003822 <_vsnprintf+0x5a2>
1000343e:	2010      	movs	r0, #16
10003440:	0013      	movs	r3, r2
10003442:	4383      	bics	r3, r0
10003444:	3011      	adds	r0, #17
10003446:	4318      	orrs	r0, r3
10003448:	0552      	lsls	r2, r2, #21
1000344a:	d421      	bmi.n	10003490 <_vsnprintf+0x210>
1000344c:	ab0e      	add	r3, sp, #56	@ 0x38
1000344e:	4662      	mov	r2, ip
10003450:	469c      	mov	ip, r3
10003452:	231f      	movs	r3, #31
10003454:	4463      	add	r3, ip
10003456:	001c      	movs	r4, r3
10003458:	230f      	movs	r3, #15
1000345a:	469c      	mov	ip, r3
1000345c:	9b08      	ldr	r3, [sp, #32]
1000345e:	4683      	mov	fp, r0
10003460:	4699      	mov	r9, r3
10003462:	9b0c      	ldr	r3, [sp, #48]	@ 0x30
10003464:	469a      	mov	sl, r3
10003466:	e002      	b.n	1000346e <_vsnprintf+0x1ee>
10003468:	0912      	lsrs	r2, r2, #4
1000346a:	2920      	cmp	r1, #32
1000346c:	d00b      	beq.n	10003486 <_vsnprintf+0x206>
1000346e:	4663      	mov	r3, ip
10003470:	4013      	ands	r3, r2
10003472:	0018      	movs	r0, r3
10003474:	3037      	adds	r0, #55	@ 0x37
10003476:	2b09      	cmp	r3, #9
10003478:	d801      	bhi.n	1000347e <_vsnprintf+0x1fe>
1000347a:	3330      	adds	r3, #48	@ 0x30
1000347c:	0018      	movs	r0, r3
1000347e:	3101      	adds	r1, #1
10003480:	5460      	strb	r0, [r4, r1]
10003482:	2a0f      	cmp	r2, #15
10003484:	d8f0      	bhi.n	10003468 <_vsnprintf+0x1e8>
10003486:	464b      	mov	r3, r9
10003488:	9308      	str	r3, [sp, #32]
1000348a:	4653      	mov	r3, sl
1000348c:	4658      	mov	r0, fp
1000348e:	930c      	str	r3, [sp, #48]	@ 0x30
10003490:	9b0c      	ldr	r3, [sp, #48]	@ 0x30
10003492:	2208      	movs	r2, #8
10003494:	9304      	str	r3, [sp, #16]
10003496:	2310      	movs	r3, #16
10003498:	9303      	str	r3, [sp, #12]
1000349a:	2300      	movs	r3, #0
1000349c:	9302      	str	r3, [sp, #8]
1000349e:	ab16      	add	r3, sp, #88	@ 0x58
100034a0:	9006      	str	r0, [sp, #24]
100034a2:	9205      	str	r2, [sp, #20]
100034a4:	9101      	str	r1, [sp, #4]
100034a6:	9300      	str	r3, [sp, #0]
100034a8:	0029      	movs	r1, r5
100034aa:	0033      	movs	r3, r6
100034ac:	9a08      	ldr	r2, [sp, #32]
100034ae:	980a      	ldr	r0, [sp, #40]	@ 0x28
100034b0:	f7ff f8e0 	bl	10002674 <_ntoa_format>
100034b4:	4643      	mov	r3, r8
100034b6:	9008      	str	r0, [sp, #32]
100034b8:	930b      	str	r3, [sp, #44]	@ 0x2c
100034ba:	e70c      	b.n	100032d6 <_vsnprintf+0x56>
100034bc:	2080      	movs	r0, #128	@ 0x80
100034be:	3b30      	subs	r3, #48	@ 0x30
100034c0:	4699      	mov	r9, r3
100034c2:	00c0      	lsls	r0, r0, #3
100034c4:	4302      	orrs	r2, r0
100034c6:	7878      	ldrb	r0, [r7, #1]
100034c8:	4481      	add	r9, r0
100034ca:	464b      	mov	r3, r9
100034cc:	2b09      	cmp	r3, #9
100034ce:	d800      	bhi.n	100034d2 <_vsnprintf+0x252>
100034d0:	e188      	b.n	100037e4 <_vsnprintf+0x564>
100034d2:	282a      	cmp	r0, #42	@ 0x2a
100034d4:	d100      	bne.n	100034d8 <_vsnprintf+0x258>
100034d6:	e197      	b.n	10003808 <_vsnprintf+0x588>
100034d8:	000f      	movs	r7, r1
100034da:	3101      	adds	r1, #1
100034dc:	e726      	b.n	1000332c <_vsnprintf+0xac>
100034de:	2300      	movs	r3, #0
100034e0:	4694      	mov	ip, r2
100034e2:	001f      	movs	r7, r3
100034e4:	9c08      	ldr	r4, [sp, #32]
100034e6:	e000      	b.n	100034ea <_vsnprintf+0x26a>
100034e8:	3101      	adds	r1, #1
100034ea:	00bb      	lsls	r3, r7, #2
100034ec:	19db      	adds	r3, r3, r7
100034ee:	005b      	lsls	r3, r3, #1
100034f0:	181f      	adds	r7, r3, r0
100034f2:	7808      	ldrb	r0, [r1, #0]
100034f4:	3f30      	subs	r7, #48	@ 0x30
100034f6:	0003      	movs	r3, r0
100034f8:	3b30      	subs	r3, #48	@ 0x30
100034fa:	2b09      	cmp	r3, #9
100034fc:	d9f4      	bls.n	100034e8 <_vsnprintf+0x268>
100034fe:	46b8      	mov	r8, r7
10003500:	4662      	mov	r2, ip
10003502:	000f      	movs	r7, r1
10003504:	9408      	str	r4, [sp, #32]
10003506:	3101      	adds	r1, #1
10003508:	e70b      	b.n	10003322 <_vsnprintf+0xa2>
1000350a:	0001      	movs	r1, r0
1000350c:	2301      	movs	r3, #1
1000350e:	3947      	subs	r1, #71	@ 0x47
10003510:	b2c9      	uxtb	r1, r1
10003512:	408b      	lsls	r3, r1
10003514:	0019      	movs	r1, r3
10003516:	4b2b      	ldr	r3, [pc, #172]	@ (100035c4 <_vsnprintf+0x344>)
10003518:	4219      	tst	r1, r3
1000351a:	d000      	beq.n	1000351e <_vsnprintf+0x29e>
1000351c:	e2aa      	b.n	10003a74 <_vsnprintf+0x7f4>
1000351e:	4b2a      	ldr	r3, [pc, #168]	@ (100035c8 <_vsnprintf+0x348>)
10003520:	4219      	tst	r1, r3
10003522:	d000      	beq.n	10003526 <_vsnprintf+0x2a6>
10003524:	e1c2      	b.n	100038ac <_vsnprintf+0x62c>
10003526:	2863      	cmp	r0, #99	@ 0x63
10003528:	d000      	beq.n	1000352c <_vsnprintf+0x2ac>
1000352a:	e6cb      	b.n	100032c4 <_vsnprintf+0x44>
1000352c:	9b08      	ldr	r3, [sp, #32]
1000352e:	3301      	adds	r3, #1
10003530:	4699      	mov	r9, r3
10003532:	9b0b      	ldr	r3, [sp, #44]	@ 0x2c
10003534:	3304      	adds	r3, #4
10003536:	469a      	mov	sl, r3
10003538:	0792      	lsls	r2, r2, #30
1000353a:	d400      	bmi.n	1000353e <_vsnprintf+0x2be>
1000353c:	e268      	b.n	10003a10 <_vsnprintf+0x790>
1000353e:	9a08      	ldr	r2, [sp, #32]
10003540:	9b0b      	ldr	r3, [sp, #44]	@ 0x2c
10003542:	4693      	mov	fp, r2
10003544:	7818      	ldrb	r0, [r3, #0]
10003546:	0029      	movs	r1, r5
10003548:	0033      	movs	r3, r6
1000354a:	9c0a      	ldr	r4, [sp, #40]	@ 0x28
1000354c:	47a0      	blx	r4
1000354e:	465b      	mov	r3, fp
10003550:	4443      	add	r3, r8
10003552:	9308      	str	r3, [sp, #32]
10003554:	4643      	mov	r3, r8
10003556:	2b01      	cmp	r3, #1
10003558:	d800      	bhi.n	1000355c <_vsnprintf+0x2dc>
1000355a:	e304      	b.n	10003b66 <_vsnprintf+0x8e6>
1000355c:	002b      	movs	r3, r5
1000355e:	464c      	mov	r4, r9
10003560:	46b9      	mov	r9, r7
10003562:	001f      	movs	r7, r3
10003564:	46b0      	mov	r8, r6
10003566:	9d08      	ldr	r5, [sp, #32]
10003568:	9e0a      	ldr	r6, [sp, #40]	@ 0x28
1000356a:	0022      	movs	r2, r4
1000356c:	4643      	mov	r3, r8
1000356e:	3401      	adds	r4, #1
10003570:	0039      	movs	r1, r7
10003572:	2020      	movs	r0, #32
10003574:	47b0      	blx	r6
10003576:	42ac      	cmp	r4, r5
10003578:	d1f7      	bne.n	1000356a <_vsnprintf+0x2ea>
1000357a:	4653      	mov	r3, sl
1000357c:	9508      	str	r5, [sp, #32]
1000357e:	4646      	mov	r6, r8
10003580:	003d      	movs	r5, r7
10003582:	930b      	str	r3, [sp, #44]	@ 0x2c
10003584:	464f      	mov	r7, r9
10003586:	e6a6      	b.n	100032d6 <_vsnprintf+0x56>
10003588:	9b0b      	ldr	r3, [sp, #44]	@ 0x2c
1000358a:	cb01      	ldmia	r3!, {r0}
1000358c:	4680      	mov	r8, r0
1000358e:	2800      	cmp	r0, #0
10003590:	db04      	blt.n	1000359c <_vsnprintf+0x31c>
10003592:	000f      	movs	r7, r1
10003594:	7808      	ldrb	r0, [r1, #0]
10003596:	930b      	str	r3, [sp, #44]	@ 0x2c
10003598:	3101      	adds	r1, #1
1000359a:	e6c2      	b.n	10003322 <_vsnprintf+0xa2>
1000359c:	2002      	movs	r0, #2
1000359e:	4302      	orrs	r2, r0
100035a0:	4640      	mov	r0, r8
100035a2:	4240      	negs	r0, r0
100035a4:	4680      	mov	r8, r0
100035a6:	000f      	movs	r7, r1
100035a8:	7808      	ldrb	r0, [r1, #0]
100035aa:	930b      	str	r3, [sp, #44]	@ 0x2c
100035ac:	3101      	adds	r1, #1
100035ae:	e6b8      	b.n	10003322 <_vsnprintf+0xa2>
100035b0:	10003281 	.word	0x10003281
100035b4:	20001d30 	.word	0x20001d30
100035b8:	10006880 	.word	0x10006880
100035bc:	100068c4 	.word	0x100068c4
100035c0:	00009041 	.word	0x00009041
100035c4:	28020000 	.word	0x28020000
100035c8:	40000001 	.word	0x40000001
100035cc:	9b0b      	ldr	r3, [sp, #44]	@ 0x2c
100035ce:	cb02      	ldmia	r3!, {r1}
100035d0:	468a      	mov	sl, r1
100035d2:	990c      	ldr	r1, [sp, #48]	@ 0x30
100035d4:	469b      	mov	fp, r3
100035d6:	2900      	cmp	r1, #0
100035d8:	d100      	bne.n	100035dc <_vsnprintf+0x35c>
100035da:	e120      	b.n	1000381e <_vsnprintf+0x59e>
100035dc:	4653      	mov	r3, sl
100035de:	7818      	ldrb	r0, [r3, #0]
100035e0:	4451      	add	r1, sl
100035e2:	468c      	mov	ip, r1
100035e4:	4651      	mov	r1, sl
100035e6:	2800      	cmp	r0, #0
100035e8:	d100      	bne.n	100035ec <_vsnprintf+0x36c>
100035ea:	e3e2      	b.n	10003db2 <_vsnprintf+0xb32>
100035ec:	9b0c      	ldr	r3, [sp, #48]	@ 0x30
100035ee:	9c08      	ldr	r4, [sp, #32]
100035f0:	4699      	mov	r9, r3
100035f2:	4663      	mov	r3, ip
100035f4:	4694      	mov	ip, r2
100035f6:	001a      	movs	r2, r3
100035f8:	784b      	ldrb	r3, [r1, #1]
100035fa:	3101      	adds	r1, #1
100035fc:	2b00      	cmp	r3, #0
100035fe:	d001      	beq.n	10003604 <_vsnprintf+0x384>
10003600:	4291      	cmp	r1, r2
10003602:	d1f9      	bne.n	100035f8 <_vsnprintf+0x378>
10003604:	464b      	mov	r3, r9
10003606:	930c      	str	r3, [sp, #48]	@ 0x30
10003608:	4653      	mov	r3, sl
1000360a:	4662      	mov	r2, ip
1000360c:	1acb      	subs	r3, r1, r3
1000360e:	9408      	str	r4, [sp, #32]
10003610:	9310      	str	r3, [sp, #64]	@ 0x40
10003612:	0551      	lsls	r1, r2, #21
10003614:	d400      	bmi.n	10003618 <_vsnprintf+0x398>
10003616:	e107      	b.n	10003828 <_vsnprintf+0x5a8>
10003618:	9b10      	ldr	r3, [sp, #64]	@ 0x40
1000361a:	990c      	ldr	r1, [sp, #48]	@ 0x30
1000361c:	428b      	cmp	r3, r1
1000361e:	d900      	bls.n	10003622 <_vsnprintf+0x3a2>
10003620:	9110      	str	r1, [sp, #64]	@ 0x40
10003622:	2102      	movs	r1, #2
10003624:	000b      	movs	r3, r1
10003626:	4013      	ands	r3, r2
10003628:	930e      	str	r3, [sp, #56]	@ 0x38
1000362a:	4211      	tst	r1, r2
1000362c:	d100      	bne.n	10003630 <_vsnprintf+0x3b0>
1000362e:	e326      	b.n	10003c7e <_vsnprintf+0x9fe>
10003630:	2302      	movs	r3, #2
10003632:	930e      	str	r3, [sp, #56]	@ 0x38
10003634:	9b0c      	ldr	r3, [sp, #48]	@ 0x30
10003636:	9a08      	ldr	r2, [sp, #32]
10003638:	4699      	mov	r9, r3
1000363a:	4653      	mov	r3, sl
1000363c:	1a9b      	subs	r3, r3, r2
1000363e:	469a      	mov	sl, r3
10003640:	4643      	mov	r3, r8
10003642:	9308      	str	r3, [sp, #32]
10003644:	4653      	mov	r3, sl
10003646:	4491      	add	r9, r2
10003648:	46ba      	mov	sl, r7
1000364a:	46a8      	mov	r8, r5
1000364c:	001f      	movs	r7, r3
1000364e:	464d      	mov	r5, r9
10003650:	46b1      	mov	r9, r6
10003652:	9e0a      	ldr	r6, [sp, #40]	@ 0x28
10003654:	e008      	b.n	10003668 <_vsnprintf+0x3e8>
10003656:	1c54      	adds	r4, r2, #1
10003658:	464b      	mov	r3, r9
1000365a:	4641      	mov	r1, r8
1000365c:	47b0      	blx	r6
1000365e:	5d38      	ldrb	r0, [r7, r4]
10003660:	2800      	cmp	r0, #0
10003662:	d100      	bne.n	10003666 <_vsnprintf+0x3e6>
10003664:	e184      	b.n	10003970 <_vsnprintf+0x6f0>
10003666:	0022      	movs	r2, r4
10003668:	4295      	cmp	r5, r2
1000366a:	d1f4      	bne.n	10003656 <_vsnprintf+0x3d6>
1000366c:	464e      	mov	r6, r9
1000366e:	46a9      	mov	r9, r5
10003670:	9b08      	ldr	r3, [sp, #32]
10003672:	4645      	mov	r5, r8
10003674:	4698      	mov	r8, r3
10003676:	464b      	mov	r3, r9
10003678:	4657      	mov	r7, sl
1000367a:	9308      	str	r3, [sp, #32]
1000367c:	e0f1      	b.n	10003862 <_vsnprintf+0x5e2>
1000367e:	7878      	ldrb	r0, [r7, #1]
10003680:	286c      	cmp	r0, #108	@ 0x6c
10003682:	d100      	bne.n	10003686 <_vsnprintf+0x406>
10003684:	e16e      	b.n	10003964 <_vsnprintf+0x6e4>
10003686:	2780      	movs	r7, #128	@ 0x80
10003688:	007f      	lsls	r7, r7, #1
1000368a:	433a      	orrs	r2, r7
1000368c:	3101      	adds	r1, #1
1000368e:	e673      	b.n	10003378 <_vsnprintf+0xf8>
10003690:	2080      	movs	r0, #128	@ 0x80
10003692:	0080      	lsls	r0, r0, #2
10003694:	4302      	orrs	r2, r0
10003696:	3101      	adds	r1, #1
10003698:	7878      	ldrb	r0, [r7, #1]
1000369a:	e66d      	b.n	10003378 <_vsnprintf+0xf8>
1000369c:	7878      	ldrb	r0, [r7, #1]
1000369e:	2868      	cmp	r0, #104	@ 0x68
100036a0:	d100      	bne.n	100036a4 <_vsnprintf+0x424>
100036a2:	e15a      	b.n	1000395a <_vsnprintf+0x6da>
100036a4:	2780      	movs	r7, #128	@ 0x80
100036a6:	3101      	adds	r1, #1
100036a8:	433a      	orrs	r2, r7
100036aa:	e665      	b.n	10003378 <_vsnprintf+0xf8>
100036ac:	4bd7      	ldr	r3, [pc, #860]	@ (10003a0c <_vsnprintf+0x78c>)
100036ae:	7838      	ldrb	r0, [r7, #0]
100036b0:	930a      	str	r3, [sp, #40]	@ 0x28
100036b2:	2300      	movs	r3, #0
100036b4:	4699      	mov	r9, r3
100036b6:	2800      	cmp	r0, #0
100036b8:	d000      	beq.n	100036bc <_vsnprintf+0x43c>
100036ba:	e5fa      	b.n	100032b2 <_vsnprintf+0x32>
100036bc:	2400      	movs	r4, #0
100036be:	e689      	b.n	100033d4 <_vsnprintf+0x154>
100036c0:	2866      	cmp	r0, #102	@ 0x66
100036c2:	d100      	bne.n	100036c6 <_vsnprintf+0x446>
100036c4:	e669      	b.n	1000339a <_vsnprintf+0x11a>
100036c6:	2867      	cmp	r0, #103	@ 0x67
100036c8:	d000      	beq.n	100036cc <_vsnprintf+0x44c>
100036ca:	e5fb      	b.n	100032c4 <_vsnprintf+0x44>
100036cc:	2180      	movs	r1, #128	@ 0x80
100036ce:	0109      	lsls	r1, r1, #4
100036d0:	430a      	orrs	r2, r1
100036d2:	2007      	movs	r0, #7
100036d4:	990b      	ldr	r1, [sp, #44]	@ 0x2c
100036d6:	9204      	str	r2, [sp, #16]
100036d8:	4642      	mov	r2, r8
100036da:	1dcb      	adds	r3, r1, #7
100036dc:	4383      	bics	r3, r0
100036de:	0019      	movs	r1, r3
100036e0:	9203      	str	r2, [sp, #12]
100036e2:	9a0c      	ldr	r2, [sp, #48]	@ 0x30
100036e4:	980a      	ldr	r0, [sp, #40]	@ 0x28
100036e6:	9202      	str	r2, [sp, #8]
100036e8:	c90c      	ldmia	r1!, {r2, r3}
100036ea:	9200      	str	r2, [sp, #0]
100036ec:	9301      	str	r3, [sp, #4]
100036ee:	910b      	str	r1, [sp, #44]	@ 0x2c
100036f0:	0033      	movs	r3, r6
100036f2:	0029      	movs	r1, r5
100036f4:	9a08      	ldr	r2, [sp, #32]
100036f6:	f7ff faf9 	bl	10002cec <_etoa>
100036fa:	9008      	str	r0, [sp, #32]
100036fc:	e5eb      	b.n	100032d6 <_vsnprintf+0x56>
100036fe:	286f      	cmp	r0, #111	@ 0x6f
10003700:	d100      	bne.n	10003704 <_vsnprintf+0x484>
10003702:	e0dc      	b.n	100038be <_vsnprintf+0x63e>
10003704:	d900      	bls.n	10003708 <_vsnprintf+0x488>
10003706:	e1aa      	b.n	10003a5e <_vsnprintf+0x7de>
10003708:	2110      	movs	r1, #16
1000370a:	0013      	movs	r3, r2
1000370c:	438b      	bics	r3, r1
1000370e:	469c      	mov	ip, r3
10003710:	2869      	cmp	r0, #105	@ 0x69
10003712:	d000      	beq.n	10003716 <_vsnprintf+0x496>
10003714:	e378      	b.n	10003e08 <_vsnprintf+0xb88>
10003716:	2180      	movs	r1, #128	@ 0x80
10003718:	0013      	movs	r3, r2
1000371a:	00c9      	lsls	r1, r1, #3
1000371c:	400b      	ands	r3, r1
1000371e:	469a      	mov	sl, r3
10003720:	420a      	tst	r2, r1
10003722:	d003      	beq.n	1000372c <_vsnprintf+0x4ac>
10003724:	2011      	movs	r0, #17
10003726:	4382      	bics	r2, r0
10003728:	4694      	mov	ip, r2
1000372a:	468a      	mov	sl, r1
1000372c:	2180      	movs	r1, #128	@ 0x80
1000372e:	4662      	mov	r2, ip
10003730:	4663      	mov	r3, ip
10003732:	0089      	lsls	r1, r1, #2
10003734:	400a      	ands	r2, r1
10003736:	420b      	tst	r3, r1
10003738:	d100      	bne.n	1000373c <_vsnprintf+0x4bc>
1000373a:	e120      	b.n	1000397e <_vsnprintf+0x6fe>
1000373c:	2308      	movs	r3, #8
1000373e:	4699      	mov	r9, r3
10003740:	9a0b      	ldr	r2, [sp, #44]	@ 0x2c
10003742:	39fa      	subs	r1, #250	@ 0xfa
10003744:	39ff      	subs	r1, #255	@ 0xff
10003746:	3207      	adds	r2, #7
10003748:	438a      	bics	r2, r1
1000374a:	4491      	add	r9, r2
1000374c:	464b      	mov	r3, r9
1000374e:	ca06      	ldmia	r2, {r1, r2}
10003750:	930b      	str	r3, [sp, #44]	@ 0x2c
10003752:	910e      	str	r1, [sp, #56]	@ 0x38
10003754:	920f      	str	r2, [sp, #60]	@ 0x3c
10003756:	2a00      	cmp	r2, #0
10003758:	dc00      	bgt.n	1000375c <_vsnprintf+0x4dc>
1000375a:	e1de      	b.n	10003b1a <_vsnprintf+0x89a>
1000375c:	2300      	movs	r3, #0
1000375e:	469a      	mov	sl, r3
10003760:	2300      	movs	r3, #0
10003762:	4699      	mov	r9, r3
10003764:	ab0e      	add	r3, sp, #56	@ 0x38
10003766:	469b      	mov	fp, r3
10003768:	231f      	movs	r3, #31
1000376a:	445b      	add	r3, fp
1000376c:	469b      	mov	fp, r3
1000376e:	4663      	mov	r3, ip
10003770:	9310      	str	r3, [sp, #64]	@ 0x40
10003772:	4643      	mov	r3, r8
10003774:	46b8      	mov	r8, r7
10003776:	9311      	str	r3, [sp, #68]	@ 0x44
10003778:	465f      	mov	r7, fp
1000377a:	46b3      	mov	fp, r6
1000377c:	464e      	mov	r6, r9
1000377e:	46a9      	mov	r9, r5
10003780:	9c0e      	ldr	r4, [sp, #56]	@ 0x38
10003782:	9d0f      	ldr	r5, [sp, #60]	@ 0x3c
10003784:	e003      	b.n	1000378e <_vsnprintf+0x50e>
10003786:	0004      	movs	r4, r0
10003788:	000d      	movs	r5, r1
1000378a:	2e20      	cmp	r6, #32
1000378c:	d00c      	beq.n	100037a8 <_vsnprintf+0x528>
1000378e:	220a      	movs	r2, #10
10003790:	2300      	movs	r3, #0
10003792:	0020      	movs	r0, r4
10003794:	0029      	movs	r1, r5
10003796:	f7fe f8b9 	bl	1000190c <__wrap___aeabi_uldivmod>
1000379a:	3601      	adds	r6, #1
1000379c:	3230      	adds	r2, #48	@ 0x30
1000379e:	55ba      	strb	r2, [r7, r6]
100037a0:	2d00      	cmp	r5, #0
100037a2:	d1f0      	bne.n	10003786 <_vsnprintf+0x506>
100037a4:	2c09      	cmp	r4, #9
100037a6:	d8ee      	bhi.n	10003786 <_vsnprintf+0x506>
100037a8:	9b10      	ldr	r3, [sp, #64]	@ 0x40
100037aa:	4647      	mov	r7, r8
100037ac:	469c      	mov	ip, r3
100037ae:	9b11      	ldr	r3, [sp, #68]	@ 0x44
100037b0:	464d      	mov	r5, r9
100037b2:	4698      	mov	r8, r3
100037b4:	46b1      	mov	r9, r6
100037b6:	465e      	mov	r6, fp
100037b8:	4663      	mov	r3, ip
100037ba:	9306      	str	r3, [sp, #24]
100037bc:	4643      	mov	r3, r8
100037be:	9305      	str	r3, [sp, #20]
100037c0:	9b0c      	ldr	r3, [sp, #48]	@ 0x30
100037c2:	9304      	str	r3, [sp, #16]
100037c4:	230a      	movs	r3, #10
100037c6:	9303      	str	r3, [sp, #12]
100037c8:	4653      	mov	r3, sl
100037ca:	9302      	str	r3, [sp, #8]
100037cc:	464b      	mov	r3, r9
100037ce:	9301      	str	r3, [sp, #4]
100037d0:	ab16      	add	r3, sp, #88	@ 0x58
100037d2:	9300      	str	r3, [sp, #0]
100037d4:	0029      	movs	r1, r5
100037d6:	0033      	movs	r3, r6
100037d8:	9a08      	ldr	r2, [sp, #32]
100037da:	980a      	ldr	r0, [sp, #40]	@ 0x28
100037dc:	f7fe ff4a 	bl	10002674 <_ntoa_format>
100037e0:	9008      	str	r0, [sp, #32]
100037e2:	e578      	b.n	100032d6 <_vsnprintf+0x56>
100037e4:	000f      	movs	r7, r1
100037e6:	2100      	movs	r1, #0
100037e8:	9c08      	ldr	r4, [sp, #32]
100037ea:	008b      	lsls	r3, r1, #2
100037ec:	185b      	adds	r3, r3, r1
100037ee:	005b      	lsls	r3, r3, #1
100037f0:	3701      	adds	r7, #1
100037f2:	1819      	adds	r1, r3, r0
100037f4:	7838      	ldrb	r0, [r7, #0]
100037f6:	3930      	subs	r1, #48	@ 0x30
100037f8:	0003      	movs	r3, r0
100037fa:	3b30      	subs	r3, #48	@ 0x30
100037fc:	2b09      	cmp	r3, #9
100037fe:	d9f4      	bls.n	100037ea <_vsnprintf+0x56a>
10003800:	910c      	str	r1, [sp, #48]	@ 0x30
10003802:	9408      	str	r4, [sp, #32]
10003804:	1c79      	adds	r1, r7, #1
10003806:	e591      	b.n	1000332c <_vsnprintf+0xac>
10003808:	990b      	ldr	r1, [sp, #44]	@ 0x2c
1000380a:	3702      	adds	r7, #2
1000380c:	c908      	ldmia	r1!, {r3}
1000380e:	43d8      	mvns	r0, r3
10003810:	17c0      	asrs	r0, r0, #31
10003812:	4003      	ands	r3, r0
10003814:	910b      	str	r1, [sp, #44]	@ 0x2c
10003816:	7838      	ldrb	r0, [r7, #0]
10003818:	930c      	str	r3, [sp, #48]	@ 0x30
1000381a:	1c79      	adds	r1, r7, #1
1000381c:	e586      	b.n	1000332c <_vsnprintf+0xac>
1000381e:	3901      	subs	r1, #1
10003820:	e6dc      	b.n	100035dc <_vsnprintf+0x35c>
10003822:	2021      	movs	r0, #33	@ 0x21
10003824:	4310      	orrs	r0, r2
10003826:	e611      	b.n	1000344c <_vsnprintf+0x1cc>
10003828:	2102      	movs	r1, #2
1000382a:	000b      	movs	r3, r1
1000382c:	4013      	ands	r3, r2
1000382e:	930e      	str	r3, [sp, #56]	@ 0x38
10003830:	4211      	tst	r1, r2
10003832:	d100      	bne.n	10003836 <_vsnprintf+0x5b6>
10003834:	e25c      	b.n	10003cf0 <_vsnprintf+0xa70>
10003836:	2302      	movs	r3, #2
10003838:	930e      	str	r3, [sp, #56]	@ 0x38
1000383a:	4653      	mov	r3, sl
1000383c:	9c08      	ldr	r4, [sp, #32]
1000383e:	46b1      	mov	r9, r6
10003840:	1b1b      	subs	r3, r3, r4
10003842:	001e      	movs	r6, r3
10003844:	46ba      	mov	sl, r7
10003846:	002f      	movs	r7, r5
10003848:	9d0a      	ldr	r5, [sp, #40]	@ 0x28
1000384a:	0022      	movs	r2, r4
1000384c:	464b      	mov	r3, r9
1000384e:	0039      	movs	r1, r7
10003850:	3401      	adds	r4, #1
10003852:	47a8      	blx	r5
10003854:	5d30      	ldrb	r0, [r6, r4]
10003856:	2800      	cmp	r0, #0
10003858:	d1f7      	bne.n	1000384a <_vsnprintf+0x5ca>
1000385a:	003d      	movs	r5, r7
1000385c:	464e      	mov	r6, r9
1000385e:	4657      	mov	r7, sl
10003860:	9408      	str	r4, [sp, #32]
10003862:	465b      	mov	r3, fp
10003864:	930b      	str	r3, [sp, #44]	@ 0x2c
10003866:	9b0e      	ldr	r3, [sp, #56]	@ 0x38
10003868:	2b00      	cmp	r3, #0
1000386a:	d100      	bne.n	1000386e <_vsnprintf+0x5ee>
1000386c:	e533      	b.n	100032d6 <_vsnprintf+0x56>
1000386e:	9b08      	ldr	r3, [sp, #32]
10003870:	4699      	mov	r9, r3
10003872:	9b10      	ldr	r3, [sp, #64]	@ 0x40
10003874:	4598      	cmp	r8, r3
10003876:	d800      	bhi.n	1000387a <_vsnprintf+0x5fa>
10003878:	e2bb      	b.n	10003df2 <_vsnprintf+0xb72>
1000387a:	9c08      	ldr	r4, [sp, #32]
1000387c:	4444      	add	r4, r8
1000387e:	1ae2      	subs	r2, r4, r3
10003880:	002b      	movs	r3, r5
10003882:	464c      	mov	r4, r9
10003884:	0015      	movs	r5, r2
10003886:	46b9      	mov	r9, r7
10003888:	001f      	movs	r7, r3
1000388a:	46b0      	mov	r8, r6
1000388c:	9e0a      	ldr	r6, [sp, #40]	@ 0x28
1000388e:	0022      	movs	r2, r4
10003890:	4643      	mov	r3, r8
10003892:	3401      	adds	r4, #1
10003894:	0039      	movs	r1, r7
10003896:	2020      	movs	r0, #32
10003898:	47b0      	blx	r6
1000389a:	42ac      	cmp	r4, r5
1000389c:	d1f7      	bne.n	1000388e <_vsnprintf+0x60e>
1000389e:	465b      	mov	r3, fp
100038a0:	9508      	str	r5, [sp, #32]
100038a2:	4646      	mov	r6, r8
100038a4:	003d      	movs	r5, r7
100038a6:	930b      	str	r3, [sp, #44]	@ 0x2c
100038a8:	464f      	mov	r7, r9
100038aa:	e514      	b.n	100032d6 <_vsnprintf+0x56>
100038ac:	2847      	cmp	r0, #71	@ 0x47
100038ae:	d000      	beq.n	100038b2 <_vsnprintf+0x632>
100038b0:	e70f      	b.n	100036d2 <_vsnprintf+0x452>
100038b2:	2180      	movs	r1, #128	@ 0x80
100038b4:	0109      	lsls	r1, r1, #4
100038b6:	430a      	orrs	r2, r1
100038b8:	2120      	movs	r1, #32
100038ba:	430a      	orrs	r2, r1
100038bc:	e709      	b.n	100036d2 <_vsnprintf+0x452>
100038be:	2308      	movs	r3, #8
100038c0:	469c      	mov	ip, r3
100038c2:	2300      	movs	r3, #0
100038c4:	9310      	str	r3, [sp, #64]	@ 0x40
100038c6:	3308      	adds	r3, #8
100038c8:	930e      	str	r3, [sp, #56]	@ 0x38
100038ca:	2180      	movs	r1, #128	@ 0x80
100038cc:	0010      	movs	r0, r2
100038ce:	00c9      	lsls	r1, r1, #3
100038d0:	4008      	ands	r0, r1
100038d2:	420a      	tst	r2, r1
100038d4:	d100      	bne.n	100038d8 <_vsnprintf+0x658>
100038d6:	e0d8      	b.n	10003a8a <_vsnprintf+0x80a>
100038d8:	210d      	movs	r1, #13
100038da:	438a      	bics	r2, r1
100038dc:	0011      	movs	r1, r2
100038de:	2280      	movs	r2, #128	@ 0x80
100038e0:	000b      	movs	r3, r1
100038e2:	0092      	lsls	r2, r2, #2
100038e4:	4013      	ands	r3, r2
100038e6:	469a      	mov	sl, r3
100038e8:	4211      	tst	r1, r2
100038ea:	d000      	beq.n	100038ee <_vsnprintf+0x66e>
100038ec:	e141      	b.n	10003b72 <_vsnprintf+0x8f2>
100038ee:	2280      	movs	r2, #128	@ 0x80
100038f0:	000b      	movs	r3, r1
100038f2:	0052      	lsls	r2, r2, #1
100038f4:	4013      	ands	r3, r2
100038f6:	4699      	mov	r9, r3
100038f8:	9b0b      	ldr	r3, [sp, #44]	@ 0x2c
100038fa:	3304      	adds	r3, #4
100038fc:	9310      	str	r3, [sp, #64]	@ 0x40
100038fe:	9b0b      	ldr	r3, [sp, #44]	@ 0x2c
10003900:	4211      	tst	r1, r2
10003902:	d000      	beq.n	10003906 <_vsnprintf+0x686>
10003904:	e1fa      	b.n	10003cfc <_vsnprintf+0xa7c>
10003906:	064a      	lsls	r2, r1, #25
10003908:	d500      	bpl.n	1000390c <_vsnprintf+0x68c>
1000390a:	e122      	b.n	10003b52 <_vsnprintf+0x8d2>
1000390c:	060a      	lsls	r2, r1, #24
1000390e:	d400      	bmi.n	10003912 <_vsnprintf+0x692>
10003910:	e261      	b.n	10003dd6 <_vsnprintf+0xb56>
10003912:	881b      	ldrh	r3, [r3, #0]
10003914:	469a      	mov	sl, r3
10003916:	4653      	mov	r3, sl
10003918:	2b00      	cmp	r3, #0
1000391a:	d000      	beq.n	1000391e <_vsnprintf+0x69e>
1000391c:	e170      	b.n	10003c00 <_vsnprintf+0x980>
1000391e:	2210      	movs	r2, #16
10003920:	4391      	bics	r1, r2
10003922:	2800      	cmp	r0, #0
10003924:	d100      	bne.n	10003928 <_vsnprintf+0x6a8>
10003926:	e16b      	b.n	10003c00 <_vsnprintf+0x980>
10003928:	2300      	movs	r3, #0
1000392a:	4699      	mov	r9, r3
1000392c:	4643      	mov	r3, r8
1000392e:	9305      	str	r3, [sp, #20]
10003930:	9b0c      	ldr	r3, [sp, #48]	@ 0x30
10003932:	9106      	str	r1, [sp, #24]
10003934:	9304      	str	r3, [sp, #16]
10003936:	9b0e      	ldr	r3, [sp, #56]	@ 0x38
10003938:	9303      	str	r3, [sp, #12]
1000393a:	2300      	movs	r3, #0
1000393c:	9302      	str	r3, [sp, #8]
1000393e:	464b      	mov	r3, r9
10003940:	9301      	str	r3, [sp, #4]
10003942:	ab16      	add	r3, sp, #88	@ 0x58
10003944:	9300      	str	r3, [sp, #0]
10003946:	0029      	movs	r1, r5
10003948:	0033      	movs	r3, r6
1000394a:	9a08      	ldr	r2, [sp, #32]
1000394c:	980a      	ldr	r0, [sp, #40]	@ 0x28
1000394e:	f7fe fe91 	bl	10002674 <_ntoa_format>
10003952:	9b10      	ldr	r3, [sp, #64]	@ 0x40
10003954:	9008      	str	r0, [sp, #32]
10003956:	930b      	str	r3, [sp, #44]	@ 0x2c
10003958:	e4bd      	b.n	100032d6 <_vsnprintf+0x56>
1000395a:	21c0      	movs	r1, #192	@ 0xc0
1000395c:	78b8      	ldrb	r0, [r7, #2]
1000395e:	430a      	orrs	r2, r1
10003960:	1cf9      	adds	r1, r7, #3
10003962:	e509      	b.n	10003378 <_vsnprintf+0xf8>
10003964:	21c0      	movs	r1, #192	@ 0xc0
10003966:	0089      	lsls	r1, r1, #2
10003968:	430a      	orrs	r2, r1
1000396a:	78b8      	ldrb	r0, [r7, #2]
1000396c:	1cf9      	adds	r1, r7, #3
1000396e:	e503      	b.n	10003378 <_vsnprintf+0xf8>
10003970:	9b08      	ldr	r3, [sp, #32]
10003972:	4645      	mov	r5, r8
10003974:	4657      	mov	r7, sl
10003976:	4698      	mov	r8, r3
10003978:	464e      	mov	r6, r9
1000397a:	9408      	str	r4, [sp, #32]
1000397c:	e771      	b.n	10003862 <_vsnprintf+0x5e2>
1000397e:	2180      	movs	r1, #128	@ 0x80
10003980:	0049      	lsls	r1, r1, #1
10003982:	400b      	ands	r3, r1
10003984:	4699      	mov	r9, r3
10003986:	9b0b      	ldr	r3, [sp, #44]	@ 0x2c
10003988:	1d18      	adds	r0, r3, #4
1000398a:	900e      	str	r0, [sp, #56]	@ 0x38
1000398c:	4660      	mov	r0, ip
1000398e:	4208      	tst	r0, r1
10003990:	d000      	beq.n	10003994 <_vsnprintf+0x714>
10003992:	e07e      	b.n	10003a92 <_vsnprintf+0x812>
10003994:	0642      	lsls	r2, r0, #25
10003996:	d400      	bmi.n	1000399a <_vsnprintf+0x71a>
10003998:	e1f7      	b.n	10003d8a <_vsnprintf+0xb0a>
1000399a:	9b0b      	ldr	r3, [sp, #44]	@ 0x2c
1000399c:	781a      	ldrb	r2, [r3, #0]
1000399e:	2a00      	cmp	r2, #0
100039a0:	d100      	bne.n	100039a4 <_vsnprintf+0x724>
100039a2:	e1ec      	b.n	10003d7e <_vsnprintf+0xafe>
100039a4:	4692      	mov	sl, r2
100039a6:	2200      	movs	r2, #0
100039a8:	ab0e      	add	r3, sp, #56	@ 0x38
100039aa:	469b      	mov	fp, r3
100039ac:	231f      	movs	r3, #31
100039ae:	445b      	add	r3, fp
100039b0:	469b      	mov	fp, r3
100039b2:	4663      	mov	r3, ip
100039b4:	4654      	mov	r4, sl
100039b6:	930b      	str	r3, [sp, #44]	@ 0x2c
100039b8:	46aa      	mov	sl, r5
100039ba:	9210      	str	r2, [sp, #64]	@ 0x40
100039bc:	464d      	mov	r5, r9
100039be:	46b9      	mov	r9, r7
100039c0:	465f      	mov	r7, fp
100039c2:	46b3      	mov	fp, r6
100039c4:	e006      	b.n	100039d4 <_vsnprintf+0x754>
100039c6:	0020      	movs	r0, r4
100039c8:	210a      	movs	r1, #10
100039ca:	f7fd ff61 	bl	10001890 <__wrap___aeabi_uidiv>
100039ce:	0004      	movs	r4, r0
100039d0:	2d20      	cmp	r5, #32
100039d2:	d008      	beq.n	100039e6 <_vsnprintf+0x766>
100039d4:	210a      	movs	r1, #10
100039d6:	0020      	movs	r0, r4
100039d8:	f7fd ff5a 	bl	10001890 <__wrap___aeabi_uidiv>
100039dc:	3501      	adds	r5, #1
100039de:	3130      	adds	r1, #48	@ 0x30
100039e0:	5579      	strb	r1, [r7, r5]
100039e2:	2c09      	cmp	r4, #9
100039e4:	d8ef      	bhi.n	100039c6 <_vsnprintf+0x746>
100039e6:	9b0b      	ldr	r3, [sp, #44]	@ 0x2c
100039e8:	464f      	mov	r7, r9
100039ea:	469c      	mov	ip, r3
100039ec:	46a9      	mov	r9, r5
100039ee:	465e      	mov	r6, fp
100039f0:	4655      	mov	r5, sl
100039f2:	9a10      	ldr	r2, [sp, #64]	@ 0x40
100039f4:	4663      	mov	r3, ip
100039f6:	9306      	str	r3, [sp, #24]
100039f8:	4643      	mov	r3, r8
100039fa:	9305      	str	r3, [sp, #20]
100039fc:	9b0c      	ldr	r3, [sp, #48]	@ 0x30
100039fe:	9202      	str	r2, [sp, #8]
10003a00:	9304      	str	r3, [sp, #16]
10003a02:	230a      	movs	r3, #10
10003a04:	9303      	str	r3, [sp, #12]
10003a06:	464b      	mov	r3, r9
10003a08:	9301      	str	r3, [sp, #4]
10003a0a:	e079      	b.n	10003b00 <_vsnprintf+0x880>
10003a0c:	100025c9 	.word	0x100025c9
10003a10:	4643      	mov	r3, r8
10003a12:	2b01      	cmp	r3, #1
10003a14:	d800      	bhi.n	10003a18 <_vsnprintf+0x798>
10003a16:	e09f      	b.n	10003b58 <_vsnprintf+0x8d8>
10003a18:	9a08      	ldr	r2, [sp, #32]
10003a1a:	46b1      	mov	r9, r6
10003a1c:	1e53      	subs	r3, r2, #1
10003a1e:	4443      	add	r3, r8
10003a20:	469b      	mov	fp, r3
10003a22:	002b      	movs	r3, r5
10003a24:	0014      	movs	r4, r2
10003a26:	465d      	mov	r5, fp
10003a28:	46bb      	mov	fp, r7
10003a2a:	001f      	movs	r7, r3
10003a2c:	9e0a      	ldr	r6, [sp, #40]	@ 0x28
10003a2e:	0022      	movs	r2, r4
10003a30:	464b      	mov	r3, r9
10003a32:	3401      	adds	r4, #1
10003a34:	0039      	movs	r1, r7
10003a36:	2020      	movs	r0, #32
10003a38:	47b0      	blx	r6
10003a3a:	42ac      	cmp	r4, r5
10003a3c:	d1f7      	bne.n	10003a2e <_vsnprintf+0x7ae>
10003a3e:	003d      	movs	r5, r7
10003a40:	464e      	mov	r6, r9
10003a42:	9b08      	ldr	r3, [sp, #32]
10003a44:	0022      	movs	r2, r4
10003a46:	4443      	add	r3, r8
10003a48:	9308      	str	r3, [sp, #32]
10003a4a:	9b0b      	ldr	r3, [sp, #44]	@ 0x2c
10003a4c:	0029      	movs	r1, r5
10003a4e:	7818      	ldrb	r0, [r3, #0]
10003a50:	9c0a      	ldr	r4, [sp, #40]	@ 0x28
10003a52:	0033      	movs	r3, r6
10003a54:	47a0      	blx	r4
10003a56:	4653      	mov	r3, sl
10003a58:	465f      	mov	r7, fp
10003a5a:	930b      	str	r3, [sp, #44]	@ 0x2c
10003a5c:	e43b      	b.n	100032d6 <_vsnprintf+0x56>
10003a5e:	2878      	cmp	r0, #120	@ 0x78
10003a60:	d00c      	beq.n	10003a7c <_vsnprintf+0x7fc>
10003a62:	230a      	movs	r3, #10
10003a64:	469c      	mov	ip, r3
10003a66:	2300      	movs	r3, #0
10003a68:	2110      	movs	r1, #16
10003a6a:	9310      	str	r3, [sp, #64]	@ 0x40
10003a6c:	330a      	adds	r3, #10
10003a6e:	438a      	bics	r2, r1
10003a70:	930e      	str	r3, [sp, #56]	@ 0x38
10003a72:	e72a      	b.n	100038ca <_vsnprintf+0x64a>
10003a74:	2858      	cmp	r0, #88	@ 0x58
10003a76:	d162      	bne.n	10003b3e <_vsnprintf+0x8be>
10003a78:	2120      	movs	r1, #32
10003a7a:	430a      	orrs	r2, r1
10003a7c:	2310      	movs	r3, #16
10003a7e:	469c      	mov	ip, r3
10003a80:	2300      	movs	r3, #0
10003a82:	9310      	str	r3, [sp, #64]	@ 0x40
10003a84:	3310      	adds	r3, #16
10003a86:	930e      	str	r3, [sp, #56]	@ 0x38
10003a88:	e71f      	b.n	100038ca <_vsnprintf+0x64a>
10003a8a:	210c      	movs	r1, #12
10003a8c:	438a      	bics	r2, r1
10003a8e:	0011      	movs	r1, r2
10003a90:	e725      	b.n	100038de <_vsnprintf+0x65e>
10003a92:	681b      	ldr	r3, [r3, #0]
10003a94:	4699      	mov	r9, r3
10003a96:	2300      	movs	r3, #0
10003a98:	930b      	str	r3, [sp, #44]	@ 0x2c
10003a9a:	464b      	mov	r3, r9
10003a9c:	2b00      	cmp	r3, #0
10003a9e:	dc00      	bgt.n	10003aa2 <_vsnprintf+0x822>
10003aa0:	e180      	b.n	10003da4 <_vsnprintf+0xb24>
10003aa2:	ab0e      	add	r3, sp, #56	@ 0x38
10003aa4:	469a      	mov	sl, r3
10003aa6:	231f      	movs	r3, #31
10003aa8:	4453      	add	r3, sl
10003aaa:	469b      	mov	fp, r3
10003aac:	4663      	mov	r3, ip
10003aae:	464c      	mov	r4, r9
10003ab0:	46aa      	mov	sl, r5
10003ab2:	46b9      	mov	r9, r7
10003ab4:	0015      	movs	r5, r2
10003ab6:	465f      	mov	r7, fp
10003ab8:	9310      	str	r3, [sp, #64]	@ 0x40
10003aba:	46b3      	mov	fp, r6
10003abc:	e006      	b.n	10003acc <_vsnprintf+0x84c>
10003abe:	0020      	movs	r0, r4
10003ac0:	210a      	movs	r1, #10
10003ac2:	f7fd fee5 	bl	10001890 <__wrap___aeabi_uidiv>
10003ac6:	0004      	movs	r4, r0
10003ac8:	2d20      	cmp	r5, #32
10003aca:	d008      	beq.n	10003ade <_vsnprintf+0x85e>
10003acc:	210a      	movs	r1, #10
10003ace:	0020      	movs	r0, r4
10003ad0:	f7fd fede 	bl	10001890 <__wrap___aeabi_uidiv>
10003ad4:	3501      	adds	r5, #1
10003ad6:	3130      	adds	r1, #48	@ 0x30
10003ad8:	5579      	strb	r1, [r7, r5]
10003ada:	2c09      	cmp	r4, #9
10003adc:	d8ef      	bhi.n	10003abe <_vsnprintf+0x83e>
10003ade:	9b10      	ldr	r3, [sp, #64]	@ 0x40
10003ae0:	002a      	movs	r2, r5
10003ae2:	469c      	mov	ip, r3
10003ae4:	464f      	mov	r7, r9
10003ae6:	4655      	mov	r5, sl
10003ae8:	465e      	mov	r6, fp
10003aea:	4663      	mov	r3, ip
10003aec:	9306      	str	r3, [sp, #24]
10003aee:	4643      	mov	r3, r8
10003af0:	9305      	str	r3, [sp, #20]
10003af2:	9b0c      	ldr	r3, [sp, #48]	@ 0x30
10003af4:	9201      	str	r2, [sp, #4]
10003af6:	9304      	str	r3, [sp, #16]
10003af8:	230a      	movs	r3, #10
10003afa:	9303      	str	r3, [sp, #12]
10003afc:	9b0b      	ldr	r3, [sp, #44]	@ 0x2c
10003afe:	9302      	str	r3, [sp, #8]
10003b00:	ab16      	add	r3, sp, #88	@ 0x58
10003b02:	9300      	str	r3, [sp, #0]
10003b04:	0029      	movs	r1, r5
10003b06:	0033      	movs	r3, r6
10003b08:	9a08      	ldr	r2, [sp, #32]
10003b0a:	980a      	ldr	r0, [sp, #40]	@ 0x28
10003b0c:	f7fe fdb2 	bl	10002674 <_ntoa_format>
10003b10:	9b0e      	ldr	r3, [sp, #56]	@ 0x38
10003b12:	9008      	str	r0, [sp, #32]
10003b14:	930b      	str	r3, [sp, #44]	@ 0x2c
10003b16:	f7ff fbde 	bl	100032d6 <_vsnprintf+0x56>
10003b1a:	2a00      	cmp	r2, #0
10003b1c:	d102      	bne.n	10003b24 <_vsnprintf+0x8a4>
10003b1e:	2900      	cmp	r1, #0
10003b20:	d000      	beq.n	10003b24 <_vsnprintf+0x8a4>
10003b22:	e61b      	b.n	1000375c <_vsnprintf+0x4dc>
10003b24:	4311      	orrs	r1, r2
10003b26:	d000      	beq.n	10003b2a <_vsnprintf+0x8aa>
10003b28:	e179      	b.n	10003e1e <_vsnprintf+0xb9e>
10003b2a:	4653      	mov	r3, sl
10003b2c:	2b00      	cmp	r3, #0
10003b2e:	d000      	beq.n	10003b32 <_vsnprintf+0x8b2>
10003b30:	e121      	b.n	10003d76 <_vsnprintf+0xaf6>
10003b32:	2300      	movs	r3, #0
10003b34:	2400      	movs	r4, #0
10003b36:	469a      	mov	sl, r3
10003b38:	930e      	str	r3, [sp, #56]	@ 0x38
10003b3a:	940f      	str	r4, [sp, #60]	@ 0x3c
10003b3c:	e610      	b.n	10003760 <_vsnprintf+0x4e0>
10003b3e:	2862      	cmp	r0, #98	@ 0x62
10003b40:	d000      	beq.n	10003b44 <_vsnprintf+0x8c4>
10003b42:	e15d      	b.n	10003e00 <_vsnprintf+0xb80>
10003b44:	2302      	movs	r3, #2
10003b46:	469c      	mov	ip, r3
10003b48:	2300      	movs	r3, #0
10003b4a:	9310      	str	r3, [sp, #64]	@ 0x40
10003b4c:	3302      	adds	r3, #2
10003b4e:	930e      	str	r3, [sp, #56]	@ 0x38
10003b50:	e6bb      	b.n	100038ca <_vsnprintf+0x64a>
10003b52:	781b      	ldrb	r3, [r3, #0]
10003b54:	469a      	mov	sl, r3
10003b56:	e6de      	b.n	10003916 <_vsnprintf+0x696>
10003b58:	9b0b      	ldr	r3, [sp, #44]	@ 0x2c
10003b5a:	0029      	movs	r1, r5
10003b5c:	7818      	ldrb	r0, [r3, #0]
10003b5e:	9a08      	ldr	r2, [sp, #32]
10003b60:	0033      	movs	r3, r6
10003b62:	9c0a      	ldr	r4, [sp, #40]	@ 0x28
10003b64:	47a0      	blx	r4
10003b66:	4653      	mov	r3, sl
10003b68:	930b      	str	r3, [sp, #44]	@ 0x2c
10003b6a:	464b      	mov	r3, r9
10003b6c:	9308      	str	r3, [sp, #32]
10003b6e:	f7ff fbb2 	bl	100032d6 <_vsnprintf+0x56>
10003b72:	2307      	movs	r3, #7
10003b74:	9a0b      	ldr	r2, [sp, #44]	@ 0x2c
10003b76:	3207      	adds	r2, #7
10003b78:	439a      	bics	r2, r3
10003b7a:	3301      	adds	r3, #1
10003b7c:	4699      	mov	r9, r3
10003b7e:	4491      	add	r9, r2
10003b80:	464b      	mov	r3, r9
10003b82:	930b      	str	r3, [sp, #44]	@ 0x2c
10003b84:	6813      	ldr	r3, [r2, #0]
10003b86:	6852      	ldr	r2, [r2, #4]
10003b88:	9312      	str	r3, [sp, #72]	@ 0x48
10003b8a:	4313      	orrs	r3, r2
10003b8c:	4692      	mov	sl, r2
10003b8e:	1e1a      	subs	r2, r3, #0
10003b90:	d105      	bne.n	10003b9e <_vsnprintf+0x91e>
10003b92:	2300      	movs	r3, #0
10003b94:	3210      	adds	r2, #16
10003b96:	4699      	mov	r9, r3
10003b98:	4391      	bics	r1, r2
10003b9a:	2800      	cmp	r0, #0
10003b9c:	d166      	bne.n	10003c6c <_vsnprintf+0x9ec>
10003b9e:	068a      	lsls	r2, r1, #26
10003ba0:	0fd3      	lsrs	r3, r2, #31
10003ba2:	9311      	str	r3, [sp, #68]	@ 0x44
10003ba4:	2300      	movs	r3, #0
10003ba6:	001c      	movs	r4, r3
10003ba8:	ab0e      	add	r3, sp, #56	@ 0x38
10003baa:	469b      	mov	fp, r3
10003bac:	231f      	movs	r3, #31
10003bae:	445b      	add	r3, fp
10003bb0:	469b      	mov	fp, r3
10003bb2:	4643      	mov	r3, r8
10003bb4:	9314      	str	r3, [sp, #80]	@ 0x50
10003bb6:	9b10      	ldr	r3, [sp, #64]	@ 0x40
10003bb8:	46a9      	mov	r9, r5
10003bba:	4698      	mov	r8, r3
10003bbc:	4663      	mov	r3, ip
10003bbe:	9715      	str	r7, [sp, #84]	@ 0x54
10003bc0:	9d12      	ldr	r5, [sp, #72]	@ 0x48
10003bc2:	4657      	mov	r7, sl
10003bc4:	9113      	str	r1, [sp, #76]	@ 0x4c
10003bc6:	46b2      	mov	sl, r6
10003bc8:	9310      	str	r3, [sp, #64]	@ 0x40
10003bca:	e009      	b.n	10003be0 <_vsnprintf+0x960>
10003bcc:	3230      	adds	r2, #48	@ 0x30
10003bce:	465b      	mov	r3, fp
10003bd0:	3401      	adds	r4, #1
10003bd2:	551a      	strb	r2, [r3, r4]
10003bd4:	45b8      	cmp	r8, r7
10003bd6:	d03f      	beq.n	10003c58 <_vsnprintf+0x9d8>
10003bd8:	0005      	movs	r5, r0
10003bda:	000f      	movs	r7, r1
10003bdc:	2c20      	cmp	r4, #32
10003bde:	d03e      	beq.n	10003c5e <_vsnprintf+0x9de>
10003be0:	2300      	movs	r3, #0
10003be2:	0028      	movs	r0, r5
10003be4:	0039      	movs	r1, r7
10003be6:	9a10      	ldr	r2, [sp, #64]	@ 0x40
10003be8:	f7fd fe90 	bl	1000190c <__wrap___aeabi_uldivmod>
10003bec:	b2d2      	uxtb	r2, r2
10003bee:	2a09      	cmp	r2, #9
10003bf0:	d9ec      	bls.n	10003bcc <_vsnprintf+0x94c>
10003bf2:	9e11      	ldr	r6, [sp, #68]	@ 0x44
10003bf4:	2357      	movs	r3, #87	@ 0x57
10003bf6:	2e00      	cmp	r6, #0
10003bf8:	d000      	beq.n	10003bfc <_vsnprintf+0x97c>
10003bfa:	2337      	movs	r3, #55	@ 0x37
10003bfc:	18d2      	adds	r2, r2, r3
10003bfe:	e7e6      	b.n	10003bce <_vsnprintf+0x94e>
10003c00:	068a      	lsls	r2, r1, #26
10003c02:	0fd3      	lsrs	r3, r2, #31
10003c04:	930b      	str	r3, [sp, #44]	@ 0x2c
10003c06:	ab0e      	add	r3, sp, #56	@ 0x38
10003c08:	469c      	mov	ip, r3
10003c0a:	231f      	movs	r3, #31
10003c0c:	4463      	add	r3, ip
10003c0e:	464c      	mov	r4, r9
10003c10:	46b9      	mov	r9, r7
10003c12:	001f      	movs	r7, r3
10003c14:	002b      	movs	r3, r5
10003c16:	46b3      	mov	fp, r6
10003c18:	4655      	mov	r5, sl
10003c1a:	9e0e      	ldr	r6, [sp, #56]	@ 0x38
10003c1c:	469a      	mov	sl, r3
10003c1e:	9111      	str	r1, [sp, #68]	@ 0x44
10003c20:	e007      	b.n	10003c32 <_vsnprintf+0x9b2>
10003c22:	3130      	adds	r1, #48	@ 0x30
10003c24:	3401      	adds	r4, #1
10003c26:	5539      	strb	r1, [r7, r4]
10003c28:	42b5      	cmp	r5, r6
10003c2a:	d30f      	bcc.n	10003c4c <_vsnprintf+0x9cc>
10003c2c:	0005      	movs	r5, r0
10003c2e:	2c20      	cmp	r4, #32
10003c30:	d00c      	beq.n	10003c4c <_vsnprintf+0x9cc>
10003c32:	0031      	movs	r1, r6
10003c34:	0028      	movs	r0, r5
10003c36:	f7fd fe2b 	bl	10001890 <__wrap___aeabi_uidiv>
10003c3a:	2909      	cmp	r1, #9
10003c3c:	d9f1      	bls.n	10003c22 <_vsnprintf+0x9a2>
10003c3e:	9a0b      	ldr	r2, [sp, #44]	@ 0x2c
10003c40:	2357      	movs	r3, #87	@ 0x57
10003c42:	2a00      	cmp	r2, #0
10003c44:	d000      	beq.n	10003c48 <_vsnprintf+0x9c8>
10003c46:	2337      	movs	r3, #55	@ 0x37
10003c48:	18c9      	adds	r1, r1, r3
10003c4a:	e7eb      	b.n	10003c24 <_vsnprintf+0x9a4>
10003c4c:	464f      	mov	r7, r9
10003c4e:	4655      	mov	r5, sl
10003c50:	46a1      	mov	r9, r4
10003c52:	465e      	mov	r6, fp
10003c54:	9911      	ldr	r1, [sp, #68]	@ 0x44
10003c56:	e669      	b.n	1000392c <_vsnprintf+0x6ac>
10003c58:	9b10      	ldr	r3, [sp, #64]	@ 0x40
10003c5a:	42ab      	cmp	r3, r5
10003c5c:	d9bc      	bls.n	10003bd8 <_vsnprintf+0x958>
10003c5e:	9b14      	ldr	r3, [sp, #80]	@ 0x50
10003c60:	464d      	mov	r5, r9
10003c62:	4698      	mov	r8, r3
10003c64:	46a1      	mov	r9, r4
10003c66:	4656      	mov	r6, sl
10003c68:	9913      	ldr	r1, [sp, #76]	@ 0x4c
10003c6a:	9f15      	ldr	r7, [sp, #84]	@ 0x54
10003c6c:	4643      	mov	r3, r8
10003c6e:	9305      	str	r3, [sp, #20]
10003c70:	9b0c      	ldr	r3, [sp, #48]	@ 0x30
10003c72:	9106      	str	r1, [sp, #24]
10003c74:	9304      	str	r3, [sp, #16]
10003c76:	9b0e      	ldr	r3, [sp, #56]	@ 0x38
10003c78:	9303      	str	r3, [sp, #12]
10003c7a:	2300      	movs	r3, #0
10003c7c:	e5a5      	b.n	100037ca <_vsnprintf+0x54a>
10003c7e:	9b10      	ldr	r3, [sp, #64]	@ 0x40
10003c80:	4598      	cmp	r8, r3
10003c82:	d800      	bhi.n	10003c86 <_vsnprintf+0xa06>
10003c84:	e0d5      	b.n	10003e32 <_vsnprintf+0xbb2>
10003c86:	2380      	movs	r3, #128	@ 0x80
10003c88:	00db      	lsls	r3, r3, #3
10003c8a:	930e      	str	r3, [sp, #56]	@ 0x38
10003c8c:	4643      	mov	r3, r8
10003c8e:	9c08      	ldr	r4, [sp, #32]
10003c90:	191a      	adds	r2, r3, r4
10003c92:	9b10      	ldr	r3, [sp, #64]	@ 0x40
10003c94:	1ad3      	subs	r3, r2, r3
10003c96:	4699      	mov	r9, r3
10003c98:	4653      	mov	r3, sl
10003c9a:	930b      	str	r3, [sp, #44]	@ 0x2c
10003c9c:	4643      	mov	r3, r8
10003c9e:	9310      	str	r3, [sp, #64]	@ 0x40
10003ca0:	9b0c      	ldr	r3, [sp, #48]	@ 0x30
10003ca2:	46ba      	mov	sl, r7
10003ca4:	002f      	movs	r7, r5
10003ca6:	464d      	mov	r5, r9
10003ca8:	4699      	mov	r9, r3
10003caa:	46b0      	mov	r8, r6
10003cac:	9e0a      	ldr	r6, [sp, #40]	@ 0x28
10003cae:	0022      	movs	r2, r4
10003cb0:	4643      	mov	r3, r8
10003cb2:	3401      	adds	r4, #1
10003cb4:	0039      	movs	r1, r7
10003cb6:	2020      	movs	r0, #32
10003cb8:	47b0      	blx	r6
10003cba:	42ac      	cmp	r4, r5
10003cbc:	d1f7      	bne.n	10003cae <_vsnprintf+0xa2e>
10003cbe:	464b      	mov	r3, r9
10003cc0:	930c      	str	r3, [sp, #48]	@ 0x30
10003cc2:	9b0b      	ldr	r3, [sp, #44]	@ 0x2c
10003cc4:	003d      	movs	r5, r7
10003cc6:	4657      	mov	r7, sl
10003cc8:	469a      	mov	sl, r3
10003cca:	9b10      	ldr	r3, [sp, #64]	@ 0x40
10003ccc:	4646      	mov	r6, r8
10003cce:	4698      	mov	r8, r3
10003cd0:	4653      	mov	r3, sl
10003cd2:	7818      	ldrb	r0, [r3, #0]
10003cd4:	9408      	str	r4, [sp, #32]
10003cd6:	2800      	cmp	r0, #0
10003cd8:	d100      	bne.n	10003cdc <_vsnprintf+0xa5c>
10003cda:	e08a      	b.n	10003df2 <_vsnprintf+0xb72>
10003cdc:	4643      	mov	r3, r8
10003cde:	3301      	adds	r3, #1
10003ce0:	9310      	str	r3, [sp, #64]	@ 0x40
10003ce2:	9b0e      	ldr	r3, [sp, #56]	@ 0x38
10003ce4:	2b00      	cmp	r3, #0
10003ce6:	d100      	bne.n	10003cea <_vsnprintf+0xa6a>
10003ce8:	e5a7      	b.n	1000383a <_vsnprintf+0x5ba>
10003cea:	2300      	movs	r3, #0
10003cec:	930e      	str	r3, [sp, #56]	@ 0x38
10003cee:	e4a1      	b.n	10003634 <_vsnprintf+0x3b4>
10003cf0:	9b10      	ldr	r3, [sp, #64]	@ 0x40
10003cf2:	4598      	cmp	r8, r3
10003cf4:	d8ca      	bhi.n	10003c8c <_vsnprintf+0xa0c>
10003cf6:	3301      	adds	r3, #1
10003cf8:	9310      	str	r3, [sp, #64]	@ 0x40
10003cfa:	e59e      	b.n	1000383a <_vsnprintf+0x5ba>
10003cfc:	681b      	ldr	r3, [r3, #0]
10003cfe:	4699      	mov	r9, r3
10003d00:	2b00      	cmp	r3, #0
10003d02:	d103      	bne.n	10003d0c <_vsnprintf+0xa8c>
10003d04:	3af0      	subs	r2, #240	@ 0xf0
10003d06:	4391      	bics	r1, r2
10003d08:	2800      	cmp	r0, #0
10003d0a:	d129      	bne.n	10003d60 <_vsnprintf+0xae0>
10003d0c:	068a      	lsls	r2, r1, #26
10003d0e:	0fd3      	lsrs	r3, r2, #31
10003d10:	930b      	str	r3, [sp, #44]	@ 0x2c
10003d12:	ab0e      	add	r3, sp, #56	@ 0x38
10003d14:	469c      	mov	ip, r3
10003d16:	231f      	movs	r3, #31
10003d18:	4463      	add	r3, ip
10003d1a:	4654      	mov	r4, sl
10003d1c:	46b3      	mov	fp, r6
10003d1e:	46aa      	mov	sl, r5
10003d20:	9e0e      	ldr	r6, [sp, #56]	@ 0x38
10003d22:	464d      	mov	r5, r9
10003d24:	9111      	str	r1, [sp, #68]	@ 0x44
10003d26:	46b9      	mov	r9, r7
10003d28:	001f      	movs	r7, r3
10003d2a:	e007      	b.n	10003d3c <_vsnprintf+0xabc>
10003d2c:	3130      	adds	r1, #48	@ 0x30
10003d2e:	3401      	adds	r4, #1
10003d30:	5539      	strb	r1, [r7, r4]
10003d32:	42b5      	cmp	r5, r6
10003d34:	d30f      	bcc.n	10003d56 <_vsnprintf+0xad6>
10003d36:	0005      	movs	r5, r0
10003d38:	2c20      	cmp	r4, #32
10003d3a:	d00c      	beq.n	10003d56 <_vsnprintf+0xad6>
10003d3c:	0031      	movs	r1, r6
10003d3e:	0028      	movs	r0, r5
10003d40:	f7fd fda6 	bl	10001890 <__wrap___aeabi_uidiv>
10003d44:	2909      	cmp	r1, #9
10003d46:	d9f1      	bls.n	10003d2c <_vsnprintf+0xaac>
10003d48:	9a0b      	ldr	r2, [sp, #44]	@ 0x2c
10003d4a:	2357      	movs	r3, #87	@ 0x57
10003d4c:	2a00      	cmp	r2, #0
10003d4e:	d000      	beq.n	10003d52 <_vsnprintf+0xad2>
10003d50:	2337      	movs	r3, #55	@ 0x37
10003d52:	18c9      	adds	r1, r1, r3
10003d54:	e7eb      	b.n	10003d2e <_vsnprintf+0xaae>
10003d56:	4655      	mov	r5, sl
10003d58:	464f      	mov	r7, r9
10003d5a:	46a2      	mov	sl, r4
10003d5c:	465e      	mov	r6, fp
10003d5e:	9911      	ldr	r1, [sp, #68]	@ 0x44
10003d60:	4643      	mov	r3, r8
10003d62:	9305      	str	r3, [sp, #20]
10003d64:	9b0c      	ldr	r3, [sp, #48]	@ 0x30
10003d66:	9106      	str	r1, [sp, #24]
10003d68:	9304      	str	r3, [sp, #16]
10003d6a:	9b0e      	ldr	r3, [sp, #56]	@ 0x38
10003d6c:	9303      	str	r3, [sp, #12]
10003d6e:	2300      	movs	r3, #0
10003d70:	9302      	str	r3, [sp, #8]
10003d72:	4653      	mov	r3, sl
10003d74:	e5e4      	b.n	10003940 <_vsnprintf+0x6c0>
10003d76:	2300      	movs	r3, #0
10003d78:	469a      	mov	sl, r3
10003d7a:	4699      	mov	r9, r3
10003d7c:	e51c      	b.n	100037b8 <_vsnprintf+0x538>
10003d7e:	4653      	mov	r3, sl
10003d80:	2200      	movs	r2, #0
10003d82:	2b00      	cmp	r3, #0
10003d84:	d000      	beq.n	10003d88 <_vsnprintf+0xb08>
10003d86:	e635      	b.n	100039f4 <_vsnprintf+0x774>
10003d88:	e60e      	b.n	100039a8 <_vsnprintf+0x728>
10003d8a:	0602      	lsls	r2, r0, #24
10003d8c:	d535      	bpl.n	10003dfa <_vsnprintf+0xb7a>
10003d8e:	9b0b      	ldr	r3, [sp, #44]	@ 0x2c
10003d90:	2200      	movs	r2, #0
10003d92:	5e9a      	ldrsh	r2, [r3, r2]
10003d94:	2a00      	cmp	r2, #0
10003d96:	dd00      	ble.n	10003d9a <_vsnprintf+0xb1a>
10003d98:	e604      	b.n	100039a4 <_vsnprintf+0x724>
10003d9a:	d0f0      	beq.n	10003d7e <_vsnprintf+0xafe>
10003d9c:	4253      	negs	r3, r2
10003d9e:	469a      	mov	sl, r3
10003da0:	2201      	movs	r2, #1
10003da2:	e601      	b.n	100039a8 <_vsnprintf+0x728>
10003da4:	2b00      	cmp	r3, #0
10003da6:	d148      	bne.n	10003e3a <_vsnprintf+0xbba>
10003da8:	4653      	mov	r3, sl
10003daa:	2b00      	cmp	r3, #0
10003dac:	d000      	beq.n	10003db0 <_vsnprintf+0xb30>
10003dae:	e69c      	b.n	10003aea <_vsnprintf+0x86a>
10003db0:	e677      	b.n	10003aa2 <_vsnprintf+0x822>
10003db2:	2180      	movs	r1, #128	@ 0x80
10003db4:	0013      	movs	r3, r2
10003db6:	00c9      	lsls	r1, r1, #3
10003db8:	400b      	ands	r3, r1
10003dba:	9310      	str	r3, [sp, #64]	@ 0x40
10003dbc:	420a      	tst	r2, r1
10003dbe:	d00d      	beq.n	10003ddc <_vsnprintf+0xb5c>
10003dc0:	3002      	adds	r0, #2
10003dc2:	0003      	movs	r3, r0
10003dc4:	4013      	ands	r3, r2
10003dc6:	9310      	str	r3, [sp, #64]	@ 0x40
10003dc8:	4210      	tst	r0, r2
10003dca:	d03b      	beq.n	10003e44 <_vsnprintf+0xbc4>
10003dcc:	9b08      	ldr	r3, [sp, #32]
10003dce:	4699      	mov	r9, r3
10003dd0:	2300      	movs	r3, #0
10003dd2:	9310      	str	r3, [sp, #64]	@ 0x40
10003dd4:	e54d      	b.n	10003872 <_vsnprintf+0x5f2>
10003dd6:	681b      	ldr	r3, [r3, #0]
10003dd8:	469a      	mov	sl, r3
10003dda:	e59c      	b.n	10003916 <_vsnprintf+0x696>
10003ddc:	2102      	movs	r1, #2
10003dde:	000b      	movs	r3, r1
10003de0:	4013      	ands	r3, r2
10003de2:	930e      	str	r3, [sp, #56]	@ 0x38
10003de4:	4211      	tst	r1, r2
10003de6:	d000      	beq.n	10003dea <_vsnprintf+0xb6a>
10003de8:	e541      	b.n	1000386e <_vsnprintf+0x5ee>
10003dea:	4643      	mov	r3, r8
10003dec:	2b00      	cmp	r3, #0
10003dee:	d000      	beq.n	10003df2 <_vsnprintf+0xb72>
10003df0:	e74c      	b.n	10003c8c <_vsnprintf+0xa0c>
10003df2:	465b      	mov	r3, fp
10003df4:	930b      	str	r3, [sp, #44]	@ 0x2c
10003df6:	f7ff fa6e 	bl	100032d6 <_vsnprintf+0x56>
10003dfa:	9b0b      	ldr	r3, [sp, #44]	@ 0x2c
10003dfc:	681a      	ldr	r2, [r3, #0]
10003dfe:	e7c9      	b.n	10003d94 <_vsnprintf+0xb14>
10003e00:	2110      	movs	r1, #16
10003e02:	0013      	movs	r3, r2
10003e04:	438b      	bics	r3, r1
10003e06:	469c      	mov	ip, r3
10003e08:	2864      	cmp	r0, #100	@ 0x64
10003e0a:	d100      	bne.n	10003e0e <_vsnprintf+0xb8e>
10003e0c:	e483      	b.n	10003716 <_vsnprintf+0x496>
10003e0e:	230a      	movs	r3, #10
10003e10:	4662      	mov	r2, ip
10003e12:	469c      	mov	ip, r3
10003e14:	2300      	movs	r3, #0
10003e16:	9310      	str	r3, [sp, #64]	@ 0x40
10003e18:	4663      	mov	r3, ip
10003e1a:	930e      	str	r3, [sp, #56]	@ 0x38
10003e1c:	e555      	b.n	100038ca <_vsnprintf+0x64a>
10003e1e:	9b0e      	ldr	r3, [sp, #56]	@ 0x38
10003e20:	9c0f      	ldr	r4, [sp, #60]	@ 0x3c
10003e22:	2200      	movs	r2, #0
10003e24:	4259      	negs	r1, r3
10003e26:	41a2      	sbcs	r2, r4
10003e28:	2301      	movs	r3, #1
10003e2a:	910e      	str	r1, [sp, #56]	@ 0x38
10003e2c:	920f      	str	r2, [sp, #60]	@ 0x3c
10003e2e:	469a      	mov	sl, r3
10003e30:	e496      	b.n	10003760 <_vsnprintf+0x4e0>
10003e32:	3301      	adds	r3, #1
10003e34:	9310      	str	r3, [sp, #64]	@ 0x40
10003e36:	f7ff fbfd 	bl	10003634 <_vsnprintf+0x3b4>
10003e3a:	425b      	negs	r3, r3
10003e3c:	4699      	mov	r9, r3
10003e3e:	2301      	movs	r3, #1
10003e40:	930b      	str	r3, [sp, #44]	@ 0x2c
10003e42:	e62e      	b.n	10003aa2 <_vsnprintf+0x822>
10003e44:	910e      	str	r1, [sp, #56]	@ 0x38
10003e46:	e7d0      	b.n	10003dea <_vsnprintf+0xb6a>

10003e48 <vfctprintf>:
10003e48:	b500      	push	{lr}
10003e4a:	b085      	sub	sp, #20
10003e4c:	9103      	str	r1, [sp, #12]
10003e4e:	2101      	movs	r1, #1
10003e50:	9002      	str	r0, [sp, #8]
10003e52:	9300      	str	r3, [sp, #0]
10003e54:	4803      	ldr	r0, [pc, #12]	@ (10003e64 <vfctprintf+0x1c>)
10003e56:	0013      	movs	r3, r2
10003e58:	424a      	negs	r2, r1
10003e5a:	a902      	add	r1, sp, #8
10003e5c:	f7ff fa10 	bl	10003280 <_vsnprintf>
10003e60:	b005      	add	sp, #20
10003e62:	bd00      	pop	{pc}
10003e64:	10002865 	.word	0x10002865

10003e68 <weak_raw_vprintf>:
10003e68:	b510      	push	{r4, lr}
10003e6a:	4a09      	ldr	r2, [pc, #36]	@ (10003e90 <weak_raw_vprintf+0x28>)
10003e6c:	0003      	movs	r3, r0
10003e6e:	6814      	ldr	r4, [r2, #0]
10003e70:	b084      	sub	sp, #16
10003e72:	2c00      	cmp	r4, #0
10003e74:	d008      	beq.n	10003e88 <weak_raw_vprintf+0x20>
10003e76:	2201      	movs	r2, #1
10003e78:	9100      	str	r1, [sp, #0]
10003e7a:	4806      	ldr	r0, [pc, #24]	@ (10003e94 <weak_raw_vprintf+0x2c>)
10003e7c:	4252      	negs	r2, r2
10003e7e:	a903      	add	r1, sp, #12
10003e80:	47a0      	blx	r4
10003e82:	2001      	movs	r0, #1
10003e84:	b004      	add	sp, #16
10003e86:	bd10      	pop	{r4, pc}
10003e88:	f000 f980 	bl	1000418c <__wrap_puts>
10003e8c:	2000      	movs	r0, #0
10003e8e:	e7f9      	b.n	10003e84 <weak_raw_vprintf+0x1c>
10003e90:	20001d30 	.word	0x20001d30
10003e94:	10002855 	.word	0x10002855

10003e98 <_exit>:
10003e98:	be00      	bkpt	0x0000
10003e9a:	e7fd      	b.n	10003e98 <_exit>

10003e9c <_fini>:
10003e9c:	4770      	bx	lr
10003e9e:	46c0      	nop			@ (mov r8, r8)

10003ea0 <exit>:
10003ea0:	b510      	push	{r4, lr}
10003ea2:	f7ff fff9 	bl	10003e98 <_exit>
10003ea6:	46c0      	nop			@ (mov r8, r8)

10003ea8 <runtime_init>:
10003ea8:	b570      	push	{r4, r5, r6, lr}
10003eaa:	f7fd fba5 	bl	100015f8 <runtime_run_initializers>
10003eae:	4d07      	ldr	r5, [pc, #28]	@ (10003ecc <runtime_init+0x24>)
10003eb0:	4e07      	ldr	r6, [pc, #28]	@ (10003ed0 <runtime_init+0x28>)
10003eb2:	42b5      	cmp	r5, r6
10003eb4:	d209      	bcs.n	10003eca <runtime_init+0x22>
10003eb6:	2400      	movs	r4, #0
10003eb8:	3e01      	subs	r6, #1
10003eba:	1b76      	subs	r6, r6, r5
10003ebc:	08b6      	lsrs	r6, r6, #2
10003ebe:	3601      	adds	r6, #1
10003ec0:	cd08      	ldmia	r5!, {r3}
10003ec2:	3401      	adds	r4, #1
10003ec4:	4798      	blx	r3
10003ec6:	42b4      	cmp	r4, r6
10003ec8:	d1fa      	bne.n	10003ec0 <runtime_init+0x18>
10003eca:	bd70      	pop	{r4, r5, r6, pc}
10003ecc:	100066a4 	.word	0x100066a4
10003ed0:	100066a8 	.word	0x100066a8

10003ed4 <stdio_out_chars_no_crlf>:
10003ed4:	0003      	movs	r3, r0
10003ed6:	b510      	push	{r4, lr}
10003ed8:	0008      	movs	r0, r1
10003eda:	0011      	movs	r1, r2
10003edc:	681b      	ldr	r3, [r3, #0]
10003ede:	4798      	blx	r3
10003ee0:	bd10      	pop	{r4, pc}
10003ee2:	46c0      	nop			@ (mov r8, r8)

10003ee4 <stdio_out_chars_crlf>:
10003ee4:	b5f8      	push	{r3, r4, r5, r6, r7, lr}
10003ee6:	7d43      	ldrb	r3, [r0, #21]
10003ee8:	0007      	movs	r7, r0
10003eea:	000d      	movs	r5, r1
10003eec:	0016      	movs	r6, r2
10003eee:	2b00      	cmp	r3, #0
10003ef0:	d02d      	beq.n	10003f4e <stdio_out_chars_crlf+0x6a>
10003ef2:	2a00      	cmp	r2, #0
10003ef4:	dd1a      	ble.n	10003f2c <stdio_out_chars_crlf+0x48>
10003ef6:	780b      	ldrb	r3, [r1, #0]
10003ef8:	2b0a      	cmp	r3, #10
10003efa:	d02d      	beq.n	10003f58 <stdio_out_chars_crlf+0x74>
10003efc:	2000      	movs	r0, #0
10003efe:	2e01      	cmp	r6, #1
10003f00:	d009      	beq.n	10003f16 <stdio_out_chars_crlf+0x32>
10003f02:	2401      	movs	r4, #1
10003f04:	0021      	movs	r1, r4
10003f06:	5c6b      	ldrb	r3, [r5, r1]
10003f08:	3401      	adds	r4, #1
10003f0a:	2b0a      	cmp	r3, #10
10003f0c:	d00f      	beq.n	10003f2e <stdio_out_chars_crlf+0x4a>
10003f0e:	42a6      	cmp	r6, r4
10003f10:	dcf8      	bgt.n	10003f04 <stdio_out_chars_crlf+0x20>
10003f12:	4286      	cmp	r6, r0
10003f14:	dd03      	ble.n	10003f1e <stdio_out_chars_crlf+0x3a>
10003f16:	1a31      	subs	r1, r6, r0
10003f18:	683b      	ldr	r3, [r7, #0]
10003f1a:	1828      	adds	r0, r5, r0
10003f1c:	4798      	blx	r3
10003f1e:	19ad      	adds	r5, r5, r6
10003f20:	3d01      	subs	r5, #1
10003f22:	782b      	ldrb	r3, [r5, #0]
10003f24:	3b0d      	subs	r3, #13
10003f26:	425a      	negs	r2, r3
10003f28:	4153      	adcs	r3, r2
10003f2a:	753b      	strb	r3, [r7, #20]
10003f2c:	bdf8      	pop	{r3, r4, r5, r6, r7, pc}
10003f2e:	1e6b      	subs	r3, r5, #1
10003f30:	5c5b      	ldrb	r3, [r3, r1]
10003f32:	2b0d      	cmp	r3, #13
10003f34:	d0eb      	beq.n	10003f0e <stdio_out_chars_crlf+0x2a>
10003f36:	4288      	cmp	r0, r1
10003f38:	da03      	bge.n	10003f42 <stdio_out_chars_crlf+0x5e>
10003f3a:	1a09      	subs	r1, r1, r0
10003f3c:	683b      	ldr	r3, [r7, #0]
10003f3e:	1828      	adds	r0, r5, r0
10003f40:	4798      	blx	r3
10003f42:	480b      	ldr	r0, [pc, #44]	@ (10003f70 <stdio_out_chars_crlf+0x8c>)
10003f44:	2102      	movs	r1, #2
10003f46:	683b      	ldr	r3, [r7, #0]
10003f48:	4798      	blx	r3
10003f4a:	0020      	movs	r0, r4
10003f4c:	e7df      	b.n	10003f0e <stdio_out_chars_crlf+0x2a>
10003f4e:	6803      	ldr	r3, [r0, #0]
10003f50:	0011      	movs	r1, r2
10003f52:	0028      	movs	r0, r5
10003f54:	4798      	blx	r3
10003f56:	e7e9      	b.n	10003f2c <stdio_out_chars_crlf+0x48>
10003f58:	7d03      	ldrb	r3, [r0, #20]
10003f5a:	2b00      	cmp	r3, #0
10003f5c:	d1ce      	bne.n	10003efc <stdio_out_chars_crlf+0x18>
10003f5e:	2102      	movs	r1, #2
10003f60:	4803      	ldr	r0, [pc, #12]	@ (10003f70 <stdio_out_chars_crlf+0x8c>)
10003f62:	683b      	ldr	r3, [r7, #0]
10003f64:	4798      	blx	r3
10003f66:	2e01      	cmp	r6, #1
10003f68:	d0d9      	beq.n	10003f1e <stdio_out_chars_crlf+0x3a>
10003f6a:	2001      	movs	r0, #1
10003f6c:	e7c9      	b.n	10003f02 <stdio_out_chars_crlf+0x1e>
10003f6e:	46c0      	nop			@ (mov r8, r8)
10003f70:	10006960 	.word	0x10006960

10003f74 <stdio_buffered_printer>:
10003f74:	b5f8      	push	{r3, r4, r5, r6, r7, lr}
10003f76:	680b      	ldr	r3, [r1, #0]
10003f78:	000d      	movs	r5, r1
10003f7a:	1c5a      	adds	r2, r3, #1
10003f7c:	18cb      	adds	r3, r1, r3
10003f7e:	600a      	str	r2, [r1, #0]
10003f80:	7118      	strb	r0, [r3, #4]
10003f82:	2a80      	cmp	r2, #128	@ 0x80
10003f84:	d000      	beq.n	10003f88 <stdio_buffered_printer+0x14>
10003f86:	bdf8      	pop	{r3, r4, r5, r6, r7, pc}
10003f88:	4b0e      	ldr	r3, [pc, #56]	@ (10003fc4 <stdio_buffered_printer+0x50>)
10003f8a:	681c      	ldr	r4, [r3, #0]
10003f8c:	2c00      	cmp	r4, #0
10003f8e:	d015      	beq.n	10003fbc <stdio_buffered_printer+0x48>
10003f90:	4e0d      	ldr	r6, [pc, #52]	@ (10003fc8 <stdio_buffered_printer+0x54>)
10003f92:	1d0f      	adds	r7, r1, #4
10003f94:	e002      	b.n	10003f9c <stdio_buffered_printer+0x28>
10003f96:	6924      	ldr	r4, [r4, #16]
10003f98:	2c00      	cmp	r4, #0
10003f9a:	d00f      	beq.n	10003fbc <stdio_buffered_printer+0x48>
10003f9c:	6823      	ldr	r3, [r4, #0]
10003f9e:	2b00      	cmp	r3, #0
10003fa0:	d0f9      	beq.n	10003f96 <stdio_buffered_printer+0x22>
10003fa2:	6833      	ldr	r3, [r6, #0]
10003fa4:	2b00      	cmp	r3, #0
10003fa6:	d001      	beq.n	10003fac <stdio_buffered_printer+0x38>
10003fa8:	42a3      	cmp	r3, r4
10003faa:	d1f4      	bne.n	10003f96 <stdio_buffered_printer+0x22>
10003fac:	0020      	movs	r0, r4
10003fae:	0039      	movs	r1, r7
10003fb0:	682a      	ldr	r2, [r5, #0]
10003fb2:	f7ff ff97 	bl	10003ee4 <stdio_out_chars_crlf>
10003fb6:	6924      	ldr	r4, [r4, #16]
10003fb8:	2c00      	cmp	r4, #0
10003fba:	d1ef      	bne.n	10003f9c <stdio_buffered_printer+0x28>
10003fbc:	2300      	movs	r3, #0
10003fbe:	602b      	str	r3, [r5, #0]
10003fc0:	e7e1      	b.n	10003f86 <stdio_buffered_printer+0x12>
10003fc2:	46c0      	nop			@ (mov r8, r8)
10003fc4:	20001924 	.word	0x20001924
10003fc8:	2000192c 	.word	0x2000192c

10003fcc <stdio_put_string>:
10003fcc:	b5f0      	push	{r4, r5, r6, r7, lr}
10003fce:	4646      	mov	r6, r8
10003fd0:	46d6      	mov	lr, sl
10003fd2:	464f      	mov	r7, r9
10003fd4:	b5c0      	push	{r6, r7, lr}
10003fd6:	b082      	sub	sp, #8
10003fd8:	4690      	mov	r8, r2
10003fda:	001c      	movs	r4, r3
10003fdc:	0006      	movs	r6, r0
10003fde:	000d      	movs	r5, r1
10003fe0:	f7fd f850 	bl	10001084 <time_us_64>
10003fe4:	2300      	movs	r3, #0
10003fe6:	4a2f      	ldr	r2, [pc, #188]	@ (100040a4 <stdio_put_string+0xd8>)
10003fe8:	1812      	adds	r2, r2, r0
10003fea:	414b      	adcs	r3, r1
10003fec:	2b00      	cmp	r3, #0
10003fee:	da02      	bge.n	10003ff6 <stdio_put_string+0x2a>
10003ff0:	2201      	movs	r2, #1
10003ff2:	4b2d      	ldr	r3, [pc, #180]	@ (100040a8 <stdio_put_string+0xdc>)
10003ff4:	4252      	negs	r2, r2
10003ff6:	492d      	ldr	r1, [pc, #180]	@ (100040ac <stdio_put_string+0xe0>)
10003ff8:	0008      	movs	r0, r1
10003ffa:	468a      	mov	sl, r1
10003ffc:	f002 fb24 	bl	10006648 <__mutex_try_enter_block_until_veneer>
10004000:	4681      	mov	r9, r0
10004002:	1c6b      	adds	r3, r5, #1
10004004:	d103      	bne.n	1000400e <stdio_put_string+0x42>
10004006:	0030      	movs	r0, r6
10004008:	f002 fa9c 	bl	10006544 <strlen>
1000400c:	0005      	movs	r5, r0
1000400e:	2c00      	cmp	r4, #0
10004010:	d027      	beq.n	10004062 <stdio_put_string+0x96>
10004012:	4f27      	ldr	r7, [pc, #156]	@ (100040b0 <stdio_put_string+0xe4>)
10004014:	4b27      	ldr	r3, [pc, #156]	@ (100040b4 <stdio_put_string+0xe8>)
10004016:	681c      	ldr	r4, [r3, #0]
10004018:	2c00      	cmp	r4, #0
1000401a:	d018      	beq.n	1000404e <stdio_put_string+0x82>
1000401c:	4643      	mov	r3, r8
1000401e:	2b00      	cmp	r3, #0
10004020:	d121      	bne.n	10004066 <stdio_put_string+0x9a>
10004022:	4b25      	ldr	r3, [pc, #148]	@ (100040b8 <stdio_put_string+0xec>)
10004024:	4698      	mov	r8, r3
10004026:	e002      	b.n	1000402e <stdio_put_string+0x62>
10004028:	6924      	ldr	r4, [r4, #16]
1000402a:	2c00      	cmp	r4, #0
1000402c:	d00f      	beq.n	1000404e <stdio_put_string+0x82>
1000402e:	6823      	ldr	r3, [r4, #0]
10004030:	2b00      	cmp	r3, #0
10004032:	d0f9      	beq.n	10004028 <stdio_put_string+0x5c>
10004034:	4643      	mov	r3, r8
10004036:	681b      	ldr	r3, [r3, #0]
10004038:	2b00      	cmp	r3, #0
1000403a:	d001      	beq.n	10004040 <stdio_put_string+0x74>
1000403c:	429c      	cmp	r4, r3
1000403e:	d1f3      	bne.n	10004028 <stdio_put_string+0x5c>
10004040:	0020      	movs	r0, r4
10004042:	002a      	movs	r2, r5
10004044:	0031      	movs	r1, r6
10004046:	47b8      	blx	r7
10004048:	6924      	ldr	r4, [r4, #16]
1000404a:	2c00      	cmp	r4, #0
1000404c:	d1ef      	bne.n	1000402e <stdio_put_string+0x62>
1000404e:	464b      	mov	r3, r9
10004050:	2b00      	cmp	r3, #0
10004052:	d123      	bne.n	1000409c <stdio_put_string+0xd0>
10004054:	0028      	movs	r0, r5
10004056:	b002      	add	sp, #8
10004058:	bce0      	pop	{r5, r6, r7}
1000405a:	46ba      	mov	sl, r7
1000405c:	46b1      	mov	r9, r6
1000405e:	46a8      	mov	r8, r5
10004060:	bdf0      	pop	{r4, r5, r6, r7, pc}
10004062:	4f16      	ldr	r7, [pc, #88]	@ (100040bc <stdio_put_string+0xf0>)
10004064:	e7d6      	b.n	10004014 <stdio_put_string+0x48>
10004066:	4b14      	ldr	r3, [pc, #80]	@ (100040b8 <stdio_put_string+0xec>)
10004068:	4698      	mov	r8, r3
1000406a:	e002      	b.n	10004072 <stdio_put_string+0xa6>
1000406c:	6924      	ldr	r4, [r4, #16]
1000406e:	2c00      	cmp	r4, #0
10004070:	d0ed      	beq.n	1000404e <stdio_put_string+0x82>
10004072:	6823      	ldr	r3, [r4, #0]
10004074:	2b00      	cmp	r3, #0
10004076:	d0f9      	beq.n	1000406c <stdio_put_string+0xa0>
10004078:	4643      	mov	r3, r8
1000407a:	681b      	ldr	r3, [r3, #0]
1000407c:	2b00      	cmp	r3, #0
1000407e:	d001      	beq.n	10004084 <stdio_put_string+0xb8>
10004080:	42a3      	cmp	r3, r4
10004082:	d1f3      	bne.n	1000406c <stdio_put_string+0xa0>
10004084:	002a      	movs	r2, r5
10004086:	0031      	movs	r1, r6
10004088:	0020      	movs	r0, r4
1000408a:	47b8      	blx	r7
1000408c:	466b      	mov	r3, sp
1000408e:	220a      	movs	r2, #10
10004090:	0020      	movs	r0, r4
10004092:	71da      	strb	r2, [r3, #7]
10004094:	1dd9      	adds	r1, r3, #7
10004096:	3a09      	subs	r2, #9
10004098:	47b8      	blx	r7
1000409a:	e7e7      	b.n	1000406c <stdio_put_string+0xa0>
1000409c:	4650      	mov	r0, sl
1000409e:	f002 fab3 	bl	10006608 <__mutex_exit_veneer>
100040a2:	e7d7      	b.n	10004054 <stdio_put_string+0x88>
100040a4:	000f4240 	.word	0x000f4240
100040a8:	7fffffff 	.word	0x7fffffff
100040ac:	20001168 	.word	0x20001168
100040b0:	10003ee5 	.word	0x10003ee5
100040b4:	20001924 	.word	0x20001924
100040b8:	2000192c 	.word	0x2000192c
100040bc:	10003ed5 	.word	0x10003ed5

100040c0 <stdio_set_driver_enabled>:
100040c0:	4a0a      	ldr	r2, [pc, #40]	@ (100040ec <stdio_set_driver_enabled+0x2c>)
100040c2:	6813      	ldr	r3, [r2, #0]
100040c4:	2b00      	cmp	r3, #0
100040c6:	d105      	bne.n	100040d4 <stdio_set_driver_enabled+0x14>
100040c8:	e00c      	b.n	100040e4 <stdio_set_driver_enabled+0x24>
100040ca:	001a      	movs	r2, r3
100040cc:	691b      	ldr	r3, [r3, #16]
100040ce:	3210      	adds	r2, #16
100040d0:	2b00      	cmp	r3, #0
100040d2:	d007      	beq.n	100040e4 <stdio_set_driver_enabled+0x24>
100040d4:	4298      	cmp	r0, r3
100040d6:	d1f8      	bne.n	100040ca <stdio_set_driver_enabled+0xa>
100040d8:	2900      	cmp	r1, #0
100040da:	d102      	bne.n	100040e2 <stdio_set_driver_enabled+0x22>
100040dc:	6903      	ldr	r3, [r0, #16]
100040de:	6013      	str	r3, [r2, #0]
100040e0:	6101      	str	r1, [r0, #16]
100040e2:	4770      	bx	lr
100040e4:	2900      	cmp	r1, #0
100040e6:	d0fc      	beq.n	100040e2 <stdio_set_driver_enabled+0x22>
100040e8:	6010      	str	r0, [r2, #0]
100040ea:	e7fa      	b.n	100040e2 <stdio_set_driver_enabled+0x22>
100040ec:	20001924 	.word	0x20001924

100040f0 <stdio_init_all>:
100040f0:	b510      	push	{r4, lr}
100040f2:	f000 fa69 	bl	100045c8 <stdio_usb_init>
100040f6:	bd10      	pop	{r4, pc}

100040f8 <__wrap_putchar>:
100040f8:	b5f0      	push	{r4, r5, r6, r7, lr}
100040fa:	46ce      	mov	lr, r9
100040fc:	4647      	mov	r7, r8
100040fe:	b580      	push	{r7, lr}
10004100:	b083      	sub	sp, #12
10004102:	466b      	mov	r3, sp
10004104:	0006      	movs	r6, r0
10004106:	1ddd      	adds	r5, r3, #7
10004108:	7028      	strb	r0, [r5, #0]
1000410a:	f7fc ffbb 	bl	10001084 <time_us_64>
1000410e:	2300      	movs	r3, #0
10004110:	4a19      	ldr	r2, [pc, #100]	@ (10004178 <__wrap_putchar+0x80>)
10004112:	1812      	adds	r2, r2, r0
10004114:	414b      	adcs	r3, r1
10004116:	2b00      	cmp	r3, #0
10004118:	da02      	bge.n	10004120 <__wrap_putchar+0x28>
1000411a:	2201      	movs	r2, #1
1000411c:	4b17      	ldr	r3, [pc, #92]	@ (1000417c <__wrap_putchar+0x84>)
1000411e:	4252      	negs	r2, r2
10004120:	4917      	ldr	r1, [pc, #92]	@ (10004180 <__wrap_putchar+0x88>)
10004122:	0008      	movs	r0, r1
10004124:	4689      	mov	r9, r1
10004126:	f002 fa8f 	bl	10006648 <__mutex_try_enter_block_until_veneer>
1000412a:	4b16      	ldr	r3, [pc, #88]	@ (10004184 <__wrap_putchar+0x8c>)
1000412c:	4680      	mov	r8, r0
1000412e:	681c      	ldr	r4, [r3, #0]
10004130:	2c00      	cmp	r4, #0
10004132:	d014      	beq.n	1000415e <__wrap_putchar+0x66>
10004134:	4f14      	ldr	r7, [pc, #80]	@ (10004188 <__wrap_putchar+0x90>)
10004136:	e002      	b.n	1000413e <__wrap_putchar+0x46>
10004138:	6924      	ldr	r4, [r4, #16]
1000413a:	2c00      	cmp	r4, #0
1000413c:	d00f      	beq.n	1000415e <__wrap_putchar+0x66>
1000413e:	6823      	ldr	r3, [r4, #0]
10004140:	2b00      	cmp	r3, #0
10004142:	d0f9      	beq.n	10004138 <__wrap_putchar+0x40>
10004144:	683b      	ldr	r3, [r7, #0]
10004146:	2b00      	cmp	r3, #0
10004148:	d001      	beq.n	1000414e <__wrap_putchar+0x56>
1000414a:	429c      	cmp	r4, r3
1000414c:	d1f4      	bne.n	10004138 <__wrap_putchar+0x40>
1000414e:	0020      	movs	r0, r4
10004150:	2201      	movs	r2, #1
10004152:	0029      	movs	r1, r5
10004154:	f7ff fec6 	bl	10003ee4 <stdio_out_chars_crlf>
10004158:	6924      	ldr	r4, [r4, #16]
1000415a:	2c00      	cmp	r4, #0
1000415c:	d1ef      	bne.n	1000413e <__wrap_putchar+0x46>
1000415e:	4643      	mov	r3, r8
10004160:	2b00      	cmp	r3, #0
10004162:	d105      	bne.n	10004170 <__wrap_putchar+0x78>
10004164:	0030      	movs	r0, r6
10004166:	b003      	add	sp, #12
10004168:	bcc0      	pop	{r6, r7}
1000416a:	46b9      	mov	r9, r7
1000416c:	46b0      	mov	r8, r6
1000416e:	bdf0      	pop	{r4, r5, r6, r7, pc}
10004170:	4648      	mov	r0, r9
10004172:	f002 fa49 	bl	10006608 <__mutex_exit_veneer>
10004176:	e7f5      	b.n	10004164 <__wrap_putchar+0x6c>
10004178:	000f4240 	.word	0x000f4240
1000417c:	7fffffff 	.word	0x7fffffff
10004180:	20001168 	.word	0x20001168
10004184:	20001924 	.word	0x20001924
10004188:	2000192c 	.word	0x2000192c

1000418c <__wrap_puts>:
1000418c:	b570      	push	{r4, r5, r6, lr}
1000418e:	0004      	movs	r4, r0
10004190:	f002 f9d8 	bl	10006544 <strlen>
10004194:	2301      	movs	r3, #1
10004196:	0001      	movs	r1, r0
10004198:	0005      	movs	r5, r0
1000419a:	2201      	movs	r2, #1
1000419c:	0020      	movs	r0, r4
1000419e:	f7ff ff15 	bl	10003fcc <stdio_put_string>
100041a2:	4b08      	ldr	r3, [pc, #32]	@ (100041c4 <__wrap_puts+0x38>)
100041a4:	681c      	ldr	r4, [r3, #0]
100041a6:	2c00      	cmp	r4, #0
100041a8:	d006      	beq.n	100041b8 <__wrap_puts+0x2c>
100041aa:	6863      	ldr	r3, [r4, #4]
100041ac:	2b00      	cmp	r3, #0
100041ae:	d005      	beq.n	100041bc <__wrap_puts+0x30>
100041b0:	4798      	blx	r3
100041b2:	6924      	ldr	r4, [r4, #16]
100041b4:	2c00      	cmp	r4, #0
100041b6:	d1f8      	bne.n	100041aa <__wrap_puts+0x1e>
100041b8:	0028      	movs	r0, r5
100041ba:	bd70      	pop	{r4, r5, r6, pc}
100041bc:	6924      	ldr	r4, [r4, #16]
100041be:	2c00      	cmp	r4, #0
100041c0:	d1f3      	bne.n	100041aa <__wrap_puts+0x1e>
100041c2:	e7f9      	b.n	100041b8 <__wrap_puts+0x2c>
100041c4:	20001924 	.word	0x20001924

100041c8 <__wrap_vprintf>:
100041c8:	b5f0      	push	{r4, r5, r6, r7, lr}
100041ca:	46ce      	mov	lr, r9
100041cc:	4647      	mov	r7, r8
100041ce:	b580      	push	{r7, lr}
100041d0:	b0a3      	sub	sp, #140	@ 0x8c
100041d2:	0004      	movs	r4, r0
100041d4:	000e      	movs	r6, r1
100041d6:	f7fc ff55 	bl	10001084 <time_us_64>
100041da:	2300      	movs	r3, #0
100041dc:	4a26      	ldr	r2, [pc, #152]	@ (10004278 <__wrap_vprintf+0xb0>)
100041de:	1812      	adds	r2, r2, r0
100041e0:	414b      	adcs	r3, r1
100041e2:	2b00      	cmp	r3, #0
100041e4:	da02      	bge.n	100041ec <__wrap_vprintf+0x24>
100041e6:	2201      	movs	r2, #1
100041e8:	4b24      	ldr	r3, [pc, #144]	@ (1000427c <__wrap_vprintf+0xb4>)
100041ea:	4252      	negs	r2, r2
100041ec:	4824      	ldr	r0, [pc, #144]	@ (10004280 <__wrap_vprintf+0xb8>)
100041ee:	f002 fa2b 	bl	10006648 <__mutex_try_enter_block_until_veneer>
100041f2:	2300      	movs	r3, #0
100041f4:	0022      	movs	r2, r4
100041f6:	9301      	str	r3, [sp, #4]
100041f8:	4680      	mov	r8, r0
100041fa:	0033      	movs	r3, r6
100041fc:	4821      	ldr	r0, [pc, #132]	@ (10004284 <__wrap_vprintf+0xbc>)
100041fe:	a901      	add	r1, sp, #4
10004200:	f7ff fe22 	bl	10003e48 <vfctprintf>
10004204:	4f20      	ldr	r7, [pc, #128]	@ (10004288 <__wrap_vprintf+0xc0>)
10004206:	9b01      	ldr	r3, [sp, #4]
10004208:	4681      	mov	r9, r0
1000420a:	683c      	ldr	r4, [r7, #0]
1000420c:	2b00      	cmp	r3, #0
1000420e:	d019      	beq.n	10004244 <__wrap_vprintf+0x7c>
10004210:	2c00      	cmp	r4, #0
10004212:	d02f      	beq.n	10004274 <__wrap_vprintf+0xac>
10004214:	4e1d      	ldr	r6, [pc, #116]	@ (1000428c <__wrap_vprintf+0xc4>)
10004216:	e002      	b.n	1000421e <__wrap_vprintf+0x56>
10004218:	6924      	ldr	r4, [r4, #16]
1000421a:	2c00      	cmp	r4, #0
1000421c:	d00f      	beq.n	1000423e <__wrap_vprintf+0x76>
1000421e:	6823      	ldr	r3, [r4, #0]
10004220:	2b00      	cmp	r3, #0
10004222:	d0f9      	beq.n	10004218 <__wrap_vprintf+0x50>
10004224:	6833      	ldr	r3, [r6, #0]
10004226:	2b00      	cmp	r3, #0
10004228:	d001      	beq.n	1000422e <__wrap_vprintf+0x66>
1000422a:	42a3      	cmp	r3, r4
1000422c:	d1f4      	bne.n	10004218 <__wrap_vprintf+0x50>
1000422e:	0020      	movs	r0, r4
10004230:	9a01      	ldr	r2, [sp, #4]
10004232:	a902      	add	r1, sp, #8
10004234:	f7ff fe56 	bl	10003ee4 <stdio_out_chars_crlf>
10004238:	6924      	ldr	r4, [r4, #16]
1000423a:	2c00      	cmp	r4, #0
1000423c:	d1ef      	bne.n	1000421e <__wrap_vprintf+0x56>
1000423e:	2300      	movs	r3, #0
10004240:	683c      	ldr	r4, [r7, #0]
10004242:	9301      	str	r3, [sp, #4]
10004244:	2c00      	cmp	r4, #0
10004246:	d006      	beq.n	10004256 <__wrap_vprintf+0x8e>
10004248:	6863      	ldr	r3, [r4, #4]
1000424a:	2b00      	cmp	r3, #0
1000424c:	d00c      	beq.n	10004268 <__wrap_vprintf+0xa0>
1000424e:	4798      	blx	r3
10004250:	6924      	ldr	r4, [r4, #16]
10004252:	2c00      	cmp	r4, #0
10004254:	d1f8      	bne.n	10004248 <__wrap_vprintf+0x80>
10004256:	4643      	mov	r3, r8
10004258:	2b00      	cmp	r3, #0
1000425a:	d107      	bne.n	1000426c <__wrap_vprintf+0xa4>
1000425c:	4648      	mov	r0, r9
1000425e:	b023      	add	sp, #140	@ 0x8c
10004260:	bcc0      	pop	{r6, r7}
10004262:	46b9      	mov	r9, r7
10004264:	46b0      	mov	r8, r6
10004266:	bdf0      	pop	{r4, r5, r6, r7, pc}
10004268:	6924      	ldr	r4, [r4, #16]
1000426a:	e7eb      	b.n	10004244 <__wrap_vprintf+0x7c>
1000426c:	4804      	ldr	r0, [pc, #16]	@ (10004280 <__wrap_vprintf+0xb8>)
1000426e:	f002 f9cb 	bl	10006608 <__mutex_exit_veneer>
10004272:	e7f3      	b.n	1000425c <__wrap_vprintf+0x94>
10004274:	9401      	str	r4, [sp, #4]
10004276:	e7ee      	b.n	10004256 <__wrap_vprintf+0x8e>
10004278:	000f4240 	.word	0x000f4240
1000427c:	7fffffff 	.word	0x7fffffff
10004280:	20001168 	.word	0x20001168
10004284:	10003f75 	.word	0x10003f75
10004288:	20001924 	.word	0x20001924
1000428c:	2000192c 	.word	0x2000192c

10004290 <__wrap_printf>:
10004290:	b40f      	push	{r0, r1, r2, r3}
10004292:	b500      	push	{lr}
10004294:	b083      	sub	sp, #12
10004296:	a904      	add	r1, sp, #16
10004298:	c901      	ldmia	r1!, {r0}
1000429a:	9101      	str	r1, [sp, #4]
1000429c:	f7ff ff94 	bl	100041c8 <__wrap_vprintf>
100042a0:	b003      	add	sp, #12
100042a2:	bc08      	pop	{r3}
100042a4:	b004      	add	sp, #16
100042a6:	4718      	bx	r3

100042a8 <stdio_usb_set_chars_available_callback>:
100042a8:	4b02      	ldr	r3, [pc, #8]	@ (100042b4 <stdio_usb_set_chars_available_callback+0xc>)
100042aa:	6018      	str	r0, [r3, #0]
100042ac:	4b02      	ldr	r3, [pc, #8]	@ (100042b8 <stdio_usb_set_chars_available_callback+0x10>)
100042ae:	6019      	str	r1, [r3, #0]
100042b0:	4770      	bx	lr
100042b2:	46c0      	nop			@ (mov r8, r8)
100042b4:	200018c4 	.word	0x200018c4
100042b8:	200018c8 	.word	0x200018c8

100042bc <usb_irq>:
100042bc:	b510      	push	{r4, lr}
100042be:	4b02      	ldr	r3, [pc, #8]	@ (100042c8 <usb_irq+0xc>)
100042c0:	7818      	ldrb	r0, [r3, #0]
100042c2:	f7fc f957 	bl	10000574 <irq_set_pending>
100042c6:	bd10      	pop	{r4, pc}
100042c8:	20001d87 	.word	0x20001d87

100042cc <timer_task>:
100042cc:	4b15      	ldr	r3, [pc, #84]	@ (10004324 <timer_task+0x58>)
100042ce:	b570      	push	{r4, r5, r6, lr}
100042d0:	681a      	ldr	r2, [r3, #0]
100042d2:	2a00      	cmp	r2, #0
100042d4:	d022      	beq.n	1000431c <timer_task+0x50>
100042d6:	f3ef 8110 	mrs	r1, PRIMASK
100042da:	b672      	cpsid	i
100042dc:	6810      	ldr	r0, [r2, #0]
100042de:	2800      	cmp	r0, #0
100042e0:	d0fc      	beq.n	100042dc <timer_task+0x10>
100042e2:	f3bf 8f5f 	dmb	sy
100042e6:	2000      	movs	r0, #0
100042e8:	4a0f      	ldr	r2, [pc, #60]	@ (10004328 <timer_task+0x5c>)
100042ea:	6059      	str	r1, [r3, #4]
100042ec:	7010      	strb	r0, [r2, #0]
100042ee:	681b      	ldr	r3, [r3, #0]
100042f0:	f3bf 8f5f 	dmb	sy
100042f4:	6018      	str	r0, [r3, #0]
100042f6:	f381 8810 	msr	PRIMASK, r1
100042fa:	2400      	movs	r4, #0
100042fc:	2500      	movs	r5, #0
100042fe:	4e0b      	ldr	r6, [pc, #44]	@ (1000432c <timer_task+0x60>)
10004300:	7830      	ldrb	r0, [r6, #0]
10004302:	f7fc f92b 	bl	1000055c <irq_is_enabled>
10004306:	2800      	cmp	r0, #0
10004308:	d104      	bne.n	10004314 <timer_task+0x48>
1000430a:	2400      	movs	r4, #0
1000430c:	2500      	movs	r5, #0
1000430e:	0029      	movs	r1, r5
10004310:	0020      	movs	r0, r4
10004312:	bd70      	pop	{r4, r5, r6, pc}
10004314:	7830      	ldrb	r0, [r6, #0]
10004316:	f7fc f92d 	bl	10000574 <irq_set_pending>
1000431a:	e7f8      	b.n	1000430e <timer_task+0x42>
1000431c:	24fa      	movs	r4, #250	@ 0xfa
1000431e:	2500      	movs	r5, #0
10004320:	00a4      	lsls	r4, r4, #2
10004322:	e7ec      	b.n	100042fe <timer_task+0x32>
10004324:	20001d3c 	.word	0x20001d3c
10004328:	20001d88 	.word	0x20001d88
1000432c:	20001d87 	.word	0x20001d87

10004330 <stdio_usb_in_chars>:
10004330:	b570      	push	{r4, r5, r6, lr}
10004332:	0005      	movs	r5, r0
10004334:	2000      	movs	r0, #0
10004336:	000e      	movs	r6, r1
10004338:	f001 fb76 	bl	10005a28 <tud_cdc_n_connected>
1000433c:	2800      	cmp	r0, #0
1000433e:	d035      	beq.n	100043ac <stdio_usb_in_chars+0x7c>
10004340:	2000      	movs	r0, #0
10004342:	f001 fb89 	bl	10005a58 <tud_cdc_n_available>
10004346:	2800      	cmp	r0, #0
10004348:	d030      	beq.n	100043ac <stdio_usb_in_chars+0x7c>
1000434a:	f7fc fe9b 	bl	10001084 <time_us_64>
1000434e:	2300      	movs	r3, #0
10004350:	4a18      	ldr	r2, [pc, #96]	@ (100043b4 <stdio_usb_in_chars+0x84>)
10004352:	1812      	adds	r2, r2, r0
10004354:	414b      	adcs	r3, r1
10004356:	2b00      	cmp	r3, #0
10004358:	db16      	blt.n	10004388 <stdio_usb_in_chars+0x58>
1000435a:	4c17      	ldr	r4, [pc, #92]	@ (100043b8 <stdio_usb_in_chars+0x88>)
1000435c:	0020      	movs	r0, r4
1000435e:	f002 f973 	bl	10006648 <__mutex_try_enter_block_until_veneer>
10004362:	2800      	cmp	r0, #0
10004364:	d022      	beq.n	100043ac <stdio_usb_in_chars+0x7c>
10004366:	2000      	movs	r0, #0
10004368:	f001 fb5e 	bl	10005a28 <tud_cdc_n_connected>
1000436c:	2800      	cmp	r0, #0
1000436e:	d10f      	bne.n	10004390 <stdio_usb_in_chars+0x60>
10004370:	2001      	movs	r0, #1
10004372:	2100      	movs	r1, #0
10004374:	2503      	movs	r5, #3
10004376:	4240      	negs	r0, r0
10004378:	f000 fd92 	bl	10004ea0 <tud_task_ext>
1000437c:	426d      	negs	r5, r5
1000437e:	0020      	movs	r0, r4
10004380:	f002 f942 	bl	10006608 <__mutex_exit_veneer>
10004384:	0028      	movs	r0, r5
10004386:	bd70      	pop	{r4, r5, r6, pc}
10004388:	2201      	movs	r2, #1
1000438a:	4b0c      	ldr	r3, [pc, #48]	@ (100043bc <stdio_usb_in_chars+0x8c>)
1000438c:	4252      	negs	r2, r2
1000438e:	e7e4      	b.n	1000435a <stdio_usb_in_chars+0x2a>
10004390:	2000      	movs	r0, #0
10004392:	f001 fb61 	bl	10005a58 <tud_cdc_n_available>
10004396:	2800      	cmp	r0, #0
10004398:	d0ea      	beq.n	10004370 <stdio_usb_in_chars+0x40>
1000439a:	0029      	movs	r1, r5
1000439c:	0032      	movs	r2, r6
1000439e:	2000      	movs	r0, #0
100043a0:	f001 fb64 	bl	10005a6c <tud_cdc_n_read>
100043a4:	1e05      	subs	r5, r0, #0
100043a6:	d1ea      	bne.n	1000437e <stdio_usb_in_chars+0x4e>
100043a8:	3d03      	subs	r5, #3
100043aa:	e7e8      	b.n	1000437e <stdio_usb_in_chars+0x4e>
100043ac:	2503      	movs	r5, #3
100043ae:	426d      	negs	r5, r5
100043b0:	e7e8      	b.n	10004384 <stdio_usb_in_chars+0x54>
100043b2:	46c0      	nop			@ (mov r8, r8)
100043b4:	000f4240 	.word	0x000f4240
100043b8:	20001d64 	.word	0x20001d64
100043bc:	7fffffff 	.word	0x7fffffff

100043c0 <stdio_usb_out_flush>:
100043c0:	b510      	push	{r4, lr}
100043c2:	f7fc fe5f 	bl	10001084 <time_us_64>
100043c6:	2300      	movs	r3, #0
100043c8:	4a0d      	ldr	r2, [pc, #52]	@ (10004400 <stdio_usb_out_flush+0x40>)
100043ca:	1812      	adds	r2, r2, r0
100043cc:	414b      	adcs	r3, r1
100043ce:	2b00      	cmp	r3, #0
100043d0:	da02      	bge.n	100043d8 <stdio_usb_out_flush+0x18>
100043d2:	2201      	movs	r2, #1
100043d4:	4b0b      	ldr	r3, [pc, #44]	@ (10004404 <stdio_usb_out_flush+0x44>)
100043d6:	4252      	negs	r2, r2
100043d8:	480b      	ldr	r0, [pc, #44]	@ (10004408 <stdio_usb_out_flush+0x48>)
100043da:	f002 f935 	bl	10006648 <__mutex_try_enter_block_until_veneer>
100043de:	2800      	cmp	r0, #0
100043e0:	d00c      	beq.n	100043fc <stdio_usb_out_flush+0x3c>
100043e2:	2001      	movs	r0, #1
100043e4:	2100      	movs	r1, #0
100043e6:	4240      	negs	r0, r0
100043e8:	f000 fd5a 	bl	10004ea0 <tud_task_ext>
100043ec:	2000      	movs	r0, #0
100043ee:	f001 fb81 	bl	10005af4 <tud_cdc_n_write_flush>
100043f2:	2800      	cmp	r0, #0
100043f4:	d1f5      	bne.n	100043e2 <stdio_usb_out_flush+0x22>
100043f6:	4804      	ldr	r0, [pc, #16]	@ (10004408 <stdio_usb_out_flush+0x48>)
100043f8:	f002 f906 	bl	10006608 <__mutex_exit_veneer>
100043fc:	bd10      	pop	{r4, pc}
100043fe:	46c0      	nop			@ (mov r8, r8)
10004400:	000f4240 	.word	0x000f4240
10004404:	7fffffff 	.word	0x7fffffff
10004408:	20001d64 	.word	0x20001d64

1000440c <stdio_usb_out_chars>:
1000440c:	b5f8      	push	{r3, r4, r5, r6, r7, lr}
1000440e:	46ce      	mov	lr, r9
10004410:	4647      	mov	r7, r8
10004412:	b580      	push	{r7, lr}
10004414:	0005      	movs	r5, r0
10004416:	000c      	movs	r4, r1
10004418:	f7fc fe34 	bl	10001084 <time_us_64>
1000441c:	2300      	movs	r3, #0
1000441e:	4a34      	ldr	r2, [pc, #208]	@ (100044f0 <stdio_usb_out_chars+0xe4>)
10004420:	1812      	adds	r2, r2, r0
10004422:	414b      	adcs	r3, r1
10004424:	2b00      	cmp	r3, #0
10004426:	da02      	bge.n	1000442e <stdio_usb_out_chars+0x22>
10004428:	2201      	movs	r2, #1
1000442a:	4b32      	ldr	r3, [pc, #200]	@ (100044f4 <stdio_usb_out_chars+0xe8>)
1000442c:	4252      	negs	r2, r2
1000442e:	4932      	ldr	r1, [pc, #200]	@ (100044f8 <stdio_usb_out_chars+0xec>)
10004430:	0008      	movs	r0, r1
10004432:	4688      	mov	r8, r1
10004434:	f002 f908 	bl	10006648 <__mutex_try_enter_block_until_veneer>
10004438:	2800      	cmp	r0, #0
1000443a:	d103      	bne.n	10004444 <stdio_usb_out_chars+0x38>
1000443c:	bcc0      	pop	{r6, r7}
1000443e:	46b9      	mov	r9, r7
10004440:	46b0      	mov	r8, r6
10004442:	bdf8      	pop	{r3, r4, r5, r6, r7, pc}
10004444:	2000      	movs	r0, #0
10004446:	f001 faef 	bl	10005a28 <tud_cdc_n_connected>
1000444a:	2800      	cmp	r0, #0
1000444c:	d048      	beq.n	100044e0 <stdio_usb_out_chars+0xd4>
1000444e:	2c00      	cmp	r4, #0
10004450:	dd42      	ble.n	100044d8 <stdio_usb_out_chars+0xcc>
10004452:	4b2a      	ldr	r3, [pc, #168]	@ (100044fc <stdio_usb_out_chars+0xf0>)
10004454:	2600      	movs	r6, #0
10004456:	4699      	mov	r9, r3
10004458:	e013      	b.n	10004482 <stdio_usb_out_chars+0x76>
1000445a:	19a9      	adds	r1, r5, r6
1000445c:	2000      	movs	r0, #0
1000445e:	f001 fb85 	bl	10005b6c <tud_cdc_n_write>
10004462:	0007      	movs	r7, r0
10004464:	2001      	movs	r0, #1
10004466:	2100      	movs	r1, #0
10004468:	4240      	negs	r0, r0
1000446a:	f000 fd19 	bl	10004ea0 <tud_task_ext>
1000446e:	2000      	movs	r0, #0
10004470:	f001 fb40 	bl	10005af4 <tud_cdc_n_write_flush>
10004474:	f7fc fe06 	bl	10001084 <time_us_64>
10004478:	4b20      	ldr	r3, [pc, #128]	@ (100044fc <stdio_usb_out_chars+0xf0>)
1000447a:	19f6      	adds	r6, r6, r7
1000447c:	c303      	stmia	r3!, {r0, r1}
1000447e:	42b4      	cmp	r4, r6
10004480:	dd2a      	ble.n	100044d8 <stdio_usb_out_chars+0xcc>
10004482:	2000      	movs	r0, #0
10004484:	f001 fb90 	bl	10005ba8 <tud_cdc_n_write_available>
10004488:	1ba7      	subs	r7, r4, r6
1000448a:	0002      	movs	r2, r0
1000448c:	42b8      	cmp	r0, r7
1000448e:	dd00      	ble.n	10004492 <stdio_usb_out_chars+0x86>
10004490:	003a      	movs	r2, r7
10004492:	2a00      	cmp	r2, #0
10004494:	d1e1      	bne.n	1000445a <stdio_usb_out_chars+0x4e>
10004496:	2001      	movs	r0, #1
10004498:	2100      	movs	r1, #0
1000449a:	4240      	negs	r0, r0
1000449c:	f000 fd00 	bl	10004ea0 <tud_task_ext>
100044a0:	2000      	movs	r0, #0
100044a2:	f001 fb27 	bl	10005af4 <tud_cdc_n_write_flush>
100044a6:	2000      	movs	r0, #0
100044a8:	f001 fabe 	bl	10005a28 <tud_cdc_n_connected>
100044ac:	2800      	cmp	r0, #0
100044ae:	d013      	beq.n	100044d8 <stdio_usb_out_chars+0xcc>
100044b0:	2000      	movs	r0, #0
100044b2:	f001 fb79 	bl	10005ba8 <tud_cdc_n_write_available>
100044b6:	2800      	cmp	r0, #0
100044b8:	d1e1      	bne.n	1000447e <stdio_usb_out_chars+0x72>
100044ba:	f7fc fde3 	bl	10001084 <time_us_64>
100044be:	464b      	mov	r3, r9
100044c0:	000f      	movs	r7, r1
100044c2:	cb0c      	ldmia	r3, {r2, r3}
100044c4:	2100      	movs	r1, #0
100044c6:	4684      	mov	ip, r0
100044c8:	480d      	ldr	r0, [pc, #52]	@ (10004500 <stdio_usb_out_chars+0xf4>)
100044ca:	1812      	adds	r2, r2, r0
100044cc:	414b      	adcs	r3, r1
100044ce:	429f      	cmp	r7, r3
100044d0:	d802      	bhi.n	100044d8 <stdio_usb_out_chars+0xcc>
100044d2:	d1d4      	bne.n	1000447e <stdio_usb_out_chars+0x72>
100044d4:	4594      	cmp	ip, r2
100044d6:	d9d2      	bls.n	1000447e <stdio_usb_out_chars+0x72>
100044d8:	4640      	mov	r0, r8
100044da:	f002 f895 	bl	10006608 <__mutex_exit_veneer>
100044de:	e7ad      	b.n	1000443c <stdio_usb_out_chars+0x30>
100044e0:	2000      	movs	r0, #0
100044e2:	2100      	movs	r1, #0
100044e4:	4b05      	ldr	r3, [pc, #20]	@ (100044fc <stdio_usb_out_chars+0xf0>)
100044e6:	c303      	stmia	r3!, {r0, r1}
100044e8:	4640      	mov	r0, r8
100044ea:	f002 f88d 	bl	10006608 <__mutex_exit_veneer>
100044ee:	e7a5      	b.n	1000443c <stdio_usb_out_chars+0x30>
100044f0:	000f4240 	.word	0x000f4240
100044f4:	7fffffff 	.word	0x7fffffff
100044f8:	20001d64 	.word	0x20001d64
100044fc:	200013b8 	.word	0x200013b8
10004500:	0007a120 	.word	0x0007a120

10004504 <low_priority_worker_irq>:
10004504:	b530      	push	{r4, r5, lr}
10004506:	2100      	movs	r1, #0
10004508:	b085      	sub	sp, #20
1000450a:	4828      	ldr	r0, [pc, #160]	@ (100045ac <low_priority_worker_irq+0xa8>)
1000450c:	f002 f854 	bl	100065b8 <__mutex_try_enter_veneer>
10004510:	2800      	cmp	r0, #0
10004512:	d11b      	bne.n	1000454c <low_priority_worker_irq+0x48>
10004514:	4b26      	ldr	r3, [pc, #152]	@ (100045b0 <low_priority_worker_irq+0xac>)
10004516:	681a      	ldr	r2, [r3, #0]
10004518:	2a00      	cmp	r2, #0
1000451a:	d015      	beq.n	10004548 <low_priority_worker_irq+0x44>
1000451c:	f3ef 8110 	mrs	r1, PRIMASK
10004520:	b672      	cpsid	i
10004522:	6810      	ldr	r0, [r2, #0]
10004524:	2800      	cmp	r0, #0
10004526:	d0fc      	beq.n	10004522 <low_priority_worker_irq+0x1e>
10004528:	f3bf 8f5f 	dmb	sy
1000452c:	2401      	movs	r4, #1
1000452e:	4a21      	ldr	r2, [pc, #132]	@ (100045b4 <low_priority_worker_irq+0xb0>)
10004530:	6059      	str	r1, [r3, #4]
10004532:	7810      	ldrb	r0, [r2, #0]
10004534:	681b      	ldr	r3, [r3, #0]
10004536:	7014      	strb	r4, [r2, #0]
10004538:	f3bf 8f5f 	dmb	sy
1000453c:	2200      	movs	r2, #0
1000453e:	601a      	str	r2, [r3, #0]
10004540:	f381 8810 	msr	PRIMASK, r1
10004544:	2800      	cmp	r0, #0
10004546:	d017      	beq.n	10004578 <low_priority_worker_irq+0x74>
10004548:	b005      	add	sp, #20
1000454a:	bd30      	pop	{r4, r5, pc}
1000454c:	2001      	movs	r0, #1
1000454e:	2100      	movs	r1, #0
10004550:	4240      	negs	r0, r0
10004552:	f000 fca5 	bl	10004ea0 <tud_task_ext>
10004556:	2000      	movs	r0, #0
10004558:	f001 fa7e 	bl	10005a58 <tud_cdc_n_available>
1000455c:	0005      	movs	r5, r0
1000455e:	4813      	ldr	r0, [pc, #76]	@ (100045ac <low_priority_worker_irq+0xa8>)
10004560:	f002 f852 	bl	10006608 <__mutex_exit_veneer>
10004564:	2d00      	cmp	r5, #0
10004566:	d0ef      	beq.n	10004548 <low_priority_worker_irq+0x44>
10004568:	4b13      	ldr	r3, [pc, #76]	@ (100045b8 <low_priority_worker_irq+0xb4>)
1000456a:	681b      	ldr	r3, [r3, #0]
1000456c:	2b00      	cmp	r3, #0
1000456e:	d0eb      	beq.n	10004548 <low_priority_worker_irq+0x44>
10004570:	4a12      	ldr	r2, [pc, #72]	@ (100045bc <low_priority_worker_irq+0xb8>)
10004572:	6810      	ldr	r0, [r2, #0]
10004574:	4798      	blx	r3
10004576:	e7e7      	b.n	10004548 <low_priority_worker_irq+0x44>
10004578:	f7fc fbfc 	bl	10000d74 <alarm_pool_get_default>
1000457c:	0004      	movs	r4, r0
1000457e:	f7fc fd81 	bl	10001084 <time_us_64>
10004582:	22fa      	movs	r2, #250	@ 0xfa
10004584:	2300      	movs	r3, #0
10004586:	0092      	lsls	r2, r2, #2
10004588:	1812      	adds	r2, r2, r0
1000458a:	414b      	adcs	r3, r1
1000458c:	2b00      	cmp	r3, #0
1000458e:	da02      	bge.n	10004596 <low_priority_worker_irq+0x92>
10004590:	2201      	movs	r2, #1
10004592:	4b0b      	ldr	r3, [pc, #44]	@ (100045c0 <low_priority_worker_irq+0xbc>)
10004594:	4252      	negs	r2, r2
10004596:	2101      	movs	r1, #1
10004598:	9102      	str	r1, [sp, #8]
1000459a:	2100      	movs	r1, #0
1000459c:	9101      	str	r1, [sp, #4]
1000459e:	4909      	ldr	r1, [pc, #36]	@ (100045c4 <low_priority_worker_irq+0xc0>)
100045a0:	0020      	movs	r0, r4
100045a2:	9100      	str	r1, [sp, #0]
100045a4:	f7fc fbea 	bl	10000d7c <alarm_pool_add_alarm_at>
100045a8:	e7ce      	b.n	10004548 <low_priority_worker_irq+0x44>
100045aa:	46c0      	nop			@ (mov r8, r8)
100045ac:	20001d64 	.word	0x20001d64
100045b0:	20001d3c 	.word	0x20001d3c
100045b4:	20001d88 	.word	0x20001d88
100045b8:	200018c4 	.word	0x200018c4
100045bc:	200018c8 	.word	0x200018c8
100045c0:	7fffffff 	.word	0x7fffffff
100045c4:	100042cd 	.word	0x100042cd

100045c8 <stdio_usb_init>:
100045c8:	23d0      	movs	r3, #208	@ 0xd0
100045ca:	b530      	push	{r4, r5, lr}
100045cc:	061b      	lsls	r3, r3, #24
100045ce:	b085      	sub	sp, #20
100045d0:	681d      	ldr	r5, [r3, #0]
100045d2:	f7fc fbcf 	bl	10000d74 <alarm_pool_get_default>
100045d6:	f7fc fccd 	bl	10000f74 <alarm_pool_core_num>
100045da:	2400      	movs	r4, #0
100045dc:	42a8      	cmp	r0, r5
100045de:	d002      	beq.n	100045e6 <stdio_usb_init+0x1e>
100045e0:	0020      	movs	r0, r4
100045e2:	b005      	add	sp, #20
100045e4:	bd30      	pop	{r4, r5, pc}
100045e6:	4b29      	ldr	r3, [pc, #164]	@ (1000468c <stdio_usb_init+0xc4>)
100045e8:	2100      	movs	r1, #0
100045ea:	2000      	movs	r0, #0
100045ec:	781b      	ldrb	r3, [r3, #0]
100045ee:	f001 fc97 	bl	10005f20 <tusb_rhport_init>
100045f2:	4827      	ldr	r0, [pc, #156]	@ (10004690 <stdio_usb_init+0xc8>)
100045f4:	6803      	ldr	r3, [r0, #0]
100045f6:	2b00      	cmp	r3, #0
100045f8:	d044      	beq.n	10004684 <stdio_usb_init+0xbc>
100045fa:	2001      	movs	r0, #1
100045fc:	f7fc f93e 	bl	1000087c <user_irq_claim_unused>
10004600:	23ff      	movs	r3, #255	@ 0xff
10004602:	4c24      	ldr	r4, [pc, #144]	@ (10004694 <stdio_usb_init+0xcc>)
10004604:	4924      	ldr	r1, [pc, #144]	@ (10004698 <stdio_usb_init+0xd0>)
10004606:	7020      	strb	r0, [r4, #0]
10004608:	4018      	ands	r0, r3
1000460a:	f7fb ffcb 	bl	100005a4 <irq_set_exclusive_handler>
1000460e:	7820      	ldrb	r0, [r4, #0]
10004610:	2101      	movs	r1, #1
10004612:	f7fb ff91 	bl	10000538 <irq_set_enabled>
10004616:	2005      	movs	r0, #5
10004618:	f7fb ffb4 	bl	10000584 <irq_has_shared_handler>
1000461c:	1e04      	subs	r4, r0, #0
1000461e:	d124      	bne.n	1000466a <stdio_usb_init+0xa2>
10004620:	2208      	movs	r2, #8
10004622:	2100      	movs	r1, #0
10004624:	481d      	ldr	r0, [pc, #116]	@ (1000469c <stdio_usb_init+0xd4>)
10004626:	f7fd ffc3 	bl	100025b0 <__wrap_memset>
1000462a:	f7fc fba3 	bl	10000d74 <alarm_pool_get_default>
1000462e:	0005      	movs	r5, r0
10004630:	f7fc fd28 	bl	10001084 <time_us_64>
10004634:	22fa      	movs	r2, #250	@ 0xfa
10004636:	2300      	movs	r3, #0
10004638:	0092      	lsls	r2, r2, #2
1000463a:	1812      	adds	r2, r2, r0
1000463c:	414b      	adcs	r3, r1
1000463e:	2b00      	cmp	r3, #0
10004640:	da02      	bge.n	10004648 <stdio_usb_init+0x80>
10004642:	2201      	movs	r2, #1
10004644:	4b16      	ldr	r3, [pc, #88]	@ (100046a0 <stdio_usb_init+0xd8>)
10004646:	4252      	negs	r2, r2
10004648:	2101      	movs	r1, #1
1000464a:	9102      	str	r1, [sp, #8]
1000464c:	2100      	movs	r1, #0
1000464e:	9101      	str	r1, [sp, #4]
10004650:	4914      	ldr	r1, [pc, #80]	@ (100046a4 <stdio_usb_init+0xdc>)
10004652:	0028      	movs	r0, r5
10004654:	9100      	str	r1, [sp, #0]
10004656:	f7fc fb91 	bl	10000d7c <alarm_pool_add_alarm_at>
1000465a:	2800      	cmp	r0, #0
1000465c:	dbc0      	blt.n	100045e0 <stdio_usb_init+0x18>
1000465e:	2101      	movs	r1, #1
10004660:	4811      	ldr	r0, [pc, #68]	@ (100046a8 <stdio_usb_init+0xe0>)
10004662:	f7ff fd2d 	bl	100040c0 <stdio_set_driver_enabled>
10004666:	2401      	movs	r4, #1
10004668:	e7ba      	b.n	100045e0 <stdio_usb_init+0x18>
1000466a:	2001      	movs	r0, #1
1000466c:	f7fb ff22 	bl	100004b4 <spin_lock_claim_unused>
10004670:	0001      	movs	r1, r0
10004672:	480a      	ldr	r0, [pc, #40]	@ (1000469c <stdio_usb_init+0xd4>)
10004674:	f7fc f968 	bl	10000948 <critical_section_init_with_lock_num>
10004678:	2200      	movs	r2, #0
1000467a:	2005      	movs	r0, #5
1000467c:	490b      	ldr	r1, [pc, #44]	@ (100046ac <stdio_usb_init+0xe4>)
1000467e:	f7fb ffbb 	bl	100005f8 <irq_add_shared_handler>
10004682:	e7ec      	b.n	1000465e <stdio_usb_init+0x96>
10004684:	f7fc f944 	bl	10000910 <mutex_init>
10004688:	e7b7      	b.n	100045fa <stdio_usb_init+0x32>
1000468a:	46c0      	nop			@ (mov r8, r8)
1000468c:	10006bc4 	.word	0x10006bc4
10004690:	20001d64 	.word	0x20001d64
10004694:	20001d87 	.word	0x20001d87
10004698:	10004505 	.word	0x10004505
1000469c:	20001d3c 	.word	0x20001d3c
100046a0:	7fffffff 	.word	0x7fffffff
100046a4:	100042cd 	.word	0x100042cd
100046a8:	20001130 	.word	0x20001130
100046ac:	100042bd 	.word	0x100042bd

100046b0 <tud_descriptor_device_cb>:
100046b0:	4800      	ldr	r0, [pc, #0]	@ (100046b4 <tud_descriptor_device_cb+0x4>)
100046b2:	4770      	bx	lr
100046b4:	100069dc 	.word	0x100069dc

100046b8 <tud_descriptor_configuration_cb>:
100046b8:	4800      	ldr	r0, [pc, #0]	@ (100046bc <tud_descriptor_configuration_cb+0x4>)
100046ba:	4770      	bx	lr
100046bc:	10006988 	.word	0x10006988

100046c0 <tud_descriptor_string_cb>:
100046c0:	b510      	push	{r4, lr}
100046c2:	0004      	movs	r4, r0
100046c4:	4816      	ldr	r0, [pc, #88]	@ (10004720 <tud_descriptor_string_cb+0x60>)
100046c6:	7803      	ldrb	r3, [r0, #0]
100046c8:	2b00      	cmp	r3, #0
100046ca:	d020      	beq.n	1000470e <tud_descriptor_string_cb+0x4e>
100046cc:	2c00      	cmp	r4, #0
100046ce:	d106      	bne.n	100046de <tud_descriptor_string_cb+0x1e>
100046d0:	4b14      	ldr	r3, [pc, #80]	@ (10004724 <tud_descriptor_string_cb+0x64>)
100046d2:	4815      	ldr	r0, [pc, #84]	@ (10004728 <tud_descriptor_string_cb+0x68>)
100046d4:	8043      	strh	r3, [r0, #2]
100046d6:	3b06      	subs	r3, #6
100046d8:	3bff      	subs	r3, #255	@ 0xff
100046da:	8003      	strh	r3, [r0, #0]
100046dc:	bd10      	pop	{r4, pc}
100046de:	2c05      	cmp	r4, #5
100046e0:	d81c      	bhi.n	1000471c <tud_descriptor_string_cb+0x5c>
100046e2:	4b12      	ldr	r3, [pc, #72]	@ (1000472c <tud_descriptor_string_cb+0x6c>)
100046e4:	00a4      	lsls	r4, r4, #2
100046e6:	58e4      	ldr	r4, [r4, r3]
100046e8:	480f      	ldr	r0, [pc, #60]	@ (10004728 <tud_descriptor_string_cb+0x68>)
100046ea:	2301      	movs	r3, #1
100046ec:	1c81      	adds	r1, r0, #2
100046ee:	3c01      	subs	r4, #1
100046f0:	e004      	b.n	100046fc <tud_descriptor_string_cb+0x3c>
100046f2:	3301      	adds	r3, #1
100046f4:	800a      	strh	r2, [r1, #0]
100046f6:	3102      	adds	r1, #2
100046f8:	2b14      	cmp	r3, #20
100046fa:	d00c      	beq.n	10004716 <tud_descriptor_string_cb+0x56>
100046fc:	5ce2      	ldrb	r2, [r4, r3]
100046fe:	2a00      	cmp	r2, #0
10004700:	d1f7      	bne.n	100046f2 <tud_descriptor_string_cb+0x32>
10004702:	22c0      	movs	r2, #192	@ 0xc0
10004704:	b2db      	uxtb	r3, r3
10004706:	005b      	lsls	r3, r3, #1
10004708:	0092      	lsls	r2, r2, #2
1000470a:	4313      	orrs	r3, r2
1000470c:	e7e5      	b.n	100046da <tud_descriptor_string_cb+0x1a>
1000470e:	2111      	movs	r1, #17
10004710:	f000 f816 	bl	10004740 <pico_get_unique_board_id_string>
10004714:	e7da      	b.n	100046cc <tud_descriptor_string_cb+0xc>
10004716:	23ca      	movs	r3, #202	@ 0xca
10004718:	009b      	lsls	r3, r3, #2
1000471a:	e7de      	b.n	100046da <tud_descriptor_string_cb+0x1a>
1000471c:	2000      	movs	r0, #0
1000471e:	e7dd      	b.n	100046dc <tud_descriptor_string_cb+0x1c>
10004720:	20001d70 	.word	0x20001d70
10004724:	00000409 	.word	0x00000409
10004728:	200018fc 	.word	0x200018fc
1000472c:	10006970 	.word	0x10006970

10004730 <_retrieve_unique_id_on_boot>:
10004730:	b510      	push	{r4, lr}
10004732:	4802      	ldr	r0, [pc, #8]	@ (1000473c <_retrieve_unique_id_on_boot+0xc>)
10004734:	f000 f8f4 	bl	10004920 <flash_get_unique_id>
10004738:	bd10      	pop	{r4, pc}
1000473a:	46c0      	nop			@ (mov r8, r8)
1000473c:	20001d54 	.word	0x20001d54

10004740 <pico_get_unique_board_id_string>:
10004740:	b530      	push	{r4, r5, lr}
10004742:	2901      	cmp	r1, #1
10004744:	d100      	bne.n	10004748 <pico_get_unique_board_id_string+0x8>
10004746:	e0bb      	b.n	100048c0 <pico_get_unique_board_id_string+0x180>
10004748:	4b74      	ldr	r3, [pc, #464]	@ (1000491c <pico_get_unique_board_id_string+0x1dc>)
1000474a:	3901      	subs	r1, #1
1000474c:	781a      	ldrb	r2, [r3, #0]
1000474e:	1112      	asrs	r2, r2, #4
10004750:	0014      	movs	r4, r2
10004752:	3430      	adds	r4, #48	@ 0x30
10004754:	2a09      	cmp	r2, #9
10004756:	dd00      	ble.n	1000475a <pico_get_unique_board_id_string+0x1a>
10004758:	e0b5      	b.n	100048c6 <pico_get_unique_board_id_string+0x186>
1000475a:	7004      	strb	r4, [r0, #0]
1000475c:	2901      	cmp	r1, #1
1000475e:	d100      	bne.n	10004762 <pico_get_unique_board_id_string+0x22>
10004760:	e0da      	b.n	10004918 <pico_get_unique_board_id_string+0x1d8>
10004762:	220f      	movs	r2, #15
10004764:	781c      	ldrb	r4, [r3, #0]
10004766:	4022      	ands	r2, r4
10004768:	0014      	movs	r4, r2
1000476a:	3430      	adds	r4, #48	@ 0x30
1000476c:	2a09      	cmp	r2, #9
1000476e:	d900      	bls.n	10004772 <pico_get_unique_board_id_string+0x32>
10004770:	e0ac      	b.n	100048cc <pico_get_unique_board_id_string+0x18c>
10004772:	7044      	strb	r4, [r0, #1]
10004774:	2902      	cmp	r1, #2
10004776:	d100      	bne.n	1000477a <pico_get_unique_board_id_string+0x3a>
10004778:	e0ce      	b.n	10004918 <pico_get_unique_board_id_string+0x1d8>
1000477a:	785a      	ldrb	r2, [r3, #1]
1000477c:	4694      	mov	ip, r2
1000477e:	1112      	asrs	r2, r2, #4
10004780:	0014      	movs	r4, r2
10004782:	3430      	adds	r4, #48	@ 0x30
10004784:	2a09      	cmp	r2, #9
10004786:	dd00      	ble.n	1000478a <pico_get_unique_board_id_string+0x4a>
10004788:	e0a3      	b.n	100048d2 <pico_get_unique_board_id_string+0x192>
1000478a:	7084      	strb	r4, [r0, #2]
1000478c:	2903      	cmp	r1, #3
1000478e:	d100      	bne.n	10004792 <pico_get_unique_board_id_string+0x52>
10004790:	e0c2      	b.n	10004918 <pico_get_unique_board_id_string+0x1d8>
10004792:	4664      	mov	r4, ip
10004794:	220f      	movs	r2, #15
10004796:	4022      	ands	r2, r4
10004798:	0014      	movs	r4, r2
1000479a:	3430      	adds	r4, #48	@ 0x30
1000479c:	2a09      	cmp	r2, #9
1000479e:	d900      	bls.n	100047a2 <pico_get_unique_board_id_string+0x62>
100047a0:	e09a      	b.n	100048d8 <pico_get_unique_board_id_string+0x198>
100047a2:	70c4      	strb	r4, [r0, #3]
100047a4:	2904      	cmp	r1, #4
100047a6:	d100      	bne.n	100047aa <pico_get_unique_board_id_string+0x6a>
100047a8:	e0b6      	b.n	10004918 <pico_get_unique_board_id_string+0x1d8>
100047aa:	789a      	ldrb	r2, [r3, #2]
100047ac:	4694      	mov	ip, r2
100047ae:	1112      	asrs	r2, r2, #4
100047b0:	0014      	movs	r4, r2
100047b2:	3430      	adds	r4, #48	@ 0x30
100047b4:	2a09      	cmp	r2, #9
100047b6:	dd00      	ble.n	100047ba <pico_get_unique_board_id_string+0x7a>
100047b8:	e091      	b.n	100048de <pico_get_unique_board_id_string+0x19e>
100047ba:	7104      	strb	r4, [r0, #4]
100047bc:	2905      	cmp	r1, #5
100047be:	d100      	bne.n	100047c2 <pico_get_unique_board_id_string+0x82>
100047c0:	e0aa      	b.n	10004918 <pico_get_unique_board_id_string+0x1d8>
100047c2:	4664      	mov	r4, ip
100047c4:	220f      	movs	r2, #15
100047c6:	4022      	ands	r2, r4
100047c8:	0014      	movs	r4, r2
100047ca:	3430      	adds	r4, #48	@ 0x30
100047cc:	2a09      	cmp	r2, #9
100047ce:	d900      	bls.n	100047d2 <pico_get_unique_board_id_string+0x92>
100047d0:	e088      	b.n	100048e4 <pico_get_unique_board_id_string+0x1a4>
100047d2:	7144      	strb	r4, [r0, #5]
100047d4:	2906      	cmp	r1, #6
100047d6:	d100      	bne.n	100047da <pico_get_unique_board_id_string+0x9a>
100047d8:	e09e      	b.n	10004918 <pico_get_unique_board_id_string+0x1d8>
100047da:	2530      	movs	r5, #48	@ 0x30
100047dc:	46ac      	mov	ip, r5
100047de:	78dc      	ldrb	r4, [r3, #3]
100047e0:	1122      	asrs	r2, r4, #4
100047e2:	4494      	add	ip, r2
100047e4:	2a09      	cmp	r2, #9
100047e6:	dd00      	ble.n	100047ea <pico_get_unique_board_id_string+0xaa>
100047e8:	e07f      	b.n	100048ea <pico_get_unique_board_id_string+0x1aa>
100047ea:	4662      	mov	r2, ip
100047ec:	7182      	strb	r2, [r0, #6]
100047ee:	2907      	cmp	r1, #7
100047f0:	d100      	bne.n	100047f4 <pico_get_unique_board_id_string+0xb4>
100047f2:	e091      	b.n	10004918 <pico_get_unique_board_id_string+0x1d8>
100047f4:	220f      	movs	r2, #15
100047f6:	4022      	ands	r2, r4
100047f8:	0014      	movs	r4, r2
100047fa:	3430      	adds	r4, #48	@ 0x30
100047fc:	2a09      	cmp	r2, #9
100047fe:	d900      	bls.n	10004802 <pico_get_unique_board_id_string+0xc2>
10004800:	e077      	b.n	100048f2 <pico_get_unique_board_id_string+0x1b2>
10004802:	71c4      	strb	r4, [r0, #7]
10004804:	2908      	cmp	r1, #8
10004806:	d100      	bne.n	1000480a <pico_get_unique_board_id_string+0xca>
10004808:	e086      	b.n	10004918 <pico_get_unique_board_id_string+0x1d8>
1000480a:	2530      	movs	r5, #48	@ 0x30
1000480c:	46ac      	mov	ip, r5
1000480e:	791c      	ldrb	r4, [r3, #4]
10004810:	1122      	asrs	r2, r4, #4
10004812:	4494      	add	ip, r2
10004814:	2a09      	cmp	r2, #9
10004816:	dd00      	ble.n	1000481a <pico_get_unique_board_id_string+0xda>
10004818:	e06e      	b.n	100048f8 <pico_get_unique_board_id_string+0x1b8>
1000481a:	4662      	mov	r2, ip
1000481c:	7202      	strb	r2, [r0, #8]
1000481e:	2909      	cmp	r1, #9
10004820:	d100      	bne.n	10004824 <pico_get_unique_board_id_string+0xe4>
10004822:	e079      	b.n	10004918 <pico_get_unique_board_id_string+0x1d8>
10004824:	220f      	movs	r2, #15
10004826:	4022      	ands	r2, r4
10004828:	0014      	movs	r4, r2
1000482a:	3430      	adds	r4, #48	@ 0x30
1000482c:	2a09      	cmp	r2, #9
1000482e:	d867      	bhi.n	10004900 <pico_get_unique_board_id_string+0x1c0>
10004830:	7244      	strb	r4, [r0, #9]
10004832:	290a      	cmp	r1, #10
10004834:	d100      	bne.n	10004838 <pico_get_unique_board_id_string+0xf8>
10004836:	e06f      	b.n	10004918 <pico_get_unique_board_id_string+0x1d8>
10004838:	2530      	movs	r5, #48	@ 0x30
1000483a:	46ac      	mov	ip, r5
1000483c:	795c      	ldrb	r4, [r3, #5]
1000483e:	1122      	asrs	r2, r4, #4
10004840:	4494      	add	ip, r2
10004842:	2a09      	cmp	r2, #9
10004844:	dc5f      	bgt.n	10004906 <pico_get_unique_board_id_string+0x1c6>
10004846:	4662      	mov	r2, ip
10004848:	7282      	strb	r2, [r0, #10]
1000484a:	290b      	cmp	r1, #11
1000484c:	d064      	beq.n	10004918 <pico_get_unique_board_id_string+0x1d8>
1000484e:	220f      	movs	r2, #15
10004850:	4022      	ands	r2, r4
10004852:	0014      	movs	r4, r2
10004854:	3430      	adds	r4, #48	@ 0x30
10004856:	2a09      	cmp	r2, #9
10004858:	d859      	bhi.n	1000490e <pico_get_unique_board_id_string+0x1ce>
1000485a:	72c4      	strb	r4, [r0, #11]
1000485c:	290c      	cmp	r1, #12
1000485e:	d05b      	beq.n	10004918 <pico_get_unique_board_id_string+0x1d8>
10004860:	2530      	movs	r5, #48	@ 0x30
10004862:	46ac      	mov	ip, r5
10004864:	799c      	ldrb	r4, [r3, #6]
10004866:	1122      	asrs	r2, r4, #4
10004868:	4494      	add	ip, r2
1000486a:	2a09      	cmp	r2, #9
1000486c:	dd02      	ble.n	10004874 <pico_get_unique_board_id_string+0x134>
1000486e:	3507      	adds	r5, #7
10004870:	46ac      	mov	ip, r5
10004872:	4494      	add	ip, r2
10004874:	4662      	mov	r2, ip
10004876:	7302      	strb	r2, [r0, #12]
10004878:	290d      	cmp	r1, #13
1000487a:	d04d      	beq.n	10004918 <pico_get_unique_board_id_string+0x1d8>
1000487c:	220f      	movs	r2, #15
1000487e:	4022      	ands	r2, r4
10004880:	0014      	movs	r4, r2
10004882:	3430      	adds	r4, #48	@ 0x30
10004884:	2a09      	cmp	r2, #9
10004886:	d901      	bls.n	1000488c <pico_get_unique_board_id_string+0x14c>
10004888:	3237      	adds	r2, #55	@ 0x37
1000488a:	0014      	movs	r4, r2
1000488c:	7344      	strb	r4, [r0, #13]
1000488e:	290e      	cmp	r1, #14
10004890:	d042      	beq.n	10004918 <pico_get_unique_board_id_string+0x1d8>
10004892:	79da      	ldrb	r2, [r3, #7]
10004894:	1113      	asrs	r3, r2, #4
10004896:	001c      	movs	r4, r3
10004898:	3430      	adds	r4, #48	@ 0x30
1000489a:	2b09      	cmp	r3, #9
1000489c:	dd01      	ble.n	100048a2 <pico_get_unique_board_id_string+0x162>
1000489e:	3337      	adds	r3, #55	@ 0x37
100048a0:	001c      	movs	r4, r3
100048a2:	7384      	strb	r4, [r0, #14]
100048a4:	290f      	cmp	r1, #15
100048a6:	d037      	beq.n	10004918 <pico_get_unique_board_id_string+0x1d8>
100048a8:	230f      	movs	r3, #15
100048aa:	4013      	ands	r3, r2
100048ac:	001a      	movs	r2, r3
100048ae:	3237      	adds	r2, #55	@ 0x37
100048b0:	2b09      	cmp	r3, #9
100048b2:	d801      	bhi.n	100048b8 <pico_get_unique_board_id_string+0x178>
100048b4:	3330      	adds	r3, #48	@ 0x30
100048b6:	001a      	movs	r2, r3
100048b8:	73c2      	strb	r2, [r0, #15]
100048ba:	2910      	cmp	r1, #16
100048bc:	d02c      	beq.n	10004918 <pico_get_unique_board_id_string+0x1d8>
100048be:	3010      	adds	r0, #16
100048c0:	2300      	movs	r3, #0
100048c2:	7003      	strb	r3, [r0, #0]
100048c4:	bd30      	pop	{r4, r5, pc}
100048c6:	3237      	adds	r2, #55	@ 0x37
100048c8:	0014      	movs	r4, r2
100048ca:	e746      	b.n	1000475a <pico_get_unique_board_id_string+0x1a>
100048cc:	3237      	adds	r2, #55	@ 0x37
100048ce:	0014      	movs	r4, r2
100048d0:	e74f      	b.n	10004772 <pico_get_unique_board_id_string+0x32>
100048d2:	3237      	adds	r2, #55	@ 0x37
100048d4:	0014      	movs	r4, r2
100048d6:	e758      	b.n	1000478a <pico_get_unique_board_id_string+0x4a>
100048d8:	3237      	adds	r2, #55	@ 0x37
100048da:	0014      	movs	r4, r2
100048dc:	e761      	b.n	100047a2 <pico_get_unique_board_id_string+0x62>
100048de:	3237      	adds	r2, #55	@ 0x37
100048e0:	0014      	movs	r4, r2
100048e2:	e76a      	b.n	100047ba <pico_get_unique_board_id_string+0x7a>
100048e4:	3237      	adds	r2, #55	@ 0x37
100048e6:	0014      	movs	r4, r2
100048e8:	e773      	b.n	100047d2 <pico_get_unique_board_id_string+0x92>
100048ea:	3507      	adds	r5, #7
100048ec:	46ac      	mov	ip, r5
100048ee:	4494      	add	ip, r2
100048f0:	e77b      	b.n	100047ea <pico_get_unique_board_id_string+0xaa>
100048f2:	3237      	adds	r2, #55	@ 0x37
100048f4:	0014      	movs	r4, r2
100048f6:	e784      	b.n	10004802 <pico_get_unique_board_id_string+0xc2>
100048f8:	3507      	adds	r5, #7
100048fa:	46ac      	mov	ip, r5
100048fc:	4494      	add	ip, r2
100048fe:	e78c      	b.n	1000481a <pico_get_unique_board_id_string+0xda>
10004900:	3237      	adds	r2, #55	@ 0x37
10004902:	0014      	movs	r4, r2
10004904:	e794      	b.n	10004830 <pico_get_unique_board_id_string+0xf0>
10004906:	3507      	adds	r5, #7
10004908:	46ac      	mov	ip, r5
1000490a:	4494      	add	ip, r2
1000490c:	e79b      	b.n	10004846 <pico_get_unique_board_id_string+0x106>
1000490e:	3237      	adds	r2, #55	@ 0x37
10004910:	0014      	movs	r4, r2
10004912:	72c4      	strb	r4, [r0, #11]
10004914:	290c      	cmp	r1, #12
10004916:	d1a3      	bne.n	10004860 <pico_get_unique_board_id_string+0x120>
10004918:	1840      	adds	r0, r0, r1
1000491a:	e7d1      	b.n	100048c0 <pico_get_unique_board_id_string+0x180>
1000491c:	20001d54 	.word	0x20001d54

10004920 <flash_get_unique_id>:
10004920:	b510      	push	{r4, lr}
10004922:	b088      	sub	sp, #32
10004924:	0004      	movs	r4, r0
10004926:	220d      	movs	r2, #13
10004928:	2100      	movs	r1, #0
1000492a:	4668      	mov	r0, sp
1000492c:	f7fd fe40 	bl	100025b0 <__wrap_memset>
10004930:	220d      	movs	r2, #13
10004932:	2100      	movs	r1, #0
10004934:	a804      	add	r0, sp, #16
10004936:	f7fd fe3b 	bl	100025b0 <__wrap_memset>
1000493a:	466a      	mov	r2, sp
1000493c:	234b      	movs	r3, #75	@ 0x4b
1000493e:	4668      	mov	r0, sp
10004940:	7013      	strb	r3, [r2, #0]
10004942:	a904      	add	r1, sp, #16
10004944:	2300      	movs	r3, #0
10004946:	220d      	movs	r2, #13
10004948:	f001 fe3e 	bl	100065c8 <__flash_do_cmd_cs_veneer>
1000494c:	2115      	movs	r1, #21
1000494e:	2208      	movs	r2, #8
10004950:	0020      	movs	r0, r4
10004952:	4469      	add	r1, sp
10004954:	f7fd fe32 	bl	100025bc <__wrap___aeabi_memcpy>
10004958:	b008      	add	sp, #32
1000495a:	bd10      	pop	{r4, pc}

1000495c <usb_reset_interface_init>:
1000495c:	4770      	bx	lr
1000495e:	46c0      	nop			@ (mov r8, r8)

10004960 <usb_reset_interface_reset>:
10004960:	2200      	movs	r2, #0
10004962:	4b01      	ldr	r3, [pc, #4]	@ (10004968 <usb_reset_interface_reset+0x8>)
10004964:	701a      	strb	r2, [r3, #0]
10004966:	4770      	bx	lr
10004968:	20001d86 	.word	0x20001d86

1000496c <usb_reset_interface_open>:
1000496c:	794b      	ldrb	r3, [r1, #5]
1000496e:	2bff      	cmp	r3, #255	@ 0xff
10004970:	d105      	bne.n	1000497e <usb_reset_interface_open+0x12>
10004972:	798b      	ldrb	r3, [r1, #6]
10004974:	2b00      	cmp	r3, #0
10004976:	d102      	bne.n	1000497e <usb_reset_interface_open+0x12>
10004978:	79cb      	ldrb	r3, [r1, #7]
1000497a:	2b01      	cmp	r3, #1
1000497c:	d001      	beq.n	10004982 <usb_reset_interface_open+0x16>
1000497e:	2000      	movs	r0, #0
10004980:	4770      	bx	lr
10004982:	2a08      	cmp	r2, #8
10004984:	d9fb      	bls.n	1000497e <usb_reset_interface_open+0x12>
10004986:	4b02      	ldr	r3, [pc, #8]	@ (10004990 <usb_reset_interface_open+0x24>)
10004988:	788a      	ldrb	r2, [r1, #2]
1000498a:	2009      	movs	r0, #9
1000498c:	701a      	strb	r2, [r3, #0]
1000498e:	e7f7      	b.n	10004980 <usb_reset_interface_open+0x14>
10004990:	20001d86 	.word	0x20001d86

10004994 <usb_reset_interface_xfer_cb>:
10004994:	2001      	movs	r0, #1
10004996:	4770      	bx	lr

10004998 <usb_reset_interface_control_xfer_cb>:
10004998:	b510      	push	{r4, lr}
1000499a:	2901      	cmp	r1, #1
1000499c:	d001      	beq.n	100049a2 <usb_reset_interface_control_xfer_cb+0xa>
1000499e:	2001      	movs	r0, #1
100049a0:	bd10      	pop	{r4, pc}
100049a2:	4914      	ldr	r1, [pc, #80]	@ (100049f4 <usb_reset_interface_control_xfer_cb+0x5c>)
100049a4:	7953      	ldrb	r3, [r2, #5]
100049a6:	7910      	ldrb	r0, [r2, #4]
100049a8:	7809      	ldrb	r1, [r1, #0]
100049aa:	021b      	lsls	r3, r3, #8
100049ac:	4303      	orrs	r3, r0
100049ae:	4299      	cmp	r1, r3
100049b0:	d001      	beq.n	100049b6 <usb_reset_interface_control_xfer_cb+0x1e>
100049b2:	2000      	movs	r0, #0
100049b4:	e7f4      	b.n	100049a0 <usb_reset_interface_control_xfer_cb+0x8>
100049b6:	7853      	ldrb	r3, [r2, #1]
100049b8:	2b01      	cmp	r3, #1
100049ba:	d007      	beq.n	100049cc <usb_reset_interface_control_xfer_cb+0x34>
100049bc:	2b02      	cmp	r3, #2
100049be:	d1f8      	bne.n	100049b2 <usb_reset_interface_control_xfer_cb+0x1a>
100049c0:	2264      	movs	r2, #100	@ 0x64
100049c2:	2100      	movs	r1, #0
100049c4:	2000      	movs	r0, #0
100049c6:	f7fc fd63 	bl	10001490 <watchdog_reboot>
100049ca:	e7e8      	b.n	1000499e <usb_reset_interface_control_xfer_cb+0x6>
100049cc:	78d1      	ldrb	r1, [r2, #3]
100049ce:	7893      	ldrb	r3, [r2, #2]
100049d0:	0209      	lsls	r1, r1, #8
100049d2:	4319      	orrs	r1, r3
100049d4:	2380      	movs	r3, #128	@ 0x80
100049d6:	000a      	movs	r2, r1
100049d8:	005b      	lsls	r3, r3, #1
100049da:	401a      	ands	r2, r3
100049dc:	4219      	tst	r1, r3
100049de:	d006      	beq.n	100049ee <usb_reset_interface_control_xfer_cb+0x56>
100049e0:	060a      	lsls	r2, r1, #24
100049e2:	0fd2      	lsrs	r2, r2, #31
100049e4:	0a48      	lsrs	r0, r1, #9
100049e6:	2303      	movs	r3, #3
100049e8:	4019      	ands	r1, r3
100049ea:	f7fc fdd7 	bl	1000159c <rom_reset_usb_boot_extra>
100049ee:	2001      	movs	r0, #1
100049f0:	4240      	negs	r0, r0
100049f2:	e7f8      	b.n	100049e6 <usb_reset_interface_control_xfer_cb+0x4e>
100049f4:	20001d86 	.word	0x20001d86

100049f8 <tud_descriptor_bos_cb>:
100049f8:	4800      	ldr	r0, [pc, #0]	@ (100049fc <tud_descriptor_bos_cb+0x4>)
100049fa:	4770      	bx	lr
100049fc:	10006a98 	.word	0x10006a98

10004a00 <tud_vendor_control_xfer_cb>:
10004a00:	4694      	mov	ip, r2
10004a02:	2301      	movs	r3, #1
10004a04:	b510      	push	{r4, lr}
10004a06:	2901      	cmp	r1, #1
10004a08:	d10a      	bne.n	10004a20 <tud_vendor_control_xfer_cb+0x20>
10004a0a:	7853      	ldrb	r3, [r2, #1]
10004a0c:	2b01      	cmp	r3, #1
10004a0e:	d106      	bne.n	10004a1e <tud_vendor_control_xfer_cb+0x1e>
10004a10:	0013      	movs	r3, r2
10004a12:	795b      	ldrb	r3, [r3, #5]
10004a14:	7912      	ldrb	r2, [r2, #4]
10004a16:	021b      	lsls	r3, r3, #8
10004a18:	4313      	orrs	r3, r2
10004a1a:	2b07      	cmp	r3, #7
10004a1c:	d002      	beq.n	10004a24 <tud_vendor_control_xfer_cb+0x24>
10004a1e:	2300      	movs	r3, #0
10004a20:	0018      	movs	r0, r3
10004a22:	bd10      	pop	{r4, pc}
10004a24:	339f      	adds	r3, #159	@ 0x9f
10004a26:	4661      	mov	r1, ip
10004a28:	4a02      	ldr	r2, [pc, #8]	@ (10004a34 <tud_vendor_control_xfer_cb+0x34>)
10004a2a:	f000 fee7 	bl	100057fc <tud_control_xfer>
10004a2e:	0003      	movs	r3, r0
10004a30:	e7f6      	b.n	10004a20 <tud_vendor_control_xfer_cb+0x20>
10004a32:	46c0      	nop			@ (mov r8, r8)
10004a34:	100069f0 	.word	0x100069f0

10004a38 <usbd_app_driver_get_cb>:
10004a38:	2301      	movs	r3, #1
10004a3a:	7003      	strb	r3, [r0, #0]
10004a3c:	4800      	ldr	r0, [pc, #0]	@ (10004a40 <usbd_app_driver_get_cb+0x8>)
10004a3e:	4770      	bx	lr
10004a40:	10006abc 	.word	0x10006abc

10004a44 <tud_cdc_line_coding_cb>:
10004a44:	784b      	ldrb	r3, [r1, #1]
10004a46:	780a      	ldrb	r2, [r1, #0]
10004a48:	021b      	lsls	r3, r3, #8
10004a4a:	4313      	orrs	r3, r2
10004a4c:	788a      	ldrb	r2, [r1, #2]
10004a4e:	b510      	push	{r4, lr}
10004a50:	0412      	lsls	r2, r2, #16
10004a52:	431a      	orrs	r2, r3
10004a54:	78cb      	ldrb	r3, [r1, #3]
10004a56:	061b      	lsls	r3, r3, #24
10004a58:	4313      	orrs	r3, r2
10004a5a:	2296      	movs	r2, #150	@ 0x96
10004a5c:	00d2      	lsls	r2, r2, #3
10004a5e:	4293      	cmp	r3, r2
10004a60:	d000      	beq.n	10004a64 <tud_cdc_line_coding_cb+0x20>
10004a62:	bd10      	pop	{r4, pc}
10004a64:	2200      	movs	r2, #0
10004a66:	2001      	movs	r0, #1
10004a68:	0011      	movs	r1, r2
10004a6a:	4240      	negs	r0, r0
10004a6c:	f7fc fd96 	bl	1000159c <rom_reset_usb_boot_extra>

10004a70 <dcd_init>:
10004a70:	b5f8      	push	{r3, r4, r5, r6, r7, lr}
10004a72:	f000 f93f 	bl	10004cf4 <rp2040_usb_init>
10004a76:	230c      	movs	r3, #12
10004a78:	4d19      	ldr	r5, [pc, #100]	@ (10004ae0 <dcd_init+0x70>)
10004a7a:	22ff      	movs	r2, #255	@ 0xff
10004a7c:	67ab      	str	r3, [r5, #120]	@ 0x78
10004a7e:	2005      	movs	r0, #5
10004a80:	4918      	ldr	r1, [pc, #96]	@ (10004ae4 <dcd_init+0x74>)
10004a82:	f7fb fdb9 	bl	100005f8 <irq_add_shared_handler>
10004a86:	4c18      	ldr	r4, [pc, #96]	@ (10004ae8 <dcd_init+0x78>)
10004a88:	2240      	movs	r2, #64	@ 0x40
10004a8a:	2100      	movs	r1, #0
10004a8c:	0020      	movs	r0, r4
10004a8e:	f7fd fd8f 	bl	100025b0 <__wrap_memset>
10004a92:	2740      	movs	r7, #64	@ 0x40
10004a94:	2300      	movs	r3, #0
10004a96:	2601      	movs	r6, #1
10004a98:	2121      	movs	r1, #33	@ 0x21
10004a9a:	4a14      	ldr	r2, [pc, #80]	@ (10004aec <dcd_init+0x7c>)
10004a9c:	7066      	strb	r6, [r4, #1]
10004a9e:	8327      	strh	r7, [r4, #24]
10004aa0:	60a2      	str	r2, [r4, #8]
10004aa2:	6013      	str	r3, [r2, #0]
10004aa4:	5463      	strb	r3, [r4, r1]
10004aa6:	315f      	adds	r1, #95	@ 0x5f
10004aa8:	8461      	strh	r1, [r4, #34]	@ 0x22
10004aaa:	3945      	subs	r1, #69	@ 0x45
10004aac:	5463      	strb	r3, [r4, r1]
10004aae:	4a10      	ldr	r2, [pc, #64]	@ (10004af0 <dcd_init+0x80>)
10004ab0:	4910      	ldr	r1, [pc, #64]	@ (10004af4 <dcd_init+0x84>)
10004ab2:	6063      	str	r3, [r4, #4]
10004ab4:	60e2      	str	r2, [r4, #12]
10004ab6:	8727      	strh	r7, [r4, #56]	@ 0x38
10004ab8:	62a1      	str	r1, [r4, #40]	@ 0x28
10004aba:	600b      	str	r3, [r1, #0]
10004abc:	6263      	str	r3, [r4, #36]	@ 0x24
10004abe:	62e2      	str	r2, [r4, #44]	@ 0x2c
10004ac0:	f001 fdca 	bl	10006658 <__reset_non_control_endpoints_veneer>
10004ac4:	2380      	movs	r3, #128	@ 0x80
10004ac6:	059b      	lsls	r3, r3, #22
10004ac8:	642e      	str	r6, [r5, #64]	@ 0x40
10004aca:	64eb      	str	r3, [r5, #76]	@ 0x4c
10004acc:	2390      	movs	r3, #144	@ 0x90
10004ace:	4a0a      	ldr	r2, [pc, #40]	@ (10004af8 <dcd_init+0x88>)
10004ad0:	2001      	movs	r0, #1
10004ad2:	50ea      	str	r2, [r5, r3]
10004ad4:	2280      	movs	r2, #128	@ 0x80
10004ad6:	4b09      	ldr	r3, [pc, #36]	@ (10004afc <dcd_init+0x8c>)
10004ad8:	0252      	lsls	r2, r2, #9
10004ada:	64da      	str	r2, [r3, #76]	@ 0x4c
10004adc:	bdf8      	pop	{r3, r4, r5, r6, r7, pc}
10004ade:	46c0      	nop			@ (mov r8, r8)
10004ae0:	50110000 	.word	0x50110000
10004ae4:	200004c9 	.word	0x200004c9
10004ae8:	20001930 	.word	0x20001930
10004aec:	50100084 	.word	0x50100084
10004af0:	50100100 	.word	0x50100100
10004af4:	50100080 	.word	0x50100080
10004af8:	0001d010 	.word	0x0001d010
10004afc:	50112000 	.word	0x50112000

10004b00 <dcd_int_enable>:
10004b00:	b510      	push	{r4, lr}
10004b02:	2101      	movs	r1, #1
10004b04:	2005      	movs	r0, #5
10004b06:	f7fb fd17 	bl	10000538 <irq_set_enabled>
10004b0a:	bd10      	pop	{r4, pc}

10004b0c <dcd_set_address>:
10004b0c:	b510      	push	{r4, lr}
10004b0e:	2200      	movs	r2, #0
10004b10:	2100      	movs	r1, #0
10004b12:	4802      	ldr	r0, [pc, #8]	@ (10004b1c <dcd_set_address+0x10>)
10004b14:	f000 f90e 	bl	10004d34 <hw_endpoint_xfer_start>
10004b18:	bd10      	pop	{r4, pc}
10004b1a:	46c0      	nop			@ (mov r8, r8)
10004b1c:	20001950 	.word	0x20001950

10004b20 <dcd_sof_enable>:
10004b20:	4b04      	ldr	r3, [pc, #16]	@ (10004b34 <dcd_sof_enable+0x14>)
10004b22:	7019      	strb	r1, [r3, #0]
10004b24:	2900      	cmp	r1, #0
10004b26:	d004      	beq.n	10004b32 <dcd_sof_enable+0x12>
10004b28:	2180      	movs	r1, #128	@ 0x80
10004b2a:	2390      	movs	r3, #144	@ 0x90
10004b2c:	4a02      	ldr	r2, [pc, #8]	@ (10004b38 <dcd_sof_enable+0x18>)
10004b2e:	0289      	lsls	r1, r1, #10
10004b30:	50d1      	str	r1, [r2, r3]
10004b32:	4770      	bx	lr
10004b34:	20001d82 	.word	0x20001d82
10004b38:	50112000 	.word	0x50112000

10004b3c <dcd_edpt0_status_complete>:
10004b3c:	780b      	ldrb	r3, [r1, #0]
10004b3e:	065b      	lsls	r3, r3, #25
10004b40:	d000      	beq.n	10004b44 <dcd_edpt0_status_complete+0x8>
10004b42:	4770      	bx	lr
10004b44:	784b      	ldrb	r3, [r1, #1]
10004b46:	2b05      	cmp	r3, #5
10004b48:	d1fb      	bne.n	10004b42 <dcd_edpt0_status_complete+0x6>
10004b4a:	788a      	ldrb	r2, [r1, #2]
10004b4c:	4b01      	ldr	r3, [pc, #4]	@ (10004b54 <dcd_edpt0_status_complete+0x18>)
10004b4e:	601a      	str	r2, [r3, #0]
10004b50:	e7f7      	b.n	10004b42 <dcd_edpt0_status_complete+0x6>
10004b52:	46c0      	nop			@ (mov r8, r8)
10004b54:	50110000 	.word	0x50110000

10004b58 <dcd_edpt_open>:
10004b58:	b5f8      	push	{r3, r4, r5, r6, r7, lr}
10004b5a:	46ce      	mov	lr, r9
10004b5c:	4647      	mov	r7, r8
10004b5e:	78ca      	ldrb	r2, [r1, #3]
10004b60:	b580      	push	{r7, lr}
10004b62:	0792      	lsls	r2, r2, #30
10004b64:	0f93      	lsrs	r3, r2, #30
10004b66:	001a      	movs	r2, r3
10004b68:	2b01      	cmp	r3, #1
10004b6a:	d05c      	beq.n	10004c26 <dcd_edpt_open+0xce>
10004b6c:	794b      	ldrb	r3, [r1, #5]
10004b6e:	790c      	ldrb	r4, [r1, #4]
10004b70:	021b      	lsls	r3, r3, #8
10004b72:	4323      	orrs	r3, r4
10004b74:	055b      	lsls	r3, r3, #21
10004b76:	0d5e      	lsrs	r6, r3, #21
10004b78:	237f      	movs	r3, #127	@ 0x7f
10004b7a:	7888      	ldrb	r0, [r1, #2]
10004b7c:	4d2f      	ldr	r5, [pc, #188]	@ (10004c3c <dcd_edpt_open+0xe4>)
10004b7e:	4003      	ands	r3, r0
10004b80:	09c4      	lsrs	r4, r0, #7
10004b82:	0059      	lsls	r1, r3, #1
10004b84:	4689      	mov	r9, r1
10004b86:	1909      	adds	r1, r1, r4
10004b88:	0149      	lsls	r1, r1, #5
10004b8a:	1869      	adds	r1, r5, r1
10004b8c:	7088      	strb	r0, [r1, #2]
10004b8e:	43c0      	mvns	r0, r0
10004b90:	b2c0      	uxtb	r0, r0
10004b92:	09c0      	lsrs	r0, r0, #7
10004b94:	7048      	strb	r0, [r1, #1]
10004b96:	2000      	movs	r0, #0
10004b98:	830e      	strh	r6, [r1, #24]
10004b9a:	70c8      	strb	r0, [r1, #3]
10004b9c:	76ca      	strb	r2, [r1, #27]
10004b9e:	0037      	movs	r7, r6
10004ba0:	00d9      	lsls	r1, r3, #3
10004ba2:	2c01      	cmp	r4, #1
10004ba4:	d02f      	beq.n	10004c06 <dcd_edpt_open+0xae>
10004ba6:	4e26      	ldr	r6, [pc, #152]	@ (10004c40 <dcd_edpt_open+0xe8>)
10004ba8:	1989      	adds	r1, r1, r6
10004baa:	019e      	lsls	r6, r3, #6
10004bac:	46b4      	mov	ip, r6
10004bae:	44ac      	add	ip, r5
10004bb0:	4666      	mov	r6, ip
10004bb2:	60b1      	str	r1, [r6, #8]
10004bb4:	6008      	str	r0, [r1, #0]
10004bb6:	2b00      	cmp	r3, #0
10004bb8:	d02f      	beq.n	10004c1a <dcd_edpt_open+0xc2>
10004bba:	00d9      	lsls	r1, r3, #3
10004bbc:	4b21      	ldr	r3, [pc, #132]	@ (10004c44 <dcd_edpt_open+0xec>)
10004bbe:	18c9      	adds	r1, r1, r3
10004bc0:	6071      	str	r1, [r6, #4]
10004bc2:	003b      	movs	r3, r7
10004bc4:	333f      	adds	r3, #63	@ 0x3f
10004bc6:	099b      	lsrs	r3, r3, #6
10004bc8:	2a02      	cmp	r2, #2
10004bca:	d033      	beq.n	10004c34 <dcd_edpt_open+0xdc>
10004bcc:	019b      	lsls	r3, r3, #6
10004bce:	491e      	ldr	r1, [pc, #120]	@ (10004c48 <dcd_edpt_open+0xf0>)
10004bd0:	6808      	ldr	r0, [r1, #0]
10004bd2:	468c      	mov	ip, r1
10004bd4:	4649      	mov	r1, r9
10004bd6:	1909      	adds	r1, r1, r4
10004bd8:	0149      	lsls	r1, r1, #5
10004bda:	186d      	adds	r5, r5, r1
10004bdc:	4661      	mov	r1, ip
10004bde:	18c3      	adds	r3, r0, r3
10004be0:	600b      	str	r3, [r1, #0]
10004be2:	491a      	ldr	r1, [pc, #104]	@ (10004c4c <dcd_edpt_open+0xf4>)
10004be4:	60e8      	str	r0, [r5, #12]
10004be6:	428b      	cmp	r3, r1
10004be8:	d826      	bhi.n	10004c38 <dcd_edpt_open+0xe0>
10004bea:	4b19      	ldr	r3, [pc, #100]	@ (10004c50 <dcd_edpt_open+0xf8>)
10004bec:	0692      	lsls	r2, r2, #26
10004bee:	4043      	eors	r3, r0
10004bf0:	431a      	orrs	r2, r3
10004bf2:	2380      	movs	r3, #128	@ 0x80
10004bf4:	061b      	lsls	r3, r3, #24
10004bf6:	4313      	orrs	r3, r2
10004bf8:	686a      	ldr	r2, [r5, #4]
10004bfa:	6013      	str	r3, [r2, #0]
10004bfc:	2001      	movs	r0, #1
10004bfe:	bcc0      	pop	{r6, r7}
10004c00:	46b9      	mov	r9, r7
10004c02:	46b0      	mov	r8, r6
10004c04:	bdf8      	pop	{r3, r4, r5, r6, r7, pc}
10004c06:	4e13      	ldr	r6, [pc, #76]	@ (10004c54 <dcd_edpt_open+0xfc>)
10004c08:	1989      	adds	r1, r1, r6
10004c0a:	019e      	lsls	r6, r3, #6
10004c0c:	46b4      	mov	ip, r6
10004c0e:	44ac      	add	ip, r5
10004c10:	4666      	mov	r6, ip
10004c12:	62b1      	str	r1, [r6, #40]	@ 0x28
10004c14:	6008      	str	r0, [r1, #0]
10004c16:	2b00      	cmp	r3, #0
10004c18:	d107      	bne.n	10004c2a <dcd_edpt_open+0xd2>
10004c1a:	0164      	lsls	r4, r4, #5
10004c1c:	192c      	adds	r4, r5, r4
10004c1e:	6063      	str	r3, [r4, #4]
10004c20:	4b0d      	ldr	r3, [pc, #52]	@ (10004c58 <dcd_edpt_open+0x100>)
10004c22:	60e3      	str	r3, [r4, #12]
10004c24:	e7ea      	b.n	10004bfc <dcd_edpt_open+0xa4>
10004c26:	2000      	movs	r0, #0
10004c28:	e7e9      	b.n	10004bfe <dcd_edpt_open+0xa6>
10004c2a:	00d9      	lsls	r1, r3, #3
10004c2c:	4b08      	ldr	r3, [pc, #32]	@ (10004c50 <dcd_edpt_open+0xf8>)
10004c2e:	18c9      	adds	r1, r1, r3
10004c30:	6271      	str	r1, [r6, #36]	@ 0x24
10004c32:	e7c6      	b.n	10004bc2 <dcd_edpt_open+0x6a>
10004c34:	01db      	lsls	r3, r3, #7
10004c36:	e7ca      	b.n	10004bce <dcd_edpt_open+0x76>
10004c38:	f7fc fcd8 	bl	100015ec <hard_assertion_failure>
10004c3c:	20001930 	.word	0x20001930
10004c40:	50100084 	.word	0x50100084
10004c44:	50100004 	.word	0x50100004
10004c48:	20001d38 	.word	0x20001d38
10004c4c:	50100fff 	.word	0x50100fff
10004c50:	50100000 	.word	0x50100000
10004c54:	50100080 	.word	0x50100080
10004c58:	50100100 	.word	0x50100100

10004c5c <dcd_edpt_close_all>:
10004c5c:	b510      	push	{r4, lr}
10004c5e:	f001 fcfb 	bl	10006658 <__reset_non_control_endpoints_veneer>
10004c62:	bd10      	pop	{r4, pc}

10004c64 <dcd_edpt_xfer>:
10004c64:	207f      	movs	r0, #127	@ 0x7f
10004c66:	b510      	push	{r4, lr}
10004c68:	4008      	ands	r0, r1
10004c6a:	0040      	lsls	r0, r0, #1
10004c6c:	09c9      	lsrs	r1, r1, #7
10004c6e:	1840      	adds	r0, r0, r1
10004c70:	0011      	movs	r1, r2
10004c72:	4a04      	ldr	r2, [pc, #16]	@ (10004c84 <dcd_edpt_xfer+0x20>)
10004c74:	0140      	lsls	r0, r0, #5
10004c76:	1880      	adds	r0, r0, r2
10004c78:	001a      	movs	r2, r3
10004c7a:	f000 f85b 	bl	10004d34 <hw_endpoint_xfer_start>
10004c7e:	2001      	movs	r0, #1
10004c80:	bd10      	pop	{r4, pc}
10004c82:	46c0      	nop			@ (mov r8, r8)
10004c84:	20001930 	.word	0x20001930

10004c88 <dcd_edpt_stall>:
10004c88:	237f      	movs	r3, #127	@ 0x7f
10004c8a:	0018      	movs	r0, r3
10004c8c:	b500      	push	{lr}
10004c8e:	4008      	ands	r0, r1
10004c90:	b083      	sub	sp, #12
10004c92:	420b      	tst	r3, r1
10004c94:	d104      	bne.n	10004ca0 <dcd_edpt_stall+0x18>
10004c96:	424b      	negs	r3, r1
10004c98:	414b      	adcs	r3, r1
10004c9a:	4a08      	ldr	r2, [pc, #32]	@ (10004cbc <dcd_edpt_stall+0x34>)
10004c9c:	3301      	adds	r3, #1
10004c9e:	6693      	str	r3, [r2, #104]	@ 0x68
10004ca0:	2280      	movs	r2, #128	@ 0x80
10004ca2:	09c9      	lsrs	r1, r1, #7
10004ca4:	0040      	lsls	r0, r0, #1
10004ca6:	4b06      	ldr	r3, [pc, #24]	@ (10004cc0 <dcd_edpt_stall+0x38>)
10004ca8:	1840      	adds	r0, r0, r1
10004caa:	0140      	lsls	r0, r0, #5
10004cac:	2100      	movs	r1, #0
10004cae:	18c0      	adds	r0, r0, r3
10004cb0:	0112      	lsls	r2, r2, #4
10004cb2:	f001 fcb1 	bl	10006618 <___hw_endpoint_buffer_control_update32_veneer>
10004cb6:	b003      	add	sp, #12
10004cb8:	bd00      	pop	{pc}
10004cba:	46c0      	nop			@ (mov r8, r8)
10004cbc:	50112000 	.word	0x50112000
10004cc0:	20001930 	.word	0x20001930

10004cc4 <dcd_edpt_clear_stall>:
10004cc4:	227f      	movs	r2, #127	@ 0x7f
10004cc6:	0013      	movs	r3, r2
10004cc8:	b510      	push	{r4, lr}
10004cca:	400b      	ands	r3, r1
10004ccc:	420a      	tst	r2, r1
10004cce:	d100      	bne.n	10004cd2 <dcd_edpt_clear_stall+0xe>
10004cd0:	bd10      	pop	{r4, pc}
10004cd2:	09c9      	lsrs	r1, r1, #7
10004cd4:	005b      	lsls	r3, r3, #1
10004cd6:	185b      	adds	r3, r3, r1
10004cd8:	4804      	ldr	r0, [pc, #16]	@ (10004cec <dcd_edpt_clear_stall+0x28>)
10004cda:	015b      	lsls	r3, r3, #5
10004cdc:	18c0      	adds	r0, r0, r3
10004cde:	2300      	movs	r3, #0
10004ce0:	2200      	movs	r2, #0
10004ce2:	4903      	ldr	r1, [pc, #12]	@ (10004cf0 <dcd_edpt_clear_stall+0x2c>)
10004ce4:	70c3      	strb	r3, [r0, #3]
10004ce6:	f001 fc97 	bl	10006618 <___hw_endpoint_buffer_control_update32_veneer>
10004cea:	e7f1      	b.n	10004cd0 <dcd_edpt_clear_stall+0xc>
10004cec:	20001930 	.word	0x20001930
10004cf0:	fffff7ff 	.word	0xfffff7ff

10004cf4 <rp2040_usb_init>:
10004cf4:	2280      	movs	r2, #128	@ 0x80
10004cf6:	4b0a      	ldr	r3, [pc, #40]	@ (10004d20 <rp2040_usb_init+0x2c>)
10004cf8:	0452      	lsls	r2, r2, #17
10004cfa:	b510      	push	{r4, lr}
10004cfc:	601a      	str	r2, [r3, #0]
10004cfe:	4b09      	ldr	r3, [pc, #36]	@ (10004d24 <rp2040_usb_init+0x30>)
10004d00:	4909      	ldr	r1, [pc, #36]	@ (10004d28 <rp2040_usb_init+0x34>)
10004d02:	601a      	str	r2, [r3, #0]
10004d04:	0010      	movs	r0, r2
10004d06:	680b      	ldr	r3, [r1, #0]
10004d08:	4398      	bics	r0, r3
10004d0a:	d1fb      	bne.n	10004d04 <rp2040_usb_init+0x10>
10004d0c:	2280      	movs	r2, #128	@ 0x80
10004d0e:	2100      	movs	r1, #0
10004d10:	0152      	lsls	r2, r2, #5
10004d12:	4806      	ldr	r0, [pc, #24]	@ (10004d2c <rp2040_usb_init+0x38>)
10004d14:	f7fd fc4c 	bl	100025b0 <__wrap_memset>
10004d18:	2209      	movs	r2, #9
10004d1a:	4b05      	ldr	r3, [pc, #20]	@ (10004d30 <rp2040_usb_init+0x3c>)
10004d1c:	675a      	str	r2, [r3, #116]	@ 0x74
10004d1e:	bd10      	pop	{r4, pc}
10004d20:	4000e000 	.word	0x4000e000
10004d24:	4000f000 	.word	0x4000f000
10004d28:	4000c008 	.word	0x4000c008
10004d2c:	50100000 	.word	0x50100000
10004d30:	50110000 	.word	0x50110000

10004d34 <hw_endpoint_xfer_start>:
10004d34:	2300      	movs	r3, #0
10004d36:	b510      	push	{r4, lr}
10004d38:	82c3      	strh	r3, [r0, #22]
10004d3a:	3301      	adds	r3, #1
10004d3c:	8282      	strh	r2, [r0, #20]
10004d3e:	7683      	strb	r3, [r0, #26]
10004d40:	6101      	str	r1, [r0, #16]
10004d42:	0004      	movs	r4, r0
10004d44:	f001 fc70 	bl	10006628 <__e15_is_bulkin_ep_veneer>
10004d48:	2800      	cmp	r0, #0
10004d4a:	d004      	beq.n	10004d56 <hw_endpoint_xfer_start+0x22>
10004d4c:	2180      	movs	r1, #128	@ 0x80
10004d4e:	2390      	movs	r3, #144	@ 0x90
10004d50:	4a07      	ldr	r2, [pc, #28]	@ (10004d70 <hw_endpoint_xfer_start+0x3c>)
10004d52:	0289      	lsls	r1, r1, #10
10004d54:	50d1      	str	r1, [r2, r3]
10004d56:	0020      	movs	r0, r4
10004d58:	f001 fc26 	bl	100065a8 <__e15_is_critical_frame_period_veneer>
10004d5c:	2800      	cmp	r0, #0
10004d5e:	d002      	beq.n	10004d66 <hw_endpoint_xfer_start+0x32>
10004d60:	2301      	movs	r3, #1
10004d62:	7723      	strb	r3, [r4, #28]
10004d64:	bd10      	pop	{r4, pc}
10004d66:	0020      	movs	r0, r4
10004d68:	f001 fc3e 	bl	100065e8 <__hw_endpoint_start_next_buffer_veneer>
10004d6c:	e7fa      	b.n	10004d64 <hw_endpoint_xfer_start+0x30>
10004d6e:	46c0      	nop			@ (mov r8, r8)
10004d70:	50112000 	.word	0x50112000

10004d74 <tud_event_hook_cb>:
10004d74:	4770      	bx	lr
10004d76:	46c0      	nop			@ (mov r8, r8)

10004d78 <tud_sof_cb>:
10004d78:	4770      	bx	lr
10004d7a:	46c0      	nop			@ (mov r8, r8)

10004d7c <tud_descriptor_device_qualifier_cb>:
10004d7c:	2000      	movs	r0, #0
10004d7e:	4770      	bx	lr

10004d80 <tud_descriptor_other_speed_configuration_cb>:
10004d80:	2000      	movs	r0, #0
10004d82:	4770      	bx	lr

10004d84 <tud_mount_cb>:
10004d84:	4770      	bx	lr
10004d86:	46c0      	nop			@ (mov r8, r8)

10004d88 <tud_umount_cb>:
10004d88:	4770      	bx	lr
10004d8a:	46c0      	nop			@ (mov r8, r8)

10004d8c <tud_suspend_cb>:
10004d8c:	4770      	bx	lr
10004d8e:	46c0      	nop			@ (mov r8, r8)

10004d90 <tud_resume_cb>:
10004d90:	4770      	bx	lr
10004d92:	46c0      	nop			@ (mov r8, r8)

10004d94 <tud_mounted>:
10004d94:	4b02      	ldr	r3, [pc, #8]	@ (10004da0 <tud_mounted+0xc>)
10004d96:	7858      	ldrb	r0, [r3, #1]
10004d98:	1e43      	subs	r3, r0, #1
10004d9a:	4198      	sbcs	r0, r3
10004d9c:	b2c0      	uxtb	r0, r0
10004d9e:	4770      	bx	lr
10004da0:	200016a8 	.word	0x200016a8

10004da4 <tud_suspended>:
10004da4:	4b02      	ldr	r3, [pc, #8]	@ (10004db0 <tud_suspended+0xc>)
10004da6:	7818      	ldrb	r0, [r3, #0]
10004da8:	0740      	lsls	r0, r0, #29
10004daa:	0fc0      	lsrs	r0, r0, #31
10004dac:	4770      	bx	lr
10004dae:	46c0      	nop			@ (mov r8, r8)
10004db0:	200016a8 	.word	0x200016a8

10004db4 <tud_rhport_init>:
10004db4:	b5f0      	push	{r4, r5, r6, r7, lr}
10004db6:	46d6      	mov	lr, sl
10004db8:	464f      	mov	r7, r9
10004dba:	4646      	mov	r6, r8
10004dbc:	b5c0      	push	{r6, r7, lr}
10004dbe:	4b2d      	ldr	r3, [pc, #180]	@ (10004e74 <tud_rhport_init+0xc0>)
10004dc0:	4681      	mov	r9, r0
10004dc2:	4698      	mov	r8, r3
10004dc4:	781b      	ldrb	r3, [r3, #0]
10004dc6:	468a      	mov	sl, r1
10004dc8:	2401      	movs	r4, #1
10004dca:	2bff      	cmp	r3, #255	@ 0xff
10004dcc:	d13e      	bne.n	10004e4c <tud_rhport_init+0x98>
10004dce:	2900      	cmp	r1, #0
10004dd0:	d03b      	beq.n	10004e4a <tud_rhport_init+0x96>
10004dd2:	2100      	movs	r1, #0
10004dd4:	2254      	movs	r2, #84	@ 0x54
10004dd6:	4828      	ldr	r0, [pc, #160]	@ (10004e78 <tud_rhport_init+0xc4>)
10004dd8:	f7fd fbea 	bl	100025b0 <__wrap_memset>
10004ddc:	2200      	movs	r2, #0
10004dde:	4c27      	ldr	r4, [pc, #156]	@ (10004e7c <tud_rhport_init+0xc8>)
10004de0:	4b27      	ldr	r3, [pc, #156]	@ (10004e80 <tud_rhport_init+0xcc>)
10004de2:	0020      	movs	r0, r4
10004de4:	701a      	strb	r2, [r3, #0]
10004de6:	f7fb fd93 	bl	10000910 <mutex_init>
10004dea:	4b26      	ldr	r3, [pc, #152]	@ (10004e84 <tud_rhport_init+0xd0>)
10004dec:	601c      	str	r4, [r3, #0]
10004dee:	4c26      	ldr	r4, [pc, #152]	@ (10004e88 <tud_rhport_init+0xd4>)
10004df0:	0020      	movs	r0, r4
10004df2:	3c14      	subs	r4, #20
10004df4:	f7fb fd9a 	bl	1000092c <critical_section_init>
10004df8:	0020      	movs	r0, r4
10004dfa:	f001 fb5f 	bl	100064bc <tu_fifo_clear>
10004dfe:	4b23      	ldr	r3, [pc, #140]	@ (10004e8c <tud_rhport_init+0xd8>)
10004e00:	4d23      	ldr	r5, [pc, #140]	@ (10004e90 <tud_rhport_init+0xdc>)
10004e02:	601c      	str	r4, [r3, #0]
10004e04:	4b23      	ldr	r3, [pc, #140]	@ (10004e94 <tud_rhport_init+0xe0>)
10004e06:	2b00      	cmp	r3, #0
10004e08:	d004      	beq.n	10004e14 <tud_rhport_init+0x60>
10004e0a:	0028      	movs	r0, r5
10004e0c:	f7ff fe14 	bl	10004a38 <usbd_app_driver_get_cb>
10004e10:	4b21      	ldr	r3, [pc, #132]	@ (10004e98 <tud_rhport_init+0xe4>)
10004e12:	6018      	str	r0, [r3, #0]
10004e14:	2400      	movs	r4, #0
10004e16:	782b      	ldrb	r3, [r5, #0]
10004e18:	4f20      	ldr	r7, [pc, #128]	@ (10004e9c <tud_rhport_init+0xe8>)
10004e1a:	4e1f      	ldr	r6, [pc, #124]	@ (10004e98 <tud_rhport_init+0xe4>)
10004e1c:	e00d      	b.n	10004e3a <tud_rhport_init+0x86>
10004e1e:	6833      	ldr	r3, [r6, #0]
10004e20:	0162      	lsls	r2, r4, #5
10004e22:	189b      	adds	r3, r3, r2
10004e24:	2b00      	cmp	r3, #0
10004e26:	d010      	beq.n	10004e4a <tud_rhport_init+0x96>
10004e28:	685b      	ldr	r3, [r3, #4]
10004e2a:	2b00      	cmp	r3, #0
10004e2c:	d00d      	beq.n	10004e4a <tud_rhport_init+0x96>
10004e2e:	4798      	blx	r3
10004e30:	3401      	adds	r4, #1
10004e32:	782b      	ldrb	r3, [r5, #0]
10004e34:	b2e4      	uxtb	r4, r4
10004e36:	42a3      	cmp	r3, r4
10004e38:	d30e      	bcc.n	10004e58 <tud_rhport_init+0xa4>
10004e3a:	42a3      	cmp	r3, r4
10004e3c:	d8ef      	bhi.n	10004e1e <tud_rhport_init+0x6a>
10004e3e:	1ae3      	subs	r3, r4, r3
10004e40:	015b      	lsls	r3, r3, #5
10004e42:	19db      	adds	r3, r3, r7
10004e44:	685b      	ldr	r3, [r3, #4]
10004e46:	2b00      	cmp	r3, #0
10004e48:	d1f1      	bne.n	10004e2e <tud_rhport_init+0x7a>
10004e4a:	2400      	movs	r4, #0
10004e4c:	0020      	movs	r0, r4
10004e4e:	bce0      	pop	{r5, r6, r7}
10004e50:	46ba      	mov	sl, r7
10004e52:	46b1      	mov	r9, r6
10004e54:	46a8      	mov	r8, r5
10004e56:	bdf0      	pop	{r4, r5, r6, r7, pc}
10004e58:	4642      	mov	r2, r8
10004e5a:	464b      	mov	r3, r9
10004e5c:	4651      	mov	r1, sl
10004e5e:	4648      	mov	r0, r9
10004e60:	7013      	strb	r3, [r2, #0]
10004e62:	f7ff fe05 	bl	10004a70 <dcd_init>
10004e66:	1e04      	subs	r4, r0, #0
10004e68:	d0f0      	beq.n	10004e4c <tud_rhport_init+0x98>
10004e6a:	4648      	mov	r0, r9
10004e6c:	f7ff fe48 	bl	10004b00 <dcd_int_enable>
10004e70:	e7ec      	b.n	10004e4c <tud_rhport_init+0x98>
10004e72:	46c0      	nop			@ (mov r8, r8)
10004e74:	20001164 	.word	0x20001164
10004e78:	200016a8 	.word	0x200016a8
10004e7c:	200016a0 	.word	0x200016a0
10004e80:	20001d83 	.word	0x20001d83
10004e84:	200016fc 	.word	0x200016fc
10004e88:	2000115c 	.word	0x2000115c
10004e8c:	20001700 	.word	0x20001700
10004e90:	20001d81 	.word	0x20001d81
10004e94:	10004a39 	.word	0x10004a39
10004e98:	200015c0 	.word	0x200015c0
10004e9c:	10006b84 	.word	0x10006b84

10004ea0 <tud_task_ext>:
10004ea0:	b5f0      	push	{r4, r5, r6, r7, lr}
10004ea2:	46de      	mov	lr, fp
10004ea4:	4657      	mov	r7, sl
10004ea6:	464e      	mov	r6, r9
10004ea8:	4645      	mov	r5, r8
10004eaa:	b5e0      	push	{r5, r6, r7, lr}
10004eac:	4bc1      	ldr	r3, [pc, #772]	@ (100051b4 <tud_task_ext+0x314>)
10004eae:	b091      	sub	sp, #68	@ 0x44
10004eb0:	9303      	str	r3, [sp, #12]
10004eb2:	781b      	ldrb	r3, [r3, #0]
10004eb4:	2bff      	cmp	r3, #255	@ 0xff
10004eb6:	d100      	bne.n	10004eba <tud_task_ext+0x1a>
10004eb8:	e137      	b.n	1000512a <tud_task_ext+0x28a>
10004eba:	4bbf      	ldr	r3, [pc, #764]	@ (100051b8 <tud_task_ext+0x318>)
10004ebc:	4ebf      	ldr	r6, [pc, #764]	@ (100051bc <tud_task_ext+0x31c>)
10004ebe:	4698      	mov	r8, r3
10004ec0:	4bbf      	ldr	r3, [pc, #764]	@ (100051c0 <tud_task_ext+0x320>)
10004ec2:	ac0d      	add	r4, sp, #52	@ 0x34
10004ec4:	9302      	str	r3, [sp, #8]
10004ec6:	4bbf      	ldr	r3, [pc, #764]	@ (100051c4 <tud_task_ext+0x324>)
10004ec8:	9301      	str	r3, [sp, #4]
10004eca:	6835      	ldr	r5, [r6, #0]
10004ecc:	696a      	ldr	r2, [r5, #20]
10004ece:	f3ef 8110 	mrs	r1, PRIMASK
10004ed2:	b672      	cpsid	i
10004ed4:	6813      	ldr	r3, [r2, #0]
10004ed6:	2b00      	cmp	r3, #0
10004ed8:	d0fc      	beq.n	10004ed4 <tud_task_ext+0x34>
10004eda:	f3bf 8f5f 	dmb	sy
10004ede:	61a9      	str	r1, [r5, #24]
10004ee0:	0028      	movs	r0, r5
10004ee2:	0021      	movs	r1, r4
10004ee4:	f001 f93c 	bl	10006160 <tu_fifo_read>
10004ee8:	696a      	ldr	r2, [r5, #20]
10004eea:	69ab      	ldr	r3, [r5, #24]
10004eec:	f3bf 8f5f 	dmb	sy
10004ef0:	2100      	movs	r1, #0
10004ef2:	6011      	str	r1, [r2, #0]
10004ef4:	f383 8810 	msr	PRIMASK, r3
10004ef8:	2800      	cmp	r0, #0
10004efa:	d100      	bne.n	10004efe <tud_task_ext+0x5e>
10004efc:	e115      	b.n	1000512a <tud_task_ext+0x28a>
10004efe:	7863      	ldrb	r3, [r4, #1]
10004f00:	2b08      	cmp	r3, #8
10004f02:	d8e2      	bhi.n	10004eca <tud_task_ext+0x2a>
10004f04:	4642      	mov	r2, r8
10004f06:	009b      	lsls	r3, r3, #2
10004f08:	58d3      	ldr	r3, [r2, r3]
10004f0a:	469f      	mov	pc, r3
10004f0c:	6863      	ldr	r3, [r4, #4]
10004f0e:	2b00      	cmp	r3, #0
10004f10:	d0db      	beq.n	10004eca <tud_task_ext+0x2a>
10004f12:	68a0      	ldr	r0, [r4, #8]
10004f14:	4798      	blx	r3
10004f16:	e7d8      	b.n	10004eca <tud_task_ext+0x2a>
10004f18:	227f      	movs	r2, #127	@ 0x7f
10004f1a:	7921      	ldrb	r1, [r4, #4]
10004f1c:	4da8      	ldr	r5, [pc, #672]	@ (100051c0 <tud_task_ext+0x320>)
10004f1e:	400a      	ands	r2, r1
10004f20:	0053      	lsls	r3, r2, #1
10004f22:	09c8      	lsrs	r0, r1, #7
10004f24:	18eb      	adds	r3, r5, r3
10004f26:	181b      	adds	r3, r3, r0
10004f28:	0018      	movs	r0, r3
10004f2a:	2701      	movs	r7, #1
10004f2c:	3030      	adds	r0, #48	@ 0x30
10004f2e:	7905      	ldrb	r5, [r0, #4]
10004f30:	43bd      	bics	r5, r7
10004f32:	7105      	strb	r5, [r0, #4]
10004f34:	7905      	ldrb	r5, [r0, #4]
10004f36:	3703      	adds	r7, #3
10004f38:	43bd      	bics	r5, r7
10004f3a:	7105      	strb	r5, [r0, #4]
10004f3c:	2a00      	cmp	r2, #0
10004f3e:	d100      	bne.n	10004f42 <tud_task_ext+0xa2>
10004f40:	e0fa      	b.n	10005138 <tud_task_ext+0x298>
10004f42:	4aa1      	ldr	r2, [pc, #644]	@ (100051c8 <tud_task_ext+0x328>)
10004f44:	7d1b      	ldrb	r3, [r3, #20]
10004f46:	7812      	ldrb	r2, [r2, #0]
10004f48:	4293      	cmp	r3, r2
10004f4a:	d300      	bcc.n	10004f4e <tud_task_ext+0xae>
10004f4c:	e0eb      	b.n	10005126 <tud_task_ext+0x286>
10004f4e:	4a9f      	ldr	r2, [pc, #636]	@ (100051cc <tud_task_ext+0x32c>)
10004f50:	015b      	lsls	r3, r3, #5
10004f52:	6815      	ldr	r5, [r2, #0]
10004f54:	18ed      	adds	r5, r5, r3
10004f56:	2d00      	cmp	r5, #0
10004f58:	d100      	bne.n	10004f5c <tud_task_ext+0xbc>
10004f5a:	e0e6      	b.n	1000512a <tud_task_ext+0x28a>
10004f5c:	68a3      	ldr	r3, [r4, #8]
10004f5e:	7962      	ldrb	r2, [r4, #5]
10004f60:	7820      	ldrb	r0, [r4, #0]
10004f62:	69ad      	ldr	r5, [r5, #24]
10004f64:	47a8      	blx	r5
10004f66:	e7b0      	b.n	10004eca <tud_task_ext+0x2a>
10004f68:	4b99      	ldr	r3, [pc, #612]	@ (100051d0 <tud_task_ext+0x330>)
10004f6a:	781a      	ldrb	r2, [r3, #0]
10004f6c:	2a00      	cmp	r2, #0
10004f6e:	d100      	bne.n	10004f72 <tud_task_ext+0xd2>
10004f70:	e0db      	b.n	1000512a <tud_task_ext+0x28a>
10004f72:	781a      	ldrb	r2, [r3, #0]
10004f74:	3a01      	subs	r2, #1
10004f76:	701a      	strb	r2, [r3, #0]
10004f78:	781b      	ldrb	r3, [r3, #0]
10004f7a:	2b00      	cmp	r3, #0
10004f7c:	d1a5      	bne.n	10004eca <tud_task_ext+0x2a>
10004f7e:	2201      	movs	r2, #1
10004f80:	4d8f      	ldr	r5, [pc, #572]	@ (100051c0 <tud_task_ext+0x320>)
10004f82:	2101      	movs	r1, #1
10004f84:	782b      	ldrb	r3, [r5, #0]
10004f86:	2004      	movs	r0, #4
10004f88:	4313      	orrs	r3, r2
10004f8a:	702b      	strb	r3, [r5, #0]
10004f8c:	2334      	movs	r3, #52	@ 0x34
10004f8e:	5cea      	ldrb	r2, [r5, r3]
10004f90:	438a      	bics	r2, r1
10004f92:	54ea      	strb	r2, [r5, r3]
10004f94:	5cea      	ldrb	r2, [r5, r3]
10004f96:	4382      	bics	r2, r0
10004f98:	54ea      	strb	r2, [r5, r3]
10004f9a:	3301      	adds	r3, #1
10004f9c:	5cea      	ldrb	r2, [r5, r3]
10004f9e:	438a      	bics	r2, r1
10004fa0:	54ea      	strb	r2, [r5, r3]
10004fa2:	5cea      	ldrb	r2, [r5, r3]
10004fa4:	4382      	bics	r2, r0
10004fa6:	54ea      	strb	r2, [r5, r3]
10004fa8:	7823      	ldrb	r3, [r4, #0]
10004faa:	2000      	movs	r0, #0
10004fac:	469b      	mov	fp, r3
10004fae:	f000 fc7f 	bl	100058b0 <usbd_control_set_complete_callback>
10004fb2:	2260      	movs	r2, #96	@ 0x60
10004fb4:	7923      	ldrb	r3, [r4, #4]
10004fb6:	401a      	ands	r2, r3
10004fb8:	2a60      	cmp	r2, #96	@ 0x60
10004fba:	d100      	bne.n	10004fbe <tud_task_ext+0x11e>
10004fbc:	e0e4      	b.n	10005188 <tud_task_ext+0x2e8>
10004fbe:	2a40      	cmp	r2, #64	@ 0x40
10004fc0:	d100      	bne.n	10004fc4 <tud_task_ext+0x124>
10004fc2:	e0ea      	b.n	1000519a <tud_task_ext+0x2fa>
10004fc4:	06db      	lsls	r3, r3, #27
10004fc6:	0edb      	lsrs	r3, r3, #27
10004fc8:	2b01      	cmp	r3, #1
10004fca:	d100      	bne.n	10004fce <tud_task_ext+0x12e>
10004fcc:	e108      	b.n	100051e0 <tud_task_ext+0x340>
10004fce:	2b02      	cmp	r3, #2
10004fd0:	d100      	bne.n	10004fd4 <tud_task_ext+0x134>
10004fd2:	e0be      	b.n	10005152 <tud_task_ext+0x2b2>
10004fd4:	2b00      	cmp	r3, #0
10004fd6:	d000      	beq.n	10004fda <tud_task_ext+0x13a>
10004fd8:	e0d6      	b.n	10005188 <tud_task_ext+0x2e8>
10004fda:	2a20      	cmp	r2, #32
10004fdc:	d100      	bne.n	10004fe0 <tud_task_ext+0x140>
10004fde:	e203      	b.n	100053e8 <tud_task_ext+0x548>
10004fe0:	7963      	ldrb	r3, [r4, #5]
10004fe2:	2b09      	cmp	r3, #9
10004fe4:	d900      	bls.n	10004fe8 <tud_task_ext+0x148>
10004fe6:	e0cf      	b.n	10005188 <tud_task_ext+0x2e8>
10004fe8:	4a7a      	ldr	r2, [pc, #488]	@ (100051d4 <tud_task_ext+0x334>)
10004fea:	009b      	lsls	r3, r3, #2
10004fec:	58d3      	ldr	r3, [r2, r3]
10004fee:	469f      	mov	pc, r3
10004ff0:	4d73      	ldr	r5, [pc, #460]	@ (100051c0 <tud_task_ext+0x320>)
10004ff2:	782b      	ldrb	r3, [r5, #0]
10004ff4:	07db      	lsls	r3, r3, #31
10004ff6:	d400      	bmi.n	10004ffa <tud_task_ext+0x15a>
10004ff8:	e767      	b.n	10004eca <tud_task_ext+0x2a>
10004ffa:	f7ff fec9 	bl	10004d90 <tud_resume_cb>
10004ffe:	e764      	b.n	10004eca <tud_task_ext+0x2a>
10005000:	9b02      	ldr	r3, [sp, #8]
10005002:	78db      	ldrb	r3, [r3, #3]
10005004:	07db      	lsls	r3, r3, #31
10005006:	d400      	bmi.n	1000500a <tud_task_ext+0x16a>
10005008:	e75f      	b.n	10004eca <tud_task_ext+0x2a>
1000500a:	6860      	ldr	r0, [r4, #4]
1000500c:	f7ff feb4 	bl	10004d78 <tud_sof_cb>
10005010:	e75b      	b.n	10004eca <tud_task_ext+0x2a>
10005012:	4d6b      	ldr	r5, [pc, #428]	@ (100051c0 <tud_task_ext+0x320>)
10005014:	782b      	ldrb	r3, [r5, #0]
10005016:	07db      	lsls	r3, r3, #31
10005018:	d400      	bmi.n	1000501c <tud_task_ext+0x17c>
1000501a:	e756      	b.n	10004eca <tud_task_ext+0x2a>
1000501c:	7828      	ldrb	r0, [r5, #0]
1000501e:	0700      	lsls	r0, r0, #28
10005020:	0fc0      	lsrs	r0, r0, #31
10005022:	f7ff feb3 	bl	10004d8c <tud_suspend_cb>
10005026:	e750      	b.n	10004eca <tud_task_ext+0x2a>
10005028:	4a66      	ldr	r2, [pc, #408]	@ (100051c4 <tud_task_ext+0x324>)
1000502a:	4f67      	ldr	r7, [pc, #412]	@ (100051c8 <tud_task_ext+0x328>)
1000502c:	7823      	ldrb	r3, [r4, #0]
1000502e:	4693      	mov	fp, r2
10005030:	4a66      	ldr	r2, [pc, #408]	@ (100051cc <tud_task_ext+0x32c>)
10005032:	4699      	mov	r9, r3
10005034:	4692      	mov	sl, r2
10005036:	003a      	movs	r2, r7
10005038:	783b      	ldrb	r3, [r7, #0]
1000503a:	2500      	movs	r5, #0
1000503c:	464f      	mov	r7, r9
1000503e:	46b1      	mov	r9, r6
10005040:	0016      	movs	r6, r2
10005042:	e00e      	b.n	10005062 <tud_task_ext+0x1c2>
10005044:	4653      	mov	r3, sl
10005046:	681b      	ldr	r3, [r3, #0]
10005048:	016a      	lsls	r2, r5, #5
1000504a:	189b      	adds	r3, r3, r2
1000504c:	2b00      	cmp	r3, #0
1000504e:	d100      	bne.n	10005052 <tud_task_ext+0x1b2>
10005050:	e07a      	b.n	10005148 <tud_task_ext+0x2a8>
10005052:	68db      	ldr	r3, [r3, #12]
10005054:	0038      	movs	r0, r7
10005056:	4798      	blx	r3
10005058:	3501      	adds	r5, #1
1000505a:	7833      	ldrb	r3, [r6, #0]
1000505c:	b2ed      	uxtb	r5, r5
1000505e:	42ab      	cmp	r3, r5
10005060:	d30c      	bcc.n	1000507c <tud_task_ext+0x1dc>
10005062:	429d      	cmp	r5, r3
10005064:	d3ee      	bcc.n	10005044 <tud_task_ext+0x1a4>
10005066:	1aeb      	subs	r3, r5, r3
10005068:	015b      	lsls	r3, r3, #5
1000506a:	445b      	add	r3, fp
1000506c:	68db      	ldr	r3, [r3, #12]
1000506e:	0038      	movs	r0, r7
10005070:	4798      	blx	r3
10005072:	3501      	adds	r5, #1
10005074:	7833      	ldrb	r3, [r6, #0]
10005076:	b2ed      	uxtb	r5, r5
10005078:	42ab      	cmp	r3, r5
1000507a:	d2f2      	bcs.n	10005062 <tud_task_ext+0x1c2>
1000507c:	4d50      	ldr	r5, [pc, #320]	@ (100051c0 <tud_task_ext+0x320>)
1000507e:	2254      	movs	r2, #84	@ 0x54
10005080:	2100      	movs	r1, #0
10005082:	0028      	movs	r0, r5
10005084:	f7fd fa94 	bl	100025b0 <__wrap_memset>
10005088:	2210      	movs	r2, #16
1000508a:	21ff      	movs	r1, #255	@ 0xff
1000508c:	1d28      	adds	r0, r5, #4
1000508e:	f7fd fa8f 	bl	100025b0 <__wrap_memset>
10005092:	0028      	movs	r0, r5
10005094:	2220      	movs	r2, #32
10005096:	21ff      	movs	r1, #255	@ 0xff
10005098:	3014      	adds	r0, #20
1000509a:	464e      	mov	r6, r9
1000509c:	f7fd fa88 	bl	100025b0 <__wrap_memset>
100050a0:	f000 fbfc 	bl	1000589c <usbd_control_reset>
100050a4:	7923      	ldrb	r3, [r4, #4]
100050a6:	70ab      	strb	r3, [r5, #2]
100050a8:	e70f      	b.n	10004eca <tud_task_ext+0x2a>
100050aa:	7823      	ldrb	r3, [r4, #0]
100050ac:	4f46      	ldr	r7, [pc, #280]	@ (100051c8 <tud_task_ext+0x328>)
100050ae:	4699      	mov	r9, r3
100050b0:	4a46      	ldr	r2, [pc, #280]	@ (100051cc <tud_task_ext+0x32c>)
100050b2:	46b3      	mov	fp, r6
100050b4:	783b      	ldrb	r3, [r7, #0]
100050b6:	003e      	movs	r6, r7
100050b8:	2500      	movs	r5, #0
100050ba:	4692      	mov	sl, r2
100050bc:	464f      	mov	r7, r9
100050be:	e00d      	b.n	100050dc <tud_task_ext+0x23c>
100050c0:	4653      	mov	r3, sl
100050c2:	681b      	ldr	r3, [r3, #0]
100050c4:	016a      	lsls	r2, r5, #5
100050c6:	189b      	adds	r3, r3, r2
100050c8:	2b00      	cmp	r3, #0
100050ca:	d03b      	beq.n	10005144 <tud_task_ext+0x2a4>
100050cc:	68db      	ldr	r3, [r3, #12]
100050ce:	0038      	movs	r0, r7
100050d0:	4798      	blx	r3
100050d2:	3501      	adds	r5, #1
100050d4:	7833      	ldrb	r3, [r6, #0]
100050d6:	b2ed      	uxtb	r5, r5
100050d8:	42ab      	cmp	r3, r5
100050da:	d30d      	bcc.n	100050f8 <tud_task_ext+0x258>
100050dc:	429d      	cmp	r5, r3
100050de:	d3ef      	bcc.n	100050c0 <tud_task_ext+0x220>
100050e0:	9a01      	ldr	r2, [sp, #4]
100050e2:	1aeb      	subs	r3, r5, r3
100050e4:	015b      	lsls	r3, r3, #5
100050e6:	18d3      	adds	r3, r2, r3
100050e8:	68db      	ldr	r3, [r3, #12]
100050ea:	0038      	movs	r0, r7
100050ec:	4798      	blx	r3
100050ee:	3501      	adds	r5, #1
100050f0:	7833      	ldrb	r3, [r6, #0]
100050f2:	b2ed      	uxtb	r5, r5
100050f4:	42ab      	cmp	r3, r5
100050f6:	d2f1      	bcs.n	100050dc <tud_task_ext+0x23c>
100050f8:	9d02      	ldr	r5, [sp, #8]
100050fa:	2254      	movs	r2, #84	@ 0x54
100050fc:	2100      	movs	r1, #0
100050fe:	0028      	movs	r0, r5
10005100:	f7fd fa56 	bl	100025b0 <__wrap_memset>
10005104:	2210      	movs	r2, #16
10005106:	21ff      	movs	r1, #255	@ 0xff
10005108:	4833      	ldr	r0, [pc, #204]	@ (100051d8 <tud_task_ext+0x338>)
1000510a:	f7fd fa51 	bl	100025b0 <__wrap_memset>
1000510e:	0028      	movs	r0, r5
10005110:	2220      	movs	r2, #32
10005112:	21ff      	movs	r1, #255	@ 0xff
10005114:	3014      	adds	r0, #20
10005116:	465e      	mov	r6, fp
10005118:	f7fd fa4a 	bl	100025b0 <__wrap_memset>
1000511c:	f000 fbbe 	bl	1000589c <usbd_control_reset>
10005120:	f7ff fe32 	bl	10004d88 <tud_umount_cb>
10005124:	e6d1      	b.n	10004eca <tud_task_ext+0x2a>
10005126:	4293      	cmp	r3, r2
10005128:	d011      	beq.n	1000514e <tud_task_ext+0x2ae>
1000512a:	b011      	add	sp, #68	@ 0x44
1000512c:	bcf0      	pop	{r4, r5, r6, r7}
1000512e:	46bb      	mov	fp, r7
10005130:	46b2      	mov	sl, r6
10005132:	46a9      	mov	r9, r5
10005134:	46a0      	mov	r8, r4
10005136:	bdf0      	pop	{r4, r5, r6, r7, pc}
10005138:	68a3      	ldr	r3, [r4, #8]
1000513a:	7962      	ldrb	r2, [r4, #5]
1000513c:	7820      	ldrb	r0, [r4, #0]
1000513e:	f000 fbcb 	bl	100058d8 <usbd_control_xfer_cb>
10005142:	e6c2      	b.n	10004eca <tud_task_ext+0x2a>
10005144:	465e      	mov	r6, fp
10005146:	e7e9      	b.n	1000511c <tud_task_ext+0x27c>
10005148:	464e      	mov	r6, r9
1000514a:	4d1d      	ldr	r5, [pc, #116]	@ (100051c0 <tud_task_ext+0x320>)
1000514c:	e7a8      	b.n	100050a0 <tud_task_ext+0x200>
1000514e:	4d1d      	ldr	r5, [pc, #116]	@ (100051c4 <tud_task_ext+0x324>)
10005150:	e704      	b.n	10004f5c <tud_task_ext+0xbc>
10005152:	2370      	movs	r3, #112	@ 0x70
10005154:	7a21      	ldrb	r1, [r4, #8]
10005156:	420b      	tst	r3, r1
10005158:	d116      	bne.n	10005188 <tud_task_ext+0x2e8>
1000515a:	277f      	movs	r7, #127	@ 0x7f
1000515c:	09cb      	lsrs	r3, r1, #7
1000515e:	469a      	mov	sl, r3
10005160:	400f      	ands	r7, r1
10005162:	007f      	lsls	r7, r7, #1
10005164:	4818      	ldr	r0, [pc, #96]	@ (100051c8 <tud_task_ext+0x328>)
10005166:	19eb      	adds	r3, r5, r7
10005168:	4453      	add	r3, sl
1000516a:	7d1b      	ldrb	r3, [r3, #20]
1000516c:	7800      	ldrb	r0, [r0, #0]
1000516e:	4283      	cmp	r3, r0
10005170:	d26b      	bcs.n	1000524a <tud_task_ext+0x3aa>
10005172:	4816      	ldr	r0, [pc, #88]	@ (100051cc <tud_task_ext+0x32c>)
10005174:	015b      	lsls	r3, r3, #5
10005176:	6800      	ldr	r0, [r0, #0]
10005178:	4681      	mov	r9, r0
1000517a:	4499      	add	r9, r3
1000517c:	2a00      	cmp	r2, #0
1000517e:	d100      	bne.n	10005182 <tud_task_ext+0x2e2>
10005180:	e154      	b.n	1000542c <tud_task_ext+0x58c>
10005182:	464b      	mov	r3, r9
10005184:	2b00      	cmp	r3, #0
10005186:	d168      	bne.n	1000525a <tud_task_ext+0x3ba>
10005188:	7820      	ldrb	r0, [r4, #0]
1000518a:	2100      	movs	r1, #0
1000518c:	f7ff fd7c 	bl	10004c88 <dcd_edpt_stall>
10005190:	2180      	movs	r1, #128	@ 0x80
10005192:	7820      	ldrb	r0, [r4, #0]
10005194:	f7ff fd78 	bl	10004c88 <dcd_edpt_stall>
10005198:	e697      	b.n	10004eca <tud_task_ext+0x2a>
1000519a:	4810      	ldr	r0, [pc, #64]	@ (100051dc <tud_task_ext+0x33c>)
1000519c:	f000 fb88 	bl	100058b0 <usbd_control_set_complete_callback>
100051a0:	2101      	movs	r1, #1
100051a2:	4658      	mov	r0, fp
100051a4:	aa0e      	add	r2, sp, #56	@ 0x38
100051a6:	f7ff fc2b 	bl	10004a00 <tud_vendor_control_xfer_cb>
100051aa:	2800      	cmp	r0, #0
100051ac:	d000      	beq.n	100051b0 <tud_task_ext+0x310>
100051ae:	e68c      	b.n	10004eca <tud_task_ext+0x2a>
100051b0:	e7ea      	b.n	10005188 <tud_task_ext+0x2e8>
100051b2:	46c0      	nop			@ (mov r8, r8)
100051b4:	20001164 	.word	0x20001164
100051b8:	10006adc 	.word	0x10006adc
100051bc:	20001700 	.word	0x20001700
100051c0:	200016a8 	.word	0x200016a8
100051c4:	10006b84 	.word	0x10006b84
100051c8:	20001d81 	.word	0x20001d81
100051cc:	200015c0 	.word	0x200015c0
100051d0:	20001d83 	.word	0x20001d83
100051d4:	10006b00 	.word	0x10006b00
100051d8:	200016ac 	.word	0x200016ac
100051dc:	10004a01 	.word	0x10004a01
100051e0:	7a23      	ldrb	r3, [r4, #8]
100051e2:	8922      	ldrh	r2, [r4, #8]
100051e4:	2b0f      	cmp	r3, #15
100051e6:	d8cf      	bhi.n	10005188 <tud_task_ext+0x2e8>
100051e8:	23ff      	movs	r3, #255	@ 0xff
100051ea:	4013      	ands	r3, r2
100051ec:	4ace      	ldr	r2, [pc, #824]	@ (10005528 <tud_task_ext+0x688>)
100051ee:	18eb      	adds	r3, r5, r3
100051f0:	791b      	ldrb	r3, [r3, #4]
100051f2:	7812      	ldrb	r2, [r2, #0]
100051f4:	4293      	cmp	r3, r2
100051f6:	d321      	bcc.n	1000523c <tud_task_ext+0x39c>
100051f8:	d1c6      	bne.n	10005188 <tud_task_ext+0x2e8>
100051fa:	4dcc      	ldr	r5, [pc, #816]	@ (1000552c <tud_task_ext+0x68c>)
100051fc:	6968      	ldr	r0, [r5, #20]
100051fe:	f000 fb57 	bl	100058b0 <usbd_control_set_complete_callback>
10005202:	2101      	movs	r1, #1
10005204:	4658      	mov	r0, fp
10005206:	696b      	ldr	r3, [r5, #20]
10005208:	aa0e      	add	r2, sp, #56	@ 0x38
1000520a:	4798      	blx	r3
1000520c:	2800      	cmp	r0, #0
1000520e:	d000      	beq.n	10005212 <tud_task_ext+0x372>
10005210:	e65b      	b.n	10004eca <tud_task_ext+0x2a>
10005212:	2260      	movs	r2, #96	@ 0x60
10005214:	0015      	movs	r5, r2
10005216:	7923      	ldrb	r3, [r4, #4]
10005218:	401d      	ands	r5, r3
1000521a:	421a      	tst	r2, r3
1000521c:	d1b4      	bne.n	10005188 <tud_task_ext+0x2e8>
1000521e:	7963      	ldrb	r3, [r4, #5]
10005220:	3b0a      	subs	r3, #10
10005222:	2b01      	cmp	r3, #1
10005224:	d8b0      	bhi.n	10005188 <tud_task_ext+0x2e8>
10005226:	f000 fb43 	bl	100058b0 <usbd_control_set_complete_callback>
1000522a:	7963      	ldrb	r3, [r4, #5]
1000522c:	2b0a      	cmp	r3, #10
1000522e:	d100      	bne.n	10005232 <tud_task_ext+0x392>
10005230:	e184      	b.n	1000553c <tud_task_ext+0x69c>
10005232:	4658      	mov	r0, fp
10005234:	a90e      	add	r1, sp, #56	@ 0x38
10005236:	f000 facb 	bl	100057d0 <tud_control_status>
1000523a:	e646      	b.n	10004eca <tud_task_ext+0x2a>
1000523c:	4abc      	ldr	r2, [pc, #752]	@ (10005530 <tud_task_ext+0x690>)
1000523e:	015b      	lsls	r3, r3, #5
10005240:	6815      	ldr	r5, [r2, #0]
10005242:	18ed      	adds	r5, r5, r3
10005244:	2d00      	cmp	r5, #0
10005246:	d1d9      	bne.n	100051fc <tud_task_ext+0x35c>
10005248:	e79e      	b.n	10005188 <tud_task_ext+0x2e8>
1000524a:	4283      	cmp	r3, r0
1000524c:	d000      	beq.n	10005250 <tud_task_ext+0x3b0>
1000524e:	e0e8      	b.n	10005422 <tud_task_ext+0x582>
10005250:	4bb6      	ldr	r3, [pc, #728]	@ (1000552c <tud_task_ext+0x68c>)
10005252:	4699      	mov	r9, r3
10005254:	2a00      	cmp	r2, #0
10005256:	d100      	bne.n	1000525a <tud_task_ext+0x3ba>
10005258:	e0e8      	b.n	1000542c <tud_task_ext+0x58c>
1000525a:	464b      	mov	r3, r9
1000525c:	6958      	ldr	r0, [r3, #20]
1000525e:	f000 fb27 	bl	100058b0 <usbd_control_set_complete_callback>
10005262:	464b      	mov	r3, r9
10005264:	2101      	movs	r1, #1
10005266:	4658      	mov	r0, fp
10005268:	695b      	ldr	r3, [r3, #20]
1000526a:	aa0e      	add	r2, sp, #56	@ 0x38
1000526c:	4798      	blx	r3
1000526e:	e79c      	b.n	100051aa <tud_task_ext+0x30a>
10005270:	79a3      	ldrb	r3, [r4, #6]
10005272:	4699      	mov	r9, r3
10005274:	786b      	ldrb	r3, [r5, #1]
10005276:	4599      	cmp	r9, r3
10005278:	d0db      	beq.n	10005232 <tud_task_ext+0x392>
1000527a:	786b      	ldrb	r3, [r5, #1]
1000527c:	2b00      	cmp	r3, #0
1000527e:	d000      	beq.n	10005282 <tud_task_ext+0x3e2>
10005280:	e16d      	b.n	1000555e <tud_task_ext+0x6be>
10005282:	464b      	mov	r3, r9
10005284:	706b      	strb	r3, [r5, #1]
10005286:	2b00      	cmp	r3, #0
10005288:	d100      	bne.n	1000528c <tud_task_ext+0x3ec>
1000528a:	e165      	b.n	10005558 <tud_task_ext+0x6b8>
1000528c:	4648      	mov	r0, r9
1000528e:	3801      	subs	r0, #1
10005290:	b2c0      	uxtb	r0, r0
10005292:	f7ff fa11 	bl	100046b8 <tud_descriptor_configuration_cb>
10005296:	2800      	cmp	r0, #0
10005298:	d100      	bne.n	1000529c <tud_task_ext+0x3fc>
1000529a:	e1b3      	b.n	10005604 <tud_task_ext+0x764>
1000529c:	7843      	ldrb	r3, [r0, #1]
1000529e:	9307      	str	r3, [sp, #28]
100052a0:	2b02      	cmp	r3, #2
100052a2:	d000      	beq.n	100052a6 <tud_task_ext+0x406>
100052a4:	e1ae      	b.n	10005604 <tud_task_ext+0x764>
100052a6:	2201      	movs	r2, #1
100052a8:	79c1      	ldrb	r1, [r0, #7]
100052aa:	46a9      	mov	r9, r5
100052ac:	118b      	asrs	r3, r1, #6
100052ae:	1149      	asrs	r1, r1, #5
100052b0:	4013      	ands	r3, r2
100052b2:	400a      	ands	r2, r1
100052b4:	2130      	movs	r1, #48	@ 0x30
100052b6:	0112      	lsls	r2, r2, #4
100052b8:	015b      	lsls	r3, r3, #5
100052ba:	4313      	orrs	r3, r2
100052bc:	782a      	ldrb	r2, [r5, #0]
100052be:	438a      	bics	r2, r1
100052c0:	4313      	orrs	r3, r2
100052c2:	702b      	strb	r3, [r5, #0]
100052c4:	2309      	movs	r3, #9
100052c6:	469a      	mov	sl, r3
100052c8:	4482      	add	sl, r0
100052ca:	4655      	mov	r5, sl
100052cc:	46b2      	mov	sl, r6
100052ce:	78c3      	ldrb	r3, [r0, #3]
100052d0:	7882      	ldrb	r2, [r0, #2]
100052d2:	021b      	lsls	r3, r3, #8
100052d4:	4313      	orrs	r3, r2
100052d6:	18c3      	adds	r3, r0, r3
100052d8:	9305      	str	r3, [sp, #20]
100052da:	4b93      	ldr	r3, [pc, #588]	@ (10005528 <tud_task_ext+0x688>)
100052dc:	9304      	str	r3, [sp, #16]
100052de:	4b93      	ldr	r3, [pc, #588]	@ (1000552c <tud_task_ext+0x68c>)
100052e0:	9308      	str	r3, [sp, #32]
100052e2:	4b93      	ldr	r3, [pc, #588]	@ (10005530 <tud_task_ext+0x690>)
100052e4:	9309      	str	r3, [sp, #36]	@ 0x24
100052e6:	4b93      	ldr	r3, [pc, #588]	@ (10005534 <tud_task_ext+0x694>)
100052e8:	930a      	str	r3, [sp, #40]	@ 0x28
100052ea:	9b05      	ldr	r3, [sp, #20]
100052ec:	42ab      	cmp	r3, r5
100052ee:	d800      	bhi.n	100052f2 <tud_task_ext+0x452>
100052f0:	e18b      	b.n	1000560a <tud_task_ext+0x76a>
100052f2:	786b      	ldrb	r3, [r5, #1]
100052f4:	2201      	movs	r2, #1
100052f6:	2b0b      	cmp	r3, #11
100052f8:	d103      	bne.n	10005302 <tud_task_ext+0x462>
100052fa:	782b      	ldrb	r3, [r5, #0]
100052fc:	78ea      	ldrb	r2, [r5, #3]
100052fe:	18ed      	adds	r5, r5, r3
10005300:	786b      	ldrb	r3, [r5, #1]
10005302:	2b04      	cmp	r3, #4
10005304:	d000      	beq.n	10005308 <tud_task_ext+0x468>
10005306:	e17b      	b.n	10005600 <tud_task_ext+0x760>
10005308:	9b05      	ldr	r3, [sp, #20]
1000530a:	2600      	movs	r6, #0
1000530c:	1b5b      	subs	r3, r3, r5
1000530e:	b29b      	uxth	r3, r3
10005310:	9306      	str	r3, [sp, #24]
10005312:	9b04      	ldr	r3, [sp, #16]
10005314:	920b      	str	r2, [sp, #44]	@ 0x2c
10005316:	781f      	ldrb	r7, [r3, #0]
10005318:	e019      	b.n	1000534e <tud_task_ext+0x4ae>
1000531a:	9a09      	ldr	r2, [sp, #36]	@ 0x24
1000531c:	0173      	lsls	r3, r6, #5
1000531e:	6817      	ldr	r7, [r2, #0]
10005320:	18ff      	adds	r7, r7, r3
10005322:	2f00      	cmp	r7, #0
10005324:	d100      	bne.n	10005328 <tud_task_ext+0x488>
10005326:	e16b      	b.n	10005600 <tud_task_ext+0x760>
10005328:	0029      	movs	r1, r5
1000532a:	4658      	mov	r0, fp
1000532c:	693b      	ldr	r3, [r7, #16]
1000532e:	9a06      	ldr	r2, [sp, #24]
10005330:	4798      	blx	r3
10005332:	4684      	mov	ip, r0
10005334:	2808      	cmp	r0, #8
10005336:	d903      	bls.n	10005340 <tud_task_ext+0x4a0>
10005338:	9a06      	ldr	r2, [sp, #24]
1000533a:	4282      	cmp	r2, r0
1000533c:	d300      	bcc.n	10005340 <tud_task_ext+0x4a0>
1000533e:	e14c      	b.n	100055da <tud_task_ext+0x73a>
10005340:	9b04      	ldr	r3, [sp, #16]
10005342:	3601      	adds	r6, #1
10005344:	781f      	ldrb	r7, [r3, #0]
10005346:	b2f6      	uxtb	r6, r6
10005348:	42b7      	cmp	r7, r6
1000534a:	d200      	bcs.n	1000534e <tud_task_ext+0x4ae>
1000534c:	e158      	b.n	10005600 <tud_task_ext+0x760>
1000534e:	42be      	cmp	r6, r7
10005350:	d3e3      	bcc.n	1000531a <tud_task_ext+0x47a>
10005352:	9b08      	ldr	r3, [sp, #32]
10005354:	1bf7      	subs	r7, r6, r7
10005356:	017f      	lsls	r7, r7, #5
10005358:	19df      	adds	r7, r3, r7
1000535a:	e7e5      	b.n	10005328 <tud_task_ext+0x488>
1000535c:	786b      	ldrb	r3, [r5, #1]
1000535e:	aa0c      	add	r2, sp, #48	@ 0x30
10005360:	3202      	adds	r2, #2
10005362:	7013      	strb	r3, [r2, #0]
10005364:	4658      	mov	r0, fp
10005366:	2301      	movs	r3, #1
10005368:	a90e      	add	r1, sp, #56	@ 0x38
1000536a:	f000 fa47 	bl	100057fc <tud_control_xfer>
1000536e:	e5ac      	b.n	10004eca <tud_task_ext+0x2a>
10005370:	88e0      	ldrh	r0, [r4, #6]
10005372:	0a03      	lsrs	r3, r0, #8
10005374:	b2c0      	uxtb	r0, r0
10005376:	2b0f      	cmp	r3, #15
10005378:	d900      	bls.n	1000537c <tud_task_ext+0x4dc>
1000537a:	e705      	b.n	10005188 <tud_task_ext+0x2e8>
1000537c:	496e      	ldr	r1, [pc, #440]	@ (10005538 <tud_task_ext+0x698>)
1000537e:	009a      	lsls	r2, r3, #2
10005380:	588a      	ldr	r2, [r1, r2]
10005382:	4697      	mov	pc, r2
10005384:	a80e      	add	r0, sp, #56	@ 0x38
10005386:	f000 fa99 	bl	100058bc <usbd_control_set_request>
1000538a:	4658      	mov	r0, fp
1000538c:	79a1      	ldrb	r1, [r4, #6]
1000538e:	f7ff fbbd 	bl	10004b0c <dcd_set_address>
10005392:	2202      	movs	r2, #2
10005394:	782b      	ldrb	r3, [r5, #0]
10005396:	4313      	orrs	r3, r2
10005398:	702b      	strb	r3, [r5, #0]
1000539a:	e596      	b.n	10004eca <tud_task_ext+0x2a>
1000539c:	88e3      	ldrh	r3, [r4, #6]
1000539e:	2b01      	cmp	r3, #1
100053a0:	d000      	beq.n	100053a4 <tud_task_ext+0x504>
100053a2:	e6f1      	b.n	10005188 <tud_task_ext+0x2e8>
100053a4:	2208      	movs	r2, #8
100053a6:	782b      	ldrb	r3, [r5, #0]
100053a8:	4313      	orrs	r3, r2
100053aa:	702b      	strb	r3, [r5, #0]
100053ac:	e741      	b.n	10005232 <tud_task_ext+0x392>
100053ae:	88e3      	ldrh	r3, [r4, #6]
100053b0:	2b01      	cmp	r3, #1
100053b2:	d000      	beq.n	100053b6 <tud_task_ext+0x516>
100053b4:	e6e8      	b.n	10005188 <tud_task_ext+0x2e8>
100053b6:	2208      	movs	r2, #8
100053b8:	782b      	ldrb	r3, [r5, #0]
100053ba:	4658      	mov	r0, fp
100053bc:	4393      	bics	r3, r2
100053be:	a90e      	add	r1, sp, #56	@ 0x38
100053c0:	702b      	strb	r3, [r5, #0]
100053c2:	f000 fa05 	bl	100057d0 <tud_control_status>
100053c6:	e580      	b.n	10004eca <tud_task_ext+0x2a>
100053c8:	2002      	movs	r0, #2
100053ca:	7829      	ldrb	r1, [r5, #0]
100053cc:	ab0c      	add	r3, sp, #48	@ 0x30
100053ce:	1c9a      	adds	r2, r3, #2
100053d0:	068b      	lsls	r3, r1, #26
100053d2:	0889      	lsrs	r1, r1, #2
100053d4:	0fdb      	lsrs	r3, r3, #31
100053d6:	4001      	ands	r1, r0
100053d8:	430b      	orrs	r3, r1
100053da:	8013      	strh	r3, [r2, #0]
100053dc:	4658      	mov	r0, fp
100053de:	2302      	movs	r3, #2
100053e0:	a90e      	add	r1, sp, #56	@ 0x38
100053e2:	f000 fa0b 	bl	100057fc <tud_control_xfer>
100053e6:	e570      	b.n	10004eca <tud_task_ext+0x2a>
100053e8:	7a23      	ldrb	r3, [r4, #8]
100053ea:	8922      	ldrh	r2, [r4, #8]
100053ec:	2b0f      	cmp	r3, #15
100053ee:	d900      	bls.n	100053f2 <tud_task_ext+0x552>
100053f0:	e6ca      	b.n	10005188 <tud_task_ext+0x2e8>
100053f2:	23ff      	movs	r3, #255	@ 0xff
100053f4:	4013      	ands	r3, r2
100053f6:	4a4c      	ldr	r2, [pc, #304]	@ (10005528 <tud_task_ext+0x688>)
100053f8:	18eb      	adds	r3, r5, r3
100053fa:	791b      	ldrb	r3, [r3, #4]
100053fc:	7812      	ldrb	r2, [r2, #0]
100053fe:	4293      	cmp	r3, r2
10005400:	d227      	bcs.n	10005452 <tud_task_ext+0x5b2>
10005402:	4a4b      	ldr	r2, [pc, #300]	@ (10005530 <tud_task_ext+0x690>)
10005404:	015b      	lsls	r3, r3, #5
10005406:	6815      	ldr	r5, [r2, #0]
10005408:	18ed      	adds	r5, r5, r3
1000540a:	2d00      	cmp	r5, #0
1000540c:	d100      	bne.n	10005410 <tud_task_ext+0x570>
1000540e:	e6bb      	b.n	10005188 <tud_task_ext+0x2e8>
10005410:	6968      	ldr	r0, [r5, #20]
10005412:	f000 fa4d 	bl	100058b0 <usbd_control_set_complete_callback>
10005416:	2101      	movs	r1, #1
10005418:	4658      	mov	r0, fp
1000541a:	696b      	ldr	r3, [r5, #20]
1000541c:	aa0e      	add	r2, sp, #56	@ 0x38
1000541e:	4798      	blx	r3
10005420:	e6c3      	b.n	100051aa <tud_task_ext+0x30a>
10005422:	2a00      	cmp	r2, #0
10005424:	d000      	beq.n	10005428 <tud_task_ext+0x588>
10005426:	e6af      	b.n	10005188 <tud_task_ext+0x2e8>
10005428:	2300      	movs	r3, #0
1000542a:	4699      	mov	r9, r3
1000542c:	7962      	ldrb	r2, [r4, #5]
1000542e:	2002      	movs	r0, #2
10005430:	0013      	movs	r3, r2
10005432:	9204      	str	r2, [sp, #16]
10005434:	4383      	bics	r3, r0
10005436:	2b01      	cmp	r3, #1
10005438:	d010      	beq.n	1000545c <tud_task_ext+0x5bc>
1000543a:	2a00      	cmp	r2, #0
1000543c:	d000      	beq.n	10005440 <tud_task_ext+0x5a0>
1000543e:	e6a3      	b.n	10005188 <tud_task_ext+0x2e8>
10005440:	19eb      	adds	r3, r5, r7
10005442:	4453      	add	r3, sl
10005444:	3330      	adds	r3, #48	@ 0x30
10005446:	791b      	ldrb	r3, [r3, #4]
10005448:	aa0c      	add	r2, sp, #48	@ 0x30
1000544a:	079b      	lsls	r3, r3, #30
1000544c:	0fdb      	lsrs	r3, r3, #31
1000544e:	3202      	adds	r2, #2
10005450:	e7c3      	b.n	100053da <tud_task_ext+0x53a>
10005452:	4293      	cmp	r3, r2
10005454:	d000      	beq.n	10005458 <tud_task_ext+0x5b8>
10005456:	e697      	b.n	10005188 <tud_task_ext+0x2e8>
10005458:	4d34      	ldr	r5, [pc, #208]	@ (1000552c <tud_task_ext+0x68c>)
1000545a:	e7d9      	b.n	10005410 <tud_task_ext+0x570>
1000545c:	88e3      	ldrh	r3, [r4, #6]
1000545e:	2b00      	cmp	r3, #0
10005460:	d111      	bne.n	10005486 <tud_task_ext+0x5e6>
10005462:	9b03      	ldr	r3, [sp, #12]
10005464:	7818      	ldrb	r0, [r3, #0]
10005466:	9b04      	ldr	r3, [sp, #16]
10005468:	2b01      	cmp	r3, #1
1000546a:	d022      	beq.n	100054b2 <tud_task_ext+0x612>
1000546c:	f7ff fc0c 	bl	10004c88 <dcd_edpt_stall>
10005470:	2102      	movs	r1, #2
10005472:	19eb      	adds	r3, r5, r7
10005474:	4453      	add	r3, sl
10005476:	3330      	adds	r3, #48	@ 0x30
10005478:	791a      	ldrb	r2, [r3, #4]
1000547a:	430a      	orrs	r2, r1
1000547c:	2101      	movs	r1, #1
1000547e:	711a      	strb	r2, [r3, #4]
10005480:	791a      	ldrb	r2, [r3, #4]
10005482:	430a      	orrs	r2, r1
10005484:	711a      	strb	r2, [r3, #4]
10005486:	464b      	mov	r3, r9
10005488:	2b00      	cmp	r3, #0
1000548a:	d100      	bne.n	1000548e <tud_task_ext+0x5ee>
1000548c:	e51d      	b.n	10004eca <tud_task_ext+0x2a>
1000548e:	6958      	ldr	r0, [r3, #20]
10005490:	f000 fa0e 	bl	100058b0 <usbd_control_set_complete_callback>
10005494:	464b      	mov	r3, r9
10005496:	2101      	movs	r1, #1
10005498:	695b      	ldr	r3, [r3, #20]
1000549a:	aa0e      	add	r2, sp, #56	@ 0x38
1000549c:	4658      	mov	r0, fp
1000549e:	4798      	blx	r3
100054a0:	2000      	movs	r0, #0
100054a2:	f000 fa05 	bl	100058b0 <usbd_control_set_complete_callback>
100054a6:	2335      	movs	r3, #53	@ 0x35
100054a8:	5ceb      	ldrb	r3, [r5, r3]
100054aa:	07db      	lsls	r3, r3, #31
100054ac:	d500      	bpl.n	100054b0 <tud_task_ext+0x610>
100054ae:	e50c      	b.n	10004eca <tud_task_ext+0x2a>
100054b0:	e6bf      	b.n	10005232 <tud_task_ext+0x392>
100054b2:	f7ff fc07 	bl	10004cc4 <dcd_edpt_clear_stall>
100054b6:	2102      	movs	r1, #2
100054b8:	19eb      	adds	r3, r5, r7
100054ba:	4453      	add	r3, sl
100054bc:	3330      	adds	r3, #48	@ 0x30
100054be:	791a      	ldrb	r2, [r3, #4]
100054c0:	438a      	bics	r2, r1
100054c2:	711a      	strb	r2, [r3, #4]
100054c4:	791a      	ldrb	r2, [r3, #4]
100054c6:	9904      	ldr	r1, [sp, #16]
100054c8:	438a      	bics	r2, r1
100054ca:	711a      	strb	r2, [r3, #4]
100054cc:	e7db      	b.n	10005486 <tud_task_ext+0x5e6>
100054ce:	f7ff fc55 	bl	10004d7c <tud_descriptor_device_qualifier_cb>
100054d2:	1e02      	subs	r2, r0, #0
100054d4:	d100      	bne.n	100054d8 <tud_task_ext+0x638>
100054d6:	e657      	b.n	10005188 <tud_task_ext+0x2e8>
100054d8:	4658      	mov	r0, fp
100054da:	7813      	ldrb	r3, [r2, #0]
100054dc:	a90e      	add	r1, sp, #56	@ 0x38
100054de:	f000 f98d 	bl	100057fc <tud_control_xfer>
100054e2:	e662      	b.n	100051aa <tud_task_ext+0x30a>
100054e4:	8921      	ldrh	r1, [r4, #8]
100054e6:	f7ff f8eb 	bl	100046c0 <tud_descriptor_string_cb>
100054ea:	1e02      	subs	r2, r0, #0
100054ec:	d1f4      	bne.n	100054d8 <tud_task_ext+0x638>
100054ee:	e64b      	b.n	10005188 <tud_task_ext+0x2e8>
100054f0:	2b02      	cmp	r3, #2
100054f2:	d100      	bne.n	100054f6 <tud_task_ext+0x656>
100054f4:	e0a1      	b.n	1000563a <tud_task_ext+0x79a>
100054f6:	f7ff fc43 	bl	10004d80 <tud_descriptor_other_speed_configuration_cb>
100054fa:	1e02      	subs	r2, r0, #0
100054fc:	d100      	bne.n	10005500 <tud_task_ext+0x660>
100054fe:	e643      	b.n	10005188 <tud_task_ext+0x2e8>
10005500:	78d3      	ldrb	r3, [r2, #3]
10005502:	7891      	ldrb	r1, [r2, #2]
10005504:	021b      	lsls	r3, r3, #8
10005506:	430b      	orrs	r3, r1
10005508:	4658      	mov	r0, fp
1000550a:	a90e      	add	r1, sp, #56	@ 0x38
1000550c:	f000 f976 	bl	100057fc <tud_control_xfer>
10005510:	e64b      	b.n	100051aa <tud_task_ext+0x30a>
10005512:	f7ff f8cd 	bl	100046b0 <tud_descriptor_device_cb>
10005516:	1e02      	subs	r2, r0, #0
10005518:	d100      	bne.n	1000551c <tud_task_ext+0x67c>
1000551a:	e635      	b.n	10005188 <tud_task_ext+0x2e8>
1000551c:	2312      	movs	r3, #18
1000551e:	4658      	mov	r0, fp
10005520:	a90e      	add	r1, sp, #56	@ 0x38
10005522:	f000 f96b 	bl	100057fc <tud_control_xfer>
10005526:	e640      	b.n	100051aa <tud_task_ext+0x30a>
10005528:	20001d81 	.word	0x20001d81
1000552c:	10006b84 	.word	0x10006b84
10005530:	200015c0 	.word	0x200015c0
10005534:	200016bc 	.word	0x200016bc
10005538:	10006b28 	.word	0x10006b28
1000553c:	ab0c      	add	r3, sp, #48	@ 0x30
1000553e:	1c9a      	adds	r2, r3, #2
10005540:	4658      	mov	r0, fp
10005542:	2301      	movs	r3, #1
10005544:	a90e      	add	r1, sp, #56	@ 0x38
10005546:	7015      	strb	r5, [r2, #0]
10005548:	f000 f958 	bl	100057fc <tud_control_xfer>
1000554c:	e4bd      	b.n	10004eca <tud_task_ext+0x2a>
1000554e:	f7ff fa53 	bl	100049f8 <tud_descriptor_bos_cb>
10005552:	1e02      	subs	r2, r0, #0
10005554:	d1d4      	bne.n	10005500 <tud_task_ext+0x660>
10005556:	e617      	b.n	10005188 <tud_task_ext+0x2e8>
10005558:	f7ff fc16 	bl	10004d88 <tud_umount_cb>
1000555c:	e669      	b.n	10005232 <tud_task_ext+0x392>
1000555e:	2100      	movs	r1, #0
10005560:	4658      	mov	r0, fp
10005562:	f7ff fadd 	bl	10004b20 <dcd_sof_enable>
10005566:	4658      	mov	r0, fp
10005568:	f7ff fb78 	bl	10004c5c <dcd_edpt_close_all>
1000556c:	2200      	movs	r2, #0
1000556e:	4692      	mov	sl, r2
10005570:	4a36      	ldr	r2, [pc, #216]	@ (1000564c <tud_task_ext+0x7ac>)
10005572:	78ab      	ldrb	r3, [r5, #2]
10005574:	9205      	str	r2, [sp, #20]
10005576:	4a36      	ldr	r2, [pc, #216]	@ (10005650 <tud_task_ext+0x7b0>)
10005578:	4f36      	ldr	r7, [pc, #216]	@ (10005654 <tud_task_ext+0x7b4>)
1000557a:	9206      	str	r2, [sp, #24]
1000557c:	002a      	movs	r2, r5
1000557e:	9304      	str	r3, [sp, #16]
10005580:	4655      	mov	r5, sl
10005582:	783b      	ldrb	r3, [r7, #0]
10005584:	4692      	mov	sl, r2
10005586:	e00d      	b.n	100055a4 <tud_task_ext+0x704>
10005588:	9b06      	ldr	r3, [sp, #24]
1000558a:	016a      	lsls	r2, r5, #5
1000558c:	681b      	ldr	r3, [r3, #0]
1000558e:	189b      	adds	r3, r3, r2
10005590:	2b00      	cmp	r3, #0
10005592:	d058      	beq.n	10005646 <tud_task_ext+0x7a6>
10005594:	68db      	ldr	r3, [r3, #12]
10005596:	4658      	mov	r0, fp
10005598:	4798      	blx	r3
1000559a:	3501      	adds	r5, #1
1000559c:	783b      	ldrb	r3, [r7, #0]
1000559e:	b2ed      	uxtb	r5, r5
100055a0:	42ab      	cmp	r3, r5
100055a2:	d306      	bcc.n	100055b2 <tud_task_ext+0x712>
100055a4:	429d      	cmp	r5, r3
100055a6:	d3ef      	bcc.n	10005588 <tud_task_ext+0x6e8>
100055a8:	9a05      	ldr	r2, [sp, #20]
100055aa:	1aeb      	subs	r3, r5, r3
100055ac:	015b      	lsls	r3, r3, #5
100055ae:	18d3      	adds	r3, r2, r3
100055b0:	e7f0      	b.n	10005594 <tud_task_ext+0x6f4>
100055b2:	4655      	mov	r5, sl
100055b4:	2254      	movs	r2, #84	@ 0x54
100055b6:	2100      	movs	r1, #0
100055b8:	0028      	movs	r0, r5
100055ba:	f7fc fff9 	bl	100025b0 <__wrap_memset>
100055be:	2210      	movs	r2, #16
100055c0:	21ff      	movs	r1, #255	@ 0xff
100055c2:	1d28      	adds	r0, r5, #4
100055c4:	f7fc fff4 	bl	100025b0 <__wrap_memset>
100055c8:	0028      	movs	r0, r5
100055ca:	2220      	movs	r2, #32
100055cc:	21ff      	movs	r1, #255	@ 0xff
100055ce:	3014      	adds	r0, #20
100055d0:	f7fc ffee 	bl	100025b0 <__wrap_memset>
100055d4:	9b04      	ldr	r3, [sp, #16]
100055d6:	70ab      	strb	r3, [r5, #2]
100055d8:	e653      	b.n	10005282 <tud_task_ext+0x3e2>
100055da:	9a0b      	ldr	r2, [sp, #44]	@ 0x2c
100055dc:	2a01      	cmp	r2, #1
100055de:	d026      	beq.n	1000562e <tud_task_ext+0x78e>
100055e0:	2a00      	cmp	r2, #0
100055e2:	d016      	beq.n	10005612 <tud_task_ext+0x772>
100055e4:	2300      	movs	r3, #0
100055e6:	78a8      	ldrb	r0, [r5, #2]
100055e8:	e004      	b.n	100055f4 <tud_task_ext+0x754>
100055ea:	3301      	adds	r3, #1
100055ec:	b2db      	uxtb	r3, r3
100055ee:	710e      	strb	r6, [r1, #4]
100055f0:	4293      	cmp	r3, r2
100055f2:	d20e      	bcs.n	10005612 <tud_task_ext+0x772>
100055f4:	18c1      	adds	r1, r0, r3
100055f6:	b2c9      	uxtb	r1, r1
100055f8:	4449      	add	r1, r9
100055fa:	790f      	ldrb	r7, [r1, #4]
100055fc:	2fff      	cmp	r7, #255	@ 0xff
100055fe:	d0f4      	beq.n	100055ea <tud_task_ext+0x74a>
10005600:	4656      	mov	r6, sl
10005602:	464d      	mov	r5, r9
10005604:	2300      	movs	r3, #0
10005606:	706b      	strb	r3, [r5, #1]
10005608:	e5be      	b.n	10005188 <tud_task_ext+0x2e8>
1000560a:	4656      	mov	r6, sl
1000560c:	f7ff fbba 	bl	10004d84 <tud_mount_cb>
10005610:	e60f      	b.n	10005232 <tud_task_ext+0x392>
10005612:	4667      	mov	r7, ip
10005614:	0033      	movs	r3, r6
10005616:	0029      	movs	r1, r5
10005618:	003a      	movs	r2, r7
1000561a:	980a      	ldr	r0, [sp, #40]	@ 0x28
1000561c:	f000 fd24 	bl	10006068 <tu_edpt_bind_driver>
10005620:	9b04      	ldr	r3, [sp, #16]
10005622:	19ed      	adds	r5, r5, r7
10005624:	781b      	ldrb	r3, [r3, #0]
10005626:	42b3      	cmp	r3, r6
10005628:	d300      	bcc.n	1000562c <tud_task_ext+0x78c>
1000562a:	e65e      	b.n	100052ea <tud_task_ext+0x44a>
1000562c:	e7e8      	b.n	10005600 <tud_task_ext+0x760>
1000562e:	4b0a      	ldr	r3, [pc, #40]	@ (10005658 <tud_task_ext+0x7b8>)
10005630:	6939      	ldr	r1, [r7, #16]
10005632:	4299      	cmp	r1, r3
10005634:	d1d6      	bne.n	100055e4 <tud_task_ext+0x744>
10005636:	9a07      	ldr	r2, [sp, #28]
10005638:	e7d4      	b.n	100055e4 <tud_task_ext+0x744>
1000563a:	f7ff f83d 	bl	100046b8 <tud_descriptor_configuration_cb>
1000563e:	1e02      	subs	r2, r0, #0
10005640:	d000      	beq.n	10005644 <tud_task_ext+0x7a4>
10005642:	e75d      	b.n	10005500 <tud_task_ext+0x660>
10005644:	e5a0      	b.n	10005188 <tud_task_ext+0x2e8>
10005646:	4655      	mov	r5, sl
10005648:	e7c4      	b.n	100055d4 <tud_task_ext+0x734>
1000564a:	46c0      	nop			@ (mov r8, r8)
1000564c:	10006b84 	.word	0x10006b84
10005650:	200015c0 	.word	0x200015c0
10005654:	20001d81 	.word	0x20001d81
10005658:	10005c99 	.word	0x10005c99

1000565c <usbd_open_edpt_pair>:
1000565c:	b5f0      	push	{r4, r5, r6, r7, lr}
1000565e:	464f      	mov	r7, r9
10005660:	4646      	mov	r6, r8
10005662:	46d6      	mov	lr, sl
10005664:	b5c0      	push	{r6, r7, lr}
10005666:	000c      	movs	r4, r1
10005668:	0016      	movs	r6, r2
1000566a:	001f      	movs	r7, r3
1000566c:	b082      	sub	sp, #8
1000566e:	2a00      	cmp	r2, #0
10005670:	d03c      	beq.n	100056ec <usbd_open_edpt_pair+0x90>
10005672:	2370      	movs	r3, #112	@ 0x70
10005674:	4698      	mov	r8, r3
10005676:	4b1e      	ldr	r3, [pc, #120]	@ (100056f0 <usbd_open_edpt_pair+0x94>)
10005678:	2500      	movs	r5, #0
1000567a:	4699      	mov	r9, r3
1000567c:	4b1d      	ldr	r3, [pc, #116]	@ (100056f4 <usbd_open_edpt_pair+0x98>)
1000567e:	469a      	mov	sl, r3
10005680:	7863      	ldrb	r3, [r4, #1]
10005682:	2b05      	cmp	r3, #5
10005684:	d118      	bne.n	100056b8 <usbd_open_edpt_pair+0x5c>
10005686:	78e3      	ldrb	r3, [r4, #3]
10005688:	079b      	lsls	r3, r3, #30
1000568a:	0f9b      	lsrs	r3, r3, #30
1000568c:	42bb      	cmp	r3, r7
1000568e:	d113      	bne.n	100056b8 <usbd_open_edpt_pair+0x5c>
10005690:	4642      	mov	r2, r8
10005692:	78a3      	ldrb	r3, [r4, #2]
10005694:	421a      	tst	r2, r3
10005696:	d10f      	bne.n	100056b8 <usbd_open_edpt_pair+0x5c>
10005698:	464b      	mov	r3, r9
1000569a:	781b      	ldrb	r3, [r3, #0]
1000569c:	0020      	movs	r0, r4
1000569e:	9301      	str	r3, [sp, #4]
100056a0:	4653      	mov	r3, sl
100056a2:	7899      	ldrb	r1, [r3, #2]
100056a4:	f000 fca6 	bl	10005ff4 <tu_edpt_validate>
100056a8:	2800      	cmp	r0, #0
100056aa:	d107      	bne.n	100056bc <usbd_open_edpt_pair+0x60>
100056ac:	b002      	add	sp, #8
100056ae:	bce0      	pop	{r5, r6, r7}
100056b0:	46ba      	mov	sl, r7
100056b2:	46b1      	mov	r9, r6
100056b4:	46a8      	mov	r8, r5
100056b6:	bdf0      	pop	{r4, r5, r6, r7, pc}
100056b8:	2000      	movs	r0, #0
100056ba:	e7f7      	b.n	100056ac <usbd_open_edpt_pair+0x50>
100056bc:	0021      	movs	r1, r4
100056be:	9801      	ldr	r0, [sp, #4]
100056c0:	f7ff fa4a 	bl	10004b58 <dcd_edpt_open>
100056c4:	2800      	cmp	r0, #0
100056c6:	d0f1      	beq.n	100056ac <usbd_open_edpt_pair+0x50>
100056c8:	78a3      	ldrb	r3, [r4, #2]
100056ca:	09da      	lsrs	r2, r3, #7
100056cc:	2a01      	cmp	r2, #1
100056ce:	d007      	beq.n	100056e0 <usbd_open_edpt_pair+0x84>
100056d0:	9a0a      	ldr	r2, [sp, #40]	@ 0x28
100056d2:	3501      	adds	r5, #1
100056d4:	7013      	strb	r3, [r2, #0]
100056d6:	42b5      	cmp	r5, r6
100056d8:	dae8      	bge.n	100056ac <usbd_open_edpt_pair+0x50>
100056da:	7823      	ldrb	r3, [r4, #0]
100056dc:	18e4      	adds	r4, r4, r3
100056de:	e7cf      	b.n	10005680 <usbd_open_edpt_pair+0x24>
100056e0:	9a0b      	ldr	r2, [sp, #44]	@ 0x2c
100056e2:	3501      	adds	r5, #1
100056e4:	7013      	strb	r3, [r2, #0]
100056e6:	42b5      	cmp	r5, r6
100056e8:	dbf7      	blt.n	100056da <usbd_open_edpt_pair+0x7e>
100056ea:	e7df      	b.n	100056ac <usbd_open_edpt_pair+0x50>
100056ec:	2001      	movs	r0, #1
100056ee:	e7dd      	b.n	100056ac <usbd_open_edpt_pair+0x50>
100056f0:	20001164 	.word	0x20001164
100056f4:	200016a8 	.word	0x200016a8

100056f8 <usbd_edpt_open>:
100056f8:	2270      	movs	r2, #112	@ 0x70
100056fa:	b570      	push	{r4, r5, r6, lr}
100056fc:	788b      	ldrb	r3, [r1, #2]
100056fe:	000c      	movs	r4, r1
10005700:	2000      	movs	r0, #0
10005702:	421a      	tst	r2, r3
10005704:	d000      	beq.n	10005708 <usbd_edpt_open+0x10>
10005706:	bd70      	pop	{r4, r5, r6, pc}
10005708:	4b06      	ldr	r3, [pc, #24]	@ (10005724 <usbd_edpt_open+0x2c>)
1000570a:	0020      	movs	r0, r4
1000570c:	781d      	ldrb	r5, [r3, #0]
1000570e:	4b06      	ldr	r3, [pc, #24]	@ (10005728 <usbd_edpt_open+0x30>)
10005710:	7899      	ldrb	r1, [r3, #2]
10005712:	f000 fc6f 	bl	10005ff4 <tu_edpt_validate>
10005716:	2800      	cmp	r0, #0
10005718:	d0f5      	beq.n	10005706 <usbd_edpt_open+0xe>
1000571a:	0021      	movs	r1, r4
1000571c:	0028      	movs	r0, r5
1000571e:	f7ff fa1b 	bl	10004b58 <dcd_edpt_open>
10005722:	e7f0      	b.n	10005706 <usbd_edpt_open+0xe>
10005724:	20001164 	.word	0x20001164
10005728:	200016a8 	.word	0x200016a8

1000572c <usbd_edpt_claim>:
1000572c:	207f      	movs	r0, #127	@ 0x7f
1000572e:	4b07      	ldr	r3, [pc, #28]	@ (1000574c <usbd_edpt_claim+0x20>)
10005730:	b510      	push	{r4, lr}
10005732:	681a      	ldr	r2, [r3, #0]
10005734:	4008      	ands	r0, r1
10005736:	09cb      	lsrs	r3, r1, #7
10005738:	3334      	adds	r3, #52	@ 0x34
1000573a:	0040      	lsls	r0, r0, #1
1000573c:	18c0      	adds	r0, r0, r3
1000573e:	4b04      	ldr	r3, [pc, #16]	@ (10005750 <usbd_edpt_claim+0x24>)
10005740:	0011      	movs	r1, r2
10005742:	18c0      	adds	r0, r0, r3
10005744:	f000 fc12 	bl	10005f6c <tu_edpt_claim>
10005748:	bd10      	pop	{r4, pc}
1000574a:	46c0      	nop			@ (mov r8, r8)
1000574c:	200016fc 	.word	0x200016fc
10005750:	200016a8 	.word	0x200016a8

10005754 <usbd_edpt_release>:
10005754:	207f      	movs	r0, #127	@ 0x7f
10005756:	4b07      	ldr	r3, [pc, #28]	@ (10005774 <usbd_edpt_release+0x20>)
10005758:	b510      	push	{r4, lr}
1000575a:	681a      	ldr	r2, [r3, #0]
1000575c:	4008      	ands	r0, r1
1000575e:	09cb      	lsrs	r3, r1, #7
10005760:	3334      	adds	r3, #52	@ 0x34
10005762:	0040      	lsls	r0, r0, #1
10005764:	18c0      	adds	r0, r0, r3
10005766:	4b04      	ldr	r3, [pc, #16]	@ (10005778 <usbd_edpt_release+0x24>)
10005768:	0011      	movs	r1, r2
1000576a:	18c0      	adds	r0, r0, r3
1000576c:	f000 fc26 	bl	10005fbc <tu_edpt_release>
10005770:	bd10      	pop	{r4, pc}
10005772:	46c0      	nop			@ (mov r8, r8)
10005774:	200016fc 	.word	0x200016fc
10005778:	200016a8 	.word	0x200016a8

1000577c <usbd_edpt_xfer>:
1000577c:	b570      	push	{r4, r5, r6, lr}
1000577e:	247f      	movs	r4, #127	@ 0x7f
10005780:	09c8      	lsrs	r0, r1, #7
10005782:	4684      	mov	ip, r0
10005784:	400c      	ands	r4, r1
10005786:	4810      	ldr	r0, [pc, #64]	@ (100057c8 <usbd_edpt_xfer+0x4c>)
10005788:	0064      	lsls	r4, r4, #1
1000578a:	1904      	adds	r4, r0, r4
1000578c:	4464      	add	r4, ip
1000578e:	3430      	adds	r4, #48	@ 0x30
10005790:	7920      	ldrb	r0, [r4, #4]
10005792:	0005      	movs	r5, r0
10005794:	2000      	movs	r0, #0
10005796:	07ed      	lsls	r5, r5, #31
10005798:	d500      	bpl.n	1000579c <usbd_edpt_xfer+0x20>
1000579a:	bd70      	pop	{r4, r5, r6, pc}
1000579c:	480b      	ldr	r0, [pc, #44]	@ (100057cc <usbd_edpt_xfer+0x50>)
1000579e:	2501      	movs	r5, #1
100057a0:	7800      	ldrb	r0, [r0, #0]
100057a2:	4684      	mov	ip, r0
100057a4:	7920      	ldrb	r0, [r4, #4]
100057a6:	4328      	orrs	r0, r5
100057a8:	7120      	strb	r0, [r4, #4]
100057aa:	4660      	mov	r0, ip
100057ac:	f7ff fa5a 	bl	10004c64 <dcd_edpt_xfer>
100057b0:	2800      	cmp	r0, #0
100057b2:	d1f2      	bne.n	1000579a <usbd_edpt_xfer+0x1e>
100057b4:	2201      	movs	r2, #1
100057b6:	7923      	ldrb	r3, [r4, #4]
100057b8:	4393      	bics	r3, r2
100057ba:	7123      	strb	r3, [r4, #4]
100057bc:	7923      	ldrb	r3, [r4, #4]
100057be:	3203      	adds	r2, #3
100057c0:	4393      	bics	r3, r2
100057c2:	7123      	strb	r3, [r4, #4]
100057c4:	e7e9      	b.n	1000579a <usbd_edpt_xfer+0x1e>
100057c6:	46c0      	nop			@ (mov r8, r8)
100057c8:	200016a8 	.word	0x200016a8
100057cc:	20001164 	.word	0x20001164

100057d0 <tud_control_status>:
100057d0:	b570      	push	{r4, r5, r6, lr}
100057d2:	4c09      	ldr	r4, [pc, #36]	@ (100057f8 <tud_control_status+0x28>)
100057d4:	0006      	movs	r6, r0
100057d6:	2208      	movs	r2, #8
100057d8:	0020      	movs	r0, r4
100057da:	000d      	movs	r5, r1
100057dc:	f7fc feee 	bl	100025bc <__wrap___aeabi_memcpy>
100057e0:	2300      	movs	r3, #0
100057e2:	2180      	movs	r1, #128	@ 0x80
100057e4:	60e3      	str	r3, [r4, #12]
100057e6:	60a3      	str	r3, [r4, #8]
100057e8:	782b      	ldrb	r3, [r5, #0]
100057ea:	0030      	movs	r0, r6
100057ec:	4399      	bics	r1, r3
100057ee:	2200      	movs	r2, #0
100057f0:	2300      	movs	r3, #0
100057f2:	f7ff ffc3 	bl	1000577c <usbd_edpt_xfer>
100057f6:	bd70      	pop	{r4, r5, r6, pc}
100057f8:	20001688 	.word	0x20001688

100057fc <tud_control_xfer>:
100057fc:	b5f0      	push	{r4, r5, r6, r7, lr}
100057fe:	46c6      	mov	lr, r8
10005800:	4c24      	ldr	r4, [pc, #144]	@ (10005894 <tud_control_xfer+0x98>)
10005802:	0017      	movs	r7, r2
10005804:	4680      	mov	r8, r0
10005806:	2208      	movs	r2, #8
10005808:	0020      	movs	r0, r4
1000580a:	b500      	push	{lr}
1000580c:	000d      	movs	r5, r1
1000580e:	001e      	movs	r6, r3
10005810:	f7fc fed4 	bl	100025bc <__wrap___aeabi_memcpy>
10005814:	2300      	movs	r3, #0
10005816:	60a7      	str	r7, [r4, #8]
10005818:	81e3      	strh	r3, [r4, #14]
1000581a:	79eb      	ldrb	r3, [r5, #7]
1000581c:	79aa      	ldrb	r2, [r5, #6]
1000581e:	021b      	lsls	r3, r3, #8
10005820:	4313      	orrs	r3, r2
10005822:	1c1a      	adds	r2, r3, #0
10005824:	42b3      	cmp	r3, r6
10005826:	d900      	bls.n	1000582a <tud_control_xfer+0x2e>
10005828:	1c32      	adds	r2, r6, #0
1000582a:	b296      	uxth	r6, r2
1000582c:	81a2      	strh	r2, [r4, #12]
1000582e:	2b00      	cmp	r3, #0
10005830:	d00c      	beq.n	1000584c <tud_control_xfer+0x50>
10005832:	2e00      	cmp	r6, #0
10005834:	d015      	beq.n	10005862 <tud_control_xfer+0x66>
10005836:	2f00      	cmp	r7, #0
10005838:	d02a      	beq.n	10005890 <tud_control_xfer+0x94>
1000583a:	2e40      	cmp	r6, #64	@ 0x40
1000583c:	d81a      	bhi.n	10005874 <tud_control_xfer+0x78>
1000583e:	7823      	ldrb	r3, [r4, #0]
10005840:	b296      	uxth	r6, r2
10005842:	2b7f      	cmp	r3, #127	@ 0x7f
10005844:	d81b      	bhi.n	1000587e <tud_control_xfer+0x82>
10005846:	2100      	movs	r1, #0
10005848:	4a13      	ldr	r2, [pc, #76]	@ (10005898 <tud_control_xfer+0x9c>)
1000584a:	e00e      	b.n	1000586a <tud_control_xfer+0x6e>
1000584c:	2180      	movs	r1, #128	@ 0x80
1000584e:	782b      	ldrb	r3, [r5, #0]
10005850:	2200      	movs	r2, #0
10005852:	4399      	bics	r1, r3
10005854:	4640      	mov	r0, r8
10005856:	2300      	movs	r3, #0
10005858:	f7ff ff90 	bl	1000577c <usbd_edpt_xfer>
1000585c:	bc80      	pop	{r7}
1000585e:	46b8      	mov	r8, r7
10005860:	bdf0      	pop	{r4, r5, r6, r7, pc}
10005862:	237f      	movs	r3, #127	@ 0x7f
10005864:	2200      	movs	r2, #0
10005866:	7821      	ldrb	r1, [r4, #0]
10005868:	4399      	bics	r1, r3
1000586a:	0033      	movs	r3, r6
1000586c:	4640      	mov	r0, r8
1000586e:	f7ff ff85 	bl	1000577c <usbd_edpt_xfer>
10005872:	e7f3      	b.n	1000585c <tud_control_xfer+0x60>
10005874:	2240      	movs	r2, #64	@ 0x40
10005876:	7823      	ldrb	r3, [r4, #0]
10005878:	b296      	uxth	r6, r2
1000587a:	2b7f      	cmp	r3, #127	@ 0x7f
1000587c:	d9e3      	bls.n	10005846 <tud_control_xfer+0x4a>
1000587e:	4c06      	ldr	r4, [pc, #24]	@ (10005898 <tud_control_xfer+0x9c>)
10005880:	0032      	movs	r2, r6
10005882:	0039      	movs	r1, r7
10005884:	0020      	movs	r0, r4
10005886:	f7fc fe99 	bl	100025bc <__wrap___aeabi_memcpy>
1000588a:	2180      	movs	r1, #128	@ 0x80
1000588c:	0022      	movs	r2, r4
1000588e:	e7ec      	b.n	1000586a <tud_control_xfer+0x6e>
10005890:	2000      	movs	r0, #0
10005892:	e7e3      	b.n	1000585c <tud_control_xfer+0x60>
10005894:	20001688 	.word	0x20001688
10005898:	20001648 	.word	0x20001648

1000589c <usbd_control_reset>:
1000589c:	b510      	push	{r4, lr}
1000589e:	2214      	movs	r2, #20
100058a0:	2100      	movs	r1, #0
100058a2:	4802      	ldr	r0, [pc, #8]	@ (100058ac <usbd_control_reset+0x10>)
100058a4:	f7fc fe84 	bl	100025b0 <__wrap_memset>
100058a8:	bd10      	pop	{r4, pc}
100058aa:	46c0      	nop			@ (mov r8, r8)
100058ac:	20001688 	.word	0x20001688

100058b0 <usbd_control_set_complete_callback>:
100058b0:	4b01      	ldr	r3, [pc, #4]	@ (100058b8 <usbd_control_set_complete_callback+0x8>)
100058b2:	6118      	str	r0, [r3, #16]
100058b4:	4770      	bx	lr
100058b6:	46c0      	nop			@ (mov r8, r8)
100058b8:	20001688 	.word	0x20001688

100058bc <usbd_control_set_request>:
100058bc:	b510      	push	{r4, lr}
100058be:	4c05      	ldr	r4, [pc, #20]	@ (100058d4 <usbd_control_set_request+0x18>)
100058c0:	0001      	movs	r1, r0
100058c2:	2208      	movs	r2, #8
100058c4:	0020      	movs	r0, r4
100058c6:	f7fc fe79 	bl	100025bc <__wrap___aeabi_memcpy>
100058ca:	2300      	movs	r3, #0
100058cc:	60a3      	str	r3, [r4, #8]
100058ce:	60e3      	str	r3, [r4, #12]
100058d0:	bd10      	pop	{r4, pc}
100058d2:	46c0      	nop			@ (mov r8, r8)
100058d4:	20001688 	.word	0x20001688

100058d8 <usbd_control_xfer_cb>:
100058d8:	b570      	push	{r4, r5, r6, lr}
100058da:	4c36      	ldr	r4, [pc, #216]	@ (100059b4 <usbd_control_xfer_cb+0xdc>)
100058dc:	001d      	movs	r5, r3
100058de:	7823      	ldrb	r3, [r4, #0]
100058e0:	0006      	movs	r6, r0
100058e2:	09da      	lsrs	r2, r3, #7
100058e4:	09c9      	lsrs	r1, r1, #7
100058e6:	428a      	cmp	r2, r1
100058e8:	d00f      	beq.n	1000590a <usbd_control_xfer_cb+0x32>
100058ea:	2d00      	cmp	r5, #0
100058ec:	d001      	beq.n	100058f2 <usbd_control_xfer_cb+0x1a>
100058ee:	2000      	movs	r0, #0
100058f0:	bd70      	pop	{r4, r5, r6, pc}
100058f2:	0021      	movs	r1, r4
100058f4:	f7ff f922 	bl	10004b3c <dcd_edpt0_status_complete>
100058f8:	6923      	ldr	r3, [r4, #16]
100058fa:	2b00      	cmp	r3, #0
100058fc:	d003      	beq.n	10005906 <usbd_control_xfer_cb+0x2e>
100058fe:	0022      	movs	r2, r4
10005900:	2103      	movs	r1, #3
10005902:	0030      	movs	r0, r6
10005904:	4798      	blx	r3
10005906:	2001      	movs	r0, #1
10005908:	e7f2      	b.n	100058f0 <usbd_control_xfer_cb+0x18>
1000590a:	2b7f      	cmp	r3, #127	@ 0x7f
1000590c:	d806      	bhi.n	1000591c <usbd_control_xfer_cb+0x44>
1000590e:	68a0      	ldr	r0, [r4, #8]
10005910:	2800      	cmp	r0, #0
10005912:	d0ec      	beq.n	100058ee <usbd_control_xfer_cb+0x16>
10005914:	002a      	movs	r2, r5
10005916:	4928      	ldr	r1, [pc, #160]	@ (100059b8 <usbd_control_xfer_cb+0xe0>)
10005918:	f7fc fe50 	bl	100025bc <__wrap___aeabi_memcpy>
1000591c:	89e2      	ldrh	r2, [r4, #14]
1000591e:	68a1      	ldr	r1, [r4, #8]
10005920:	1952      	adds	r2, r2, r5
10005922:	88e3      	ldrh	r3, [r4, #6]
10005924:	b292      	uxth	r2, r2
10005926:	1949      	adds	r1, r1, r5
10005928:	81e2      	strh	r2, [r4, #14]
1000592a:	60a1      	str	r1, [r4, #8]
1000592c:	4293      	cmp	r3, r2
1000592e:	d014      	beq.n	1000595a <usbd_control_xfer_cb+0x82>
10005930:	2d3f      	cmp	r5, #63	@ 0x3f
10005932:	d912      	bls.n	1000595a <usbd_control_xfer_cb+0x82>
10005934:	89a3      	ldrh	r3, [r4, #12]
10005936:	1a98      	subs	r0, r3, r2
10005938:	1c05      	adds	r5, r0, #0
1000593a:	b280      	uxth	r0, r0
1000593c:	2840      	cmp	r0, #64	@ 0x40
1000593e:	d828      	bhi.n	10005992 <usbd_control_xfer_cb+0xba>
10005940:	7820      	ldrb	r0, [r4, #0]
10005942:	b2ad      	uxth	r5, r5
10005944:	287f      	cmp	r0, #127	@ 0x7f
10005946:	d826      	bhi.n	10005996 <usbd_control_xfer_cb+0xbe>
10005948:	2100      	movs	r1, #0
1000594a:	429a      	cmp	r2, r3
1000594c:	d030      	beq.n	100059b0 <usbd_control_xfer_cb+0xd8>
1000594e:	4a1a      	ldr	r2, [pc, #104]	@ (100059b8 <usbd_control_xfer_cb+0xe0>)
10005950:	002b      	movs	r3, r5
10005952:	0030      	movs	r0, r6
10005954:	f7ff ff12 	bl	1000577c <usbd_edpt_xfer>
10005958:	e7ca      	b.n	100058f0 <usbd_control_xfer_cb+0x18>
1000595a:	6923      	ldr	r3, [r4, #16]
1000595c:	2b00      	cmp	r3, #0
1000595e:	d005      	beq.n	1000596c <usbd_control_xfer_cb+0x94>
10005960:	0022      	movs	r2, r4
10005962:	2102      	movs	r1, #2
10005964:	0030      	movs	r0, r6
10005966:	4798      	blx	r3
10005968:	2800      	cmp	r0, #0
1000596a:	d008      	beq.n	1000597e <usbd_control_xfer_cb+0xa6>
1000596c:	2180      	movs	r1, #128	@ 0x80
1000596e:	7823      	ldrb	r3, [r4, #0]
10005970:	2200      	movs	r2, #0
10005972:	4399      	bics	r1, r3
10005974:	0030      	movs	r0, r6
10005976:	2300      	movs	r3, #0
10005978:	f7ff ff00 	bl	1000577c <usbd_edpt_xfer>
1000597c:	e7b8      	b.n	100058f0 <usbd_control_xfer_cb+0x18>
1000597e:	2100      	movs	r1, #0
10005980:	0030      	movs	r0, r6
10005982:	f7ff f981 	bl	10004c88 <dcd_edpt_stall>
10005986:	0030      	movs	r0, r6
10005988:	2180      	movs	r1, #128	@ 0x80
1000598a:	f7ff f97d 	bl	10004c88 <dcd_edpt_stall>
1000598e:	2001      	movs	r0, #1
10005990:	e7ae      	b.n	100058f0 <usbd_control_xfer_cb+0x18>
10005992:	2540      	movs	r5, #64	@ 0x40
10005994:	e7d4      	b.n	10005940 <usbd_control_xfer_cb+0x68>
10005996:	429a      	cmp	r2, r3
10005998:	d007      	beq.n	100059aa <usbd_control_xfer_cb+0xd2>
1000599a:	4c07      	ldr	r4, [pc, #28]	@ (100059b8 <usbd_control_xfer_cb+0xe0>)
1000599c:	002a      	movs	r2, r5
1000599e:	0020      	movs	r0, r4
100059a0:	f7fc fe0c 	bl	100025bc <__wrap___aeabi_memcpy>
100059a4:	2180      	movs	r1, #128	@ 0x80
100059a6:	0022      	movs	r2, r4
100059a8:	e7d2      	b.n	10005950 <usbd_control_xfer_cb+0x78>
100059aa:	2180      	movs	r1, #128	@ 0x80
100059ac:	2200      	movs	r2, #0
100059ae:	e7cf      	b.n	10005950 <usbd_control_xfer_cb+0x78>
100059b0:	2200      	movs	r2, #0
100059b2:	e7cd      	b.n	10005950 <usbd_control_xfer_cb+0x78>
100059b4:	20001688 	.word	0x20001688
100059b8:	20001648 	.word	0x20001648

100059bc <_prep_out_transaction.isra.0>:
100059bc:	b570      	push	{r4, r5, r6, lr}
100059be:	0004      	movs	r4, r0
100059c0:	f7ff f9e8 	bl	10004d94 <tud_mounted>
100059c4:	2800      	cmp	r0, #0
100059c6:	d100      	bne.n	100059ca <_prep_out_transaction.isra.0+0xe>
100059c8:	bd70      	pop	{r4, r5, r6, pc}
100059ca:	f7ff f9eb 	bl	10004da4 <tud_suspended>
100059ce:	2800      	cmp	r0, #0
100059d0:	d1fa      	bne.n	100059c8 <_prep_out_transaction.isra.0+0xc>
100059d2:	23c8      	movs	r3, #200	@ 0xc8
100059d4:	4363      	muls	r3, r4
100059d6:	4a12      	ldr	r2, [pc, #72]	@ (10005a20 <_prep_out_transaction.isra.0+0x64>)
100059d8:	0025      	movs	r5, r4
100059da:	18d4      	adds	r4, r2, r3
100059dc:	78e1      	ldrb	r1, [r4, #3]
100059de:	2900      	cmp	r1, #0
100059e0:	d0f2      	beq.n	100059c8 <_prep_out_transaction.isra.0+0xc>
100059e2:	3310      	adds	r3, #16
100059e4:	189e      	adds	r6, r3, r2
100059e6:	0030      	movs	r0, r6
100059e8:	f000 fba8 	bl	1000613c <tu_fifo_remaining>
100059ec:	283f      	cmp	r0, #63	@ 0x3f
100059ee:	d9eb      	bls.n	100059c8 <_prep_out_transaction.isra.0+0xc>
100059f0:	2000      	movs	r0, #0
100059f2:	78e1      	ldrb	r1, [r4, #3]
100059f4:	f7ff fe9a 	bl	1000572c <usbd_edpt_claim>
100059f8:	2800      	cmp	r0, #0
100059fa:	d0e5      	beq.n	100059c8 <_prep_out_transaction.isra.0+0xc>
100059fc:	0030      	movs	r0, r6
100059fe:	f000 fb9d 	bl	1000613c <tu_fifo_remaining>
10005a02:	78e1      	ldrb	r1, [r4, #3]
10005a04:	283f      	cmp	r0, #63	@ 0x3f
10005a06:	d907      	bls.n	10005a18 <_prep_out_transaction.isra.0+0x5c>
10005a08:	4b06      	ldr	r3, [pc, #24]	@ (10005a24 <_prep_out_transaction.isra.0+0x68>)
10005a0a:	01ea      	lsls	r2, r5, #7
10005a0c:	18d2      	adds	r2, r2, r3
10005a0e:	2000      	movs	r0, #0
10005a10:	2340      	movs	r3, #64	@ 0x40
10005a12:	f7ff feb3 	bl	1000577c <usbd_edpt_xfer>
10005a16:	e7d7      	b.n	100059c8 <_prep_out_transaction.isra.0+0xc>
10005a18:	2000      	movs	r0, #0
10005a1a:	f7ff fe9b 	bl	10005754 <usbd_edpt_release>
10005a1e:	e7d3      	b.n	100059c8 <_prep_out_transaction.isra.0+0xc>
10005a20:	20001170 	.word	0x20001170
10005a24:	200015c4 	.word	0x200015c4

10005a28 <tud_cdc_n_connected>:
10005a28:	b510      	push	{r4, lr}
10005a2a:	0004      	movs	r4, r0
10005a2c:	f7ff f9b2 	bl	10004d94 <tud_mounted>
10005a30:	2800      	cmp	r0, #0
10005a32:	d100      	bne.n	10005a36 <tud_cdc_n_connected+0xe>
10005a34:	bd10      	pop	{r4, pc}
10005a36:	f7ff f9b5 	bl	10004da4 <tud_suspended>
10005a3a:	0003      	movs	r3, r0
10005a3c:	2000      	movs	r0, #0
10005a3e:	2b00      	cmp	r3, #0
10005a40:	d1f8      	bne.n	10005a34 <tud_cdc_n_connected+0xc>
10005a42:	22c8      	movs	r2, #200	@ 0xc8
10005a44:	4362      	muls	r2, r4
10005a46:	4b03      	ldr	r3, [pc, #12]	@ (10005a54 <tud_cdc_n_connected+0x2c>)
10005a48:	3001      	adds	r0, #1
10005a4a:	189b      	adds	r3, r3, r2
10005a4c:	791b      	ldrb	r3, [r3, #4]
10005a4e:	4018      	ands	r0, r3
10005a50:	e7f0      	b.n	10005a34 <tud_cdc_n_connected+0xc>
10005a52:	46c0      	nop			@ (mov r8, r8)
10005a54:	20001170 	.word	0x20001170

10005a58 <tud_cdc_n_available>:
10005a58:	23c8      	movs	r3, #200	@ 0xc8
10005a5a:	b510      	push	{r4, lr}
10005a5c:	4343      	muls	r3, r0
10005a5e:	4802      	ldr	r0, [pc, #8]	@ (10005a68 <tud_cdc_n_available+0x10>)
10005a60:	1818      	adds	r0, r3, r0
10005a62:	f000 fb51 	bl	10006108 <tu_fifo_count>
10005a66:	bd10      	pop	{r4, pc}
10005a68:	20001180 	.word	0x20001180

10005a6c <tud_cdc_n_read>:
10005a6c:	b5f8      	push	{r3, r4, r5, r6, r7, lr}
10005a6e:	23c8      	movs	r3, #200	@ 0xc8
10005a70:	4343      	muls	r3, r0
10005a72:	4d1d      	ldr	r5, [pc, #116]	@ (10005ae8 <tud_cdc_n_read+0x7c>)
10005a74:	3310      	adds	r3, #16
10005a76:	18ee      	adds	r6, r5, r3
10005a78:	4b1c      	ldr	r3, [pc, #112]	@ (10005aec <tud_cdc_n_read+0x80>)
10005a7a:	0004      	movs	r4, r0
10005a7c:	429a      	cmp	r2, r3
10005a7e:	d900      	bls.n	10005a82 <tud_cdc_n_read+0x16>
10005a80:	001a      	movs	r2, r3
10005a82:	0030      	movs	r0, r6
10005a84:	b292      	uxth	r2, r2
10005a86:	f000 fbb5 	bl	100061f4 <tu_fifo_read_n>
10005a8a:	0007      	movs	r7, r0
10005a8c:	f7ff f982 	bl	10004d94 <tud_mounted>
10005a90:	2800      	cmp	r0, #0
10005a92:	d101      	bne.n	10005a98 <tud_cdc_n_read+0x2c>
10005a94:	0038      	movs	r0, r7
10005a96:	bdf8      	pop	{r3, r4, r5, r6, r7, pc}
10005a98:	f7ff f984 	bl	10004da4 <tud_suspended>
10005a9c:	2800      	cmp	r0, #0
10005a9e:	d1f9      	bne.n	10005a94 <tud_cdc_n_read+0x28>
10005aa0:	23c8      	movs	r3, #200	@ 0xc8
10005aa2:	4363      	muls	r3, r4
10005aa4:	18ed      	adds	r5, r5, r3
10005aa6:	78eb      	ldrb	r3, [r5, #3]
10005aa8:	2b00      	cmp	r3, #0
10005aaa:	d0f3      	beq.n	10005a94 <tud_cdc_n_read+0x28>
10005aac:	0030      	movs	r0, r6
10005aae:	f000 fb45 	bl	1000613c <tu_fifo_remaining>
10005ab2:	283f      	cmp	r0, #63	@ 0x3f
10005ab4:	d9ee      	bls.n	10005a94 <tud_cdc_n_read+0x28>
10005ab6:	2000      	movs	r0, #0
10005ab8:	78e9      	ldrb	r1, [r5, #3]
10005aba:	f7ff fe37 	bl	1000572c <usbd_edpt_claim>
10005abe:	2800      	cmp	r0, #0
10005ac0:	d0e8      	beq.n	10005a94 <tud_cdc_n_read+0x28>
10005ac2:	0030      	movs	r0, r6
10005ac4:	f000 fb3a 	bl	1000613c <tu_fifo_remaining>
10005ac8:	78e9      	ldrb	r1, [r5, #3]
10005aca:	283f      	cmp	r0, #63	@ 0x3f
10005acc:	d907      	bls.n	10005ade <tud_cdc_n_read+0x72>
10005ace:	4b08      	ldr	r3, [pc, #32]	@ (10005af0 <tud_cdc_n_read+0x84>)
10005ad0:	01e2      	lsls	r2, r4, #7
10005ad2:	18d2      	adds	r2, r2, r3
10005ad4:	2000      	movs	r0, #0
10005ad6:	2340      	movs	r3, #64	@ 0x40
10005ad8:	f7ff fe50 	bl	1000577c <usbd_edpt_xfer>
10005adc:	e7da      	b.n	10005a94 <tud_cdc_n_read+0x28>
10005ade:	2000      	movs	r0, #0
10005ae0:	f7ff fe38 	bl	10005754 <usbd_edpt_release>
10005ae4:	e7d6      	b.n	10005a94 <tud_cdc_n_read+0x28>
10005ae6:	46c0      	nop			@ (mov r8, r8)
10005ae8:	20001170 	.word	0x20001170
10005aec:	0000ffff 	.word	0x0000ffff
10005af0:	200015c4 	.word	0x200015c4

10005af4 <tud_cdc_n_write_flush>:
10005af4:	b5f8      	push	{r3, r4, r5, r6, r7, lr}
10005af6:	0004      	movs	r4, r0
10005af8:	f7ff f94c 	bl	10004d94 <tud_mounted>
10005afc:	2800      	cmp	r0, #0
10005afe:	d101      	bne.n	10005b04 <tud_cdc_n_write_flush+0x10>
10005b00:	2000      	movs	r0, #0
10005b02:	bdf8      	pop	{r3, r4, r5, r6, r7, pc}
10005b04:	f7ff f94e 	bl	10004da4 <tud_suspended>
10005b08:	2800      	cmp	r0, #0
10005b0a:	d1f9      	bne.n	10005b00 <tud_cdc_n_write_flush+0xc>
10005b0c:	23c8      	movs	r3, #200	@ 0xc8
10005b0e:	0025      	movs	r5, r4
10005b10:	435d      	muls	r5, r3
10005b12:	002b      	movs	r3, r5
10005b14:	4e13      	ldr	r6, [pc, #76]	@ (10005b64 <tud_cdc_n_write_flush+0x70>)
10005b16:	3324      	adds	r3, #36	@ 0x24
10005b18:	18f7      	adds	r7, r6, r3
10005b1a:	0038      	movs	r0, r7
10005b1c:	f000 faf4 	bl	10006108 <tu_fifo_count>
10005b20:	2800      	cmp	r0, #0
10005b22:	d0ed      	beq.n	10005b00 <tud_cdc_n_write_flush+0xc>
10005b24:	1975      	adds	r5, r6, r5
10005b26:	2000      	movs	r0, #0
10005b28:	78a9      	ldrb	r1, [r5, #2]
10005b2a:	f7ff fdff 	bl	1000572c <usbd_edpt_claim>
10005b2e:	2800      	cmp	r0, #0
10005b30:	d0e6      	beq.n	10005b00 <tud_cdc_n_write_flush+0xc>
10005b32:	4a0d      	ldr	r2, [pc, #52]	@ (10005b68 <tud_cdc_n_write_flush+0x74>)
10005b34:	01e3      	lsls	r3, r4, #7
10005b36:	189c      	adds	r4, r3, r2
10005b38:	0021      	movs	r1, r4
10005b3a:	2240      	movs	r2, #64	@ 0x40
10005b3c:	0038      	movs	r0, r7
10005b3e:	f000 fb59 	bl	100061f4 <tu_fifo_read_n>
10005b42:	78a9      	ldrb	r1, [r5, #2]
10005b44:	0003      	movs	r3, r0
10005b46:	1e05      	subs	r5, r0, #0
10005b48:	d007      	beq.n	10005b5a <tud_cdc_n_write_flush+0x66>
10005b4a:	0022      	movs	r2, r4
10005b4c:	2000      	movs	r0, #0
10005b4e:	f7ff fe15 	bl	1000577c <usbd_edpt_xfer>
10005b52:	2800      	cmp	r0, #0
10005b54:	d0d4      	beq.n	10005b00 <tud_cdc_n_write_flush+0xc>
10005b56:	0028      	movs	r0, r5
10005b58:	e7d3      	b.n	10005b02 <tud_cdc_n_write_flush+0xe>
10005b5a:	2000      	movs	r0, #0
10005b5c:	f7ff fdfa 	bl	10005754 <usbd_edpt_release>
10005b60:	e7ce      	b.n	10005b00 <tud_cdc_n_write_flush+0xc>
10005b62:	46c0      	nop			@ (mov r8, r8)
10005b64:	20001170 	.word	0x20001170
10005b68:	20001604 	.word	0x20001604

10005b6c <tud_cdc_n_write>:
10005b6c:	b570      	push	{r4, r5, r6, lr}
10005b6e:	24c8      	movs	r4, #200	@ 0xc8
10005b70:	4344      	muls	r4, r0
10005b72:	4b0b      	ldr	r3, [pc, #44]	@ (10005ba0 <tud_cdc_n_write+0x34>)
10005b74:	0005      	movs	r5, r0
10005b76:	18e4      	adds	r4, r4, r3
10005b78:	4b0a      	ldr	r3, [pc, #40]	@ (10005ba4 <tud_cdc_n_write+0x38>)
10005b7a:	429a      	cmp	r2, r3
10005b7c:	d900      	bls.n	10005b80 <tud_cdc_n_write+0x14>
10005b7e:	001a      	movs	r2, r3
10005b80:	0020      	movs	r0, r4
10005b82:	b292      	uxth	r2, r2
10005b84:	f000 fbf8 	bl	10006378 <tu_fifo_write_n>
10005b88:	0006      	movs	r6, r0
10005b8a:	0020      	movs	r0, r4
10005b8c:	f000 fabc 	bl	10006108 <tu_fifo_count>
10005b90:	283f      	cmp	r0, #63	@ 0x3f
10005b92:	d801      	bhi.n	10005b98 <tud_cdc_n_write+0x2c>
10005b94:	0030      	movs	r0, r6
10005b96:	bd70      	pop	{r4, r5, r6, pc}
10005b98:	0028      	movs	r0, r5
10005b9a:	f7ff ffab 	bl	10005af4 <tud_cdc_n_write_flush>
10005b9e:	e7f9      	b.n	10005b94 <tud_cdc_n_write+0x28>
10005ba0:	20001194 	.word	0x20001194
10005ba4:	0000ffff 	.word	0x0000ffff

10005ba8 <tud_cdc_n_write_available>:
10005ba8:	23c8      	movs	r3, #200	@ 0xc8
10005baa:	b510      	push	{r4, lr}
10005bac:	4343      	muls	r3, r0
10005bae:	4802      	ldr	r0, [pc, #8]	@ (10005bb8 <tud_cdc_n_write_available+0x10>)
10005bb0:	1818      	adds	r0, r3, r0
10005bb2:	f000 fac3 	bl	1000613c <tu_fifo_remaining>
10005bb6:	bd10      	pop	{r4, pc}
10005bb8:	20001194 	.word	0x20001194

10005bbc <cdcd_init>:
10005bbc:	b5f0      	push	{r4, r5, r6, r7, lr}
10005bbe:	2500      	movs	r5, #0
10005bc0:	4c18      	ldr	r4, [pc, #96]	@ (10005c24 <cdcd_init+0x68>)
10005bc2:	b083      	sub	sp, #12
10005bc4:	22c8      	movs	r2, #200	@ 0xc8
10005bc6:	2100      	movs	r1, #0
10005bc8:	0020      	movs	r0, r4
10005bca:	f7fc fcf1 	bl	100025b0 <__wrap_memset>
10005bce:	4b16      	ldr	r3, [pc, #88]	@ (10005c28 <cdcd_init+0x6c>)
10005bd0:	0021      	movs	r1, r4
10005bd2:	701d      	strb	r5, [r3, #0]
10005bd4:	23ff      	movs	r3, #255	@ 0xff
10005bd6:	7163      	strb	r3, [r4, #5]
10005bd8:	23e1      	movs	r3, #225	@ 0xe1
10005bda:	025b      	lsls	r3, r3, #9
10005bdc:	60a3      	str	r3, [r4, #8]
10005bde:	0020      	movs	r0, r4
10005be0:	2308      	movs	r3, #8
10005be2:	2240      	movs	r2, #64	@ 0x40
10005be4:	73a3      	strb	r3, [r4, #14]
10005be6:	3138      	adds	r1, #56	@ 0x38
10005be8:	9500      	str	r5, [sp, #0]
10005bea:	3b07      	subs	r3, #7
10005bec:	3010      	adds	r0, #16
10005bee:	f000 fa55 	bl	1000609c <tu_fifo_config>
10005bf2:	0027      	movs	r7, r4
10005bf4:	2301      	movs	r3, #1
10005bf6:	0021      	movs	r1, r4
10005bf8:	0020      	movs	r0, r4
10005bfa:	0026      	movs	r6, r4
10005bfc:	2240      	movs	r2, #64	@ 0x40
10005bfe:	3178      	adds	r1, #120	@ 0x78
10005c00:	9300      	str	r3, [sp, #0]
10005c02:	37b8      	adds	r7, #184	@ 0xb8
10005c04:	3024      	adds	r0, #36	@ 0x24
10005c06:	f000 fa49 	bl	1000609c <tu_fifo_config>
10005c0a:	36c0      	adds	r6, #192	@ 0xc0
10005c0c:	0038      	movs	r0, r7
10005c0e:	f7fa fe7f 	bl	10000910 <mutex_init>
10005c12:	0030      	movs	r0, r6
10005c14:	f7fa fe7c 	bl	10000910 <mutex_init>
10005c18:	61e5      	str	r5, [r4, #28]
10005c1a:	6227      	str	r7, [r4, #32]
10005c1c:	6326      	str	r6, [r4, #48]	@ 0x30
10005c1e:	6365      	str	r5, [r4, #52]	@ 0x34
10005c20:	b003      	add	sp, #12
10005c22:	bdf0      	pop	{r4, r5, r6, r7, pc}
10005c24:	20001170 	.word	0x20001170
10005c28:	20001644 	.word	0x20001644

10005c2c <cdcd_deinit>:
10005c2c:	4b07      	ldr	r3, [pc, #28]	@ (10005c4c <cdcd_deinit+0x20>)
10005c2e:	6a1a      	ldr	r2, [r3, #32]
10005c30:	6b19      	ldr	r1, [r3, #48]	@ 0x30
10005c32:	2a00      	cmp	r2, #0
10005c34:	d002      	beq.n	10005c3c <cdcd_deinit+0x10>
10005c36:	2200      	movs	r2, #0
10005c38:	61da      	str	r2, [r3, #28]
10005c3a:	621a      	str	r2, [r3, #32]
10005c3c:	2900      	cmp	r1, #0
10005c3e:	d003      	beq.n	10005c48 <cdcd_deinit+0x1c>
10005c40:	2000      	movs	r0, #0
10005c42:	2100      	movs	r1, #0
10005c44:	6318      	str	r0, [r3, #48]	@ 0x30
10005c46:	6359      	str	r1, [r3, #52]	@ 0x34
10005c48:	2001      	movs	r0, #1
10005c4a:	4770      	bx	lr
10005c4c:	20001170 	.word	0x20001170

10005c50 <cdcd_reset>:
10005c50:	b570      	push	{r4, r5, r6, lr}
10005c52:	2205      	movs	r2, #5
10005c54:	2100      	movs	r1, #0
10005c56:	480d      	ldr	r0, [pc, #52]	@ (10005c8c <cdcd_reset+0x3c>)
10005c58:	f7fc fcaa 	bl	100025b0 <__wrap_memset>
10005c5c:	4d0c      	ldr	r5, [pc, #48]	@ (10005c90 <cdcd_reset+0x40>)
10005c5e:	782b      	ldrb	r3, [r5, #0]
10005c60:	07da      	lsls	r2, r3, #31
10005c62:	d507      	bpl.n	10005c74 <cdcd_reset+0x24>
10005c64:	4c0b      	ldr	r4, [pc, #44]	@ (10005c94 <cdcd_reset+0x44>)
10005c66:	079b      	lsls	r3, r3, #30
10005c68:	d50c      	bpl.n	10005c84 <cdcd_reset+0x34>
10005c6a:	2101      	movs	r1, #1
10005c6c:	0020      	movs	r0, r4
10005c6e:	f000 fc45 	bl	100064fc <tu_fifo_set_overwritable>
10005c72:	bd70      	pop	{r4, r5, r6, pc}
10005c74:	4805      	ldr	r0, [pc, #20]	@ (10005c8c <cdcd_reset+0x3c>)
10005c76:	3010      	adds	r0, #16
10005c78:	f000 fc20 	bl	100064bc <tu_fifo_clear>
10005c7c:	782b      	ldrb	r3, [r5, #0]
10005c7e:	4c05      	ldr	r4, [pc, #20]	@ (10005c94 <cdcd_reset+0x44>)
10005c80:	079b      	lsls	r3, r3, #30
10005c82:	d4f2      	bmi.n	10005c6a <cdcd_reset+0x1a>
10005c84:	0020      	movs	r0, r4
10005c86:	f000 fc19 	bl	100064bc <tu_fifo_clear>
10005c8a:	e7ee      	b.n	10005c6a <cdcd_reset+0x1a>
10005c8c:	20001170 	.word	0x20001170
10005c90:	20001644 	.word	0x20001644
10005c94:	20001194 	.word	0x20001194

10005c98 <cdcd_open>:
10005c98:	b5f0      	push	{r4, r5, r6, r7, lr}
10005c9a:	794b      	ldrb	r3, [r1, #5]
10005c9c:	0007      	movs	r7, r0
10005c9e:	b083      	sub	sp, #12
10005ca0:	2b02      	cmp	r3, #2
10005ca2:	d102      	bne.n	10005caa <cdcd_open+0x12>
10005ca4:	798b      	ldrb	r3, [r1, #6]
10005ca6:	2b02      	cmp	r3, #2
10005ca8:	d003      	beq.n	10005cb2 <cdcd_open+0x1a>
10005caa:	2400      	movs	r4, #0
10005cac:	0020      	movs	r0, r4
10005cae:	b003      	add	sp, #12
10005cb0:	bdf0      	pop	{r4, r5, r6, r7, pc}
10005cb2:	4b21      	ldr	r3, [pc, #132]	@ (10005d38 <cdcd_open+0xa0>)
10005cb4:	001e      	movs	r6, r3
10005cb6:	789b      	ldrb	r3, [r3, #2]
10005cb8:	2b00      	cmp	r3, #0
10005cba:	d1f6      	bne.n	10005caa <cdcd_open+0x12>
10005cbc:	788b      	ldrb	r3, [r1, #2]
10005cbe:	2409      	movs	r4, #9
10005cc0:	7033      	strb	r3, [r6, #0]
10005cc2:	780d      	ldrb	r5, [r1, #0]
10005cc4:	194d      	adds	r5, r1, r5
10005cc6:	7869      	ldrb	r1, [r5, #1]
10005cc8:	000b      	movs	r3, r1
10005cca:	2924      	cmp	r1, #36	@ 0x24
10005ccc:	d007      	beq.n	10005cde <cdcd_open+0x46>
10005cce:	e00d      	b.n	10005cec <cdcd_open+0x54>
10005cd0:	782b      	ldrb	r3, [r5, #0]
10005cd2:	18ed      	adds	r5, r5, r3
10005cd4:	191c      	adds	r4, r3, r4
10005cd6:	786b      	ldrb	r3, [r5, #1]
10005cd8:	b2a4      	uxth	r4, r4
10005cda:	2b24      	cmp	r3, #36	@ 0x24
10005cdc:	d105      	bne.n	10005cea <cdcd_open+0x52>
10005cde:	42a2      	cmp	r2, r4
10005ce0:	d2f6      	bcs.n	10005cd0 <cdcd_open+0x38>
10005ce2:	2000      	movs	r0, #0
10005ce4:	f7ff fe6a 	bl	100059bc <_prep_out_transaction.isra.0>
10005ce8:	e7e0      	b.n	10005cac <cdcd_open+0x14>
10005cea:	0019      	movs	r1, r3
10005cec:	2b05      	cmp	r3, #5
10005cee:	d015      	beq.n	10005d1c <cdcd_open+0x84>
10005cf0:	2904      	cmp	r1, #4
10005cf2:	d1f6      	bne.n	10005ce2 <cdcd_open+0x4a>
10005cf4:	796b      	ldrb	r3, [r5, #5]
10005cf6:	2b0a      	cmp	r3, #10
10005cf8:	d1f3      	bne.n	10005ce2 <cdcd_open+0x4a>
10005cfa:	4b10      	ldr	r3, [pc, #64]	@ (10005d3c <cdcd_open+0xa4>)
10005cfc:	782e      	ldrb	r6, [r5, #0]
10005cfe:	9301      	str	r3, [sp, #4]
10005d00:	3301      	adds	r3, #1
10005d02:	9300      	str	r3, [sp, #0]
10005d04:	2202      	movs	r2, #2
10005d06:	2302      	movs	r3, #2
10005d08:	0038      	movs	r0, r7
10005d0a:	19a9      	adds	r1, r5, r6
10005d0c:	f7ff fca6 	bl	1000565c <usbd_open_edpt_pair>
10005d10:	2800      	cmp	r0, #0
10005d12:	d0ca      	beq.n	10005caa <cdcd_open+0x12>
10005d14:	340e      	adds	r4, #14
10005d16:	19a4      	adds	r4, r4, r6
10005d18:	b2a4      	uxth	r4, r4
10005d1a:	e7e2      	b.n	10005ce2 <cdcd_open+0x4a>
10005d1c:	0029      	movs	r1, r5
10005d1e:	0038      	movs	r0, r7
10005d20:	f7ff fcea 	bl	100056f8 <usbd_edpt_open>
10005d24:	2800      	cmp	r0, #0
10005d26:	d0c0      	beq.n	10005caa <cdcd_open+0x12>
10005d28:	78ab      	ldrb	r3, [r5, #2]
10005d2a:	7073      	strb	r3, [r6, #1]
10005d2c:	782b      	ldrb	r3, [r5, #0]
10005d2e:	191c      	adds	r4, r3, r4
10005d30:	18ed      	adds	r5, r5, r3
10005d32:	7869      	ldrb	r1, [r5, #1]
10005d34:	b2a4      	uxth	r4, r4
10005d36:	e7db      	b.n	10005cf0 <cdcd_open+0x58>
10005d38:	20001170 	.word	0x20001170
10005d3c:	20001172 	.word	0x20001172

10005d40 <cdcd_control_xfer_cb>:
10005d40:	2360      	movs	r3, #96	@ 0x60
10005d42:	468c      	mov	ip, r1
10005d44:	0011      	movs	r1, r2
10005d46:	7812      	ldrb	r2, [r2, #0]
10005d48:	b570      	push	{r4, r5, r6, lr}
10005d4a:	4013      	ands	r3, r2
10005d4c:	2b20      	cmp	r3, #32
10005d4e:	d107      	bne.n	10005d60 <cdcd_control_xfer_cb+0x20>
10005d50:	4a30      	ldr	r2, [pc, #192]	@ (10005e14 <cdcd_control_xfer_cb+0xd4>)
10005d52:	794b      	ldrb	r3, [r1, #5]
10005d54:	790c      	ldrb	r4, [r1, #4]
10005d56:	7815      	ldrb	r5, [r2, #0]
10005d58:	021b      	lsls	r3, r3, #8
10005d5a:	4323      	orrs	r3, r4
10005d5c:	429d      	cmp	r5, r3
10005d5e:	d001      	beq.n	10005d64 <cdcd_control_xfer_cb+0x24>
10005d60:	2000      	movs	r0, #0
10005d62:	bd70      	pop	{r4, r5, r6, pc}
10005d64:	784b      	ldrb	r3, [r1, #1]
10005d66:	2b22      	cmp	r3, #34	@ 0x22
10005d68:	d01c      	beq.n	10005da4 <cdcd_control_xfer_cb+0x64>
10005d6a:	d808      	bhi.n	10005d7e <cdcd_control_xfer_cb+0x3e>
10005d6c:	2b20      	cmp	r3, #32
10005d6e:	d038      	beq.n	10005de2 <cdcd_control_xfer_cb+0xa2>
10005d70:	2b21      	cmp	r3, #33	@ 0x21
10005d72:	d1f5      	bne.n	10005d60 <cdcd_control_xfer_cb+0x20>
10005d74:	4663      	mov	r3, ip
10005d76:	2b01      	cmp	r3, #1
10005d78:	d042      	beq.n	10005e00 <cdcd_control_xfer_cb+0xc0>
10005d7a:	2001      	movs	r0, #1
10005d7c:	e7f1      	b.n	10005d62 <cdcd_control_xfer_cb+0x22>
10005d7e:	2b23      	cmp	r3, #35	@ 0x23
10005d80:	d1ee      	bne.n	10005d60 <cdcd_control_xfer_cb+0x20>
10005d82:	4663      	mov	r3, ip
10005d84:	2b01      	cmp	r3, #1
10005d86:	d041      	beq.n	10005e0c <cdcd_control_xfer_cb+0xcc>
10005d88:	2b03      	cmp	r3, #3
10005d8a:	d1f6      	bne.n	10005d7a <cdcd_control_xfer_cb+0x3a>
10005d8c:	4b22      	ldr	r3, [pc, #136]	@ (10005e18 <cdcd_control_xfer_cb+0xd8>)
10005d8e:	2b00      	cmp	r3, #0
10005d90:	d0f3      	beq.n	10005d7a <cdcd_control_xfer_cb+0x3a>
10005d92:	788b      	ldrb	r3, [r1, #2]
10005d94:	78c9      	ldrb	r1, [r1, #3]
10005d96:	2000      	movs	r0, #0
10005d98:	0209      	lsls	r1, r1, #8
10005d9a:	4319      	orrs	r1, r3
10005d9c:	e000      	b.n	10005da0 <cdcd_control_xfer_cb+0x60>
10005d9e:	bf00      	nop
10005da0:	2001      	movs	r0, #1
10005da2:	e7de      	b.n	10005d62 <cdcd_control_xfer_cb+0x22>
10005da4:	4663      	mov	r3, ip
10005da6:	2b01      	cmp	r3, #1
10005da8:	d030      	beq.n	10005e0c <cdcd_control_xfer_cb+0xcc>
10005daa:	2b03      	cmp	r3, #3
10005dac:	d1e5      	bne.n	10005d7a <cdcd_control_xfer_cb+0x3a>
10005dae:	2501      	movs	r5, #1
10005db0:	7888      	ldrb	r0, [r1, #2]
10005db2:	78cb      	ldrb	r3, [r1, #3]
10005db4:	2101      	movs	r1, #1
10005db6:	021b      	lsls	r3, r3, #8
10005db8:	4303      	orrs	r3, r0
10005dba:	401d      	ands	r5, r3
10005dbc:	7113      	strb	r3, [r2, #4]
10005dbe:	3224      	adds	r2, #36	@ 0x24
10005dc0:	0010      	movs	r0, r2
10005dc2:	4069      	eors	r1, r5
10005dc4:	001c      	movs	r4, r3
10005dc6:	f000 fb99 	bl	100064fc <tu_fifo_set_overwritable>
10005dca:	4b14      	ldr	r3, [pc, #80]	@ (10005e1c <cdcd_control_xfer_cb+0xdc>)
10005dcc:	2b00      	cmp	r3, #0
10005dce:	d0d4      	beq.n	10005d7a <cdcd_control_xfer_cb+0x3a>
10005dd0:	2301      	movs	r3, #1
10005dd2:	0862      	lsrs	r2, r4, #1
10005dd4:	2000      	movs	r0, #0
10005dd6:	0029      	movs	r1, r5
10005dd8:	401a      	ands	r2, r3
10005dda:	e000      	b.n	10005dde <cdcd_control_xfer_cb+0x9e>
10005ddc:	bf00      	nop
10005dde:	2001      	movs	r0, #1
10005de0:	e7bf      	b.n	10005d62 <cdcd_control_xfer_cb+0x22>
10005de2:	4663      	mov	r3, ip
10005de4:	2b01      	cmp	r3, #1
10005de6:	d00b      	beq.n	10005e00 <cdcd_control_xfer_cb+0xc0>
10005de8:	2b03      	cmp	r3, #3
10005dea:	d1c6      	bne.n	10005d7a <cdcd_control_xfer_cb+0x3a>
10005dec:	4b0c      	ldr	r3, [pc, #48]	@ (10005e20 <cdcd_control_xfer_cb+0xe0>)
10005dee:	2b00      	cmp	r3, #0
10005df0:	d0c3      	beq.n	10005d7a <cdcd_control_xfer_cb+0x3a>
10005df2:	3208      	adds	r2, #8
10005df4:	2000      	movs	r0, #0
10005df6:	0011      	movs	r1, r2
10005df8:	f7fe fe24 	bl	10004a44 <tud_cdc_line_coding_cb>
10005dfc:	2001      	movs	r0, #1
10005dfe:	e7b0      	b.n	10005d62 <cdcd_control_xfer_cb+0x22>
10005e00:	2307      	movs	r3, #7
10005e02:	4a08      	ldr	r2, [pc, #32]	@ (10005e24 <cdcd_control_xfer_cb+0xe4>)
10005e04:	f7ff fcfa 	bl	100057fc <tud_control_xfer>
10005e08:	2001      	movs	r0, #1
10005e0a:	e7aa      	b.n	10005d62 <cdcd_control_xfer_cb+0x22>
10005e0c:	f7ff fce0 	bl	100057d0 <tud_control_status>
10005e10:	2001      	movs	r0, #1
10005e12:	e7a6      	b.n	10005d62 <cdcd_control_xfer_cb+0x22>
10005e14:	20001170 	.word	0x20001170
	...
10005e20:	10004a45 	.word	0x10004a45
10005e24:	20001178 	.word	0x20001178

10005e28 <cdcd_xfer_cb>:
10005e28:	b5f8      	push	{r3, r4, r5, r6, r7, lr}
10005e2a:	4647      	mov	r7, r8
10005e2c:	46ce      	mov	lr, r9
10005e2e:	b580      	push	{r7, lr}
10005e30:	4c34      	ldr	r4, [pc, #208]	@ (10005f04 <cdcd_xfer_cb+0xdc>)
10005e32:	001f      	movs	r7, r3
10005e34:	78e3      	ldrb	r3, [r4, #3]
10005e36:	4680      	mov	r8, r0
10005e38:	000d      	movs	r5, r1
10005e3a:	428b      	cmp	r3, r1
10005e3c:	d03b      	beq.n	10005eb6 <cdcd_xfer_cb+0x8e>
10005e3e:	78a3      	ldrb	r3, [r4, #2]
10005e40:	428b      	cmp	r3, r1
10005e42:	d013      	beq.n	10005e6c <cdcd_xfer_cb+0x44>
10005e44:	2400      	movs	r4, #0
10005e46:	0020      	movs	r0, r4
10005e48:	bcc0      	pop	{r6, r7}
10005e4a:	46b9      	mov	r9, r7
10005e4c:	46b0      	mov	r8, r6
10005e4e:	bdf8      	pop	{r3, r4, r5, r6, r7, pc}
10005e50:	4b2d      	ldr	r3, [pc, #180]	@ (10005f08 <cdcd_xfer_cb+0xe0>)
10005e52:	2b00      	cmp	r3, #0
10005e54:	d004      	beq.n	10005e60 <cdcd_xfer_cb+0x38>
10005e56:	482d      	ldr	r0, [pc, #180]	@ (10005f0c <cdcd_xfer_cb+0xe4>)
10005e58:	f000 f968 	bl	1000612c <tu_fifo_empty>
10005e5c:	2800      	cmp	r0, #0
10005e5e:	d04e      	beq.n	10005efe <cdcd_xfer_cb+0xd6>
10005e60:	2000      	movs	r0, #0
10005e62:	f7ff fdab 	bl	100059bc <_prep_out_transaction.isra.0>
10005e66:	78a3      	ldrb	r3, [r4, #2]
10005e68:	42ab      	cmp	r3, r5
10005e6a:	d10a      	bne.n	10005e82 <cdcd_xfer_cb+0x5a>
10005e6c:	4b28      	ldr	r3, [pc, #160]	@ (10005f10 <cdcd_xfer_cb+0xe8>)
10005e6e:	2b00      	cmp	r3, #0
10005e70:	d002      	beq.n	10005e78 <cdcd_xfer_cb+0x50>
10005e72:	2000      	movs	r0, #0
10005e74:	e000      	b.n	10005e78 <cdcd_xfer_cb+0x50>
10005e76:	bf00      	nop
10005e78:	2000      	movs	r0, #0
10005e7a:	f7ff fe3b 	bl	10005af4 <tud_cdc_n_write_flush>
10005e7e:	2800      	cmp	r0, #0
10005e80:	d001      	beq.n	10005e86 <cdcd_xfer_cb+0x5e>
10005e82:	2401      	movs	r4, #1
10005e84:	e7df      	b.n	10005e46 <cdcd_xfer_cb+0x1e>
10005e86:	4d23      	ldr	r5, [pc, #140]	@ (10005f14 <cdcd_xfer_cb+0xec>)
10005e88:	0028      	movs	r0, r5
10005e8a:	f000 f93d 	bl	10006108 <tu_fifo_count>
10005e8e:	2800      	cmp	r0, #0
10005e90:	d1f7      	bne.n	10005e82 <cdcd_xfer_cb+0x5a>
10005e92:	2f00      	cmp	r7, #0
10005e94:	d0f5      	beq.n	10005e82 <cdcd_xfer_cb+0x5a>
10005e96:	06bb      	lsls	r3, r7, #26
10005e98:	d1f3      	bne.n	10005e82 <cdcd_xfer_cb+0x5a>
10005e9a:	3d24      	subs	r5, #36	@ 0x24
10005e9c:	4640      	mov	r0, r8
10005e9e:	78a9      	ldrb	r1, [r5, #2]
10005ea0:	f7ff fc44 	bl	1000572c <usbd_edpt_claim>
10005ea4:	1e04      	subs	r4, r0, #0
10005ea6:	d0ec      	beq.n	10005e82 <cdcd_xfer_cb+0x5a>
10005ea8:	2300      	movs	r3, #0
10005eaa:	2200      	movs	r2, #0
10005eac:	4640      	mov	r0, r8
10005eae:	78a9      	ldrb	r1, [r5, #2]
10005eb0:	f7ff fc64 	bl	1000577c <usbd_edpt_xfer>
10005eb4:	e7c7      	b.n	10005e46 <cdcd_xfer_cb+0x1e>
10005eb6:	4e18      	ldr	r6, [pc, #96]	@ (10005f18 <cdcd_xfer_cb+0xf0>)
10005eb8:	4814      	ldr	r0, [pc, #80]	@ (10005f0c <cdcd_xfer_cb+0xe4>)
10005eba:	0031      	movs	r1, r6
10005ebc:	b2ba      	uxth	r2, r7
10005ebe:	f000 fa5b 	bl	10006378 <tu_fifo_write_n>
10005ec2:	4b16      	ldr	r3, [pc, #88]	@ (10005f1c <cdcd_xfer_cb+0xf4>)
10005ec4:	2b00      	cmp	r3, #0
10005ec6:	d0c3      	beq.n	10005e50 <cdcd_xfer_cb+0x28>
10005ec8:	7963      	ldrb	r3, [r4, #5]
10005eca:	2bff      	cmp	r3, #255	@ 0xff
10005ecc:	d0c0      	beq.n	10005e50 <cdcd_xfer_cb+0x28>
10005ece:	2f00      	cmp	r7, #0
10005ed0:	d0be      	beq.n	10005e50 <cdcd_xfer_cb+0x28>
10005ed2:	46bc      	mov	ip, r7
10005ed4:	44b4      	add	ip, r6
10005ed6:	46e1      	mov	r9, ip
10005ed8:	e003      	b.n	10005ee2 <cdcd_xfer_cb+0xba>
10005eda:	3601      	adds	r6, #1
10005edc:	45b1      	cmp	r9, r6
10005ede:	d0b7      	beq.n	10005e50 <cdcd_xfer_cb+0x28>
10005ee0:	7963      	ldrb	r3, [r4, #5]
10005ee2:	7832      	ldrb	r2, [r6, #0]
10005ee4:	429a      	cmp	r2, r3
10005ee6:	d1f8      	bne.n	10005eda <cdcd_xfer_cb+0xb2>
10005ee8:	4808      	ldr	r0, [pc, #32]	@ (10005f0c <cdcd_xfer_cb+0xe4>)
10005eea:	f000 f91f 	bl	1000612c <tu_fifo_empty>
10005eee:	2800      	cmp	r0, #0
10005ef0:	d1f3      	bne.n	10005eda <cdcd_xfer_cb+0xb2>
10005ef2:	4b06      	ldr	r3, [pc, #24]	@ (10005f0c <cdcd_xfer_cb+0xe4>)
10005ef4:	3b10      	subs	r3, #16
10005ef6:	7959      	ldrb	r1, [r3, #5]
10005ef8:	e000      	b.n	10005efc <cdcd_xfer_cb+0xd4>
10005efa:	bf00      	nop
10005efc:	e7ed      	b.n	10005eda <cdcd_xfer_cb+0xb2>
10005efe:	e000      	b.n	10005f02 <cdcd_xfer_cb+0xda>
10005f00:	bf00      	nop
10005f02:	e7ad      	b.n	10005e60 <cdcd_xfer_cb+0x38>
10005f04:	20001170 	.word	0x20001170
10005f08:	00000000 	.word	0x00000000
10005f0c:	20001180 	.word	0x20001180
10005f10:	00000000 	.word	0x00000000
10005f14:	20001194 	.word	0x20001194
10005f18:	200015c4 	.word	0x200015c4
10005f1c:	00000000 	.word	0x00000000

10005f20 <tusb_rhport_init>:
10005f20:	b500      	push	{lr}
10005f22:	0003      	movs	r3, r0
10005f24:	b083      	sub	sp, #12
10005f26:	2900      	cmp	r1, #0
10005f28:	d010      	beq.n	10005f4c <tusb_rhport_init+0x2c>
10005f2a:	2801      	cmp	r0, #1
10005f2c:	d80b      	bhi.n	10005f46 <tusb_rhport_init+0x26>
10005f2e:	780a      	ldrb	r2, [r1, #0]
10005f30:	2a00      	cmp	r2, #0
10005f32:	d008      	beq.n	10005f46 <tusb_rhport_init+0x26>
10005f34:	480c      	ldr	r0, [pc, #48]	@ (10005f68 <tusb_rhport_init+0x48>)
10005f36:	54c2      	strb	r2, [r0, r3]
10005f38:	2001      	movs	r0, #1
10005f3a:	2a01      	cmp	r2, #1
10005f3c:	d104      	bne.n	10005f48 <tusb_rhport_init+0x28>
10005f3e:	0018      	movs	r0, r3
10005f40:	f7fe ff38 	bl	10004db4 <tud_rhport_init>
10005f44:	e000      	b.n	10005f48 <tusb_rhport_init+0x28>
10005f46:	2000      	movs	r0, #0
10005f48:	b003      	add	sp, #12
10005f4a:	bd00      	pop	{pc}
10005f4c:	2301      	movs	r3, #1
10005f4e:	466a      	mov	r2, sp
10005f50:	2000      	movs	r0, #0
10005f52:	a901      	add	r1, sp, #4
10005f54:	8093      	strh	r3, [r2, #4]
10005f56:	f7fe ff2d 	bl	10004db4 <tud_rhport_init>
10005f5a:	2800      	cmp	r0, #0
10005f5c:	d0f4      	beq.n	10005f48 <tusb_rhport_init+0x28>
10005f5e:	2201      	movs	r2, #1
10005f60:	4b01      	ldr	r3, [pc, #4]	@ (10005f68 <tusb_rhport_init+0x48>)
10005f62:	701a      	strb	r2, [r3, #0]
10005f64:	e7f0      	b.n	10005f48 <tusb_rhport_init+0x28>
10005f66:	46c0      	nop			@ (mov r8, r8)
10005f68:	2000169c 	.word	0x2000169c

10005f6c <tu_edpt_claim>:
10005f6c:	b570      	push	{r4, r5, r6, lr}
10005f6e:	0004      	movs	r4, r0
10005f70:	7823      	ldrb	r3, [r4, #0]
10005f72:	0008      	movs	r0, r1
10005f74:	07db      	lsls	r3, r3, #31
10005f76:	000e      	movs	r6, r1
10005f78:	0fdd      	lsrs	r5, r3, #31
10005f7a:	2b00      	cmp	r3, #0
10005f7c:	d116      	bne.n	10005fac <tu_edpt_claim+0x40>
10005f7e:	7823      	ldrb	r3, [r4, #0]
10005f80:	075b      	lsls	r3, r3, #29
10005f82:	d501      	bpl.n	10005f88 <tu_edpt_claim+0x1c>
10005f84:	0028      	movs	r0, r5
10005f86:	bd70      	pop	{r4, r5, r6, pc}
10005f88:	2101      	movs	r1, #1
10005f8a:	4249      	negs	r1, r1
10005f8c:	f000 fb34 	bl	100065f8 <__mutex_enter_timeout_ms_veneer>
10005f90:	7823      	ldrb	r3, [r4, #0]
10005f92:	07db      	lsls	r3, r3, #31
10005f94:	0fdd      	lsrs	r5, r3, #31
10005f96:	2b00      	cmp	r3, #0
10005f98:	d10a      	bne.n	10005fb0 <tu_edpt_claim+0x44>
10005f9a:	7823      	ldrb	r3, [r4, #0]
10005f9c:	075b      	lsls	r3, r3, #29
10005f9e:	d408      	bmi.n	10005fb2 <tu_edpt_claim+0x46>
10005fa0:	2204      	movs	r2, #4
10005fa2:	7823      	ldrb	r3, [r4, #0]
10005fa4:	2501      	movs	r5, #1
10005fa6:	4313      	orrs	r3, r2
10005fa8:	7023      	strb	r3, [r4, #0]
10005faa:	e002      	b.n	10005fb2 <tu_edpt_claim+0x46>
10005fac:	2500      	movs	r5, #0
10005fae:	e7e9      	b.n	10005f84 <tu_edpt_claim+0x18>
10005fb0:	2500      	movs	r5, #0
10005fb2:	0030      	movs	r0, r6
10005fb4:	f000 fb28 	bl	10006608 <__mutex_exit_veneer>
10005fb8:	e7e4      	b.n	10005f84 <tu_edpt_claim+0x18>
10005fba:	46c0      	nop			@ (mov r8, r8)

10005fbc <tu_edpt_release>:
10005fbc:	b570      	push	{r4, r5, r6, lr}
10005fbe:	000c      	movs	r4, r1
10005fc0:	2101      	movs	r1, #1
10005fc2:	0005      	movs	r5, r0
10005fc4:	4249      	negs	r1, r1
10005fc6:	0020      	movs	r0, r4
10005fc8:	f000 fb16 	bl	100065f8 <__mutex_enter_timeout_ms_veneer>
10005fcc:	782b      	ldrb	r3, [r5, #0]
10005fce:	075b      	lsls	r3, r3, #29
10005fd0:	0fde      	lsrs	r6, r3, #31
10005fd2:	2b00      	cmp	r3, #0
10005fd4:	db04      	blt.n	10005fe0 <tu_edpt_release+0x24>
10005fd6:	0020      	movs	r0, r4
10005fd8:	f000 fb16 	bl	10006608 <__mutex_exit_veneer>
10005fdc:	0030      	movs	r0, r6
10005fde:	bd70      	pop	{r4, r5, r6, pc}
10005fe0:	782b      	ldrb	r3, [r5, #0]
10005fe2:	07db      	lsls	r3, r3, #31
10005fe4:	d404      	bmi.n	10005ff0 <tu_edpt_release+0x34>
10005fe6:	2204      	movs	r2, #4
10005fe8:	782b      	ldrb	r3, [r5, #0]
10005fea:	4393      	bics	r3, r2
10005fec:	702b      	strb	r3, [r5, #0]
10005fee:	e7f2      	b.n	10005fd6 <tu_edpt_release+0x1a>
10005ff0:	2600      	movs	r6, #0
10005ff2:	e7f0      	b.n	10005fd6 <tu_edpt_release+0x1a>

10005ff4 <tu_edpt_validate>:
10005ff4:	7943      	ldrb	r3, [r0, #5]
10005ff6:	7902      	ldrb	r2, [r0, #4]
10005ff8:	021b      	lsls	r3, r3, #8
10005ffa:	4313      	orrs	r3, r2
10005ffc:	78c2      	ldrb	r2, [r0, #3]
10005ffe:	055b      	lsls	r3, r3, #21
10006000:	0792      	lsls	r2, r2, #30
10006002:	0d5b      	lsrs	r3, r3, #21
10006004:	0f92      	lsrs	r2, r2, #30
10006006:	2a02      	cmp	r2, #2
10006008:	d01a      	beq.n	10006040 <tu_edpt_validate+0x4c>
1000600a:	2a03      	cmp	r2, #3
1000600c:	d00b      	beq.n	10006026 <tu_edpt_validate+0x32>
1000600e:	2000      	movs	r0, #0
10006010:	2a01      	cmp	r2, #1
10006012:	d107      	bne.n	10006024 <tu_edpt_validate+0x30>
10006014:	3902      	subs	r1, #2
10006016:	424a      	negs	r2, r1
10006018:	4151      	adcs	r1, r2
1000601a:	4a10      	ldr	r2, [pc, #64]	@ (1000605c <tu_edpt_validate+0x68>)
1000601c:	1889      	adds	r1, r1, r2
1000601e:	4299      	cmp	r1, r3
10006020:	4140      	adcs	r0, r0
10006022:	b2c0      	uxtb	r0, r0
10006024:	4770      	bx	lr
10006026:	3902      	subs	r1, #2
10006028:	1e4a      	subs	r2, r1, #1
1000602a:	4191      	sbcs	r1, r2
1000602c:	4a0c      	ldr	r2, [pc, #48]	@ (10006060 <tu_edpt_validate+0x6c>)
1000602e:	4249      	negs	r1, r1
10006030:	4011      	ands	r1, r2
10006032:	2280      	movs	r2, #128	@ 0x80
10006034:	2000      	movs	r0, #0
10006036:	00d2      	lsls	r2, r2, #3
10006038:	1889      	adds	r1, r1, r2
1000603a:	4299      	cmp	r1, r3
1000603c:	4140      	adcs	r0, r0
1000603e:	e7f1      	b.n	10006024 <tu_edpt_validate+0x30>
10006040:	2902      	cmp	r1, #2
10006042:	d004      	beq.n	1000604e <tu_edpt_validate+0x5a>
10006044:	2000      	movs	r0, #0
10006046:	2240      	movs	r2, #64	@ 0x40
10006048:	429a      	cmp	r2, r3
1000604a:	4140      	adcs	r0, r0
1000604c:	e7ea      	b.n	10006024 <tu_edpt_validate+0x30>
1000604e:	4a05      	ldr	r2, [pc, #20]	@ (10006064 <tu_edpt_validate+0x70>)
10006050:	1898      	adds	r0, r3, r2
10006052:	4243      	negs	r3, r0
10006054:	4158      	adcs	r0, r3
10006056:	b2c0      	uxtb	r0, r0
10006058:	e7e4      	b.n	10006024 <tu_edpt_validate+0x30>
1000605a:	46c0      	nop			@ (mov r8, r8)
1000605c:	000003ff 	.word	0x000003ff
10006060:	fffffc40 	.word	0xfffffc40
10006064:	fffffe00 	.word	0xfffffe00

10006068 <tu_edpt_bind_driver>:
10006068:	4684      	mov	ip, r0
1000606a:	1888      	adds	r0, r1, r2
1000606c:	b530      	push	{r4, r5, lr}
1000606e:	001c      	movs	r4, r3
10006070:	4281      	cmp	r1, r0
10006072:	d206      	bcs.n	10006082 <tu_edpt_bind_driver+0x1a>
10006074:	784a      	ldrb	r2, [r1, #1]
10006076:	2a05      	cmp	r2, #5
10006078:	d004      	beq.n	10006084 <tu_edpt_bind_driver+0x1c>
1000607a:	780a      	ldrb	r2, [r1, #0]
1000607c:	1889      	adds	r1, r1, r2
1000607e:	4288      	cmp	r0, r1
10006080:	d8f8      	bhi.n	10006074 <tu_edpt_bind_driver+0xc>
10006082:	bd30      	pop	{r4, r5, pc}
10006084:	227f      	movs	r2, #127	@ 0x7f
10006086:	788b      	ldrb	r3, [r1, #2]
10006088:	401a      	ands	r2, r3
1000608a:	0052      	lsls	r2, r2, #1
1000608c:	4462      	add	r2, ip
1000608e:	09db      	lsrs	r3, r3, #7
10006090:	54d4      	strb	r4, [r2, r3]
10006092:	780a      	ldrb	r2, [r1, #0]
10006094:	1889      	adds	r1, r1, r2
10006096:	4288      	cmp	r0, r1
10006098:	d8ec      	bhi.n	10006074 <tu_edpt_bind_driver+0xc>
1000609a:	e7f2      	b.n	10006082 <tu_edpt_bind_driver+0x1a>

1000609c <tu_fifo_config>:
1000609c:	b5f0      	push	{r4, r5, r6, r7, lr}
1000609e:	46c6      	mov	lr, r8
100060a0:	b500      	push	{lr}
100060a2:	4698      	mov	r8, r3
100060a4:	466b      	mov	r3, sp
100060a6:	7e1e      	ldrb	r6, [r3, #24]
100060a8:	2380      	movs	r3, #128	@ 0x80
100060aa:	0004      	movs	r4, r0
100060ac:	000f      	movs	r7, r1
100060ae:	0015      	movs	r5, r2
100060b0:	021b      	lsls	r3, r3, #8
100060b2:	429a      	cmp	r2, r3
100060b4:	d826      	bhi.n	10006104 <tu_fifo_config+0x68>
100060b6:	68c0      	ldr	r0, [r0, #12]
100060b8:	2800      	cmp	r0, #0
100060ba:	d003      	beq.n	100060c4 <tu_fifo_config+0x28>
100060bc:	2101      	movs	r1, #1
100060be:	4249      	negs	r1, r1
100060c0:	f000 fa9a 	bl	100065f8 <__mutex_enter_timeout_ms_veneer>
100060c4:	6920      	ldr	r0, [r4, #16]
100060c6:	2800      	cmp	r0, #0
100060c8:	d003      	beq.n	100060d2 <tu_fifo_config+0x36>
100060ca:	2101      	movs	r1, #1
100060cc:	4249      	negs	r1, r1
100060ce:	f000 fa93 	bl	100065f8 <__mutex_enter_timeout_ms_veneer>
100060d2:	4642      	mov	r2, r8
100060d4:	0452      	lsls	r2, r2, #17
100060d6:	03f3      	lsls	r3, r6, #15
100060d8:	0c52      	lsrs	r2, r2, #17
100060da:	4313      	orrs	r3, r2
100060dc:	80e3      	strh	r3, [r4, #6]
100060de:	2300      	movs	r3, #0
100060e0:	68e0      	ldr	r0, [r4, #12]
100060e2:	8163      	strh	r3, [r4, #10]
100060e4:	6027      	str	r7, [r4, #0]
100060e6:	80a5      	strh	r5, [r4, #4]
100060e8:	8123      	strh	r3, [r4, #8]
100060ea:	2800      	cmp	r0, #0
100060ec:	d001      	beq.n	100060f2 <tu_fifo_config+0x56>
100060ee:	f000 fa8b 	bl	10006608 <__mutex_exit_veneer>
100060f2:	6920      	ldr	r0, [r4, #16]
100060f4:	2800      	cmp	r0, #0
100060f6:	d001      	beq.n	100060fc <tu_fifo_config+0x60>
100060f8:	f000 fa86 	bl	10006608 <__mutex_exit_veneer>
100060fc:	2001      	movs	r0, #1
100060fe:	bc80      	pop	{r7}
10006100:	46b8      	mov	r8, r7
10006102:	bdf0      	pop	{r4, r5, r6, r7, pc}
10006104:	2000      	movs	r0, #0
10006106:	e7fa      	b.n	100060fe <tu_fifo_config+0x62>

10006108 <tu_fifo_count>:
10006108:	8903      	ldrh	r3, [r0, #8]
1000610a:	8941      	ldrh	r1, [r0, #10]
1000610c:	8882      	ldrh	r2, [r0, #4]
1000610e:	428b      	cmp	r3, r1
10006110:	d307      	bcc.n	10006122 <tu_fifo_count+0x1a>
10006112:	1a5b      	subs	r3, r3, r1
10006114:	b29b      	uxth	r3, r3
10006116:	1c10      	adds	r0, r2, #0
10006118:	429a      	cmp	r2, r3
1000611a:	d900      	bls.n	1000611e <tu_fifo_count+0x16>
1000611c:	1c18      	adds	r0, r3, #0
1000611e:	b280      	uxth	r0, r0
10006120:	4770      	bx	lr
10006122:	0050      	lsls	r0, r2, #1
10006124:	1a41      	subs	r1, r0, r1
10006126:	185b      	adds	r3, r3, r1
10006128:	b29b      	uxth	r3, r3
1000612a:	e7f4      	b.n	10006116 <tu_fifo_count+0xe>

1000612c <tu_fifo_empty>:
1000612c:	8903      	ldrh	r3, [r0, #8]
1000612e:	8940      	ldrh	r0, [r0, #10]
10006130:	1a18      	subs	r0, r3, r0
10006132:	4242      	negs	r2, r0
10006134:	4150      	adcs	r0, r2
10006136:	b2c0      	uxtb	r0, r0
10006138:	4770      	bx	lr
1000613a:	46c0      	nop			@ (mov r8, r8)

1000613c <tu_fifo_remaining>:
1000613c:	8903      	ldrh	r3, [r0, #8]
1000613e:	8941      	ldrh	r1, [r0, #10]
10006140:	8882      	ldrh	r2, [r0, #4]
10006142:	428b      	cmp	r3, r1
10006144:	d307      	bcc.n	10006156 <tu_fifo_remaining+0x1a>
10006146:	1a5b      	subs	r3, r3, r1
10006148:	b29b      	uxth	r3, r3
1000614a:	2000      	movs	r0, #0
1000614c:	429a      	cmp	r2, r3
1000614e:	d901      	bls.n	10006154 <tu_fifo_remaining+0x18>
10006150:	1ad2      	subs	r2, r2, r3
10006152:	b290      	uxth	r0, r2
10006154:	4770      	bx	lr
10006156:	0050      	lsls	r0, r2, #1
10006158:	1a41      	subs	r1, r0, r1
1000615a:	185b      	adds	r3, r3, r1
1000615c:	b29b      	uxth	r3, r3
1000615e:	e7f4      	b.n	1000614a <tu_fifo_remaining+0xe>

10006160 <tu_fifo_read>:
10006160:	b570      	push	{r4, r5, r6, lr}
10006162:	0004      	movs	r4, r0
10006164:	6900      	ldr	r0, [r0, #16]
10006166:	000d      	movs	r5, r1
10006168:	2800      	cmp	r0, #0
1000616a:	d003      	beq.n	10006174 <tu_fifo_read+0x14>
1000616c:	2101      	movs	r1, #1
1000616e:	4249      	negs	r1, r1
10006170:	f000 fa42 	bl	100065f8 <__mutex_enter_timeout_ms_veneer>
10006174:	8920      	ldrh	r0, [r4, #8]
10006176:	8961      	ldrh	r1, [r4, #10]
10006178:	88a3      	ldrh	r3, [r4, #4]
1000617a:	4288      	cmp	r0, r1
1000617c:	d331      	bcc.n	100061e2 <tu_fifo_read+0x82>
1000617e:	1a42      	subs	r2, r0, r1
10006180:	b292      	uxth	r2, r2
10006182:	2a00      	cmp	r2, #0
10006184:	d027      	beq.n	100061d6 <tu_fifo_read+0x76>
10006186:	4293      	cmp	r3, r2
10006188:	d208      	bcs.n	1000619c <tu_fifo_read+0x3c>
1000618a:	4298      	cmp	r0, r3
1000618c:	d32e      	bcc.n	100061ec <tu_fifo_read+0x8c>
1000618e:	1ac0      	subs	r0, r0, r3
10006190:	b281      	uxth	r1, r0
10006192:	8161      	strh	r1, [r4, #10]
10006194:	428b      	cmp	r3, r1
10006196:	d803      	bhi.n	100061a0 <tu_fifo_read+0x40>
10006198:	1ac9      	subs	r1, r1, r3
1000619a:	b289      	uxth	r1, r1
1000619c:	428b      	cmp	r3, r1
1000619e:	d9fb      	bls.n	10006198 <tu_fifo_read+0x38>
100061a0:	88e2      	ldrh	r2, [r4, #6]
100061a2:	6823      	ldr	r3, [r4, #0]
100061a4:	0452      	lsls	r2, r2, #17
100061a6:	0c52      	lsrs	r2, r2, #17
100061a8:	4351      	muls	r1, r2
100061aa:	0028      	movs	r0, r5
100061ac:	1859      	adds	r1, r3, r1
100061ae:	f7fc fa05 	bl	100025bc <__wrap___aeabi_memcpy>
100061b2:	8961      	ldrh	r1, [r4, #10]
100061b4:	2501      	movs	r5, #1
100061b6:	1c4a      	adds	r2, r1, #1
100061b8:	b292      	uxth	r2, r2
100061ba:	88a3      	ldrh	r3, [r4, #4]
100061bc:	4291      	cmp	r1, r2
100061be:	d90c      	bls.n	100061da <tu_fifo_read+0x7a>
100061c0:	2200      	movs	r2, #0
100061c2:	005b      	lsls	r3, r3, #1
100061c4:	1ad2      	subs	r2, r2, r3
100061c6:	6920      	ldr	r0, [r4, #16]
100061c8:	8162      	strh	r2, [r4, #10]
100061ca:	2800      	cmp	r0, #0
100061cc:	d001      	beq.n	100061d2 <tu_fifo_read+0x72>
100061ce:	f000 fa1b 	bl	10006608 <__mutex_exit_veneer>
100061d2:	0028      	movs	r0, r5
100061d4:	bd70      	pop	{r4, r5, r6, pc}
100061d6:	2500      	movs	r5, #0
100061d8:	8962      	ldrh	r2, [r4, #10]
100061da:	005b      	lsls	r3, r3, #1
100061dc:	429a      	cmp	r2, r3
100061de:	dbf2      	blt.n	100061c6 <tu_fifo_read+0x66>
100061e0:	e7f0      	b.n	100061c4 <tu_fifo_read+0x64>
100061e2:	005a      	lsls	r2, r3, #1
100061e4:	1a52      	subs	r2, r2, r1
100061e6:	1882      	adds	r2, r0, r2
100061e8:	b292      	uxth	r2, r2
100061ea:	e7ca      	b.n	10006182 <tu_fifo_read+0x22>
100061ec:	18c0      	adds	r0, r0, r3
100061ee:	b281      	uxth	r1, r0
100061f0:	8161      	strh	r1, [r4, #10]
100061f2:	e7cf      	b.n	10006194 <tu_fifo_read+0x34>

100061f4 <tu_fifo_read_n>:
100061f4:	b5f0      	push	{r4, r5, r6, r7, lr}
100061f6:	46d6      	mov	lr, sl
100061f8:	464f      	mov	r7, r9
100061fa:	4646      	mov	r6, r8
100061fc:	b5c0      	push	{r6, r7, lr}
100061fe:	0007      	movs	r7, r0
10006200:	6900      	ldr	r0, [r0, #16]
10006202:	468a      	mov	sl, r1
10006204:	4690      	mov	r8, r2
10006206:	b082      	sub	sp, #8
10006208:	2800      	cmp	r0, #0
1000620a:	d003      	beq.n	10006214 <tu_fifo_read_n+0x20>
1000620c:	2101      	movs	r1, #1
1000620e:	4249      	negs	r1, r1
10006210:	f000 f9f2 	bl	100065f8 <__mutex_enter_timeout_ms_veneer>
10006214:	893b      	ldrh	r3, [r7, #8]
10006216:	897c      	ldrh	r4, [r7, #10]
10006218:	88bd      	ldrh	r5, [r7, #4]
1000621a:	42a3      	cmp	r3, r4
1000621c:	d354      	bcc.n	100062c8 <tu_fifo_read_n+0xd4>
1000621e:	1b1e      	subs	r6, r3, r4
10006220:	b2b6      	uxth	r6, r6
10006222:	2e00      	cmp	r6, #0
10006224:	d04b      	beq.n	100062be <tu_fifo_read_n+0xca>
10006226:	42b5      	cmp	r5, r6
10006228:	d205      	bcs.n	10006236 <tu_fifo_read_n+0x42>
1000622a:	42ab      	cmp	r3, r5
1000622c:	d251      	bcs.n	100062d2 <tu_fifo_read_n+0xde>
1000622e:	195b      	adds	r3, r3, r5
10006230:	b29c      	uxth	r4, r3
10006232:	002e      	movs	r6, r5
10006234:	817c      	strh	r4, [r7, #10]
10006236:	4643      	mov	r3, r8
10006238:	45b0      	cmp	r8, r6
1000623a:	d83e      	bhi.n	100062ba <tu_fifo_read_n+0xc6>
1000623c:	b29e      	uxth	r6, r3
1000623e:	42a5      	cmp	r5, r4
10006240:	d803      	bhi.n	1000624a <tu_fifo_read_n+0x56>
10006242:	1b64      	subs	r4, r4, r5
10006244:	b2a4      	uxth	r4, r4
10006246:	42a5      	cmp	r5, r4
10006248:	d9fb      	bls.n	10006242 <tu_fifo_read_n+0x4e>
1000624a:	88fa      	ldrh	r2, [r7, #6]
1000624c:	6839      	ldr	r1, [r7, #0]
1000624e:	0452      	lsls	r2, r2, #17
10006250:	0c50      	lsrs	r0, r2, #17
10006252:	0002      	movs	r2, r0
10006254:	4362      	muls	r2, r4
10006256:	1b2b      	subs	r3, r5, r4
10006258:	b29b      	uxth	r3, r3
1000625a:	1889      	adds	r1, r1, r2
1000625c:	9001      	str	r0, [sp, #4]
1000625e:	0002      	movs	r2, r0
10006260:	429e      	cmp	r6, r3
10006262:	d925      	bls.n	100062b0 <tu_fifo_read_n+0xbc>
10006264:	4343      	muls	r3, r0
10006266:	b29b      	uxth	r3, r3
10006268:	001a      	movs	r2, r3
1000626a:	4650      	mov	r0, sl
1000626c:	4699      	mov	r9, r3
1000626e:	f7fc f9a5 	bl	100025bc <__wrap___aeabi_memcpy>
10006272:	4650      	mov	r0, sl
10006274:	9a01      	ldr	r2, [sp, #4]
10006276:	1b75      	subs	r5, r6, r5
10006278:	1964      	adds	r4, r4, r5
1000627a:	4354      	muls	r4, r2
1000627c:	6839      	ldr	r1, [r7, #0]
1000627e:	4448      	add	r0, r9
10006280:	b2a2      	uxth	r2, r4
10006282:	f7fc f99b 	bl	100025bc <__wrap___aeabi_memcpy>
10006286:	8979      	ldrh	r1, [r7, #10]
10006288:	88bd      	ldrh	r5, [r7, #4]
1000628a:	198b      	adds	r3, r1, r6
1000628c:	b29b      	uxth	r3, r3
1000628e:	006a      	lsls	r2, r5, #1
10006290:	4299      	cmp	r1, r3
10006292:	d915      	bls.n	100062c0 <tu_fifo_read_n+0xcc>
10006294:	1a9b      	subs	r3, r3, r2
10006296:	6938      	ldr	r0, [r7, #16]
10006298:	817b      	strh	r3, [r7, #10]
1000629a:	2800      	cmp	r0, #0
1000629c:	d001      	beq.n	100062a2 <tu_fifo_read_n+0xae>
1000629e:	f000 f9b3 	bl	10006608 <__mutex_exit_veneer>
100062a2:	0030      	movs	r0, r6
100062a4:	b002      	add	sp, #8
100062a6:	bce0      	pop	{r5, r6, r7}
100062a8:	46ba      	mov	sl, r7
100062aa:	46b1      	mov	r9, r6
100062ac:	46a8      	mov	r8, r5
100062ae:	bdf0      	pop	{r4, r5, r6, r7, pc}
100062b0:	4650      	mov	r0, sl
100062b2:	4372      	muls	r2, r6
100062b4:	f7fc f982 	bl	100025bc <__wrap___aeabi_memcpy>
100062b8:	e7e5      	b.n	10006286 <tu_fifo_read_n+0x92>
100062ba:	1c33      	adds	r3, r6, #0
100062bc:	e7be      	b.n	1000623c <tu_fifo_read_n+0x48>
100062be:	897b      	ldrh	r3, [r7, #10]
100062c0:	006a      	lsls	r2, r5, #1
100062c2:	4293      	cmp	r3, r2
100062c4:	dbe7      	blt.n	10006296 <tu_fifo_read_n+0xa2>
100062c6:	e7e5      	b.n	10006294 <tu_fifo_read_n+0xa0>
100062c8:	006e      	lsls	r6, r5, #1
100062ca:	1b36      	subs	r6, r6, r4
100062cc:	199e      	adds	r6, r3, r6
100062ce:	b2b6      	uxth	r6, r6
100062d0:	e7a7      	b.n	10006222 <tu_fifo_read_n+0x2e>
100062d2:	1b5b      	subs	r3, r3, r5
100062d4:	b29c      	uxth	r4, r3
100062d6:	e7ac      	b.n	10006232 <tu_fifo_read_n+0x3e>

100062d8 <tu_fifo_write>:
100062d8:	b5f8      	push	{r3, r4, r5, r6, r7, lr}
100062da:	0004      	movs	r4, r0
100062dc:	68c0      	ldr	r0, [r0, #12]
100062de:	000f      	movs	r7, r1
100062e0:	2800      	cmp	r0, #0
100062e2:	d003      	beq.n	100062ec <tu_fifo_write+0x14>
100062e4:	2101      	movs	r1, #1
100062e6:	4249      	negs	r1, r1
100062e8:	f000 f986 	bl	100065f8 <__mutex_enter_timeout_ms_veneer>
100062ec:	8925      	ldrh	r5, [r4, #8]
100062ee:	8922      	ldrh	r2, [r4, #8]
100062f0:	8961      	ldrh	r1, [r4, #10]
100062f2:	88a3      	ldrh	r3, [r4, #4]
100062f4:	428a      	cmp	r2, r1
100062f6:	d328      	bcc.n	1000634a <tu_fifo_write+0x72>
100062f8:	1a52      	subs	r2, r2, r1
100062fa:	b292      	uxth	r2, r2
100062fc:	4293      	cmp	r3, r2
100062fe:	d809      	bhi.n	10006314 <tu_fifo_write+0x3c>
10006300:	79e6      	ldrb	r6, [r4, #7]
10006302:	09f6      	lsrs	r6, r6, #7
10006304:	d106      	bne.n	10006314 <tu_fifo_write+0x3c>
10006306:	68e0      	ldr	r0, [r4, #12]
10006308:	2800      	cmp	r0, #0
1000630a:	d001      	beq.n	10006310 <tu_fifo_write+0x38>
1000630c:	f000 f97c 	bl	10006608 <__mutex_exit_veneer>
10006310:	0030      	movs	r0, r6
10006312:	bdf8      	pop	{r3, r4, r5, r6, r7, pc}
10006314:	429d      	cmp	r5, r3
10006316:	d31d      	bcc.n	10006354 <tu_fifo_write+0x7c>
10006318:	0028      	movs	r0, r5
1000631a:	1ac0      	subs	r0, r0, r3
1000631c:	b280      	uxth	r0, r0
1000631e:	4298      	cmp	r0, r3
10006320:	d2fb      	bcs.n	1000631a <tu_fifo_write+0x42>
10006322:	88e2      	ldrh	r2, [r4, #6]
10006324:	6823      	ldr	r3, [r4, #0]
10006326:	0452      	lsls	r2, r2, #17
10006328:	0c52      	lsrs	r2, r2, #17
1000632a:	4350      	muls	r0, r2
1000632c:	0039      	movs	r1, r7
1000632e:	1818      	adds	r0, r3, r0
10006330:	f7fc f944 	bl	100025bc <__wrap___aeabi_memcpy>
10006334:	1c6b      	adds	r3, r5, #1
10006336:	b29b      	uxth	r3, r3
10006338:	88a2      	ldrh	r2, [r4, #4]
1000633a:	429d      	cmp	r5, r3
1000633c:	d917      	bls.n	1000636e <tu_fifo_write+0x96>
1000633e:	2300      	movs	r3, #0
10006340:	0052      	lsls	r2, r2, #1
10006342:	1a9b      	subs	r3, r3, r2
10006344:	2601      	movs	r6, #1
10006346:	8123      	strh	r3, [r4, #8]
10006348:	e7dd      	b.n	10006306 <tu_fifo_write+0x2e>
1000634a:	0058      	lsls	r0, r3, #1
1000634c:	1a41      	subs	r1, r0, r1
1000634e:	1852      	adds	r2, r2, r1
10006350:	b292      	uxth	r2, r2
10006352:	e7d3      	b.n	100062fc <tu_fifo_write+0x24>
10006354:	002b      	movs	r3, r5
10006356:	88e2      	ldrh	r2, [r4, #6]
10006358:	6820      	ldr	r0, [r4, #0]
1000635a:	0452      	lsls	r2, r2, #17
1000635c:	0c52      	lsrs	r2, r2, #17
1000635e:	4353      	muls	r3, r2
10006360:	0039      	movs	r1, r7
10006362:	18c0      	adds	r0, r0, r3
10006364:	f7fc f92a 	bl	100025bc <__wrap___aeabi_memcpy>
10006368:	3501      	adds	r5, #1
1000636a:	88a2      	ldrh	r2, [r4, #4]
1000636c:	b2ab      	uxth	r3, r5
1000636e:	0052      	lsls	r2, r2, #1
10006370:	4293      	cmp	r3, r2
10006372:	dbe7      	blt.n	10006344 <tu_fifo_write+0x6c>
10006374:	e7e5      	b.n	10006342 <tu_fifo_write+0x6a>
10006376:	46c0      	nop			@ (mov r8, r8)

10006378 <tu_fifo_write_n>:
10006378:	b5f0      	push	{r4, r5, r6, r7, lr}
1000637a:	4646      	mov	r6, r8
1000637c:	464f      	mov	r7, r9
1000637e:	46d6      	mov	lr, sl
10006380:	b5c0      	push	{r6, r7, lr}
10006382:	4688      	mov	r8, r1
10006384:	0007      	movs	r7, r0
10006386:	0016      	movs	r6, r2
10006388:	b082      	sub	sp, #8
1000638a:	2a00      	cmp	r2, #0
1000638c:	d05a      	beq.n	10006444 <tu_fifo_write_n+0xcc>
1000638e:	68c0      	ldr	r0, [r0, #12]
10006390:	2800      	cmp	r0, #0
10006392:	d003      	beq.n	1000639c <tu_fifo_write_n+0x24>
10006394:	2101      	movs	r1, #1
10006396:	4249      	negs	r1, r1
10006398:	f000 f92e 	bl	100065f8 <__mutex_enter_timeout_ms_veneer>
1000639c:	8939      	ldrh	r1, [r7, #8]
1000639e:	79fb      	ldrb	r3, [r7, #7]
100063a0:	4689      	mov	r9, r1
100063a2:	897a      	ldrh	r2, [r7, #10]
100063a4:	88bd      	ldrh	r5, [r7, #4]
100063a6:	09db      	lsrs	r3, r3, #7
100063a8:	d134      	bne.n	10006414 <tu_fifo_write_n+0x9c>
100063aa:	4291      	cmp	r1, r2
100063ac:	d252      	bcs.n	10006454 <tu_fifo_write_n+0xdc>
100063ae:	006b      	lsls	r3, r5, #1
100063b0:	1a9b      	subs	r3, r3, r2
100063b2:	444b      	add	r3, r9
100063b4:	b29b      	uxth	r3, r3
100063b6:	42ab      	cmp	r3, r5
100063b8:	d250      	bcs.n	1000645c <tu_fifo_write_n+0xe4>
100063ba:	1aeb      	subs	r3, r5, r3
100063bc:	1c1a      	adds	r2, r3, #0
100063be:	b29b      	uxth	r3, r3
100063c0:	42b3      	cmp	r3, r6
100063c2:	d900      	bls.n	100063c6 <tu_fifo_write_n+0x4e>
100063c4:	1c32      	adds	r2, r6, #0
100063c6:	b296      	uxth	r6, r2
100063c8:	1b73      	subs	r3, r6, r5
100063ca:	469a      	mov	sl, r3
100063cc:	88fb      	ldrh	r3, [r7, #6]
100063ce:	464c      	mov	r4, r9
100063d0:	42ac      	cmp	r4, r5
100063d2:	d303      	bcc.n	100063dc <tu_fifo_write_n+0x64>
100063d4:	1b64      	subs	r4, r4, r5
100063d6:	b2a4      	uxth	r4, r4
100063d8:	42ac      	cmp	r4, r5
100063da:	d2fb      	bcs.n	100063d4 <tu_fifo_write_n+0x5c>
100063dc:	045b      	lsls	r3, r3, #17
100063de:	0c5a      	lsrs	r2, r3, #17
100063e0:	0013      	movs	r3, r2
100063e2:	4363      	muls	r3, r4
100063e4:	6838      	ldr	r0, [r7, #0]
100063e6:	1b2d      	subs	r5, r5, r4
100063e8:	b2ad      	uxth	r5, r5
100063ea:	9201      	str	r2, [sp, #4]
100063ec:	18c0      	adds	r0, r0, r3
100063ee:	42b5      	cmp	r5, r6
100063f0:	d33e      	bcc.n	10006470 <tu_fifo_write_n+0xf8>
100063f2:	4641      	mov	r1, r8
100063f4:	4372      	muls	r2, r6
100063f6:	f7fc f8e1 	bl	100025bc <__wrap___aeabi_memcpy>
100063fa:	4649      	mov	r1, r9
100063fc:	88ba      	ldrh	r2, [r7, #4]
100063fe:	1873      	adds	r3, r6, r1
10006400:	b29b      	uxth	r3, r3
10006402:	0052      	lsls	r2, r2, #1
10006404:	454b      	cmp	r3, r9
10006406:	d301      	bcc.n	1000640c <tu_fifo_write_n+0x94>
10006408:	4293      	cmp	r3, r2
1000640a:	db00      	blt.n	1000640e <tu_fifo_write_n+0x96>
1000640c:	1a9b      	subs	r3, r3, r2
1000640e:	0035      	movs	r5, r6
10006410:	813b      	strh	r3, [r7, #8]
10006412:	e027      	b.n	10006464 <tu_fifo_write_n+0xec>
10006414:	42ae      	cmp	r6, r5
10006416:	d223      	bcs.n	10006460 <tu_fifo_write_n+0xe8>
10006418:	4291      	cmp	r1, r2
1000641a:	d339      	bcc.n	10006490 <tu_fifo_write_n+0x118>
1000641c:	1a8b      	subs	r3, r1, r2
1000641e:	b29b      	uxth	r3, r3
10006420:	0069      	lsls	r1, r5, #1
10006422:	1b70      	subs	r0, r6, r5
10006424:	199b      	adds	r3, r3, r6
10006426:	4682      	mov	sl, r0
10006428:	428b      	cmp	r3, r1
1000642a:	db09      	blt.n	10006440 <tu_fifo_write_n+0xc8>
1000642c:	1953      	adds	r3, r2, r5
1000642e:	1b9b      	subs	r3, r3, r6
10006430:	b29b      	uxth	r3, r3
10006432:	4699      	mov	r9, r3
10006434:	429a      	cmp	r2, r3
10006436:	d930      	bls.n	1000649a <tu_fifo_write_n+0x122>
10006438:	464b      	mov	r3, r9
1000643a:	1a59      	subs	r1, r3, r1
1000643c:	b28b      	uxth	r3, r1
1000643e:	4699      	mov	r9, r3
10006440:	88fb      	ldrh	r3, [r7, #6]
10006442:	e7c4      	b.n	100063ce <tu_fifo_write_n+0x56>
10006444:	2500      	movs	r5, #0
10006446:	0028      	movs	r0, r5
10006448:	b002      	add	sp, #8
1000644a:	bce0      	pop	{r5, r6, r7}
1000644c:	46ba      	mov	sl, r7
1000644e:	46b1      	mov	r9, r6
10006450:	46a8      	mov	r8, r5
10006452:	bdf0      	pop	{r4, r5, r6, r7, pc}
10006454:	1a8b      	subs	r3, r1, r2
10006456:	b29b      	uxth	r3, r3
10006458:	42ab      	cmp	r3, r5
1000645a:	d3ae      	bcc.n	100063ba <tu_fifo_write_n+0x42>
1000645c:	2500      	movs	r5, #0
1000645e:	e001      	b.n	10006464 <tu_fifo_write_n+0xec>
10006460:	2d00      	cmp	r5, #0
10006462:	d11d      	bne.n	100064a0 <tu_fifo_write_n+0x128>
10006464:	68f8      	ldr	r0, [r7, #12]
10006466:	2800      	cmp	r0, #0
10006468:	d0ed      	beq.n	10006446 <tu_fifo_write_n+0xce>
1000646a:	f000 f8cd 	bl	10006608 <__mutex_exit_veneer>
1000646e:	e7ea      	b.n	10006446 <tu_fifo_write_n+0xce>
10006470:	4355      	muls	r5, r2
10006472:	b2ad      	uxth	r5, r5
10006474:	002a      	movs	r2, r5
10006476:	4641      	mov	r1, r8
10006478:	f7fc f8a0 	bl	100025bc <__wrap___aeabi_memcpy>
1000647c:	9b01      	ldr	r3, [sp, #4]
1000647e:	4454      	add	r4, sl
10006480:	435c      	muls	r4, r3
10006482:	4643      	mov	r3, r8
10006484:	6838      	ldr	r0, [r7, #0]
10006486:	b2a2      	uxth	r2, r4
10006488:	1959      	adds	r1, r3, r5
1000648a:	f7fc f897 	bl	100025bc <__wrap___aeabi_memcpy>
1000648e:	e7b4      	b.n	100063fa <tu_fifo_write_n+0x82>
10006490:	0069      	lsls	r1, r5, #1
10006492:	1a8b      	subs	r3, r1, r2
10006494:	444b      	add	r3, r9
10006496:	b29b      	uxth	r3, r3
10006498:	e7c3      	b.n	10006422 <tu_fifo_write_n+0xaa>
1000649a:	4299      	cmp	r1, r3
1000649c:	ddcc      	ble.n	10006438 <tu_fifo_write_n+0xc0>
1000649e:	e7cf      	b.n	10006440 <tu_fifo_write_n+0xc8>
100064a0:	46c4      	mov	ip, r8
100064a2:	4691      	mov	r9, r2
100064a4:	2200      	movs	r2, #0
100064a6:	88fb      	ldrh	r3, [r7, #6]
100064a8:	1b76      	subs	r6, r6, r5
100064aa:	0459      	lsls	r1, r3, #17
100064ac:	0c49      	lsrs	r1, r1, #17
100064ae:	4371      	muls	r1, r6
100064b0:	448c      	add	ip, r1
100064b2:	46e0      	mov	r8, ip
100064b4:	002e      	movs	r6, r5
100064b6:	4692      	mov	sl, r2
100064b8:	e789      	b.n	100063ce <tu_fifo_write_n+0x56>
100064ba:	46c0      	nop			@ (mov r8, r8)

100064bc <tu_fifo_clear>:
100064bc:	b510      	push	{r4, lr}
100064be:	0004      	movs	r4, r0
100064c0:	68c0      	ldr	r0, [r0, #12]
100064c2:	2800      	cmp	r0, #0
100064c4:	d003      	beq.n	100064ce <tu_fifo_clear+0x12>
100064c6:	2101      	movs	r1, #1
100064c8:	4249      	negs	r1, r1
100064ca:	f000 f895 	bl	100065f8 <__mutex_enter_timeout_ms_veneer>
100064ce:	6920      	ldr	r0, [r4, #16]
100064d0:	2800      	cmp	r0, #0
100064d2:	d003      	beq.n	100064dc <tu_fifo_clear+0x20>
100064d4:	2101      	movs	r1, #1
100064d6:	4249      	negs	r1, r1
100064d8:	f000 f88e 	bl	100065f8 <__mutex_enter_timeout_ms_veneer>
100064dc:	2300      	movs	r3, #0
100064de:	68e0      	ldr	r0, [r4, #12]
100064e0:	8163      	strh	r3, [r4, #10]
100064e2:	8123      	strh	r3, [r4, #8]
100064e4:	2800      	cmp	r0, #0
100064e6:	d001      	beq.n	100064ec <tu_fifo_clear+0x30>
100064e8:	f000 f88e 	bl	10006608 <__mutex_exit_veneer>
100064ec:	6920      	ldr	r0, [r4, #16]
100064ee:	2800      	cmp	r0, #0
100064f0:	d001      	beq.n	100064f6 <tu_fifo_clear+0x3a>
100064f2:	f000 f889 	bl	10006608 <__mutex_exit_veneer>
100064f6:	2001      	movs	r0, #1
100064f8:	bd10      	pop	{r4, pc}
100064fa:	46c0      	nop			@ (mov r8, r8)

100064fc <tu_fifo_set_overwritable>:
100064fc:	b570      	push	{r4, r5, r6, lr}
100064fe:	0004      	movs	r4, r0
10006500:	68c0      	ldr	r0, [r0, #12]
10006502:	000d      	movs	r5, r1
10006504:	2800      	cmp	r0, #0
10006506:	d003      	beq.n	10006510 <tu_fifo_set_overwritable+0x14>
10006508:	2101      	movs	r1, #1
1000650a:	4249      	negs	r1, r1
1000650c:	f000 f874 	bl	100065f8 <__mutex_enter_timeout_ms_veneer>
10006510:	6920      	ldr	r0, [r4, #16]
10006512:	2800      	cmp	r0, #0
10006514:	d003      	beq.n	1000651e <tu_fifo_set_overwritable+0x22>
10006516:	2101      	movs	r1, #1
10006518:	4249      	negs	r1, r1
1000651a:	f000 f86d 	bl	100065f8 <__mutex_enter_timeout_ms_veneer>
1000651e:	217f      	movs	r1, #127	@ 0x7f
10006520:	79e2      	ldrb	r2, [r4, #7]
10006522:	01eb      	lsls	r3, r5, #7
10006524:	4011      	ands	r1, r2
10006526:	68e0      	ldr	r0, [r4, #12]
10006528:	4319      	orrs	r1, r3
1000652a:	71e1      	strb	r1, [r4, #7]
1000652c:	2800      	cmp	r0, #0
1000652e:	d001      	beq.n	10006534 <tu_fifo_set_overwritable+0x38>
10006530:	f000 f86a 	bl	10006608 <__mutex_exit_veneer>
10006534:	6920      	ldr	r0, [r4, #16]
10006536:	2800      	cmp	r0, #0
10006538:	d001      	beq.n	1000653e <tu_fifo_set_overwritable+0x42>
1000653a:	f000 f865 	bl	10006608 <__mutex_exit_veneer>
1000653e:	2001      	movs	r0, #1
10006540:	bd70      	pop	{r4, r5, r6, pc}
10006542:	46c0      	nop			@ (mov r8, r8)

10006544 <strlen>:
10006544:	0003      	movs	r3, r0
10006546:	4684      	mov	ip, r0
10006548:	079b      	lsls	r3, r3, #30
1000654a:	d00b      	beq.n	10006564 <strlen+0x20>
1000654c:	0003      	movs	r3, r0
1000654e:	2103      	movs	r1, #3
10006550:	e002      	b.n	10006558 <strlen+0x14>
10006552:	3301      	adds	r3, #1
10006554:	420b      	tst	r3, r1
10006556:	d006      	beq.n	10006566 <strlen+0x22>
10006558:	781a      	ldrb	r2, [r3, #0]
1000655a:	2a00      	cmp	r2, #0
1000655c:	d1f9      	bne.n	10006552 <strlen+0xe>
1000655e:	4662      	mov	r2, ip
10006560:	1a98      	subs	r0, r3, r2
10006562:	4770      	bx	lr
10006564:	0003      	movs	r3, r0
10006566:	6819      	ldr	r1, [r3, #0]
10006568:	4a0c      	ldr	r2, [pc, #48]	@ (1000659c <strlen+0x58>)
1000656a:	480d      	ldr	r0, [pc, #52]	@ (100065a0 <strlen+0x5c>)
1000656c:	188a      	adds	r2, r1, r2
1000656e:	438a      	bics	r2, r1
10006570:	4202      	tst	r2, r0
10006572:	d10f      	bne.n	10006594 <strlen+0x50>
10006574:	6859      	ldr	r1, [r3, #4]
10006576:	4a09      	ldr	r2, [pc, #36]	@ (1000659c <strlen+0x58>)
10006578:	3304      	adds	r3, #4
1000657a:	188a      	adds	r2, r1, r2
1000657c:	438a      	bics	r2, r1
1000657e:	4202      	tst	r2, r0
10006580:	d108      	bne.n	10006594 <strlen+0x50>
10006582:	6859      	ldr	r1, [r3, #4]
10006584:	4a05      	ldr	r2, [pc, #20]	@ (1000659c <strlen+0x58>)
10006586:	3304      	adds	r3, #4
10006588:	188a      	adds	r2, r1, r2
1000658a:	438a      	bics	r2, r1
1000658c:	4202      	tst	r2, r0
1000658e:	d0f1      	beq.n	10006574 <strlen+0x30>
10006590:	e000      	b.n	10006594 <strlen+0x50>
10006592:	3301      	adds	r3, #1
10006594:	781a      	ldrb	r2, [r3, #0]
10006596:	2a00      	cmp	r2, #0
10006598:	d1fb      	bne.n	10006592 <strlen+0x4e>
1000659a:	e7e0      	b.n	1000655e <strlen+0x1a>
1000659c:	fefefeff 	.word	0xfefefeff
100065a0:	80808080 	.word	0x80808080
100065a4:	00000000 	.word	0x00000000

100065a8 <__e15_is_critical_frame_period_veneer>:
100065a8:	b401      	push	{r0}
100065aa:	4802      	ldr	r0, [pc, #8]	@ (100065b4 <__e15_is_critical_frame_period_veneer+0xc>)
100065ac:	4684      	mov	ip, r0
100065ae:	bc01      	pop	{r0}
100065b0:	4760      	bx	ip
100065b2:	bf00      	nop
100065b4:	20000ced 	.word	0x20000ced

100065b8 <__mutex_try_enter_veneer>:
100065b8:	b401      	push	{r0}
100065ba:	4802      	ldr	r0, [pc, #8]	@ (100065c4 <__mutex_try_enter_veneer+0xc>)
100065bc:	4684      	mov	ip, r0
100065be:	bc01      	pop	{r0}
100065c0:	4760      	bx	ip
100065c2:	bf00      	nop
100065c4:	200000c1 	.word	0x200000c1

100065c8 <__flash_do_cmd_cs_veneer>:
100065c8:	b401      	push	{r0}
100065ca:	4802      	ldr	r0, [pc, #8]	@ (100065d4 <__flash_do_cmd_cs_veneer+0xc>)
100065cc:	4684      	mov	ip, r0
100065ce:	bc01      	pop	{r0}
100065d0:	4760      	bx	ip
100065d2:	bf00      	nop
100065d4:	20000289 	.word	0x20000289

100065d8 <____aeabi_ldiv0_veneer>:
100065d8:	b401      	push	{r0}
100065da:	4802      	ldr	r0, [pc, #8]	@ (100065e4 <____aeabi_ldiv0_veneer+0xc>)
100065dc:	4684      	mov	ip, r0
100065de:	bc01      	pop	{r0}
100065e0:	4760      	bx	ip
100065e2:	bf00      	nop
100065e4:	20000ff9 	.word	0x20000ff9

100065e8 <__hw_endpoint_start_next_buffer_veneer>:
100065e8:	b401      	push	{r0}
100065ea:	4802      	ldr	r0, [pc, #8]	@ (100065f4 <__hw_endpoint_start_next_buffer_veneer+0xc>)
100065ec:	4684      	mov	ip, r0
100065ee:	bc01      	pop	{r0}
100065f0:	4760      	bx	ip
100065f2:	bf00      	nop
100065f4:	20000d79 	.word	0x20000d79

100065f8 <__mutex_enter_timeout_ms_veneer>:
100065f8:	b401      	push	{r0}
100065fa:	4802      	ldr	r0, [pc, #8]	@ (10006604 <__mutex_enter_timeout_ms_veneer+0xc>)
100065fc:	4684      	mov	ip, r0
100065fe:	bc01      	pop	{r0}
10006600:	4760      	bx	ip
10006602:	bf00      	nop
10006604:	20000199 	.word	0x20000199

10006608 <__mutex_exit_veneer>:
10006608:	b401      	push	{r0}
1000660a:	4802      	ldr	r0, [pc, #8]	@ (10006614 <__mutex_exit_veneer+0xc>)
1000660c:	4684      	mov	ip, r0
1000660e:	bc01      	pop	{r0}
10006610:	4760      	bx	ip
10006612:	bf00      	nop
10006614:	200001d5 	.word	0x200001d5

10006618 <___hw_endpoint_buffer_control_update32_veneer>:
10006618:	b401      	push	{r0}
1000661a:	4802      	ldr	r0, [pc, #8]	@ (10006624 <___hw_endpoint_buffer_control_update32_veneer+0xc>)
1000661c:	4684      	mov	ip, r0
1000661e:	bc01      	pop	{r0}
10006620:	4760      	bx	ip
10006622:	bf00      	nop
10006624:	20000d29 	.word	0x20000d29

10006628 <__e15_is_bulkin_ep_veneer>:
10006628:	b401      	push	{r0}
1000662a:	4802      	ldr	r0, [pc, #8]	@ (10006634 <__e15_is_bulkin_ep_veneer+0xc>)
1000662c:	4684      	mov	ip, r0
1000662e:	bc01      	pop	{r0}
10006630:	4760      	bx	ip
10006632:	bf00      	nop
10006634:	20000cc9 	.word	0x20000cc9

10006638 <____aeabi_idiv0_veneer>:
10006638:	b401      	push	{r0}
1000663a:	4802      	ldr	r0, [pc, #8]	@ (10006644 <____aeabi_idiv0_veneer+0xc>)
1000663c:	4684      	mov	ip, r0
1000663e:	bc01      	pop	{r0}
10006640:	4760      	bx	ip
10006642:	bf00      	nop
10006644:	20000ff9 	.word	0x20000ff9

10006648 <__mutex_try_enter_block_until_veneer>:
10006648:	b401      	push	{r0}
1000664a:	4802      	ldr	r0, [pc, #8]	@ (10006654 <__mutex_try_enter_block_until_veneer+0xc>)
1000664c:	4684      	mov	ip, r0
1000664e:	bc01      	pop	{r0}
10006650:	4760      	bx	ip
10006652:	bf00      	nop
10006654:	20000165 	.word	0x20000165

10006658 <__reset_non_control_endpoints_veneer>:
10006658:	b401      	push	{r0}
1000665a:	4802      	ldr	r0, [pc, #8]	@ (10006664 <__reset_non_control_endpoints_veneer+0xc>)
1000665c:	4684      	mov	ip, r0
1000665e:	bc01      	pop	{r0}
10006660:	4760      	bx	ip
10006662:	bf00      	nop
10006664:	200003d9 	.word	0x200003d9

10006668 <__pre_init_runtime_init_early_resets>:
10006668:	10001621                                !...

1000666c <__pre_init_runtime_init_usb_power_down>:
1000666c:	1000164d 10001831 100025a1 10001ed5     M...1....%......
1000667c:	1000250d                                .%..

10006680 <__pre_init_runtime_init_clocks>:
10006680:	10001759                                Y...

10006684 <__pre_init_runtime_init_post_clock_resets>:
10006684:	10001669                                i...

10006688 <__pre_init_runtime_init_rp2040_gpio_ie_disable>:
10006688:	10001689                                ....

1000668c <__pre_init_runtime_init_spin_locks_reset>:
1000668c:	1000169d                                ....

10006690 <__pre_init_runtime_init_mutex>:
10006690:	100008b5                                ....

10006694 <__pre_init_runtime_init_install_ram_vector_table>:
10006694:	100016a5                                ....

10006698 <__pre_init_runtime_init_default_alarm_pool>:
10006698:	10000c9d                                ....

1000669c <__pre_init_first_per_core_initializer>:
1000669c:	100015e9                                ....

100066a0 <__pre_init_runtime_init_per_core_irq_priorities>:
100066a0:	100004f1                                ....

100066a4 <__init_array_start>:
100066a4:	10004731 	.word	0x10004731

Disassembly of section .data:

200000c0 <mutex_try_enter>:
200000c0:	0003      	movs	r3, r0
200000c2:	6800      	ldr	r0, [r0, #0]
200000c4:	f3ef 8c10 	mrs	ip, PRIMASK
200000c8:	b672      	cpsid	i
200000ca:	6802      	ldr	r2, [r0, #0]
200000cc:	2a00      	cmp	r2, #0
200000ce:	d0fc      	beq.n	200000ca <mutex_try_enter+0xa>
200000d0:	f3bf 8f5f 	dmb	sy
200000d4:	2204      	movs	r2, #4
200000d6:	569a      	ldrsb	r2, [r3, r2]
200000d8:	2a00      	cmp	r2, #0
200000da:	db0b      	blt.n	200000f4 <mutex_try_enter+0x34>
200000dc:	2900      	cmp	r1, #0
200000de:	d000      	beq.n	200000e2 <mutex_try_enter+0x22>
200000e0:	600a      	str	r2, [r1, #0]
200000e2:	2000      	movs	r0, #0
200000e4:	681b      	ldr	r3, [r3, #0]
200000e6:	f3bf 8f5f 	dmb	sy
200000ea:	2200      	movs	r2, #0
200000ec:	601a      	str	r2, [r3, #0]
200000ee:	f38c 8810 	msr	PRIMASK, ip
200000f2:	4770      	bx	lr
200000f4:	22d0      	movs	r2, #208	@ 0xd0
200000f6:	0612      	lsls	r2, r2, #24
200000f8:	6812      	ldr	r2, [r2, #0]
200000fa:	2001      	movs	r0, #1
200000fc:	711a      	strb	r2, [r3, #4]
200000fe:	e7f1      	b.n	200000e4 <mutex_try_enter+0x24>

20000100 <mutex_enter_block_until>:
20000100:	b5f0      	push	{r4, r5, r6, r7, lr}
20000102:	001f      	movs	r7, r3
20000104:	23d0      	movs	r3, #208	@ 0xd0
20000106:	46c6      	mov	lr, r8
20000108:	061b      	lsls	r3, r3, #24
2000010a:	681b      	ldr	r3, [r3, #0]
2000010c:	0004      	movs	r4, r0
2000010e:	0016      	movs	r6, r2
20000110:	4698      	mov	r8, r3
20000112:	2500      	movs	r5, #0
20000114:	b500      	push	{lr}
20000116:	e00a      	b.n	2000012e <mutex_enter_block_until+0x2e>
20000118:	f3bf 8f5f 	dmb	sy
2000011c:	6015      	str	r5, [r2, #0]
2000011e:	f381 8810 	msr	PRIMASK, r1
20000122:	0030      	movs	r0, r6
20000124:	0039      	movs	r1, r7
20000126:	f000 ff83 	bl	20001030 <__best_effort_wfe_or_timeout_veneer>
2000012a:	2800      	cmp	r0, #0
2000012c:	d118      	bne.n	20000160 <mutex_enter_block_until+0x60>
2000012e:	6822      	ldr	r2, [r4, #0]
20000130:	f3ef 8110 	mrs	r1, PRIMASK
20000134:	b672      	cpsid	i
20000136:	6813      	ldr	r3, [r2, #0]
20000138:	2b00      	cmp	r3, #0
2000013a:	d0fc      	beq.n	20000136 <mutex_enter_block_until+0x36>
2000013c:	f3bf 8f5f 	dmb	sy
20000140:	7923      	ldrb	r3, [r4, #4]
20000142:	6822      	ldr	r2, [r4, #0]
20000144:	2b7f      	cmp	r3, #127	@ 0x7f
20000146:	d9e7      	bls.n	20000118 <mutex_enter_block_until+0x18>
20000148:	4643      	mov	r3, r8
2000014a:	7123      	strb	r3, [r4, #4]
2000014c:	f3bf 8f5f 	dmb	sy
20000150:	2300      	movs	r3, #0
20000152:	6013      	str	r3, [r2, #0]
20000154:	f381 8810 	msr	PRIMASK, r1
20000158:	2001      	movs	r0, #1
2000015a:	bc80      	pop	{r7}
2000015c:	46b8      	mov	r8, r7
2000015e:	bdf0      	pop	{r4, r5, r6, r7, pc}
20000160:	2000      	movs	r0, #0
20000162:	e7fa      	b.n	2000015a <mutex_enter_block_until+0x5a>

20000164 <mutex_try_enter_block_until>:
20000164:	b570      	push	{r4, r5, r6, lr}
20000166:	b082      	sub	sp, #8
20000168:	a901      	add	r1, sp, #4
2000016a:	0006      	movs	r6, r0
2000016c:	0014      	movs	r4, r2
2000016e:	001d      	movs	r5, r3
20000170:	f7ff ffa6 	bl	200000c0 <mutex_try_enter>
20000174:	2800      	cmp	r0, #0
20000176:	d107      	bne.n	20000188 <mutex_try_enter_block_until+0x24>
20000178:	22d0      	movs	r2, #208	@ 0xd0
2000017a:	0612      	lsls	r2, r2, #24
2000017c:	9b01      	ldr	r3, [sp, #4]
2000017e:	7812      	ldrb	r2, [r2, #0]
20000180:	b25b      	sxtb	r3, r3
20000182:	b252      	sxtb	r2, r2
20000184:	4293      	cmp	r3, r2
20000186:	d101      	bne.n	2000018c <mutex_try_enter_block_until+0x28>
20000188:	b002      	add	sp, #8
2000018a:	bd70      	pop	{r4, r5, r6, pc}
2000018c:	0022      	movs	r2, r4
2000018e:	002b      	movs	r3, r5
20000190:	0030      	movs	r0, r6
20000192:	f7ff ffb5 	bl	20000100 <mutex_enter_block_until>
20000196:	e7f7      	b.n	20000188 <mutex_try_enter_block_until+0x24>

20000198 <mutex_enter_timeout_ms>:
20000198:	b5f8      	push	{r3, r4, r5, r6, r7, lr}
2000019a:	000e      	movs	r6, r1
2000019c:	0007      	movs	r7, r0
2000019e:	f000 ff67 	bl	20001070 <__time_us_64_veneer>
200001a2:	22fa      	movs	r2, #250	@ 0xfa
200001a4:	0004      	movs	r4, r0
200001a6:	000d      	movs	r5, r1
200001a8:	2300      	movs	r3, #0
200001aa:	0092      	lsls	r2, r2, #2
200001ac:	0030      	movs	r0, r6
200001ae:	2100      	movs	r1, #0
200001b0:	f000 ff36 	bl	20001020 <____wrap___aeabi_lmul_veneer>
200001b4:	0022      	movs	r2, r4
200001b6:	002b      	movs	r3, r5
200001b8:	1812      	adds	r2, r2, r0
200001ba:	414b      	adcs	r3, r1
200001bc:	2b00      	cmp	r3, #0
200001be:	da02      	bge.n	200001c6 <mutex_enter_timeout_ms+0x2e>
200001c0:	2201      	movs	r2, #1
200001c2:	4b03      	ldr	r3, [pc, #12]	@ (200001d0 <mutex_enter_timeout_ms+0x38>)
200001c4:	4252      	negs	r2, r2
200001c6:	0038      	movs	r0, r7
200001c8:	f7ff ff9a 	bl	20000100 <mutex_enter_block_until>
200001cc:	bdf8      	pop	{r3, r4, r5, r6, r7, pc}
200001ce:	46c0      	nop			@ (mov r8, r8)
200001d0:	7fffffff 	.word	0x7fffffff

200001d4 <mutex_exit>:
200001d4:	6802      	ldr	r2, [r0, #0]
200001d6:	f3ef 8110 	mrs	r1, PRIMASK
200001da:	b672      	cpsid	i
200001dc:	6813      	ldr	r3, [r2, #0]
200001de:	2b00      	cmp	r3, #0
200001e0:	d0fc      	beq.n	200001dc <mutex_exit+0x8>
200001e2:	f3bf 8f5f 	dmb	sy
200001e6:	23ff      	movs	r3, #255	@ 0xff
200001e8:	7103      	strb	r3, [r0, #4]
200001ea:	6803      	ldr	r3, [r0, #0]
200001ec:	f3bf 8f5f 	dmb	sy
200001f0:	2200      	movs	r2, #0
200001f2:	601a      	str	r2, [r3, #0]
200001f4:	f381 8810 	msr	PRIMASK, r1
200001f8:	bf40      	sev
200001fa:	4770      	bx	lr

200001fc <flash_init_boot2_copyout>:
200001fc:	4b08      	ldr	r3, [pc, #32]	@ (20000220 <flash_init_boot2_copyout+0x24>)
200001fe:	469c      	mov	ip, r3
20000200:	781b      	ldrb	r3, [r3, #0]
20000202:	2b00      	cmp	r3, #0
20000204:	d10b      	bne.n	2000021e <flash_init_boot2_copyout+0x22>
20000206:	2380      	movs	r3, #128	@ 0x80
20000208:	4806      	ldr	r0, [pc, #24]	@ (20000224 <flash_init_boot2_copyout+0x28>)
2000020a:	4907      	ldr	r1, [pc, #28]	@ (20000228 <flash_init_boot2_copyout+0x2c>)
2000020c:	055b      	lsls	r3, r3, #21
2000020e:	681a      	ldr	r2, [r3, #0]
20000210:	50c2      	str	r2, [r0, r3]
20000212:	3304      	adds	r3, #4
20000214:	428b      	cmp	r3, r1
20000216:	d1fa      	bne.n	2000020e <flash_init_boot2_copyout+0x12>
20000218:	2301      	movs	r3, #1
2000021a:	4662      	mov	r2, ip
2000021c:	7013      	strb	r3, [r2, #0]
2000021e:	4770      	bx	lr
20000220:	20001d84 	.word	0x20001d84
20000224:	100017c4 	.word	0x100017c4
20000228:	10000100 	.word	0x10000100

2000022c <flash_enable_xip_via_boot2>:
2000022c:	b510      	push	{r4, lr}
2000022e:	4b01      	ldr	r3, [pc, #4]	@ (20000234 <flash_enable_xip_via_boot2+0x8>)
20000230:	4798      	blx	r3
20000232:	bd10      	pop	{r4, pc}
20000234:	200017c5 	.word	0x200017c5

20000238 <flash_save_hardware_state>:
20000238:	4b08      	ldr	r3, [pc, #32]	@ (2000025c <flash_save_hardware_state+0x24>)
2000023a:	685a      	ldr	r2, [r3, #4]
2000023c:	6042      	str	r2, [r0, #4]
2000023e:	689a      	ldr	r2, [r3, #8]
20000240:	6082      	str	r2, [r0, #8]
20000242:	68da      	ldr	r2, [r3, #12]
20000244:	60c2      	str	r2, [r0, #12]
20000246:	691a      	ldr	r2, [r3, #16]
20000248:	6102      	str	r2, [r0, #16]
2000024a:	695a      	ldr	r2, [r3, #20]
2000024c:	6142      	str	r2, [r0, #20]
2000024e:	699b      	ldr	r3, [r3, #24]
20000250:	6183      	str	r3, [r0, #24]
20000252:	23a0      	movs	r3, #160	@ 0xa0
20000254:	055b      	lsls	r3, r3, #21
20000256:	681b      	ldr	r3, [r3, #0]
20000258:	6003      	str	r3, [r0, #0]
2000025a:	4770      	bx	lr
2000025c:	40020000 	.word	0x40020000

20000260 <flash_restore_hardware_state>:
20000260:	6842      	ldr	r2, [r0, #4]
20000262:	4b08      	ldr	r3, [pc, #32]	@ (20000284 <flash_restore_hardware_state+0x24>)
20000264:	605a      	str	r2, [r3, #4]
20000266:	6882      	ldr	r2, [r0, #8]
20000268:	609a      	str	r2, [r3, #8]
2000026a:	68c2      	ldr	r2, [r0, #12]
2000026c:	60da      	str	r2, [r3, #12]
2000026e:	6902      	ldr	r2, [r0, #16]
20000270:	611a      	str	r2, [r3, #16]
20000272:	6942      	ldr	r2, [r0, #20]
20000274:	615a      	str	r2, [r3, #20]
20000276:	6982      	ldr	r2, [r0, #24]
20000278:	619a      	str	r2, [r3, #24]
2000027a:	23a0      	movs	r3, #160	@ 0xa0
2000027c:	6802      	ldr	r2, [r0, #0]
2000027e:	055b      	lsls	r3, r3, #21
20000280:	601a      	str	r2, [r3, #0]
20000282:	4770      	bx	lr
20000284:	40020000 	.word	0x40020000

20000288 <flash_do_cmd_cs>:
20000288:	b5f0      	push	{r4, r5, r6, r7, lr}
2000028a:	46d6      	mov	lr, sl
2000028c:	464f      	mov	r7, r9
2000028e:	4646      	mov	r6, r8
20000290:	2300      	movs	r3, #0
20000292:	b5c0      	push	{r6, r7, lr}
20000294:	2718      	movs	r7, #24
20000296:	b08a      	sub	sp, #40	@ 0x28
20000298:	001e      	movs	r6, r3
2000029a:	4681      	mov	r9, r0
2000029c:	000d      	movs	r5, r1
2000029e:	8a98      	ldrh	r0, [r3, #20]
200002a0:	4948      	ldr	r1, [pc, #288]	@ (200003c4 <flash_do_cmd_cs+0x13c>)
200002a2:	883b      	ldrh	r3, [r7, #0]
200002a4:	0014      	movs	r4, r2
200002a6:	4798      	blx	r3
200002a8:	883b      	ldrh	r3, [r7, #0]
200002aa:	4680      	mov	r8, r0
200002ac:	4946      	ldr	r1, [pc, #280]	@ (200003c8 <flash_do_cmd_cs+0x140>)
200002ae:	8ab0      	ldrh	r0, [r6, #20]
200002b0:	4798      	blx	r3
200002b2:	2300      	movs	r3, #0
200002b4:	4945      	ldr	r1, [pc, #276]	@ (200003cc <flash_do_cmd_cs+0x144>)
200002b6:	0006      	movs	r6, r0
200002b8:	8a98      	ldrh	r0, [r3, #20]
200002ba:	883b      	ldrh	r3, [r7, #0]
200002bc:	4798      	blx	r3
200002be:	4682      	mov	sl, r0
200002c0:	f7ff ff9c 	bl	200001fc <flash_init_boot2_copyout>
200002c4:	a803      	add	r0, sp, #12
200002c6:	f7ff ffb7 	bl	20000238 <flash_save_hardware_state>
200002ca:	47c0      	blx	r8
200002cc:	47b0      	blx	r6
200002ce:	4b40      	ldr	r3, [pc, #256]	@ (200003d0 <flash_do_cmd_cs+0x148>)
200002d0:	681a      	ldr	r2, [r3, #0]
200002d2:	2380      	movs	r3, #128	@ 0x80
200002d4:	009b      	lsls	r3, r3, #2
200002d6:	4053      	eors	r3, r2
200002d8:	22c0      	movs	r2, #192	@ 0xc0
200002da:	0092      	lsls	r2, r2, #2
200002dc:	4013      	ands	r3, r2
200002de:	4a3d      	ldr	r2, [pc, #244]	@ (200003d4 <flash_do_cmd_cs+0x14c>)
200002e0:	6013      	str	r3, [r2, #0]
200002e2:	2c00      	cmp	r4, #0
200002e4:	d01f      	beq.n	20000326 <flash_do_cmd_cs+0x9e>
200002e6:	2308      	movs	r3, #8
200002e8:	20c0      	movs	r0, #192	@ 0xc0
200002ea:	0022      	movs	r2, r4
200002ec:	469c      	mov	ip, r3
200002ee:	0540      	lsls	r0, r0, #21
200002f0:	3f16      	subs	r7, #22
200002f2:	4661      	mov	r1, ip
200002f4:	6a83      	ldr	r3, [r0, #40]	@ 0x28
200002f6:	4019      	ands	r1, r3
200002f8:	421f      	tst	r7, r3
200002fa:	d03b      	beq.n	20000374 <flash_do_cmd_cs+0xec>
200002fc:	1aa3      	subs	r3, r4, r2
200002fe:	2a00      	cmp	r2, #0
20000300:	d12d      	bne.n	2000035e <flash_do_cmd_cs+0xd6>
20000302:	2900      	cmp	r1, #0
20000304:	d10d      	bne.n	20000322 <flash_do_cmd_cs+0x9a>
20000306:	2c00      	cmp	r4, #0
20000308:	d00d      	beq.n	20000326 <flash_do_cmd_cs+0x9e>
2000030a:	21c0      	movs	r1, #192	@ 0xc0
2000030c:	0549      	lsls	r1, r1, #21
2000030e:	2608      	movs	r6, #8
20000310:	6a8b      	ldr	r3, [r1, #40]	@ 0x28
20000312:	401e      	ands	r6, r3
20000314:	9601      	str	r6, [sp, #4]
20000316:	2602      	movs	r6, #2
20000318:	421e      	tst	r6, r3
2000031a:	d043      	beq.n	200003a4 <flash_do_cmd_cs+0x11c>
2000031c:	9e01      	ldr	r6, [sp, #4]
2000031e:	2e00      	cmp	r6, #0
20000320:	d0f5      	beq.n	2000030e <flash_do_cmd_cs+0x86>
20000322:	2c00      	cmp	r4, #0
20000324:	d130      	bne.n	20000388 <flash_do_cmd_cs+0x100>
20000326:	4b2a      	ldr	r3, [pc, #168]	@ (200003d0 <flash_do_cmd_cs+0x148>)
20000328:	681a      	ldr	r2, [r3, #0]
2000032a:	23c0      	movs	r3, #192	@ 0xc0
2000032c:	009b      	lsls	r3, r3, #2
2000032e:	4393      	bics	r3, r2
20000330:	4a28      	ldr	r2, [pc, #160]	@ (200003d4 <flash_do_cmd_cs+0x14c>)
20000332:	6013      	str	r3, [r2, #0]
20000334:	47d0      	blx	sl
20000336:	f7ff ff79 	bl	2000022c <flash_enable_xip_via_boot2>
2000033a:	a803      	add	r0, sp, #12
2000033c:	f7ff ff90 	bl	20000260 <flash_restore_hardware_state>
20000340:	b00a      	add	sp, #40	@ 0x28
20000342:	bce0      	pop	{r5, r6, r7}
20000344:	46ba      	mov	sl, r7
20000346:	46b1      	mov	r9, r6
20000348:	46a8      	mov	r8, r5
2000034a:	bdf0      	pop	{r4, r5, r6, r7, pc}
2000034c:	2c00      	cmp	r4, #0
2000034e:	d12e      	bne.n	200003ae <flash_do_cmd_cs+0x126>
20000350:	21c0      	movs	r1, #192	@ 0xc0
20000352:	0549      	lsls	r1, r1, #21
20000354:	6a8e      	ldr	r6, [r1, #40]	@ 0x28
20000356:	2108      	movs	r1, #8
20000358:	4031      	ands	r1, r6
2000035a:	07b6      	lsls	r6, r6, #30
2000035c:	d52e      	bpl.n	200003bc <flash_do_cmd_cs+0x134>
2000035e:	2b0d      	cmp	r3, #13
20000360:	d919      	bls.n	20000396 <flash_do_cmd_cs+0x10e>
20000362:	2900      	cmp	r1, #0
20000364:	d1f2      	bne.n	2000034c <flash_do_cmd_cs+0xc4>
20000366:	21c0      	movs	r1, #192	@ 0xc0
20000368:	0549      	lsls	r1, r1, #21
2000036a:	6a8e      	ldr	r6, [r1, #40]	@ 0x28
2000036c:	2108      	movs	r1, #8
2000036e:	4031      	ands	r1, r6
20000370:	07b6      	lsls	r6, r6, #30
20000372:	d4f4      	bmi.n	2000035e <flash_do_cmd_cs+0xd6>
20000374:	2900      	cmp	r1, #0
20000376:	d104      	bne.n	20000382 <flash_do_cmd_cs+0xfa>
20000378:	0023      	movs	r3, r4
2000037a:	4313      	orrs	r3, r2
2000037c:	2b00      	cmp	r3, #0
2000037e:	d1b8      	bne.n	200002f2 <flash_do_cmd_cs+0x6a>
20000380:	e7d1      	b.n	20000326 <flash_do_cmd_cs+0x9e>
20000382:	0013      	movs	r3, r2
20000384:	2c00      	cmp	r4, #0
20000386:	d0f9      	beq.n	2000037c <flash_do_cmd_cs+0xf4>
20000388:	6e03      	ldr	r3, [r0, #96]	@ 0x60
2000038a:	3c01      	subs	r4, #1
2000038c:	702b      	strb	r3, [r5, #0]
2000038e:	0023      	movs	r3, r4
20000390:	3501      	adds	r5, #1
20000392:	4313      	orrs	r3, r2
20000394:	e7f2      	b.n	2000037c <flash_do_cmd_cs+0xf4>
20000396:	464b      	mov	r3, r9
20000398:	781b      	ldrb	r3, [r3, #0]
2000039a:	3a01      	subs	r2, #1
2000039c:	6603      	str	r3, [r0, #96]	@ 0x60
2000039e:	2301      	movs	r3, #1
200003a0:	4499      	add	r9, r3
200003a2:	e7e7      	b.n	20000374 <flash_do_cmd_cs+0xec>
200003a4:	9b01      	ldr	r3, [sp, #4]
200003a6:	2200      	movs	r2, #0
200003a8:	2b00      	cmp	r3, #0
200003aa:	d0a2      	beq.n	200002f2 <flash_do_cmd_cs+0x6a>
200003ac:	e7ec      	b.n	20000388 <flash_do_cmd_cs+0x100>
200003ae:	23c0      	movs	r3, #192	@ 0xc0
200003b0:	055b      	lsls	r3, r3, #21
200003b2:	6e1b      	ldr	r3, [r3, #96]	@ 0x60
200003b4:	3c01      	subs	r4, #1
200003b6:	702b      	strb	r3, [r5, #0]
200003b8:	3501      	adds	r5, #1
200003ba:	e79a      	b.n	200002f2 <flash_do_cmd_cs+0x6a>
200003bc:	0013      	movs	r3, r2
200003be:	2900      	cmp	r1, #0
200003c0:	d1dc      	bne.n	2000037c <flash_do_cmd_cs+0xf4>
200003c2:	e7d9      	b.n	20000378 <flash_do_cmd_cs+0xf0>
200003c4:	00004649 	.word	0x00004649
200003c8:	00005845 	.word	0x00005845
200003cc:	00004346 	.word	0x00004346
200003d0:	4001800c 	.word	0x4001800c
200003d4:	4001900c 	.word	0x4001900c

200003d8 <reset_non_control_endpoints>:
200003d8:	2200      	movs	r2, #0
200003da:	4b15      	ldr	r3, [pc, #84]	@ (20000430 <reset_non_control_endpoints+0x58>)
200003dc:	b510      	push	{r4, lr}
200003de:	609a      	str	r2, [r3, #8]
200003e0:	60da      	str	r2, [r3, #12]
200003e2:	611a      	str	r2, [r3, #16]
200003e4:	615a      	str	r2, [r3, #20]
200003e6:	619a      	str	r2, [r3, #24]
200003e8:	61da      	str	r2, [r3, #28]
200003ea:	621a      	str	r2, [r3, #32]
200003ec:	625a      	str	r2, [r3, #36]	@ 0x24
200003ee:	629a      	str	r2, [r3, #40]	@ 0x28
200003f0:	62da      	str	r2, [r3, #44]	@ 0x2c
200003f2:	631a      	str	r2, [r3, #48]	@ 0x30
200003f4:	635a      	str	r2, [r3, #52]	@ 0x34
200003f6:	639a      	str	r2, [r3, #56]	@ 0x38
200003f8:	63da      	str	r2, [r3, #60]	@ 0x3c
200003fa:	641a      	str	r2, [r3, #64]	@ 0x40
200003fc:	645a      	str	r2, [r3, #68]	@ 0x44
200003fe:	649a      	str	r2, [r3, #72]	@ 0x48
20000400:	64da      	str	r2, [r3, #76]	@ 0x4c
20000402:	651a      	str	r2, [r3, #80]	@ 0x50
20000404:	655a      	str	r2, [r3, #84]	@ 0x54
20000406:	659a      	str	r2, [r3, #88]	@ 0x58
20000408:	65da      	str	r2, [r3, #92]	@ 0x5c
2000040a:	661a      	str	r2, [r3, #96]	@ 0x60
2000040c:	665a      	str	r2, [r3, #100]	@ 0x64
2000040e:	669a      	str	r2, [r3, #104]	@ 0x68
20000410:	66da      	str	r2, [r3, #108]	@ 0x6c
20000412:	671a      	str	r2, [r3, #112]	@ 0x70
20000414:	675a      	str	r2, [r3, #116]	@ 0x74
20000416:	679a      	str	r2, [r3, #120]	@ 0x78
20000418:	67da      	str	r2, [r3, #124]	@ 0x7c
2000041a:	32f0      	adds	r2, #240	@ 0xf0
2000041c:	0092      	lsls	r2, r2, #2
2000041e:	2100      	movs	r1, #0
20000420:	4804      	ldr	r0, [pc, #16]	@ (20000434 <reset_non_control_endpoints+0x5c>)
20000422:	f000 fe15 	bl	20001050 <____wrap_memset_veneer>
20000426:	4b04      	ldr	r3, [pc, #16]	@ (20000438 <reset_non_control_endpoints+0x60>)
20000428:	4a04      	ldr	r2, [pc, #16]	@ (2000043c <reset_non_control_endpoints+0x64>)
2000042a:	601a      	str	r2, [r3, #0]
2000042c:	bd10      	pop	{r4, pc}
2000042e:	46c0      	nop			@ (mov r8, r8)
20000430:	50100000 	.word	0x50100000
20000434:	20001970 	.word	0x20001970
20000438:	20001d38 	.word	0x20001d38
2000043c:	50100180 	.word	0x50100180

20000440 <hw_handle_buff_status>:
20000440:	b5f0      	push	{r4, r5, r6, r7, lr}
20000442:	4647      	mov	r7, r8
20000444:	46ce      	mov	lr, r9
20000446:	b580      	push	{r7, lr}
20000448:	4b1c      	ldr	r3, [pc, #112]	@ (200004bc <hw_handle_buff_status+0x7c>)
2000044a:	b085      	sub	sp, #20
2000044c:	6d9f      	ldr	r7, [r3, #88]	@ 0x58
2000044e:	2f00      	cmp	r7, #0
20000450:	d01d      	beq.n	2000048e <hw_handle_buff_status+0x4e>
20000452:	4b1b      	ldr	r3, [pc, #108]	@ (200004c0 <hw_handle_buff_status+0x80>)
20000454:	2400      	movs	r4, #0
20000456:	4698      	mov	r8, r3
20000458:	4b1a      	ldr	r3, [pc, #104]	@ (200004c4 <hw_handle_buff_status+0x84>)
2000045a:	2601      	movs	r6, #1
2000045c:	4699      	mov	r9, r3
2000045e:	e004      	b.n	2000046a <hw_handle_buff_status+0x2a>
20000460:	3401      	adds	r4, #1
20000462:	b2e4      	uxtb	r4, r4
20000464:	0076      	lsls	r6, r6, #1
20000466:	2c20      	cmp	r4, #32
20000468:	d011      	beq.n	2000048e <hw_handle_buff_status+0x4e>
2000046a:	423e      	tst	r6, r7
2000046c:	d0f8      	beq.n	20000460 <hw_handle_buff_status+0x20>
2000046e:	4643      	mov	r3, r8
20000470:	659e      	str	r6, [r3, #88]	@ 0x58
20000472:	2301      	movs	r3, #1
20000474:	0865      	lsrs	r5, r4, #1
20000476:	006d      	lsls	r5, r5, #1
20000478:	43a3      	bics	r3, r4
2000047a:	18ed      	adds	r5, r5, r3
2000047c:	016d      	lsls	r5, r5, #5
2000047e:	444d      	add	r5, r9
20000480:	0028      	movs	r0, r5
20000482:	f000 fcaf 	bl	20000de4 <hw_endpoint_xfer_continue>
20000486:	2800      	cmp	r0, #0
20000488:	d106      	bne.n	20000498 <hw_handle_buff_status+0x58>
2000048a:	43b7      	bics	r7, r6
2000048c:	d1e8      	bne.n	20000460 <hw_handle_buff_status+0x20>
2000048e:	b005      	add	sp, #20
20000490:	bcc0      	pop	{r6, r7}
20000492:	46b9      	mov	r9, r7
20000494:	46b0      	mov	r8, r6
20000496:	bdf0      	pop	{r4, r5, r6, r7, pc}
20000498:	8aeb      	ldrh	r3, [r5, #22]
2000049a:	21e0      	movs	r1, #224	@ 0xe0
2000049c:	9303      	str	r3, [sp, #12]
2000049e:	2300      	movs	r3, #0
200004a0:	a801      	add	r0, sp, #4
200004a2:	78aa      	ldrb	r2, [r5, #2]
200004a4:	00c9      	lsls	r1, r1, #3
200004a6:	8001      	strh	r1, [r0, #0]
200004a8:	2101      	movs	r1, #1
200004aa:	7102      	strb	r2, [r0, #4]
200004ac:	7143      	strb	r3, [r0, #5]
200004ae:	f000 fcb9 	bl	20000e24 <dcd_event_handler>
200004b2:	0028      	movs	r0, r5
200004b4:	f000 fc32 	bl	20000d1c <hw_endpoint_reset_transfer>
200004b8:	e7e7      	b.n	2000048a <hw_handle_buff_status+0x4a>
200004ba:	46c0      	nop			@ (mov r8, r8)
200004bc:	50110000 	.word	0x50110000
200004c0:	50113000 	.word	0x50113000
200004c4:	20001930 	.word	0x20001930

200004c8 <dcd_rp2040_irq>:
200004c8:	2398      	movs	r3, #152	@ 0x98
200004ca:	4ac6      	ldr	r2, [pc, #792]	@ (200007e4 <dcd_rp2040_irq+0x31c>)
200004cc:	b5f0      	push	{r4, r5, r6, r7, lr}
200004ce:	58d5      	ldr	r5, [r2, r3]
200004d0:	2380      	movs	r3, #128	@ 0x80
200004d2:	002e      	movs	r6, r5
200004d4:	029b      	lsls	r3, r3, #10
200004d6:	2410      	movs	r4, #16
200004d8:	b085      	sub	sp, #20
200004da:	401e      	ands	r6, r3
200004dc:	421d      	tst	r5, r3
200004de:	d074      	beq.n	200005ca <dcd_rp2040_irq+0x102>
200004e0:	4bc1      	ldr	r3, [pc, #772]	@ (200007e8 <dcd_rp2040_irq+0x320>)
200004e2:	4cc2      	ldr	r4, [pc, #776]	@ (200007ec <dcd_rp2040_irq+0x324>)
200004e4:	6a9a      	ldr	r2, [r3, #40]	@ 0x28
200004e6:	4bc2      	ldr	r3, [pc, #776]	@ (200007f0 <dcd_rp2040_irq+0x328>)
200004e8:	2600      	movs	r6, #0
200004ea:	601a      	str	r2, [r3, #0]
200004ec:	233b      	movs	r3, #59	@ 0x3b
200004ee:	5ce3      	ldrb	r3, [r4, r3]
200004f0:	2b02      	cmp	r3, #2
200004f2:	d100      	bne.n	200004f6 <dcd_rp2040_irq+0x2e>
200004f4:	e14b      	b.n	2000078e <dcd_rp2040_irq+0x2c6>
200004f6:	237b      	movs	r3, #123	@ 0x7b
200004f8:	5ce3      	ldrb	r3, [r4, r3]
200004fa:	2b02      	cmp	r3, #2
200004fc:	d100      	bne.n	20000500 <dcd_rp2040_irq+0x38>
200004fe:	e0ef      	b.n	200006e0 <dcd_rp2040_irq+0x218>
20000500:	23bb      	movs	r3, #187	@ 0xbb
20000502:	5ce3      	ldrb	r3, [r4, r3]
20000504:	2b02      	cmp	r3, #2
20000506:	d100      	bne.n	2000050a <dcd_rp2040_irq+0x42>
20000508:	e0f6      	b.n	200006f8 <dcd_rp2040_irq+0x230>
2000050a:	23fb      	movs	r3, #251	@ 0xfb
2000050c:	5ce3      	ldrb	r3, [r4, r3]
2000050e:	2b02      	cmp	r3, #2
20000510:	d100      	bne.n	20000514 <dcd_rp2040_irq+0x4c>
20000512:	e0fd      	b.n	20000710 <dcd_rp2040_irq+0x248>
20000514:	233c      	movs	r3, #60	@ 0x3c
20000516:	33ff      	adds	r3, #255	@ 0xff
20000518:	5ce3      	ldrb	r3, [r4, r3]
2000051a:	2b02      	cmp	r3, #2
2000051c:	d100      	bne.n	20000520 <dcd_rp2040_irq+0x58>
2000051e:	e129      	b.n	20000774 <dcd_rp2040_irq+0x2ac>
20000520:	237c      	movs	r3, #124	@ 0x7c
20000522:	33ff      	adds	r3, #255	@ 0xff
20000524:	5ce3      	ldrb	r3, [r4, r3]
20000526:	2b02      	cmp	r3, #2
20000528:	d100      	bne.n	2000052c <dcd_rp2040_irq+0x64>
2000052a:	e10a      	b.n	20000742 <dcd_rp2040_irq+0x27a>
2000052c:	23bc      	movs	r3, #188	@ 0xbc
2000052e:	33ff      	adds	r3, #255	@ 0xff
20000530:	5ce3      	ldrb	r3, [r4, r3]
20000532:	2b02      	cmp	r3, #2
20000534:	d100      	bne.n	20000538 <dcd_rp2040_irq+0x70>
20000536:	e13b      	b.n	200007b0 <dcd_rp2040_irq+0x2e8>
20000538:	23fc      	movs	r3, #252	@ 0xfc
2000053a:	33ff      	adds	r3, #255	@ 0xff
2000053c:	5ce3      	ldrb	r3, [r4, r3]
2000053e:	2b02      	cmp	r3, #2
20000540:	d100      	bne.n	20000544 <dcd_rp2040_irq+0x7c>
20000542:	e0f1      	b.n	20000728 <dcd_rp2040_irq+0x260>
20000544:	4bab      	ldr	r3, [pc, #684]	@ (200007f4 <dcd_rp2040_irq+0x32c>)
20000546:	5ce3      	ldrb	r3, [r4, r3]
20000548:	2b02      	cmp	r3, #2
2000054a:	d100      	bne.n	2000054e <dcd_rp2040_irq+0x86>
2000054c:	e170      	b.n	20000830 <dcd_rp2040_irq+0x368>
2000054e:	4baa      	ldr	r3, [pc, #680]	@ (200007f8 <dcd_rp2040_irq+0x330>)
20000550:	5ce3      	ldrb	r3, [r4, r3]
20000552:	2b02      	cmp	r3, #2
20000554:	d100      	bne.n	20000558 <dcd_rp2040_irq+0x90>
20000556:	e101      	b.n	2000075c <dcd_rp2040_irq+0x294>
20000558:	4ba8      	ldr	r3, [pc, #672]	@ (200007fc <dcd_rp2040_irq+0x334>)
2000055a:	5ce3      	ldrb	r3, [r4, r3]
2000055c:	2b02      	cmp	r3, #2
2000055e:	d100      	bne.n	20000562 <dcd_rp2040_irq+0x9a>
20000560:	e171      	b.n	20000846 <dcd_rp2040_irq+0x37e>
20000562:	4ba7      	ldr	r3, [pc, #668]	@ (20000800 <dcd_rp2040_irq+0x338>)
20000564:	5ce3      	ldrb	r3, [r4, r3]
20000566:	2b02      	cmp	r3, #2
20000568:	d100      	bne.n	2000056c <dcd_rp2040_irq+0xa4>
2000056a:	e12e      	b.n	200007ca <dcd_rp2040_irq+0x302>
2000056c:	4ba5      	ldr	r3, [pc, #660]	@ (20000804 <dcd_rp2040_irq+0x33c>)
2000056e:	5ce3      	ldrb	r3, [r4, r3]
20000570:	2b02      	cmp	r3, #2
20000572:	d100      	bne.n	20000576 <dcd_rp2040_irq+0xae>
20000574:	e189      	b.n	2000088a <dcd_rp2040_irq+0x3c2>
20000576:	4ba4      	ldr	r3, [pc, #656]	@ (20000808 <dcd_rp2040_irq+0x340>)
20000578:	5ce3      	ldrb	r3, [r4, r3]
2000057a:	2b02      	cmp	r3, #2
2000057c:	d100      	bne.n	20000580 <dcd_rp2040_irq+0xb8>
2000057e:	e16d      	b.n	2000085c <dcd_rp2040_irq+0x394>
20000580:	4ba2      	ldr	r3, [pc, #648]	@ (2000080c <dcd_rp2040_irq+0x344>)
20000582:	5ce3      	ldrb	r3, [r4, r3]
20000584:	2b02      	cmp	r3, #2
20000586:	d100      	bne.n	2000058a <dcd_rp2040_irq+0xc2>
20000588:	e18a      	b.n	200008a0 <dcd_rp2040_irq+0x3d8>
2000058a:	4ba1      	ldr	r3, [pc, #644]	@ (20000810 <dcd_rp2040_irq+0x348>)
2000058c:	5ce3      	ldrb	r3, [r4, r3]
2000058e:	2b02      	cmp	r3, #2
20000590:	d100      	bne.n	20000594 <dcd_rp2040_irq+0xcc>
20000592:	e1ab      	b.n	200008ec <dcd_rp2040_irq+0x424>
20000594:	2e00      	cmp	r6, #0
20000596:	d108      	bne.n	200005aa <dcd_rp2040_irq+0xe2>
20000598:	4b9e      	ldr	r3, [pc, #632]	@ (20000814 <dcd_rp2040_irq+0x34c>)
2000059a:	781b      	ldrb	r3, [r3, #0]
2000059c:	2b00      	cmp	r3, #0
2000059e:	d104      	bne.n	200005aa <dcd_rp2040_irq+0xe2>
200005a0:	2180      	movs	r1, #128	@ 0x80
200005a2:	4a9d      	ldr	r2, [pc, #628]	@ (20000818 <dcd_rp2040_irq+0x350>)
200005a4:	3390      	adds	r3, #144	@ 0x90
200005a6:	0289      	lsls	r1, r1, #10
200005a8:	50d1      	str	r1, [r2, r3]
200005aa:	22c0      	movs	r2, #192	@ 0xc0
200005ac:	4669      	mov	r1, sp
200005ae:	4b8d      	ldr	r3, [pc, #564]	@ (200007e4 <dcd_rp2040_irq+0x31c>)
200005b0:	0092      	lsls	r2, r2, #2
200005b2:	6c9b      	ldr	r3, [r3, #72]	@ 0x48
200005b4:	2680      	movs	r6, #128	@ 0x80
200005b6:	055b      	lsls	r3, r3, #21
200005b8:	808a      	strh	r2, [r1, #4]
200005ba:	0d5b      	lsrs	r3, r3, #21
200005bc:	2101      	movs	r1, #1
200005be:	a801      	add	r0, sp, #4
200005c0:	9302      	str	r3, [sp, #8]
200005c2:	f000 fc2f 	bl	20000e24 <dcd_event_handler>
200005c6:	4c95      	ldr	r4, [pc, #596]	@ (2000081c <dcd_rp2040_irq+0x354>)
200005c8:	02b6      	lsls	r6, r6, #10
200005ca:	06eb      	lsls	r3, r5, #27
200005cc:	d500      	bpl.n	200005d0 <dcd_rp2040_irq+0x108>
200005ce:	e07b      	b.n	200006c8 <dcd_rp2040_irq+0x200>
200005d0:	2380      	movs	r3, #128	@ 0x80
200005d2:	025b      	lsls	r3, r3, #9
200005d4:	421d      	tst	r5, r3
200005d6:	d02f      	beq.n	20000638 <dcd_rp2040_irq+0x170>
200005d8:	2402      	movs	r4, #2
200005da:	4f84      	ldr	r7, [pc, #528]	@ (200007ec <dcd_rp2040_irq+0x324>)
200005dc:	431e      	orrs	r6, r3
200005de:	7ebb      	ldrb	r3, [r7, #26]
200005e0:	2b00      	cmp	r3, #0
200005e2:	d014      	beq.n	2000060e <dcd_rp2040_irq+0x146>
200005e4:	f000 fd0c 	bl	20001000 <__rp2040_chip_version_veneer>
200005e8:	2801      	cmp	r0, #1
200005ea:	d900      	bls.n	200005ee <dcd_rp2040_irq+0x126>
200005ec:	e070      	b.n	200006d0 <dcd_rp2040_irq+0x208>
200005ee:	22c0      	movs	r2, #192	@ 0xc0
200005f0:	2100      	movs	r1, #0
200005f2:	0038      	movs	r0, r7
200005f4:	0192      	lsls	r2, r2, #6
200005f6:	f000 fb97 	bl	20000d28 <_hw_endpoint_buffer_control_update32>
200005fa:	0038      	movs	r0, r7
200005fc:	f000 fb8e 	bl	20000d1c <hw_endpoint_reset_transfer>
20000600:	f000 fcfe 	bl	20001000 <__rp2040_chip_version_veneer>
20000604:	2801      	cmp	r0, #1
20000606:	d902      	bls.n	2000060e <dcd_rp2040_irq+0x146>
20000608:	4b83      	ldr	r3, [pc, #524]	@ (20000818 <dcd_rp2040_irq+0x350>)
2000060a:	665c      	str	r4, [r3, #100]	@ 0x64
2000060c:	661c      	str	r4, [r3, #96]	@ 0x60
2000060e:	2301      	movs	r3, #1
20000610:	70fb      	strb	r3, [r7, #3]
20000612:	3720      	adds	r7, #32
20000614:	2c01      	cmp	r4, #1
20000616:	d120      	bne.n	2000065a <dcd_rp2040_irq+0x192>
20000618:	23c0      	movs	r3, #192	@ 0xc0
2000061a:	466a      	mov	r2, sp
2000061c:	00db      	lsls	r3, r3, #3
2000061e:	8093      	strh	r3, [r2, #4]
20000620:	4a7f      	ldr	r2, [pc, #508]	@ (20000820 <dcd_rp2040_irq+0x358>)
20000622:	ab02      	add	r3, sp, #8
20000624:	ca03      	ldmia	r2!, {r0, r1}
20000626:	c303      	stmia	r3!, {r0, r1}
20000628:	2101      	movs	r1, #1
2000062a:	a801      	add	r0, sp, #4
2000062c:	f000 fbfa 	bl	20000e24 <dcd_event_handler>
20000630:	2280      	movs	r2, #128	@ 0x80
20000632:	4b79      	ldr	r3, [pc, #484]	@ (20000818 <dcd_rp2040_irq+0x350>)
20000634:	0292      	lsls	r2, r2, #10
20000636:	651a      	str	r2, [r3, #80]	@ 0x50
20000638:	2380      	movs	r3, #128	@ 0x80
2000063a:	015b      	lsls	r3, r3, #5
2000063c:	421d      	tst	r5, r3
2000063e:	d10e      	bne.n	2000065e <dcd_rp2040_irq+0x196>
20000640:	2380      	movs	r3, #128	@ 0x80
20000642:	01db      	lsls	r3, r3, #7
20000644:	421d      	tst	r5, r3
20000646:	d121      	bne.n	2000068c <dcd_rp2040_irq+0x1c4>
20000648:	2380      	movs	r3, #128	@ 0x80
2000064a:	021b      	lsls	r3, r3, #8
2000064c:	421d      	tst	r5, r3
2000064e:	d12d      	bne.n	200006ac <dcd_rp2040_irq+0x1e4>
20000650:	42ae      	cmp	r6, r5
20000652:	d000      	beq.n	20000656 <dcd_rp2040_irq+0x18e>
20000654:	e1c0      	b.n	200009d8 <dcd_rp2040_irq+0x510>
20000656:	b005      	add	sp, #20
20000658:	bdf0      	pop	{r4, r5, r6, r7, pc}
2000065a:	2401      	movs	r4, #1
2000065c:	e7bf      	b.n	200005de <dcd_rp2040_irq+0x116>
2000065e:	2400      	movs	r4, #0
20000660:	431e      	orrs	r6, r3
20000662:	4b60      	ldr	r3, [pc, #384]	@ (200007e4 <dcd_rp2040_irq+0x31c>)
20000664:	601c      	str	r4, [r3, #0]
20000666:	f7ff feb7 	bl	200003d8 <reset_non_control_endpoints>
2000066a:	2380      	movs	r3, #128	@ 0x80
2000066c:	466a      	mov	r2, sp
2000066e:	005b      	lsls	r3, r3, #1
20000670:	8093      	strh	r3, [r2, #4]
20000672:	7214      	strb	r4, [r2, #8]
20000674:	2101      	movs	r1, #1
20000676:	a801      	add	r0, sp, #4
20000678:	f000 fbd4 	bl	20000e24 <dcd_event_handler>
2000067c:	2280      	movs	r2, #128	@ 0x80
2000067e:	4b66      	ldr	r3, [pc, #408]	@ (20000818 <dcd_rp2040_irq+0x350>)
20000680:	0312      	lsls	r2, r2, #12
20000682:	651a      	str	r2, [r3, #80]	@ 0x50
20000684:	2380      	movs	r3, #128	@ 0x80
20000686:	01db      	lsls	r3, r3, #7
20000688:	421d      	tst	r5, r3
2000068a:	d0dd      	beq.n	20000648 <dcd_rp2040_irq+0x180>
2000068c:	431e      	orrs	r6, r3
2000068e:	2380      	movs	r3, #128	@ 0x80
20000690:	466a      	mov	r2, sp
20000692:	00db      	lsls	r3, r3, #3
20000694:	8093      	strh	r3, [r2, #4]
20000696:	2101      	movs	r1, #1
20000698:	a801      	add	r0, sp, #4
2000069a:	f000 fbc3 	bl	20000e24 <dcd_event_handler>
2000069e:	2210      	movs	r2, #16
200006a0:	4b5d      	ldr	r3, [pc, #372]	@ (20000818 <dcd_rp2040_irq+0x350>)
200006a2:	651a      	str	r2, [r3, #80]	@ 0x50
200006a4:	2380      	movs	r3, #128	@ 0x80
200006a6:	021b      	lsls	r3, r3, #8
200006a8:	421d      	tst	r5, r3
200006aa:	d0d1      	beq.n	20000650 <dcd_rp2040_irq+0x188>
200006ac:	431e      	orrs	r6, r3
200006ae:	23a0      	movs	r3, #160	@ 0xa0
200006b0:	466a      	mov	r2, sp
200006b2:	00db      	lsls	r3, r3, #3
200006b4:	8093      	strh	r3, [r2, #4]
200006b6:	2101      	movs	r1, #1
200006b8:	a801      	add	r0, sp, #4
200006ba:	f000 fbb3 	bl	20000e24 <dcd_event_handler>
200006be:	2280      	movs	r2, #128	@ 0x80
200006c0:	4b55      	ldr	r3, [pc, #340]	@ (20000818 <dcd_rp2040_irq+0x350>)
200006c2:	0112      	lsls	r2, r2, #4
200006c4:	651a      	str	r2, [r3, #80]	@ 0x50
200006c6:	e7c3      	b.n	20000650 <dcd_rp2040_irq+0x188>
200006c8:	f7ff feba 	bl	20000440 <hw_handle_buff_status>
200006cc:	0026      	movs	r6, r4
200006ce:	e77f      	b.n	200005d0 <dcd_rp2040_irq+0x108>
200006d0:	4b54      	ldr	r3, [pc, #336]	@ (20000824 <dcd_rp2040_irq+0x35c>)
200006d2:	4a44      	ldr	r2, [pc, #272]	@ (200007e4 <dcd_rp2040_irq+0x31c>)
200006d4:	661c      	str	r4, [r3, #96]	@ 0x60
200006d6:	6e53      	ldr	r3, [r2, #100]	@ 0x64
200006d8:	4023      	ands	r3, r4
200006da:	42a3      	cmp	r3, r4
200006dc:	d1fb      	bne.n	200006d6 <dcd_rp2040_irq+0x20e>
200006de:	e786      	b.n	200005ee <dcd_rp2040_irq+0x126>
200006e0:	3378      	adds	r3, #120	@ 0x78
200006e2:	5ce7      	ldrb	r7, [r4, r3]
200006e4:	2f00      	cmp	r7, #0
200006e6:	d100      	bne.n	200006ea <dcd_rp2040_irq+0x222>
200006e8:	e70a      	b.n	20000500 <dcd_rp2040_irq+0x38>
200006ea:	3302      	adds	r3, #2
200006ec:	5ce2      	ldrb	r2, [r4, r3]
200006ee:	2a00      	cmp	r2, #0
200006f0:	d000      	beq.n	200006f4 <dcd_rp2040_irq+0x22c>
200006f2:	e169      	b.n	200009c8 <dcd_rp2040_irq+0x500>
200006f4:	003e      	movs	r6, r7
200006f6:	e703      	b.n	20000500 <dcd_rp2040_irq+0x38>
200006f8:	33b8      	adds	r3, #184	@ 0xb8
200006fa:	5ce7      	ldrb	r7, [r4, r3]
200006fc:	2f00      	cmp	r7, #0
200006fe:	d100      	bne.n	20000702 <dcd_rp2040_irq+0x23a>
20000700:	e703      	b.n	2000050a <dcd_rp2040_irq+0x42>
20000702:	3302      	adds	r3, #2
20000704:	5ce2      	ldrb	r2, [r4, r3]
20000706:	2a00      	cmp	r2, #0
20000708:	d000      	beq.n	2000070c <dcd_rp2040_irq+0x244>
2000070a:	e155      	b.n	200009b8 <dcd_rp2040_irq+0x4f0>
2000070c:	003e      	movs	r6, r7
2000070e:	e6fc      	b.n	2000050a <dcd_rp2040_irq+0x42>
20000710:	33f8      	adds	r3, #248	@ 0xf8
20000712:	5ce7      	ldrb	r7, [r4, r3]
20000714:	2f00      	cmp	r7, #0
20000716:	d100      	bne.n	2000071a <dcd_rp2040_irq+0x252>
20000718:	e6fc      	b.n	20000514 <dcd_rp2040_irq+0x4c>
2000071a:	3302      	adds	r3, #2
2000071c:	5ce2      	ldrb	r2, [r4, r3]
2000071e:	2a00      	cmp	r2, #0
20000720:	d000      	beq.n	20000724 <dcd_rp2040_irq+0x25c>
20000722:	e141      	b.n	200009a8 <dcd_rp2040_irq+0x4e0>
20000724:	003e      	movs	r6, r7
20000726:	e6f5      	b.n	20000514 <dcd_rp2040_irq+0x4c>
20000728:	33f9      	adds	r3, #249	@ 0xf9
2000072a:	33ff      	adds	r3, #255	@ 0xff
2000072c:	5ce7      	ldrb	r7, [r4, r3]
2000072e:	2f00      	cmp	r7, #0
20000730:	d100      	bne.n	20000734 <dcd_rp2040_irq+0x26c>
20000732:	e707      	b.n	20000544 <dcd_rp2040_irq+0x7c>
20000734:	3302      	adds	r3, #2
20000736:	5ce2      	ldrb	r2, [r4, r3]
20000738:	2a00      	cmp	r2, #0
2000073a:	d000      	beq.n	2000073e <dcd_rp2040_irq+0x276>
2000073c:	e12b      	b.n	20000996 <dcd_rp2040_irq+0x4ce>
2000073e:	003e      	movs	r6, r7
20000740:	e700      	b.n	20000544 <dcd_rp2040_irq+0x7c>
20000742:	3379      	adds	r3, #121	@ 0x79
20000744:	33ff      	adds	r3, #255	@ 0xff
20000746:	5ce7      	ldrb	r7, [r4, r3]
20000748:	2f00      	cmp	r7, #0
2000074a:	d100      	bne.n	2000074e <dcd_rp2040_irq+0x286>
2000074c:	e6ee      	b.n	2000052c <dcd_rp2040_irq+0x64>
2000074e:	3302      	adds	r3, #2
20000750:	5ce2      	ldrb	r2, [r4, r3]
20000752:	2a00      	cmp	r2, #0
20000754:	d000      	beq.n	20000758 <dcd_rp2040_irq+0x290>
20000756:	e115      	b.n	20000984 <dcd_rp2040_irq+0x4bc>
20000758:	003e      	movs	r6, r7
2000075a:	e6e7      	b.n	2000052c <dcd_rp2040_irq+0x64>
2000075c:	4b32      	ldr	r3, [pc, #200]	@ (20000828 <dcd_rp2040_irq+0x360>)
2000075e:	5ce7      	ldrb	r7, [r4, r3]
20000760:	2f00      	cmp	r7, #0
20000762:	d100      	bne.n	20000766 <dcd_rp2040_irq+0x29e>
20000764:	e6f8      	b.n	20000558 <dcd_rp2040_irq+0x90>
20000766:	3302      	adds	r3, #2
20000768:	5ce2      	ldrb	r2, [r4, r3]
2000076a:	2a00      	cmp	r2, #0
2000076c:	d000      	beq.n	20000770 <dcd_rp2040_irq+0x2a8>
2000076e:	e101      	b.n	20000974 <dcd_rp2040_irq+0x4ac>
20000770:	003e      	movs	r6, r7
20000772:	e6f1      	b.n	20000558 <dcd_rp2040_irq+0x90>
20000774:	3339      	adds	r3, #57	@ 0x39
20000776:	33ff      	adds	r3, #255	@ 0xff
20000778:	5ce7      	ldrb	r7, [r4, r3]
2000077a:	2f00      	cmp	r7, #0
2000077c:	d100      	bne.n	20000780 <dcd_rp2040_irq+0x2b8>
2000077e:	e6cf      	b.n	20000520 <dcd_rp2040_irq+0x58>
20000780:	3302      	adds	r3, #2
20000782:	5ce2      	ldrb	r2, [r4, r3]
20000784:	2a00      	cmp	r2, #0
20000786:	d000      	beq.n	2000078a <dcd_rp2040_irq+0x2c2>
20000788:	e0eb      	b.n	20000962 <dcd_rp2040_irq+0x49a>
2000078a:	003e      	movs	r6, r7
2000078c:	e6c8      	b.n	20000520 <dcd_rp2040_irq+0x58>
2000078e:	3338      	adds	r3, #56	@ 0x38
20000790:	5ce6      	ldrb	r6, [r4, r3]
20000792:	2e00      	cmp	r6, #0
20000794:	d100      	bne.n	20000798 <dcd_rp2040_irq+0x2d0>
20000796:	e6ae      	b.n	200004f6 <dcd_rp2040_irq+0x2e>
20000798:	3302      	adds	r3, #2
2000079a:	5ce2      	ldrb	r2, [r4, r3]
2000079c:	2a00      	cmp	r2, #0
2000079e:	d100      	bne.n	200007a2 <dcd_rp2040_irq+0x2da>
200007a0:	e6a9      	b.n	200004f6 <dcd_rp2040_irq+0x2e>
200007a2:	0020      	movs	r0, r4
200007a4:	2200      	movs	r2, #0
200007a6:	3020      	adds	r0, #32
200007a8:	54e2      	strb	r2, [r4, r3]
200007aa:	f000 fae5 	bl	20000d78 <hw_endpoint_start_next_buffer>
200007ae:	e6a2      	b.n	200004f6 <dcd_rp2040_irq+0x2e>
200007b0:	33b9      	adds	r3, #185	@ 0xb9
200007b2:	33ff      	adds	r3, #255	@ 0xff
200007b4:	5ce7      	ldrb	r7, [r4, r3]
200007b6:	2f00      	cmp	r7, #0
200007b8:	d100      	bne.n	200007bc <dcd_rp2040_irq+0x2f4>
200007ba:	e6bd      	b.n	20000538 <dcd_rp2040_irq+0x70>
200007bc:	3302      	adds	r3, #2
200007be:	5ce2      	ldrb	r2, [r4, r3]
200007c0:	2a00      	cmp	r2, #0
200007c2:	d000      	beq.n	200007c6 <dcd_rp2040_irq+0x2fe>
200007c4:	e0c4      	b.n	20000950 <dcd_rp2040_irq+0x488>
200007c6:	003e      	movs	r6, r7
200007c8:	e6b6      	b.n	20000538 <dcd_rp2040_irq+0x70>
200007ca:	4b18      	ldr	r3, [pc, #96]	@ (2000082c <dcd_rp2040_irq+0x364>)
200007cc:	5ce7      	ldrb	r7, [r4, r3]
200007ce:	2f00      	cmp	r7, #0
200007d0:	d100      	bne.n	200007d4 <dcd_rp2040_irq+0x30c>
200007d2:	e6cb      	b.n	2000056c <dcd_rp2040_irq+0xa4>
200007d4:	3302      	adds	r3, #2
200007d6:	5ce2      	ldrb	r2, [r4, r3]
200007d8:	2a00      	cmp	r2, #0
200007da:	d000      	beq.n	200007de <dcd_rp2040_irq+0x316>
200007dc:	e0b0      	b.n	20000940 <dcd_rp2040_irq+0x478>
200007de:	003e      	movs	r6, r7
200007e0:	e6c4      	b.n	2000056c <dcd_rp2040_irq+0xa4>
200007e2:	46c0      	nop			@ (mov r8, r8)
200007e4:	50110000 	.word	0x50110000
200007e8:	40054000 	.word	0x40054000
200007ec:	20001930 	.word	0x20001930
200007f0:	20001928 	.word	0x20001928
200007f4:	0000023b 	.word	0x0000023b
200007f8:	0000027b 	.word	0x0000027b
200007fc:	000002bb 	.word	0x000002bb
20000800:	000002fb 	.word	0x000002fb
20000804:	0000033b 	.word	0x0000033b
20000808:	0000037b 	.word	0x0000037b
2000080c:	000003bb 	.word	0x000003bb
20000810:	000003fb 	.word	0x000003fb
20000814:	20001d82 	.word	0x20001d82
20000818:	50113000 	.word	0x50113000
2000081c:	00020010 	.word	0x00020010
20000820:	50100000 	.word	0x50100000
20000824:	50112000 	.word	0x50112000
20000828:	0000027a 	.word	0x0000027a
2000082c:	000002fa 	.word	0x000002fa
20000830:	4b6c      	ldr	r3, [pc, #432]	@ (200009e4 <dcd_rp2040_irq+0x51c>)
20000832:	5ce7      	ldrb	r7, [r4, r3]
20000834:	2f00      	cmp	r7, #0
20000836:	d100      	bne.n	2000083a <dcd_rp2040_irq+0x372>
20000838:	e689      	b.n	2000054e <dcd_rp2040_irq+0x86>
2000083a:	3302      	adds	r3, #2
2000083c:	5ce2      	ldrb	r2, [r4, r3]
2000083e:	2a00      	cmp	r2, #0
20000840:	d176      	bne.n	20000930 <dcd_rp2040_irq+0x468>
20000842:	003e      	movs	r6, r7
20000844:	e683      	b.n	2000054e <dcd_rp2040_irq+0x86>
20000846:	4b68      	ldr	r3, [pc, #416]	@ (200009e8 <dcd_rp2040_irq+0x520>)
20000848:	5ce7      	ldrb	r7, [r4, r3]
2000084a:	2f00      	cmp	r7, #0
2000084c:	d100      	bne.n	20000850 <dcd_rp2040_irq+0x388>
2000084e:	e688      	b.n	20000562 <dcd_rp2040_irq+0x9a>
20000850:	3302      	adds	r3, #2
20000852:	5ce2      	ldrb	r2, [r4, r3]
20000854:	2a00      	cmp	r2, #0
20000856:	d163      	bne.n	20000920 <dcd_rp2040_irq+0x458>
20000858:	003e      	movs	r6, r7
2000085a:	e682      	b.n	20000562 <dcd_rp2040_irq+0x9a>
2000085c:	4b63      	ldr	r3, [pc, #396]	@ (200009ec <dcd_rp2040_irq+0x524>)
2000085e:	5ce7      	ldrb	r7, [r4, r3]
20000860:	2f00      	cmp	r7, #0
20000862:	d100      	bne.n	20000866 <dcd_rp2040_irq+0x39e>
20000864:	e68c      	b.n	20000580 <dcd_rp2040_irq+0xb8>
20000866:	3302      	adds	r3, #2
20000868:	5ce2      	ldrb	r2, [r4, r3]
2000086a:	2a00      	cmp	r2, #0
2000086c:	d12a      	bne.n	200008c4 <dcd_rp2040_irq+0x3fc>
2000086e:	4b60      	ldr	r3, [pc, #384]	@ (200009f0 <dcd_rp2040_irq+0x528>)
20000870:	5ce3      	ldrb	r3, [r4, r3]
20000872:	2b02      	cmp	r3, #2
20000874:	d030      	beq.n	200008d8 <dcd_rp2040_irq+0x410>
20000876:	4b5f      	ldr	r3, [pc, #380]	@ (200009f4 <dcd_rp2040_irq+0x52c>)
20000878:	5ce3      	ldrb	r3, [r4, r3]
2000087a:	2b02      	cmp	r3, #2
2000087c:	d000      	beq.n	20000880 <dcd_rp2040_irq+0x3b8>
2000087e:	e694      	b.n	200005aa <dcd_rp2040_irq+0xe2>
20000880:	4b5d      	ldr	r3, [pc, #372]	@ (200009f8 <dcd_rp2040_irq+0x530>)
20000882:	5ce3      	ldrb	r3, [r4, r3]
20000884:	2b00      	cmp	r3, #0
20000886:	d136      	bne.n	200008f6 <dcd_rp2040_irq+0x42e>
20000888:	e68f      	b.n	200005aa <dcd_rp2040_irq+0xe2>
2000088a:	4b5c      	ldr	r3, [pc, #368]	@ (200009fc <dcd_rp2040_irq+0x534>)
2000088c:	5ce7      	ldrb	r7, [r4, r3]
2000088e:	2f00      	cmp	r7, #0
20000890:	d100      	bne.n	20000894 <dcd_rp2040_irq+0x3cc>
20000892:	e670      	b.n	20000576 <dcd_rp2040_irq+0xae>
20000894:	3302      	adds	r3, #2
20000896:	5ce2      	ldrb	r2, [r4, r3]
20000898:	2a00      	cmp	r2, #0
2000089a:	d139      	bne.n	20000910 <dcd_rp2040_irq+0x448>
2000089c:	003e      	movs	r6, r7
2000089e:	e66a      	b.n	20000576 <dcd_rp2040_irq+0xae>
200008a0:	4b57      	ldr	r3, [pc, #348]	@ (20000a00 <dcd_rp2040_irq+0x538>)
200008a2:	5ce3      	ldrb	r3, [r4, r3]
200008a4:	2b00      	cmp	r3, #0
200008a6:	d100      	bne.n	200008aa <dcd_rp2040_irq+0x3e2>
200008a8:	e66f      	b.n	2000058a <dcd_rp2040_irq+0xc2>
200008aa:	23ef      	movs	r3, #239	@ 0xef
200008ac:	009b      	lsls	r3, r3, #2
200008ae:	5ce2      	ldrb	r2, [r4, r3]
200008b0:	2a00      	cmp	r2, #0
200008b2:	d0e0      	beq.n	20000876 <dcd_rp2040_irq+0x3ae>
200008b4:	2200      	movs	r2, #0
200008b6:	54e2      	strb	r2, [r4, r3]
200008b8:	23e8      	movs	r3, #232	@ 0xe8
200008ba:	009b      	lsls	r3, r3, #2
200008bc:	18e0      	adds	r0, r4, r3
200008be:	f000 fa5b 	bl	20000d78 <hw_endpoint_start_next_buffer>
200008c2:	e7d8      	b.n	20000876 <dcd_rp2040_irq+0x3ae>
200008c4:	2200      	movs	r2, #0
200008c6:	54e2      	strb	r2, [r4, r3]
200008c8:	3b1c      	subs	r3, #28
200008ca:	18e0      	adds	r0, r4, r3
200008cc:	f000 fa54 	bl	20000d78 <hw_endpoint_start_next_buffer>
200008d0:	4b47      	ldr	r3, [pc, #284]	@ (200009f0 <dcd_rp2040_irq+0x528>)
200008d2:	5ce3      	ldrb	r3, [r4, r3]
200008d4:	2b02      	cmp	r3, #2
200008d6:	d1ce      	bne.n	20000876 <dcd_rp2040_irq+0x3ae>
200008d8:	4b49      	ldr	r3, [pc, #292]	@ (20000a00 <dcd_rp2040_irq+0x538>)
200008da:	5ce3      	ldrb	r3, [r4, r3]
200008dc:	2b00      	cmp	r3, #0
200008de:	d1e4      	bne.n	200008aa <dcd_rp2040_irq+0x3e2>
200008e0:	4b44      	ldr	r3, [pc, #272]	@ (200009f4 <dcd_rp2040_irq+0x52c>)
200008e2:	003e      	movs	r6, r7
200008e4:	5ce3      	ldrb	r3, [r4, r3]
200008e6:	2b02      	cmp	r3, #2
200008e8:	d000      	beq.n	200008ec <dcd_rp2040_irq+0x424>
200008ea:	e65e      	b.n	200005aa <dcd_rp2040_irq+0xe2>
200008ec:	4b42      	ldr	r3, [pc, #264]	@ (200009f8 <dcd_rp2040_irq+0x530>)
200008ee:	5ce3      	ldrb	r3, [r4, r3]
200008f0:	2b00      	cmp	r3, #0
200008f2:	d100      	bne.n	200008f6 <dcd_rp2040_irq+0x42e>
200008f4:	e64e      	b.n	20000594 <dcd_rp2040_irq+0xcc>
200008f6:	23ff      	movs	r3, #255	@ 0xff
200008f8:	009b      	lsls	r3, r3, #2
200008fa:	5ce2      	ldrb	r2, [r4, r3]
200008fc:	2a00      	cmp	r2, #0
200008fe:	d100      	bne.n	20000902 <dcd_rp2040_irq+0x43a>
20000900:	e653      	b.n	200005aa <dcd_rp2040_irq+0xe2>
20000902:	2200      	movs	r2, #0
20000904:	54e2      	strb	r2, [r4, r3]
20000906:	3b1c      	subs	r3, #28
20000908:	18e0      	adds	r0, r4, r3
2000090a:	f000 fa35 	bl	20000d78 <hw_endpoint_start_next_buffer>
2000090e:	e64c      	b.n	200005aa <dcd_rp2040_irq+0xe2>
20000910:	2200      	movs	r2, #0
20000912:	54e2      	strb	r2, [r4, r3]
20000914:	3b1c      	subs	r3, #28
20000916:	18e0      	adds	r0, r4, r3
20000918:	f000 fa2e 	bl	20000d78 <hw_endpoint_start_next_buffer>
2000091c:	003e      	movs	r6, r7
2000091e:	e62a      	b.n	20000576 <dcd_rp2040_irq+0xae>
20000920:	2200      	movs	r2, #0
20000922:	54e2      	strb	r2, [r4, r3]
20000924:	3b1c      	subs	r3, #28
20000926:	18e0      	adds	r0, r4, r3
20000928:	f000 fa26 	bl	20000d78 <hw_endpoint_start_next_buffer>
2000092c:	003e      	movs	r6, r7
2000092e:	e618      	b.n	20000562 <dcd_rp2040_irq+0x9a>
20000930:	2200      	movs	r2, #0
20000932:	54e2      	strb	r2, [r4, r3]
20000934:	3b1c      	subs	r3, #28
20000936:	18e0      	adds	r0, r4, r3
20000938:	f000 fa1e 	bl	20000d78 <hw_endpoint_start_next_buffer>
2000093c:	003e      	movs	r6, r7
2000093e:	e606      	b.n	2000054e <dcd_rp2040_irq+0x86>
20000940:	2200      	movs	r2, #0
20000942:	54e2      	strb	r2, [r4, r3]
20000944:	3b1c      	subs	r3, #28
20000946:	18e0      	adds	r0, r4, r3
20000948:	f000 fa16 	bl	20000d78 <hw_endpoint_start_next_buffer>
2000094c:	003e      	movs	r6, r7
2000094e:	e60d      	b.n	2000056c <dcd_rp2040_irq+0xa4>
20000950:	0020      	movs	r0, r4
20000952:	2200      	movs	r2, #0
20000954:	30a1      	adds	r0, #161	@ 0xa1
20000956:	30ff      	adds	r0, #255	@ 0xff
20000958:	54e2      	strb	r2, [r4, r3]
2000095a:	003e      	movs	r6, r7
2000095c:	f000 fa0c 	bl	20000d78 <hw_endpoint_start_next_buffer>
20000960:	e5ea      	b.n	20000538 <dcd_rp2040_irq+0x70>
20000962:	0020      	movs	r0, r4
20000964:	2200      	movs	r2, #0
20000966:	3021      	adds	r0, #33	@ 0x21
20000968:	30ff      	adds	r0, #255	@ 0xff
2000096a:	54e2      	strb	r2, [r4, r3]
2000096c:	003e      	movs	r6, r7
2000096e:	f000 fa03 	bl	20000d78 <hw_endpoint_start_next_buffer>
20000972:	e5d5      	b.n	20000520 <dcd_rp2040_irq+0x58>
20000974:	2200      	movs	r2, #0
20000976:	54e2      	strb	r2, [r4, r3]
20000978:	3b1c      	subs	r3, #28
2000097a:	18e0      	adds	r0, r4, r3
2000097c:	f000 f9fc 	bl	20000d78 <hw_endpoint_start_next_buffer>
20000980:	003e      	movs	r6, r7
20000982:	e5e9      	b.n	20000558 <dcd_rp2040_irq+0x90>
20000984:	0020      	movs	r0, r4
20000986:	2200      	movs	r2, #0
20000988:	3061      	adds	r0, #97	@ 0x61
2000098a:	30ff      	adds	r0, #255	@ 0xff
2000098c:	54e2      	strb	r2, [r4, r3]
2000098e:	003e      	movs	r6, r7
20000990:	f000 f9f2 	bl	20000d78 <hw_endpoint_start_next_buffer>
20000994:	e5ca      	b.n	2000052c <dcd_rp2040_irq+0x64>
20000996:	0020      	movs	r0, r4
20000998:	2200      	movs	r2, #0
2000099a:	30e1      	adds	r0, #225	@ 0xe1
2000099c:	30ff      	adds	r0, #255	@ 0xff
2000099e:	54e2      	strb	r2, [r4, r3]
200009a0:	003e      	movs	r6, r7
200009a2:	f000 f9e9 	bl	20000d78 <hw_endpoint_start_next_buffer>
200009a6:	e5cd      	b.n	20000544 <dcd_rp2040_irq+0x7c>
200009a8:	0020      	movs	r0, r4
200009aa:	2200      	movs	r2, #0
200009ac:	30e0      	adds	r0, #224	@ 0xe0
200009ae:	54e2      	strb	r2, [r4, r3]
200009b0:	003e      	movs	r6, r7
200009b2:	f000 f9e1 	bl	20000d78 <hw_endpoint_start_next_buffer>
200009b6:	e5ad      	b.n	20000514 <dcd_rp2040_irq+0x4c>
200009b8:	0020      	movs	r0, r4
200009ba:	2200      	movs	r2, #0
200009bc:	30a0      	adds	r0, #160	@ 0xa0
200009be:	54e2      	strb	r2, [r4, r3]
200009c0:	003e      	movs	r6, r7
200009c2:	f000 f9d9 	bl	20000d78 <hw_endpoint_start_next_buffer>
200009c6:	e5a0      	b.n	2000050a <dcd_rp2040_irq+0x42>
200009c8:	0020      	movs	r0, r4
200009ca:	2200      	movs	r2, #0
200009cc:	3060      	adds	r0, #96	@ 0x60
200009ce:	54e2      	strb	r2, [r4, r3]
200009d0:	003e      	movs	r6, r7
200009d2:	f000 f9d1 	bl	20000d78 <hw_endpoint_start_next_buffer>
200009d6:	e593      	b.n	20000500 <dcd_rp2040_irq+0x38>
200009d8:	0031      	movs	r1, r6
200009da:	480a      	ldr	r0, [pc, #40]	@ (20000a04 <dcd_rp2040_irq+0x53c>)
200009dc:	4069      	eors	r1, r5
200009de:	f000 fb17 	bl	20001010 <__panic_veneer>
200009e2:	46c0      	nop			@ (mov r8, r8)
200009e4:	0000023a 	.word	0x0000023a
200009e8:	000002ba 	.word	0x000002ba
200009ec:	0000037a 	.word	0x0000037a
200009f0:	000003bb 	.word	0x000003bb
200009f4:	000003fb 	.word	0x000003fb
200009f8:	000003fa 	.word	0x000003fa
200009fc:	0000033a 	.word	0x0000033a
20000a00:	000003ba 	.word	0x000003ba
20000a04:	100067c4 	.word	0x100067c4

20000a08 <prepare_ep_buffer>:
20000a08:	b5f0      	push	{r4, r5, r6, r7, lr}
20000a0a:	4645      	mov	r5, r8
20000a0c:	46de      	mov	lr, fp
20000a0e:	4657      	mov	r7, sl
20000a10:	464e      	mov	r6, r9
20000a12:	b5e0      	push	{r5, r6, r7, lr}
20000a14:	0003      	movs	r3, r0
20000a16:	8a82      	ldrh	r2, [r0, #20]
20000a18:	8b00      	ldrh	r0, [r0, #24]
20000a1a:	4688      	mov	r8, r1
20000a1c:	b085      	sub	sp, #20
20000a1e:	1c01      	adds	r1, r0, #0
20000a20:	4290      	cmp	r0, r2
20000a22:	d900      	bls.n	20000a26 <prepare_ep_buffer+0x1e>
20000a24:	1c11      	adds	r1, r2, #0
20000a26:	b289      	uxth	r1, r1
20000a28:	1a52      	subs	r2, r2, r1
20000a2a:	b294      	uxth	r4, r2
20000a2c:	78da      	ldrb	r2, [r3, #3]
20000a2e:	2680      	movs	r6, #128	@ 0x80
20000a30:	0010      	movs	r0, r2
20000a32:	1e47      	subs	r7, r0, #1
20000a34:	41b8      	sbcs	r0, r7
20000a36:	00f6      	lsls	r6, r6, #3
20000a38:	430e      	orrs	r6, r1
20000a3a:	0340      	lsls	r0, r0, #13
20000a3c:	4330      	orrs	r0, r6
20000a3e:	2601      	movs	r6, #1
20000a40:	4072      	eors	r2, r6
20000a42:	70da      	strb	r2, [r3, #3]
20000a44:	785a      	ldrb	r2, [r3, #1]
20000a46:	829c      	strh	r4, [r3, #20]
20000a48:	2a00      	cmp	r2, #0
20000a4a:	d172      	bne.n	20000b32 <prepare_ep_buffer+0x12a>
20000a4c:	691a      	ldr	r2, [r3, #16]
20000a4e:	2900      	cmp	r1, #0
20000a50:	d06a      	beq.n	20000b28 <prepare_ep_buffer+0x120>
20000a52:	4645      	mov	r5, r8
20000a54:	68dc      	ldr	r4, [r3, #12]
20000a56:	01ae      	lsls	r6, r5, #6
20000a58:	46a1      	mov	r9, r4
20000a5a:	46b2      	mov	sl, r6
20000a5c:	19a4      	adds	r4, r4, r6
20000a5e:	1e4e      	subs	r6, r1, #1
20000a60:	9601      	str	r6, [sp, #4]
20000a62:	2e0b      	cmp	r6, #11
20000a64:	d800      	bhi.n	20000a68 <prepare_ep_buffer+0x60>
20000a66:	e07a      	b.n	20000b5e <prepare_ep_buffer+0x156>
20000a68:	0026      	movs	r6, r4
20000a6a:	2503      	movs	r5, #3
20000a6c:	4056      	eors	r6, r2
20000a6e:	46ac      	mov	ip, r5
20000a70:	4235      	tst	r5, r6
20000a72:	d000      	beq.n	20000a76 <prepare_ep_buffer+0x6e>
20000a74:	e073      	b.n	20000b5e <prepare_ep_buffer+0x156>
20000a76:	1aa6      	subs	r6, r4, r2
20000a78:	3e01      	subs	r6, #1
20000a7a:	3d01      	subs	r5, #1
20000a7c:	42b5      	cmp	r5, r6
20000a7e:	d26e      	bcs.n	20000b5e <prepare_ep_buffer+0x156>
20000a80:	4667      	mov	r7, ip
20000a82:	4665      	mov	r5, ip
20000a84:	4256      	negs	r6, r2
20000a86:	4693      	mov	fp, r2
20000a88:	4037      	ands	r7, r6
20000a8a:	4235      	tst	r5, r6
20000a8c:	d00f      	beq.n	20000aae <prepare_ep_buffer+0xa6>
20000a8e:	7815      	ldrb	r5, [r2, #0]
20000a90:	7025      	strb	r5, [r4, #0]
20000a92:	2502      	movs	r5, #2
20000a94:	4235      	tst	r5, r6
20000a96:	d05c      	beq.n	20000b52 <prepare_ep_buffer+0x14a>
20000a98:	7856      	ldrb	r6, [r2, #1]
20000a9a:	7066      	strb	r6, [r4, #1]
20000a9c:	2f03      	cmp	r7, #3
20000a9e:	d167      	bne.n	20000b70 <prepare_ep_buffer+0x168>
20000aa0:	1cd5      	adds	r5, r2, #3
20000aa2:	7896      	ldrb	r6, [r2, #2]
20000aa4:	46ab      	mov	fp, r5
20000aa6:	1f0d      	subs	r5, r1, #4
20000aa8:	70a6      	strb	r6, [r4, #2]
20000aaa:	9501      	str	r5, [sp, #4]
20000aac:	3403      	adds	r4, #3
20000aae:	4655      	mov	r5, sl
20000ab0:	46cc      	mov	ip, r9
20000ab2:	1bce      	subs	r6, r1, r7
20000ab4:	9602      	str	r6, [sp, #8]
20000ab6:	19d6      	adds	r6, r2, r7
20000ab8:	19ea      	adds	r2, r5, r7
20000aba:	4494      	add	ip, r2
20000abc:	4665      	mov	r5, ip
20000abe:	9a02      	ldr	r2, [sp, #8]
20000ac0:	9503      	str	r5, [sp, #12]
20000ac2:	0897      	lsrs	r7, r2, #2
20000ac4:	001d      	movs	r5, r3
20000ac6:	2200      	movs	r2, #0
20000ac8:	0033      	movs	r3, r6
20000aca:	468c      	mov	ip, r1
20000acc:	9903      	ldr	r1, [sp, #12]
20000ace:	00bf      	lsls	r7, r7, #2
20000ad0:	589e      	ldr	r6, [r3, r2]
20000ad2:	508e      	str	r6, [r1, r2]
20000ad4:	3204      	adds	r2, #4
20000ad6:	4297      	cmp	r7, r2
20000ad8:	d1fa      	bne.n	20000ad0 <prepare_ep_buffer+0xc8>
20000ada:	9a02      	ldr	r2, [sp, #8]
20000adc:	4661      	mov	r1, ip
20000ade:	002b      	movs	r3, r5
20000ae0:	4297      	cmp	r7, r2
20000ae2:	d01f      	beq.n	20000b24 <prepare_ep_buffer+0x11c>
20000ae4:	465d      	mov	r5, fp
20000ae6:	19ea      	adds	r2, r5, r7
20000ae8:	5ded      	ldrb	r5, [r5, r7]
20000aea:	19e4      	adds	r4, r4, r7
20000aec:	9e01      	ldr	r6, [sp, #4]
20000aee:	7025      	strb	r5, [r4, #0]
20000af0:	9d01      	ldr	r5, [sp, #4]
20000af2:	1bf6      	subs	r6, r6, r7
20000af4:	42bd      	cmp	r5, r7
20000af6:	d015      	beq.n	20000b24 <prepare_ep_buffer+0x11c>
20000af8:	7857      	ldrb	r7, [r2, #1]
20000afa:	7067      	strb	r7, [r4, #1]
20000afc:	2e01      	cmp	r6, #1
20000afe:	d011      	beq.n	20000b24 <prepare_ep_buffer+0x11c>
20000b00:	7897      	ldrb	r7, [r2, #2]
20000b02:	70a7      	strb	r7, [r4, #2]
20000b04:	2e02      	cmp	r6, #2
20000b06:	d00d      	beq.n	20000b24 <prepare_ep_buffer+0x11c>
20000b08:	78d7      	ldrb	r7, [r2, #3]
20000b0a:	70e7      	strb	r7, [r4, #3]
20000b0c:	2e03      	cmp	r6, #3
20000b0e:	d009      	beq.n	20000b24 <prepare_ep_buffer+0x11c>
20000b10:	7917      	ldrb	r7, [r2, #4]
20000b12:	7127      	strb	r7, [r4, #4]
20000b14:	2e04      	cmp	r6, #4
20000b16:	d005      	beq.n	20000b24 <prepare_ep_buffer+0x11c>
20000b18:	7957      	ldrb	r7, [r2, #5]
20000b1a:	7167      	strb	r7, [r4, #5]
20000b1c:	2e05      	cmp	r6, #5
20000b1e:	d001      	beq.n	20000b24 <prepare_ep_buffer+0x11c>
20000b20:	7992      	ldrb	r2, [r2, #6]
20000b22:	71a2      	strb	r2, [r4, #6]
20000b24:	691a      	ldr	r2, [r3, #16]
20000b26:	8a9c      	ldrh	r4, [r3, #20]
20000b28:	1852      	adds	r2, r2, r1
20000b2a:	611a      	str	r2, [r3, #16]
20000b2c:	2380      	movs	r3, #128	@ 0x80
20000b2e:	021b      	lsls	r3, r3, #8
20000b30:	4318      	orrs	r0, r3
20000b32:	2c00      	cmp	r4, #0
20000b34:	d102      	bne.n	20000b3c <prepare_ep_buffer+0x134>
20000b36:	2380      	movs	r3, #128	@ 0x80
20000b38:	01db      	lsls	r3, r3, #7
20000b3a:	4318      	orrs	r0, r3
20000b3c:	4643      	mov	r3, r8
20000b3e:	2b00      	cmp	r3, #0
20000b40:	d000      	beq.n	20000b44 <prepare_ep_buffer+0x13c>
20000b42:	0400      	lsls	r0, r0, #16
20000b44:	b005      	add	sp, #20
20000b46:	bcf0      	pop	{r4, r5, r6, r7}
20000b48:	46bb      	mov	fp, r7
20000b4a:	46b2      	mov	sl, r6
20000b4c:	46a9      	mov	r9, r5
20000b4e:	46a0      	mov	r8, r4
20000b50:	bdf0      	pop	{r4, r5, r6, r7, pc}
20000b52:	1c55      	adds	r5, r2, #1
20000b54:	46ab      	mov	fp, r5
20000b56:	1e8d      	subs	r5, r1, #2
20000b58:	3401      	adds	r4, #1
20000b5a:	9501      	str	r5, [sp, #4]
20000b5c:	e7a7      	b.n	20000aae <prepare_ep_buffer+0xa6>
20000b5e:	2600      	movs	r6, #0
20000b60:	4645      	mov	r5, r8
20000b62:	5d97      	ldrb	r7, [r2, r6]
20000b64:	55a7      	strb	r7, [r4, r6]
20000b66:	3601      	adds	r6, #1
20000b68:	42b1      	cmp	r1, r6
20000b6a:	d1fa      	bne.n	20000b62 <prepare_ep_buffer+0x15a>
20000b6c:	46a8      	mov	r8, r5
20000b6e:	e7d9      	b.n	20000b24 <prepare_ep_buffer+0x11c>
20000b70:	1c95      	adds	r5, r2, #2
20000b72:	46ab      	mov	fp, r5
20000b74:	1ecd      	subs	r5, r1, #3
20000b76:	3402      	adds	r4, #2
20000b78:	9501      	str	r5, [sp, #4]
20000b7a:	e798      	b.n	20000aae <prepare_ep_buffer+0xa6>

20000b7c <sync_ep_buffer>:
20000b7c:	b5f0      	push	{r4, r5, r6, r7, lr}
20000b7e:	46ce      	mov	lr, r9
20000b80:	4647      	mov	r7, r8
20000b82:	6883      	ldr	r3, [r0, #8]
20000b84:	0004      	movs	r4, r0
20000b86:	b580      	push	{r7, lr}
20000b88:	681b      	ldr	r3, [r3, #0]
20000b8a:	2900      	cmp	r1, #0
20000b8c:	d000      	beq.n	20000b90 <sync_ep_buffer+0x14>
20000b8e:	0c1b      	lsrs	r3, r3, #16
20000b90:	059b      	lsls	r3, r3, #22
20000b92:	0d98      	lsrs	r0, r3, #22
20000b94:	7863      	ldrb	r3, [r4, #1]
20000b96:	2b00      	cmp	r3, #0
20000b98:	d10b      	bne.n	20000bb2 <sync_ep_buffer+0x36>
20000b9a:	8ae3      	ldrh	r3, [r4, #22]
20000b9c:	18c3      	adds	r3, r0, r3
20000b9e:	82e3      	strh	r3, [r4, #22]
20000ba0:	8b23      	ldrh	r3, [r4, #24]
20000ba2:	4283      	cmp	r3, r0
20000ba4:	d901      	bls.n	20000baa <sync_ep_buffer+0x2e>
20000ba6:	2300      	movs	r3, #0
20000ba8:	82a3      	strh	r3, [r4, #20]
20000baa:	bcc0      	pop	{r6, r7}
20000bac:	46b9      	mov	r9, r7
20000bae:	46b0      	mov	r8, r6
20000bb0:	bdf0      	pop	{r4, r5, r6, r7, pc}
20000bb2:	6923      	ldr	r3, [r4, #16]
20000bb4:	2800      	cmp	r0, #0
20000bb6:	d058      	beq.n	20000c6a <sync_ep_buffer+0xee>
20000bb8:	68e2      	ldr	r2, [r4, #12]
20000bba:	0189      	lsls	r1, r1, #6
20000bbc:	4694      	mov	ip, r2
20000bbe:	1856      	adds	r6, r2, r1
20000bc0:	1e42      	subs	r2, r0, #1
20000bc2:	4690      	mov	r8, r2
20000bc4:	2a0b      	cmp	r2, #11
20000bc6:	d95c      	bls.n	20000c82 <sync_ep_buffer+0x106>
20000bc8:	001a      	movs	r2, r3
20000bca:	2703      	movs	r7, #3
20000bcc:	4072      	eors	r2, r6
20000bce:	4217      	tst	r7, r2
20000bd0:	d157      	bne.n	20000c82 <sync_ep_buffer+0x106>
20000bd2:	2202      	movs	r2, #2
20000bd4:	1c4d      	adds	r5, r1, #1
20000bd6:	4465      	add	r5, ip
20000bd8:	1b5d      	subs	r5, r3, r5
20000bda:	42aa      	cmp	r2, r5
20000bdc:	d251      	bcs.n	20000c82 <sync_ep_buffer+0x106>
20000bde:	2503      	movs	r5, #3
20000be0:	425a      	negs	r2, r3
20000be2:	4699      	mov	r9, r3
20000be4:	4015      	ands	r5, r2
20000be6:	4217      	tst	r7, r2
20000be8:	d00f      	beq.n	20000c0a <sync_ep_buffer+0x8e>
20000bea:	7837      	ldrb	r7, [r6, #0]
20000bec:	701f      	strb	r7, [r3, #0]
20000bee:	2702      	movs	r7, #2
20000bf0:	4217      	tst	r7, r2
20000bf2:	d040      	beq.n	20000c76 <sync_ep_buffer+0xfa>
20000bf4:	7872      	ldrb	r2, [r6, #1]
20000bf6:	705a      	strb	r2, [r3, #1]
20000bf8:	2d03      	cmp	r5, #3
20000bfa:	d14a      	bne.n	20000c92 <sync_ep_buffer+0x116>
20000bfc:	1cda      	adds	r2, r3, #3
20000bfe:	4691      	mov	r9, r2
20000c00:	78b2      	ldrb	r2, [r6, #2]
20000c02:	3603      	adds	r6, #3
20000c04:	709a      	strb	r2, [r3, #2]
20000c06:	1f02      	subs	r2, r0, #4
20000c08:	4690      	mov	r8, r2
20000c0a:	1b42      	subs	r2, r0, r5
20000c0c:	1949      	adds	r1, r1, r5
20000c0e:	0017      	movs	r7, r2
20000c10:	195d      	adds	r5, r3, r5
20000c12:	2300      	movs	r3, #0
20000c14:	448c      	add	ip, r1
20000c16:	0891      	lsrs	r1, r2, #2
20000c18:	0089      	lsls	r1, r1, #2
20000c1a:	4662      	mov	r2, ip
20000c1c:	58d2      	ldr	r2, [r2, r3]
20000c1e:	50ea      	str	r2, [r5, r3]
20000c20:	3304      	adds	r3, #4
20000c22:	4299      	cmp	r1, r3
20000c24:	d1f9      	bne.n	20000c1a <sync_ep_buffer+0x9e>
20000c26:	42b9      	cmp	r1, r7
20000c28:	d01e      	beq.n	20000c68 <sync_ep_buffer+0xec>
20000c2a:	464b      	mov	r3, r9
20000c2c:	4647      	mov	r7, r8
20000c2e:	1872      	adds	r2, r6, r1
20000c30:	5c76      	ldrb	r6, [r6, r1]
20000c32:	185b      	adds	r3, r3, r1
20000c34:	1a7d      	subs	r5, r7, r1
20000c36:	701e      	strb	r6, [r3, #0]
20000c38:	428f      	cmp	r7, r1
20000c3a:	d015      	beq.n	20000c68 <sync_ep_buffer+0xec>
20000c3c:	7851      	ldrb	r1, [r2, #1]
20000c3e:	7059      	strb	r1, [r3, #1]
20000c40:	2d01      	cmp	r5, #1
20000c42:	d011      	beq.n	20000c68 <sync_ep_buffer+0xec>
20000c44:	7891      	ldrb	r1, [r2, #2]
20000c46:	7099      	strb	r1, [r3, #2]
20000c48:	2d02      	cmp	r5, #2
20000c4a:	d00d      	beq.n	20000c68 <sync_ep_buffer+0xec>
20000c4c:	78d1      	ldrb	r1, [r2, #3]
20000c4e:	70d9      	strb	r1, [r3, #3]
20000c50:	2d03      	cmp	r5, #3
20000c52:	d009      	beq.n	20000c68 <sync_ep_buffer+0xec>
20000c54:	7911      	ldrb	r1, [r2, #4]
20000c56:	7119      	strb	r1, [r3, #4]
20000c58:	2d04      	cmp	r5, #4
20000c5a:	d005      	beq.n	20000c68 <sync_ep_buffer+0xec>
20000c5c:	7951      	ldrb	r1, [r2, #5]
20000c5e:	7159      	strb	r1, [r3, #5]
20000c60:	2d05      	cmp	r5, #5
20000c62:	d001      	beq.n	20000c68 <sync_ep_buffer+0xec>
20000c64:	7992      	ldrb	r2, [r2, #6]
20000c66:	719a      	strb	r2, [r3, #6]
20000c68:	6923      	ldr	r3, [r4, #16]
20000c6a:	8ae2      	ldrh	r2, [r4, #22]
20000c6c:	181b      	adds	r3, r3, r0
20000c6e:	1882      	adds	r2, r0, r2
20000c70:	82e2      	strh	r2, [r4, #22]
20000c72:	6123      	str	r3, [r4, #16]
20000c74:	e794      	b.n	20000ba0 <sync_ep_buffer+0x24>
20000c76:	1c5a      	adds	r2, r3, #1
20000c78:	4691      	mov	r9, r2
20000c7a:	1e82      	subs	r2, r0, #2
20000c7c:	4690      	mov	r8, r2
20000c7e:	3601      	adds	r6, #1
20000c80:	e7c3      	b.n	20000c0a <sync_ep_buffer+0x8e>
20000c82:	2200      	movs	r2, #0
20000c84:	5cb1      	ldrb	r1, [r6, r2]
20000c86:	5499      	strb	r1, [r3, r2]
20000c88:	3201      	adds	r2, #1
20000c8a:	4290      	cmp	r0, r2
20000c8c:	d1fa      	bne.n	20000c84 <sync_ep_buffer+0x108>
20000c8e:	6923      	ldr	r3, [r4, #16]
20000c90:	e7eb      	b.n	20000c6a <sync_ep_buffer+0xee>
20000c92:	1c9a      	adds	r2, r3, #2
20000c94:	4691      	mov	r9, r2
20000c96:	1ec2      	subs	r2, r0, #3
20000c98:	4690      	mov	r8, r2
20000c9a:	3602      	adds	r6, #2
20000c9c:	e7b5      	b.n	20000c0a <sync_ep_buffer+0x8e>
20000c9e:	46c0      	nop			@ (mov r8, r8)

20000ca0 <_hw_endpoint_xfer_sync>:
20000ca0:	b510      	push	{r4, lr}
20000ca2:	0004      	movs	r4, r0
20000ca4:	6883      	ldr	r3, [r0, #8]
20000ca6:	2100      	movs	r1, #0
20000ca8:	681b      	ldr	r3, [r3, #0]
20000caa:	f7ff ff67 	bl	20000b7c <sync_ep_buffer>
20000cae:	6863      	ldr	r3, [r4, #4]
20000cb0:	681b      	ldr	r3, [r3, #0]
20000cb2:	005b      	lsls	r3, r3, #1
20000cb4:	d502      	bpl.n	20000cbc <_hw_endpoint_xfer_sync+0x1c>
20000cb6:	8b23      	ldrh	r3, [r4, #24]
20000cb8:	4283      	cmp	r3, r0
20000cba:	d000      	beq.n	20000cbe <_hw_endpoint_xfer_sync+0x1e>
20000cbc:	bd10      	pop	{r4, pc}
20000cbe:	2101      	movs	r1, #1
20000cc0:	0020      	movs	r0, r4
20000cc2:	f7ff ff5b 	bl	20000b7c <sync_ep_buffer>
20000cc6:	e7f9      	b.n	20000cbc <_hw_endpoint_xfer_sync+0x1c>

20000cc8 <e15_is_bulkin_ep>:
20000cc8:	4b07      	ldr	r3, [pc, #28]	@ (20000ce8 <e15_is_bulkin_ep+0x20>)
20000cca:	6c1b      	ldr	r3, [r3, #64]	@ 0x40
20000ccc:	079b      	lsls	r3, r3, #30
20000cce:	d403      	bmi.n	20000cd8 <e15_is_bulkin_ep+0x10>
20000cd0:	7883      	ldrb	r3, [r0, #2]
20000cd2:	09db      	lsrs	r3, r3, #7
20000cd4:	2b01      	cmp	r3, #1
20000cd6:	d001      	beq.n	20000cdc <e15_is_bulkin_ep+0x14>
20000cd8:	2000      	movs	r0, #0
20000cda:	4770      	bx	lr
20000cdc:	7ec0      	ldrb	r0, [r0, #27]
20000cde:	3802      	subs	r0, #2
20000ce0:	4243      	negs	r3, r0
20000ce2:	4158      	adcs	r0, r3
20000ce4:	b2c0      	uxtb	r0, r0
20000ce6:	e7f8      	b.n	20000cda <e15_is_bulkin_ep+0x12>
20000ce8:	50110000 	.word	0x50110000

20000cec <e15_is_critical_frame_period>:
20000cec:	b510      	push	{r4, lr}
20000cee:	f7ff ffeb 	bl	20000cc8 <e15_is_bulkin_ep>
20000cf2:	2800      	cmp	r0, #0
20000cf4:	d00a      	beq.n	20000d0c <e15_is_critical_frame_period+0x20>
20000cf6:	4b06      	ldr	r3, [pc, #24]	@ (20000d10 <e15_is_critical_frame_period+0x24>)
20000cf8:	4a06      	ldr	r2, [pc, #24]	@ (20000d14 <e15_is_critical_frame_period+0x28>)
20000cfa:	6a9b      	ldr	r3, [r3, #40]	@ 0x28
20000cfc:	4906      	ldr	r1, [pc, #24]	@ (20000d18 <e15_is_critical_frame_period+0x2c>)
20000cfe:	6812      	ldr	r2, [r2, #0]
20000d00:	185b      	adds	r3, r3, r1
20000d02:	1a9b      	subs	r3, r3, r2
20000d04:	2000      	movs	r0, #0
20000d06:	22c6      	movs	r2, #198	@ 0xc6
20000d08:	429a      	cmp	r2, r3
20000d0a:	4140      	adcs	r0, r0
20000d0c:	bd10      	pop	{r4, pc}
20000d0e:	46c0      	nop			@ (mov r8, r8)
20000d10:	40054000 	.word	0x40054000
20000d14:	20001928 	.word	0x20001928
20000d18:	fffffce0 	.word	0xfffffce0

20000d1c <hw_endpoint_reset_transfer>:
20000d1c:	2300      	movs	r3, #0
20000d1e:	7683      	strb	r3, [r0, #26]
20000d20:	6143      	str	r3, [r0, #20]
20000d22:	6103      	str	r3, [r0, #16]
20000d24:	4770      	bx	lr
20000d26:	46c0      	nop			@ (mov r8, r8)

20000d28 <_hw_endpoint_buffer_control_update32>:
20000d28:	b510      	push	{r4, lr}
20000d2a:	6883      	ldr	r3, [r0, #8]
20000d2c:	2900      	cmp	r1, #0
20000d2e:	d001      	beq.n	20000d34 <_hw_endpoint_buffer_control_update32+0xc>
20000d30:	681c      	ldr	r4, [r3, #0]
20000d32:	4021      	ands	r1, r4
20000d34:	2a00      	cmp	r2, #0
20000d36:	d012      	beq.n	20000d5e <_hw_endpoint_buffer_control_update32+0x36>
20000d38:	2480      	movs	r4, #128	@ 0x80
20000d3a:	00e4      	lsls	r4, r4, #3
20000d3c:	4311      	orrs	r1, r2
20000d3e:	4222      	tst	r2, r4
20000d40:	d00d      	beq.n	20000d5e <_hw_endpoint_buffer_control_update32+0x36>
20000d42:	681a      	ldr	r2, [r3, #0]
20000d44:	4222      	tst	r2, r4
20000d46:	d10c      	bne.n	20000d62 <_hw_endpoint_buffer_control_update32+0x3a>
20000d48:	4a08      	ldr	r2, [pc, #32]	@ (20000d6c <_hw_endpoint_buffer_control_update32+0x44>)
20000d4a:	400a      	ands	r2, r1
20000d4c:	601a      	str	r2, [r3, #0]
20000d4e:	4a08      	ldr	r2, [pc, #32]	@ (20000d70 <_hw_endpoint_buffer_control_update32+0x48>)
20000d50:	6c12      	ldr	r2, [r2, #64]	@ 0x40
20000d52:	0792      	lsls	r2, r2, #30
20000d54:	d403      	bmi.n	20000d5e <_hw_endpoint_buffer_control_update32+0x36>
20000d56:	230c      	movs	r3, #12
20000d58:	3b03      	subs	r3, #3
20000d5a:	d2fd      	bcs.n	20000d58 <_hw_endpoint_buffer_control_update32+0x30>
20000d5c:	6883      	ldr	r3, [r0, #8]
20000d5e:	6019      	str	r1, [r3, #0]
20000d60:	bd10      	pop	{r4, pc}
20000d62:	7881      	ldrb	r1, [r0, #2]
20000d64:	4803      	ldr	r0, [pc, #12]	@ (20000d74 <_hw_endpoint_buffer_control_update32+0x4c>)
20000d66:	f000 f953 	bl	20001010 <__panic_veneer>
20000d6a:	46c0      	nop			@ (mov r8, r8)
20000d6c:	fffffbff 	.word	0xfffffbff
20000d70:	50110000 	.word	0x50110000
20000d74:	100067d8 	.word	0x100067d8

20000d78 <hw_endpoint_start_next_buffer>:
20000d78:	6843      	ldr	r3, [r0, #4]
20000d7a:	b570      	push	{r4, r5, r6, lr}
20000d7c:	2100      	movs	r1, #0
20000d7e:	2580      	movs	r5, #128	@ 0x80
20000d80:	0004      	movs	r4, r0
20000d82:	681e      	ldr	r6, [r3, #0]
20000d84:	f7ff fe40 	bl	20000a08 <prepare_ep_buffer>
20000d88:	4b13      	ldr	r3, [pc, #76]	@ (20000dd8 <hw_endpoint_start_next_buffer+0x60>)
20000d8a:	016d      	lsls	r5, r5, #5
20000d8c:	6c1a      	ldr	r2, [r3, #64]	@ 0x40
20000d8e:	4305      	orrs	r5, r0
20000d90:	78a3      	ldrb	r3, [r4, #2]
20000d92:	0792      	lsls	r2, r2, #30
20000d94:	d40f      	bmi.n	20000db6 <hw_endpoint_start_next_buffer+0x3e>
20000d96:	b25b      	sxtb	r3, r3
20000d98:	2b00      	cmp	r3, #0
20000d9a:	db0e      	blt.n	20000dba <hw_endpoint_start_next_buffer+0x42>
20000d9c:	4b0f      	ldr	r3, [pc, #60]	@ (20000ddc <hw_endpoint_start_next_buffer+0x64>)
20000d9e:	401e      	ands	r6, r3
20000da0:	2380      	movs	r3, #128	@ 0x80
20000da2:	059b      	lsls	r3, r3, #22
20000da4:	4333      	orrs	r3, r6
20000da6:	6862      	ldr	r2, [r4, #4]
20000da8:	2100      	movs	r1, #0
20000daa:	6013      	str	r3, [r2, #0]
20000dac:	0020      	movs	r0, r4
20000dae:	002a      	movs	r2, r5
20000db0:	f7ff ffba 	bl	20000d28 <_hw_endpoint_buffer_control_update32>
20000db4:	bd70      	pop	{r4, r5, r6, pc}
20000db6:	065b      	lsls	r3, r3, #25
20000db8:	d1f0      	bne.n	20000d9c <hw_endpoint_start_next_buffer+0x24>
20000dba:	8aa3      	ldrh	r3, [r4, #20]
20000dbc:	2b00      	cmp	r3, #0
20000dbe:	d0ed      	beq.n	20000d9c <hw_endpoint_start_next_buffer+0x24>
20000dc0:	2101      	movs	r1, #1
20000dc2:	0020      	movs	r0, r4
20000dc4:	f7ff fe20 	bl	20000a08 <prepare_ep_buffer>
20000dc8:	23a0      	movs	r3, #160	@ 0xa0
20000dca:	4a05      	ldr	r2, [pc, #20]	@ (20000de0 <hw_endpoint_start_next_buffer+0x68>)
20000dcc:	05db      	lsls	r3, r3, #23
20000dce:	4032      	ands	r2, r6
20000dd0:	4305      	orrs	r5, r0
20000dd2:	4313      	orrs	r3, r2
20000dd4:	e7e7      	b.n	20000da6 <hw_endpoint_start_next_buffer+0x2e>
20000dd6:	46c0      	nop			@ (mov r8, r8)
20000dd8:	50110000 	.word	0x50110000
20000ddc:	afffffff 	.word	0xafffffff
20000de0:	dfffffff 	.word	0xdfffffff

20000de4 <hw_endpoint_xfer_continue>:
20000de4:	b570      	push	{r4, r5, r6, lr}
20000de6:	7e84      	ldrb	r4, [r0, #26]
20000de8:	0005      	movs	r5, r0
20000dea:	2c00      	cmp	r4, #0
20000dec:	d013      	beq.n	20000e16 <hw_endpoint_xfer_continue+0x32>
20000dee:	f7ff ff57 	bl	20000ca0 <_hw_endpoint_xfer_sync>
20000df2:	8aab      	ldrh	r3, [r5, #20]
20000df4:	2b00      	cmp	r3, #0
20000df6:	d101      	bne.n	20000dfc <hw_endpoint_xfer_continue+0x18>
20000df8:	0020      	movs	r0, r4
20000dfa:	bd70      	pop	{r4, r5, r6, pc}
20000dfc:	0028      	movs	r0, r5
20000dfe:	f7ff ff75 	bl	20000cec <e15_is_critical_frame_period>
20000e02:	1e04      	subs	r4, r0, #0
20000e04:	d003      	beq.n	20000e0e <hw_endpoint_xfer_continue+0x2a>
20000e06:	2301      	movs	r3, #1
20000e08:	2400      	movs	r4, #0
20000e0a:	772b      	strb	r3, [r5, #28]
20000e0c:	e7f4      	b.n	20000df8 <hw_endpoint_xfer_continue+0x14>
20000e0e:	0028      	movs	r0, r5
20000e10:	f7ff ffb2 	bl	20000d78 <hw_endpoint_start_next_buffer>
20000e14:	e7f0      	b.n	20000df8 <hw_endpoint_xfer_continue+0x14>
20000e16:	7881      	ldrb	r1, [r0, #2]
20000e18:	4801      	ldr	r0, [pc, #4]	@ (20000e20 <hw_endpoint_xfer_continue+0x3c>)
20000e1a:	f000 f8f9 	bl	20001010 <__panic_veneer>
20000e1e:	46c0      	nop			@ (mov r8, r8)
20000e20:	100067f8 	.word	0x100067f8

20000e24 <dcd_event_handler>:
20000e24:	b5f0      	push	{r4, r5, r6, r7, lr}
20000e26:	4647      	mov	r7, r8
20000e28:	46ce      	mov	lr, r9
20000e2a:	b580      	push	{r7, lr}
20000e2c:	7843      	ldrb	r3, [r0, #1]
20000e2e:	0005      	movs	r5, r0
20000e30:	000f      	movs	r7, r1
20000e32:	b085      	sub	sp, #20
20000e34:	2b06      	cmp	r3, #6
20000e36:	d807      	bhi.n	20000e48 <dcd_event_handler+0x24>
20000e38:	4a68      	ldr	r2, [pc, #416]	@ (20000fdc <dcd_event_handler+0x1b8>)
20000e3a:	009b      	lsls	r3, r3, #2
20000e3c:	58d3      	ldr	r3, [r2, r3]
20000e3e:	469f      	mov	pc, r3
20000e40:	4a67      	ldr	r2, [pc, #412]	@ (20000fe0 <dcd_event_handler+0x1bc>)
20000e42:	7813      	ldrb	r3, [r2, #0]
20000e44:	3301      	adds	r3, #1
20000e46:	7013      	strb	r3, [r2, #0]
20000e48:	4b66      	ldr	r3, [pc, #408]	@ (20000fe4 <dcd_event_handler+0x1c0>)
20000e4a:	681c      	ldr	r4, [r3, #0]
20000e4c:	6962      	ldr	r2, [r4, #20]
20000e4e:	f3ef 8110 	mrs	r1, PRIMASK
20000e52:	b672      	cpsid	i
20000e54:	6813      	ldr	r3, [r2, #0]
20000e56:	2b00      	cmp	r3, #0
20000e58:	d0fc      	beq.n	20000e54 <dcd_event_handler+0x30>
20000e5a:	f3bf 8f5f 	dmb	sy
20000e5e:	61a1      	str	r1, [r4, #24]
20000e60:	0020      	movs	r0, r4
20000e62:	0029      	movs	r1, r5
20000e64:	f000 f8ec 	bl	20001040 <__tu_fifo_write_veneer>
20000e68:	6962      	ldr	r2, [r4, #20]
20000e6a:	69a3      	ldr	r3, [r4, #24]
20000e6c:	f3bf 8f5f 	dmb	sy
20000e70:	2100      	movs	r1, #0
20000e72:	6011      	str	r1, [r2, #0]
20000e74:	f383 8810 	msr	PRIMASK, r3
20000e78:	2800      	cmp	r0, #0
20000e7a:	d104      	bne.n	20000e86 <dcd_event_handler+0x62>
20000e7c:	b005      	add	sp, #20
20000e7e:	bcc0      	pop	{r6, r7}
20000e80:	46b9      	mov	r9, r7
20000e82:	46b0      	mov	r8, r6
20000e84:	bdf0      	pop	{r4, r5, r6, r7, pc}
20000e86:	003a      	movs	r2, r7
20000e88:	7869      	ldrb	r1, [r5, #1]
20000e8a:	7828      	ldrb	r0, [r5, #0]
20000e8c:	f000 f8e8 	bl	20001060 <__tud_event_hook_cb_veneer>
20000e90:	e7f4      	b.n	20000e7c <dcd_event_handler+0x58>
20000e92:	2101      	movs	r1, #1
20000e94:	4b54      	ldr	r3, [pc, #336]	@ (20000fe8 <dcd_event_handler+0x1c4>)
20000e96:	781a      	ldrb	r2, [r3, #0]
20000e98:	438a      	bics	r2, r1
20000e9a:	701a      	strb	r2, [r3, #0]
20000e9c:	781a      	ldrb	r2, [r3, #0]
20000e9e:	3101      	adds	r1, #1
20000ea0:	438a      	bics	r2, r1
20000ea2:	701a      	strb	r2, [r3, #0]
20000ea4:	2200      	movs	r2, #0
20000ea6:	705a      	strb	r2, [r3, #1]
20000ea8:	781a      	ldrb	r2, [r3, #0]
20000eaa:	3102      	adds	r1, #2
20000eac:	438a      	bics	r2, r1
20000eae:	701a      	strb	r2, [r3, #0]
20000eb0:	e7ca      	b.n	20000e48 <dcd_event_handler+0x24>
20000eb2:	4b4e      	ldr	r3, [pc, #312]	@ (20000fec <dcd_event_handler+0x1c8>)
20000eb4:	2400      	movs	r4, #0
20000eb6:	001e      	movs	r6, r3
20000eb8:	781a      	ldrb	r2, [r3, #0]
20000eba:	4b4d      	ldr	r3, [pc, #308]	@ (20000ff0 <dcd_event_handler+0x1cc>)
20000ebc:	4698      	mov	r8, r3
20000ebe:	4b4d      	ldr	r3, [pc, #308]	@ (20000ff4 <dcd_event_handler+0x1d0>)
20000ec0:	4699      	mov	r9, r3
20000ec2:	e010      	b.n	20000ee6 <dcd_event_handler+0xc2>
20000ec4:	464b      	mov	r3, r9
20000ec6:	681b      	ldr	r3, [r3, #0]
20000ec8:	0161      	lsls	r1, r4, #5
20000eca:	185b      	adds	r3, r3, r1
20000ecc:	2b00      	cmp	r3, #0
20000ece:	d006      	beq.n	20000ede <dcd_event_handler+0xba>
20000ed0:	69db      	ldr	r3, [r3, #28]
20000ed2:	2b00      	cmp	r3, #0
20000ed4:	d003      	beq.n	20000ede <dcd_event_handler+0xba>
20000ed6:	6869      	ldr	r1, [r5, #4]
20000ed8:	7828      	ldrb	r0, [r5, #0]
20000eda:	4798      	blx	r3
20000edc:	7832      	ldrb	r2, [r6, #0]
20000ede:	3401      	adds	r4, #1
20000ee0:	b2e4      	uxtb	r4, r4
20000ee2:	4294      	cmp	r4, r2
20000ee4:	d817      	bhi.n	20000f16 <dcd_event_handler+0xf2>
20000ee6:	42a2      	cmp	r2, r4
20000ee8:	d8ec      	bhi.n	20000ec4 <dcd_event_handler+0xa0>
20000eea:	1aa3      	subs	r3, r4, r2
20000eec:	015b      	lsls	r3, r3, #5
20000eee:	4443      	add	r3, r8
20000ef0:	e7ee      	b.n	20000ed0 <dcd_event_handler+0xac>
20000ef2:	4b3d      	ldr	r3, [pc, #244]	@ (20000fe8 <dcd_event_handler+0x1c4>)
20000ef4:	781a      	ldrb	r2, [r3, #0]
20000ef6:	07d2      	lsls	r2, r2, #31
20000ef8:	d5c0      	bpl.n	20000e7c <dcd_event_handler+0x58>
20000efa:	2104      	movs	r1, #4
20000efc:	781a      	ldrb	r2, [r3, #0]
20000efe:	430a      	orrs	r2, r1
20000f00:	701a      	strb	r2, [r3, #0]
20000f02:	e7a1      	b.n	20000e48 <dcd_event_handler+0x24>
20000f04:	4b38      	ldr	r3, [pc, #224]	@ (20000fe8 <dcd_event_handler+0x1c4>)
20000f06:	781a      	ldrb	r2, [r3, #0]
20000f08:	07d2      	lsls	r2, r2, #31
20000f0a:	d5b7      	bpl.n	20000e7c <dcd_event_handler+0x58>
20000f0c:	2104      	movs	r1, #4
20000f0e:	781a      	ldrb	r2, [r3, #0]
20000f10:	438a      	bics	r2, r1
20000f12:	701a      	strb	r2, [r3, #0]
20000f14:	e798      	b.n	20000e48 <dcd_event_handler+0x24>
20000f16:	4a34      	ldr	r2, [pc, #208]	@ (20000fe8 <dcd_event_handler+0x1c4>)
20000f18:	7813      	ldrb	r3, [r2, #0]
20000f1a:	4690      	mov	r8, r2
20000f1c:	0011      	movs	r1, r2
20000f1e:	075b      	lsls	r3, r3, #29
20000f20:	d528      	bpl.n	20000f74 <dcd_event_handler+0x150>
20000f22:	7813      	ldrb	r3, [r2, #0]
20000f24:	2204      	movs	r2, #4
20000f26:	ac01      	add	r4, sp, #4
20000f28:	4393      	bics	r3, r2
20000f2a:	700b      	strb	r3, [r1, #0]
20000f2c:	0020      	movs	r0, r4
20000f2e:	2100      	movs	r1, #0
20000f30:	3208      	adds	r2, #8
20000f32:	f000 f88d 	bl	20001050 <____wrap_memset_veneer>
20000f36:	782b      	ldrb	r3, [r5, #0]
20000f38:	7023      	strb	r3, [r4, #0]
20000f3a:	2305      	movs	r3, #5
20000f3c:	7063      	strb	r3, [r4, #1]
20000f3e:	4b29      	ldr	r3, [pc, #164]	@ (20000fe4 <dcd_event_handler+0x1c0>)
20000f40:	681b      	ldr	r3, [r3, #0]
20000f42:	0018      	movs	r0, r3
20000f44:	695a      	ldr	r2, [r3, #20]
20000f46:	f3ef 8110 	mrs	r1, PRIMASK
20000f4a:	b672      	cpsid	i
20000f4c:	6813      	ldr	r3, [r2, #0]
20000f4e:	2b00      	cmp	r3, #0
20000f50:	d0fc      	beq.n	20000f4c <dcd_event_handler+0x128>
20000f52:	f3bf 8f5f 	dmb	sy
20000f56:	0006      	movs	r6, r0
20000f58:	6181      	str	r1, [r0, #24]
20000f5a:	0021      	movs	r1, r4
20000f5c:	f000 f870 	bl	20001040 <__tu_fifo_write_veneer>
20000f60:	6972      	ldr	r2, [r6, #20]
20000f62:	69b3      	ldr	r3, [r6, #24]
20000f64:	f3bf 8f5f 	dmb	sy
20000f68:	2100      	movs	r1, #0
20000f6a:	6011      	str	r1, [r2, #0]
20000f6c:	f383 8810 	msr	PRIMASK, r3
20000f70:	2800      	cmp	r0, #0
20000f72:	d12c      	bne.n	20000fce <dcd_event_handler+0x1aa>
20000f74:	4643      	mov	r3, r8
20000f76:	78db      	ldrb	r3, [r3, #3]
20000f78:	07db      	lsls	r3, r3, #31
20000f7a:	d400      	bmi.n	20000f7e <dcd_event_handler+0x15a>
20000f7c:	e77e      	b.n	20000e7c <dcd_event_handler+0x58>
20000f7e:	782b      	ldrb	r3, [r5, #0]
20000f80:	ac01      	add	r4, sp, #4
20000f82:	7023      	strb	r3, [r4, #0]
20000f84:	2303      	movs	r3, #3
20000f86:	7063      	strb	r3, [r4, #1]
20000f88:	686b      	ldr	r3, [r5, #4]
20000f8a:	6063      	str	r3, [r4, #4]
20000f8c:	4b15      	ldr	r3, [pc, #84]	@ (20000fe4 <dcd_event_handler+0x1c0>)
20000f8e:	681d      	ldr	r5, [r3, #0]
20000f90:	696a      	ldr	r2, [r5, #20]
20000f92:	f3ef 8110 	mrs	r1, PRIMASK
20000f96:	b672      	cpsid	i
20000f98:	6813      	ldr	r3, [r2, #0]
20000f9a:	2b00      	cmp	r3, #0
20000f9c:	d0fc      	beq.n	20000f98 <dcd_event_handler+0x174>
20000f9e:	f3bf 8f5f 	dmb	sy
20000fa2:	61a9      	str	r1, [r5, #24]
20000fa4:	0028      	movs	r0, r5
20000fa6:	0021      	movs	r1, r4
20000fa8:	f000 f84a 	bl	20001040 <__tu_fifo_write_veneer>
20000fac:	696a      	ldr	r2, [r5, #20]
20000fae:	69ab      	ldr	r3, [r5, #24]
20000fb0:	f3bf 8f5f 	dmb	sy
20000fb4:	2100      	movs	r1, #0
20000fb6:	6011      	str	r1, [r2, #0]
20000fb8:	f383 8810 	msr	PRIMASK, r3
20000fbc:	2800      	cmp	r0, #0
20000fbe:	d100      	bne.n	20000fc2 <dcd_event_handler+0x19e>
20000fc0:	e75c      	b.n	20000e7c <dcd_event_handler+0x58>
20000fc2:	003a      	movs	r2, r7
20000fc4:	7861      	ldrb	r1, [r4, #1]
20000fc6:	7820      	ldrb	r0, [r4, #0]
20000fc8:	f000 f84a 	bl	20001060 <__tud_event_hook_cb_veneer>
20000fcc:	e756      	b.n	20000e7c <dcd_event_handler+0x58>
20000fce:	003a      	movs	r2, r7
20000fd0:	7861      	ldrb	r1, [r4, #1]
20000fd2:	7820      	ldrb	r0, [r4, #0]
20000fd4:	f000 f844 	bl	20001060 <__tud_event_hook_cb_veneer>
20000fd8:	e7cc      	b.n	20000f74 <dcd_event_handler+0x150>
20000fda:	46c0      	nop			@ (mov r8, r8)
20000fdc:	10006b68 	.word	0x10006b68
20000fe0:	20001d83 	.word	0x20001d83
20000fe4:	20001700 	.word	0x20001700
20000fe8:	200016a8 	.word	0x200016a8
20000fec:	20001d81 	.word	0x20001d81
20000ff0:	10006b84 	.word	0x10006b84
20000ff4:	200015c0 	.word	0x200015c0

20000ff8 <__aeabi_idiv0>:
20000ff8:	4770      	bx	lr
20000ffa:	46c0      	nop			@ (mov r8, r8)
20000ffc:	0000      	movs	r0, r0
	...

20001000 <__rp2040_chip_version_veneer>:
20001000:	b401      	push	{r0}
20001002:	4802      	ldr	r0, [pc, #8]	@ (2000100c <__rp2040_chip_version_veneer+0xc>)
20001004:	4684      	mov	ip, r0
20001006:	bc01      	pop	{r0}
20001008:	4760      	bx	ip
2000100a:	bf00      	nop
2000100c:	10000389 	.word	0x10000389

20001010 <__panic_veneer>:
20001010:	b401      	push	{r0}
20001012:	4802      	ldr	r0, [pc, #8]	@ (2000101c <__panic_veneer+0xc>)
20001014:	4684      	mov	ip, r0
20001016:	bc01      	pop	{r0}
20001018:	4760      	bx	ip
2000101a:	bf00      	nop
2000101c:	10000395 	.word	0x10000395

20001020 <____wrap___aeabi_lmul_veneer>:
20001020:	b401      	push	{r0}
20001022:	4802      	ldr	r0, [pc, #8]	@ (2000102c <____wrap___aeabi_lmul_veneer+0xc>)
20001024:	4684      	mov	ip, r0
20001026:	bc01      	pop	{r0}
20001028:	4760      	bx	ip
2000102a:	bf00      	nop
2000102c:	100024d9 	.word	0x100024d9

20001030 <__best_effort_wfe_or_timeout_veneer>:
20001030:	b401      	push	{r0}
20001032:	4802      	ldr	r0, [pc, #8]	@ (2000103c <__best_effort_wfe_or_timeout_veneer+0xc>)
20001034:	4684      	mov	ip, r0
20001036:	bc01      	pop	{r0}
20001038:	4760      	bx	ip
2000103a:	bf00      	nop
2000103c:	10000f79 	.word	0x10000f79

20001040 <__tu_fifo_write_veneer>:
20001040:	b401      	push	{r0}
20001042:	4802      	ldr	r0, [pc, #8]	@ (2000104c <__tu_fifo_write_veneer+0xc>)
20001044:	4684      	mov	ip, r0
20001046:	bc01      	pop	{r0}
20001048:	4760      	bx	ip
2000104a:	bf00      	nop
2000104c:	100062d9 	.word	0x100062d9

20001050 <____wrap_memset_veneer>:
20001050:	b401      	push	{r0}
20001052:	4802      	ldr	r0, [pc, #8]	@ (2000105c <____wrap_memset_veneer+0xc>)
20001054:	4684      	mov	ip, r0
20001056:	bc01      	pop	{r0}
20001058:	4760      	bx	ip
2000105a:	bf00      	nop
2000105c:	100025b1 	.word	0x100025b1

20001060 <__tud_event_hook_cb_veneer>:
20001060:	b401      	push	{r0}
20001062:	4802      	ldr	r0, [pc, #8]	@ (2000106c <__tud_event_hook_cb_veneer+0xc>)
20001064:	4684      	mov	ip, r0
20001066:	bc01      	pop	{r0}
20001068:	4760      	bx	ip
2000106a:	bf00      	nop
2000106c:	10004d75 	.word	0x10004d75

20001070 <__time_us_64_veneer>:
20001070:	b401      	push	{r0}
20001072:	4802      	ldr	r0, [pc, #8]	@ (2000107c <__time_us_64_veneer+0xc>)
20001074:	4684      	mov	ip, r0
20001076:	bc01      	pop	{r0}
20001078:	4760      	bx	ip
2000107a:	bf00      	nop
2000107c:	10001085 	.word	0x10001085

20001080 <striped_spin_lock_num>:
20001080:	00000010                                ....

20001084 <irq_handler_chain_slots>:
20001084:	00000000 	.word	0x00000000
20001088:	00010000 	.word	0x00010000
	...
20001094:	00020000 	.word	0x00020000
	...
200010a0:	00030000 	.word	0x00030000
	...
200010ac:	00040000 	.word	0x00040000
	...
200010b8:	00050000 	.word	0x00050000
	...
200010c4:	00ff0000 	.word	0x00ff0000
200010c8:	00000000 	.word	0x00000000

200010cc <irq_handler_chain_first_slot>:
200010cc:	b501      	push	{r0, lr}
200010ce:	6848      	ldr	r0, [r1, #4]
200010d0:	3101      	adds	r1, #1
200010d2:	468e      	mov	lr, r1
200010d4:	4700      	bx	r0

200010d6 <irq_handler_chain_remove_tail>:
200010d6:	4670      	mov	r0, lr
200010d8:	3809      	subs	r0, #9
200010da:	4901      	ldr	r1, [pc, #4]	@ (200010e0 <irq_handler_chain_remove_tail+0xa>)
200010dc:	4788      	blx	r1
200010de:	bd01      	pop	{r0, pc}
200010e0:	100007b1 	.word	0x100007b1
200010e4:	00000000 	.word	0x00000000

200010e8 <last_added.0>:
200010e8:	ffffffff 7fffffff                       ........

200010f0 <default_alarm_pool>:
	...
20001104:	20001238 00000000 00000000              8.. ........

20001110 <aeabi_bits_funcs>:
20001110:	00003350 	.word	0x00003350
20001114:	0000334c 	.word	0x0000334c
20001118:	00003354 	.word	0x00003354
2000111c:	00003352 	.word	0x00003352

20001120 <aeabi_bits_funcs_end>:
20001120:	0000534d 	.word	0x0000534d
20001124:	0000434d 	.word	0x0000434d
20001128:	00003453 	.word	0x00003453
2000112c:	00003443 	.word	0x00003443

20001130 <stdio_usb>:
20001130:	1000440d 100043c1 10004331 100042a9     .D...C..1C...B..
20001140:	00000000 00000100                       ........

20001148 <_usbd_qdef>:
20001148:	20001704 000c0010 00000000 00000000     ... ............
	...

20001164 <_usbd_rhport>:
20001164:	000000ff                                ....

20001168 <print_mutex>:
	...
