
/home/lucas/Desktop/EmbeddedSystems/redo/module1/build/module1.elf:     file format elf32-littlearm

Sections:
Idx Name          Size      VMA       LMA       File off  Algn
  0 .boot2        00000100  10000000  10000000  00001000  2**0
                  CONTENTS, ALLOC, LOAD, READONLY, CODE
  1 .text         00006618  10000100  10000100  00001100  2**3
                  CONTENTS, ALLOC, LOAD, READONLY, CODE
  2 .rodata       00000504  10006718  10006718  00007718  2**3
                  CONTENTS, ALLOC, LOAD, READONLY, DATA
  3 .binary_info  00000024  10006c1c  10006c1c  00007c1c  2**2
                  CONTENTS, ALLOC, LOAD, READONLY, DATA
  4 .xip_ram      00000000  15000000  15000000  00009170  2**0
                  CONTENTS
  5 .ram_vector_table 000000c0  20000000  20000000  0000a000  2**2
                  ALLOC
  6 .uninitialized_data 00000000  200000c0  200000c0  00009170  2**0
                  CONTENTS
  7 .data         000010b0  200000c0  10006c40  000080c0  2**4
                  CONTENTS, ALLOC, LOAD, READONLY, CODE
  8 .tdata        00000000  20001170  20001170  00009170  2**0
                  CONTENTS, ALLOC, LOAD, DATA, THREAD_LOCAL
  9 .tbss         00000000  20001170  20001170  00000000  2**0
                  ALLOC, THREAD_LOCAL
 10 .tbss_space   00000000  20001170  20001170  00009170  2**0
                  CONTENTS
 11 .bss          00000c1c  20001170  10007cf0  00009170  2**3
                  ALLOC
 12 .tls0         00000000  20001d8c  20001d8c  00009170  2**0
                  CONTENTS
 13 .tls1         00000000  20001d8c  20001d8c  00009170  2**0
                  CONTENTS
 14 .persistent_data 00000000  20001d8c  20001d8c  00009170  2**0
                  CONTENTS
 15 .dummy_pre_heap 00000000  20001d8c  20001d8c  00009170  2**0
                  CONTENTS
 16 .heap         00000800  20001d8c  20001d8c  0000a000  2**2
                  ALLOC, READONLY
 17 .scratch_x    00000000  20040000  20040000  00009170  2**0
                  CONTENTS
 18 .scratch_y    00000000  20041000  20041000  00009170  2**0
                  CONTENTS
 19 .stack_dummy  00000800  20041000  20041000  0000a000  2**5
                  ALLOC, READONLY
 20 .debug_info   00030a78  00000000  00000000  00009170  2**0
                  CONTENTS, READONLY, DEBUGGING, OCTETS
 21 .debug_abbrev 0000904b  00000000  00000000  00039be8  2**0
                  CONTENTS, READONLY, DEBUGGING, OCTETS
 22 .debug_loclists 0001a96d  00000000  00000000  00042c33  2**0
                  CONTENTS, READONLY, DEBUGGING, OCTETS
 23 .debug_aranges 000016f0  00000000  00000000  0005d5a0  2**3
                  CONTENTS, READONLY, DEBUGGING, OCTETS
 24 .debug_rnglists 00004586  00000000  00000000  0005ec90  2**0
                  CONTENTS, READONLY, DEBUGGING, OCTETS
 25 .debug_line   00024d2b  00000000  00000000  00063216  2**0
                  CONTENTS, READONLY, DEBUGGING, OCTETS
 26 .debug_str    0000905a  00000000  00000000  00087f41  2**0
                  CONTENTS, READONLY, DEBUGGING, OCTETS
 27 .comment      0000003c  00000000  00000000  00090f9b  2**0
                  CONTENTS, READONLY
 28 .ARM.attributes 0000002a  00000000  00000000  00090fd7  2**0
                  CONTENTS, READONLY
 29 .debug_frame  00002e08  00000000  00000000  00091004  2**2
                  CONTENTS, READONLY, DEBUGGING, OCTETS
 30 .debug_line_str 0000031c  00000000  00000000  00093e0c  2**0
                  CONTENTS, READONLY, DEBUGGING, OCTETS

/home/lucas/Desktop/EmbeddedSystems/redo/module1/build/module1.elf:     file format elf32-littlearm


Disassembly of section .boot2:

10000000 <__boot2_start__>:
10000000:	4b32b500 	.word	0x4b32b500
10000004:	60582021 	.word	0x60582021
10000008:	21026898 	.word	0x21026898
1000000c:	60984388 	.word	0x60984388
10000010:	611860d8 	.word	0x611860d8
10000014:	4b2e6158 	.word	0x4b2e6158
10000018:	60992100 	.word	0x60992100
1000001c:	61592102 	.word	0x61592102
10000020:	22f02101 	.word	0x22f02101
10000024:	492b5099 	.word	0x492b5099
10000028:	21016019 	.word	0x21016019
1000002c:	20356099 	.word	0x20356099
10000030:	f844f000 	.word	0xf844f000
10000034:	42902202 	.word	0x42902202
10000038:	2106d014 	.word	0x2106d014
1000003c:	f0006619 	.word	0xf0006619
10000040:	6e19f834 	.word	0x6e19f834
10000044:	66192101 	.word	0x66192101
10000048:	66182000 	.word	0x66182000
1000004c:	f000661a 	.word	0xf000661a
10000050:	6e19f82c 	.word	0x6e19f82c
10000054:	6e196e19 	.word	0x6e196e19
10000058:	f0002005 	.word	0xf0002005
1000005c:	2101f82f 	.word	0x2101f82f
10000060:	d1f94208 	.word	0xd1f94208
10000064:	60992100 	.word	0x60992100
10000068:	6019491b 	.word	0x6019491b
1000006c:	60592100 	.word	0x60592100
10000070:	481b491a 	.word	0x481b491a
10000074:	21016001 	.word	0x21016001
10000078:	21eb6099 	.word	0x21eb6099
1000007c:	21a06619 	.word	0x21a06619
10000080:	f0006619 	.word	0xf0006619
10000084:	2100f812 	.word	0x2100f812
10000088:	49166099 	.word	0x49166099
1000008c:	60014814 	.word	0x60014814
10000090:	60992101 	.word	0x60992101
10000094:	2800bc01 	.word	0x2800bc01
10000098:	4700d000 	.word	0x4700d000
1000009c:	49134812 	.word	0x49134812
100000a0:	c8036008 	.word	0xc8036008
100000a4:	8808f380 	.word	0x8808f380
100000a8:	b5034708 	.word	0xb5034708
100000ac:	20046a99 	.word	0x20046a99
100000b0:	d0fb4201 	.word	0xd0fb4201
100000b4:	42012001 	.word	0x42012001
100000b8:	bd03d1f8 	.word	0xbd03d1f8
100000bc:	6618b502 	.word	0x6618b502
100000c0:	f7ff6618 	.word	0xf7ff6618
100000c4:	6e18fff2 	.word	0x6e18fff2
100000c8:	bd026e18 	.word	0xbd026e18
100000cc:	40020000 	.word	0x40020000
100000d0:	18000000 	.word	0x18000000
100000d4:	00070000 	.word	0x00070000
100000d8:	005f0300 	.word	0x005f0300
100000dc:	00002221 	.word	0x00002221
100000e0:	180000f4 	.word	0x180000f4
100000e4:	a0002022 	.word	0xa0002022
100000e8:	10000100 	.word	0x10000100
100000ec:	e000ed08 	.word	0xe000ed08
	...
100000fc:	7a4eb274 	.word	0x7a4eb274

Disassembly of section .text:

10000100 <__VECTOR_TABLE>:
10000100:	20042000 	.word	0x20042000
10000104:	100001f7 	.word	0x100001f7
10000108:	100001cb 	.word	0x100001cb
1000010c:	100001cd 	.word	0x100001cd
10000110:	100001c9 	.word	0x100001c9
10000114:	100001c9 	.word	0x100001c9
10000118:	100001c9 	.word	0x100001c9
1000011c:	100001c9 	.word	0x100001c9
10000120:	100001c9 	.word	0x100001c9
10000124:	100001c9 	.word	0x100001c9
10000128:	100001c9 	.word	0x100001c9
1000012c:	100001cf 	.word	0x100001cf
10000130:	100001c9 	.word	0x100001c9
10000134:	100001c9 	.word	0x100001c9
10000138:	100001d1 	.word	0x100001d1
1000013c:	100001d3 	.word	0x100001d3
10000140:	100001c1 	.word	0x100001c1
10000144:	100001c1 	.word	0x100001c1
10000148:	100001c1 	.word	0x100001c1
1000014c:	100001c1 	.word	0x100001c1
10000150:	100001c1 	.word	0x100001c1
10000154:	100001c1 	.word	0x100001c1
10000158:	100001c1 	.word	0x100001c1
1000015c:	100001c1 	.word	0x100001c1
10000160:	100001c1 	.word	0x100001c1
10000164:	100001c1 	.word	0x100001c1
10000168:	100001c1 	.word	0x100001c1
1000016c:	100001c1 	.word	0x100001c1
10000170:	100001c1 	.word	0x100001c1
10000174:	100001c1 	.word	0x100001c1
10000178:	100001c1 	.word	0x100001c1
1000017c:	100001c1 	.word	0x100001c1
10000180:	100001c1 	.word	0x100001c1
10000184:	100001c1 	.word	0x100001c1
10000188:	100001c1 	.word	0x100001c1
1000018c:	100001c1 	.word	0x100001c1
10000190:	100001c1 	.word	0x100001c1
10000194:	100001c1 	.word	0x100001c1
10000198:	100001c1 	.word	0x100001c1
1000019c:	100001c1 	.word	0x100001c1
100001a0:	100001c1 	.word	0x100001c1
100001a4:	100001c1 	.word	0x100001c1
100001a8:	100001c1 	.word	0x100001c1
100001ac:	100001c1 	.word	0x100001c1
100001b0:	100001c1 	.word	0x100001c1
100001b4:	100001c1 	.word	0x100001c1
100001b8:	100001c1 	.word	0x100001c1
100001bc:	100001c1 	.word	0x100001c1

100001c0 <__unhandled_user_irq>:
100001c0:	f3ef 8005 	mrs	r0, IPSR
100001c4:	3810      	subs	r0, #16

100001c6 <unhandled_user_irq_num_in_r0>:
100001c6:	be00      	bkpt	0x0000

100001c8 <isr_invalid>:
100001c8:	be00      	bkpt	0x0000

100001ca <isr_nmi>:
100001ca:	be00      	bkpt	0x0000

100001cc <isr_hardfault>:
100001cc:	be00      	bkpt	0x0000

100001ce <isr_svcall>:
100001ce:	be00      	bkpt	0x0000

100001d0 <isr_pendsv>:
100001d0:	be00      	bkpt	0x0000

100001d2 <isr_systick>:
100001d2:	be00      	bkpt	0x0000

100001d4 <__default_isrs_end>:
100001d4:	7188ebf2 	.word	0x7188ebf2
100001d8:	10006c1c 	.word	0x10006c1c
100001dc:	10006c40 	.word	0x10006c40
100001e0:	10000238 	.word	0x10000238
100001e4:	e71aa390 	.word	0xe71aa390

100001e8 <_entry_point>:
100001e8:	2000      	movs	r0, #0

100001ea <_enter_vtable_in_r0>:
100001ea:	491e      	ldr	r1, [pc, #120]	@ (10000264 <data_cpy_table+0x2c>)
100001ec:	6008      	str	r0, [r1, #0]
100001ee:	c806      	ldmia	r0!, {r1, r2}
100001f0:	f381 8808 	msr	MSP, r1
100001f4:	4710      	bx	r2

100001f6 <_reset_handler>:
100001f6:	481c      	ldr	r0, [pc, #112]	@ (10000268 <data_cpy_table+0x30>)
100001f8:	6800      	ldr	r0, [r0, #0]
100001fa:	2800      	cmp	r0, #0
100001fc:	d001      	beq.n	10000202 <hold_non_core0_in_bootrom+0x4>

100001fe <hold_non_core0_in_bootrom>:
100001fe:	2000      	movs	r0, #0
10000200:	e7f3      	b.n	100001ea <_enter_vtable_in_r0>
10000202:	a40d      	add	r4, pc, #52	@ (adr r4, 10000238 <data_cpy_table>)
10000204:	cc0e      	ldmia	r4!, {r1, r2, r3}
10000206:	2900      	cmp	r1, #0
10000208:	d002      	beq.n	10000210 <hold_non_core0_in_bootrom+0x12>
1000020a:	f000 f812 	bl	10000232 <data_cpy>
1000020e:	e7f9      	b.n	10000204 <hold_non_core0_in_bootrom+0x6>
10000210:	4916      	ldr	r1, [pc, #88]	@ (1000026c <data_cpy_table+0x34>)
10000212:	4a17      	ldr	r2, [pc, #92]	@ (10000270 <data_cpy_table+0x38>)
10000214:	2000      	movs	r0, #0
10000216:	e000      	b.n	1000021a <bss_fill_test>

10000218 <bss_fill_loop>:
10000218:	c101      	stmia	r1!, {r0}

1000021a <bss_fill_test>:
1000021a:	4291      	cmp	r1, r2
1000021c:	d1fc      	bne.n	10000218 <bss_fill_loop>

1000021e <platform_entry>:
1000021e:	4915      	ldr	r1, [pc, #84]	@ (10000274 <data_cpy_table+0x3c>)
10000220:	4788      	blx	r1
10000222:	4915      	ldr	r1, [pc, #84]	@ (10000278 <data_cpy_table+0x40>)
10000224:	4788      	blx	r1
10000226:	4915      	ldr	r1, [pc, #84]	@ (1000027c <data_cpy_table+0x44>)
10000228:	4788      	blx	r1
1000022a:	be00      	bkpt	0x0000
1000022c:	e7fd      	b.n	1000022a <platform_entry+0xc>

1000022e <data_cpy_loop>:
1000022e:	c901      	ldmia	r1!, {r0}
10000230:	c201      	stmia	r2!, {r0}

10000232 <data_cpy>:
10000232:	429a      	cmp	r2, r3
10000234:	d3fb      	bcc.n	1000022e <data_cpy_loop>

10000236 <data_cpy_done>:
10000236:	4770      	bx	lr

10000238 <data_cpy_table>:
10000238:	10006c40 	.word	0x10006c40
1000023c:	200000c0 	.word	0x200000c0
10000240:	20001170 	.word	0x20001170
10000244:	10007cf0 	.word	0x10007cf0
10000248:	20040000 	.word	0x20040000
1000024c:	20040000 	.word	0x20040000
10000250:	10007cf0 	.word	0x10007cf0
10000254:	20041000 	.word	0x20041000
10000258:	20041000 	.word	0x20041000
1000025c:	00000000 	.word	0x00000000
10000260:	4770      	bx	lr
10000262:	0000      	.short	0x0000
10000264:	e000ed08 	.word	0xe000ed08
10000268:	d0000000 	.word	0xd0000000
1000026c:	20001170 	.word	0x20001170
10000270:	20001d8c 	.word	0x20001d8c
10000274:	10003f19 	.word	0x10003f19
10000278:	10000281 	.word	0x10000281
1000027c:	10003f11 	.word	0x10003f11

10000280 <main>:
10000280:	b5f0      	push	{r4, r5, r6, r7, lr}
10000282:	46d6      	mov	lr, sl
10000284:	b500      	push	{lr}
10000286:	f003 ff6b 	bl	10004160 <stdio_init_all>
1000028a:	2000      	movs	r0, #0
1000028c:	f000 f844 	bl	10000318 <hal_gpio_init>
10000290:	2101      	movs	r1, #1
10000292:	2000      	movs	r0, #0
10000294:	f000 f868 	bl	10000368 <hal_gpio_set>
10000298:	2196      	movs	r1, #150	@ 0x96
1000029a:	481c      	ldr	r0, [pc, #112]	@ (1000030c <main+0x8c>)
1000029c:	0209      	lsls	r1, r1, #8
1000029e:	f000 ff69 	bl	10001174 <uart_init>
100002a2:	2102      	movs	r1, #2
100002a4:	2011      	movs	r0, #17
100002a6:	f000 f871 	bl	1000038c <gpio_set_function>
100002aa:	2500      	movs	r5, #0
100002ac:	f000 ff22 	bl	100010f4 <time_us_64>
100002b0:	4c17      	ldr	r4, [pc, #92]	@ (10000310 <main+0x90>)
100002b2:	4b18      	ldr	r3, [pc, #96]	@ (10000314 <main+0x94>)
100002b4:	1824      	adds	r4, r4, r0
100002b6:	414d      	adcs	r5, r1
100002b8:	469a      	mov	sl, r3
100002ba:	2610      	movs	r6, #16
100002bc:	4f13      	ldr	r7, [pc, #76]	@ (1000030c <main+0x8c>)
100002be:	69bb      	ldr	r3, [r7, #24]
100002c0:	421e      	tst	r6, r3
100002c2:	d10b      	bne.n	100002dc <main+0x5c>
100002c4:	69bb      	ldr	r3, [r7, #24]
100002c6:	421e      	tst	r6, r3
100002c8:	d1fc      	bne.n	100002c4 <main+0x44>
100002ca:	21ff      	movs	r1, #255	@ 0xff
100002cc:	683b      	ldr	r3, [r7, #0]
100002ce:	4650      	mov	r0, sl
100002d0:	4019      	ands	r1, r3
100002d2:	f004 f815 	bl	10004300 <__wrap_printf>
100002d6:	69bb      	ldr	r3, [r7, #24]
100002d8:	421e      	tst	r6, r3
100002da:	d0f3      	beq.n	100002c4 <main+0x44>
100002dc:	f000 ff0a 	bl	100010f4 <time_us_64>
100002e0:	428d      	cmp	r5, r1
100002e2:	d8ec      	bhi.n	100002be <main+0x3e>
100002e4:	d101      	bne.n	100002ea <main+0x6a>
100002e6:	4284      	cmp	r4, r0
100002e8:	d8e9      	bhi.n	100002be <main+0x3e>
100002ea:	2000      	movs	r0, #0
100002ec:	f000 f828 	bl	10000340 <hal_gpio_get>
100002f0:	2301      	movs	r3, #1
100002f2:	4058      	eors	r0, r3
100002f4:	b2c1      	uxtb	r1, r0
100002f6:	2000      	movs	r0, #0
100002f8:	f000 f836 	bl	10000368 <hal_gpio_set>
100002fc:	2500      	movs	r5, #0
100002fe:	f000 fef9 	bl	100010f4 <time_us_64>
10000302:	4c03      	ldr	r4, [pc, #12]	@ (10000310 <main+0x90>)
10000304:	1824      	adds	r4, r4, r0
10000306:	414d      	adcs	r5, r1
10000308:	e7d9      	b.n	100002be <main+0x3e>
1000030a:	46c0      	nop			@ (mov r8, r8)
1000030c:	40034000 	.word	0x40034000
10000310:	000f4240 	.word	0x000f4240
10000314:	10006718 	.word	0x10006718

10000318 <hal_gpio_init>:
10000318:	b510      	push	{r4, lr}
1000031a:	2801      	cmp	r0, #1
1000031c:	d80c      	bhi.n	10000338 <hal_gpio_init+0x20>
1000031e:	4b07      	ldr	r3, [pc, #28]	@ (1000033c <hal_gpio_init+0x24>)
10000320:	0080      	lsls	r0, r0, #2
10000322:	58c3      	ldr	r3, [r0, r3]
10000324:	0018      	movs	r0, r3
10000326:	001c      	movs	r4, r3
10000328:	f000 f84a 	bl	100003c0 <gpio_init>
1000032c:	2301      	movs	r3, #1
1000032e:	22d0      	movs	r2, #208	@ 0xd0
10000330:	40a3      	lsls	r3, r4
10000332:	0612      	lsls	r2, r2, #24
10000334:	6253      	str	r3, [r2, #36]	@ 0x24
10000336:	6193      	str	r3, [r2, #24]
10000338:	bd10      	pop	{r4, pc}
1000033a:	46c0      	nop			@ (mov r8, r8)
1000033c:	10006890 	.word	0x10006890

10000340 <hal_gpio_get>:
10000340:	0002      	movs	r2, r0
10000342:	2000      	movs	r0, #0
10000344:	2a01      	cmp	r2, #1
10000346:	d80b      	bhi.n	10000360 <hal_gpio_get+0x20>
10000348:	4906      	ldr	r1, [pc, #24]	@ (10000364 <hal_gpio_get+0x24>)
1000034a:	0092      	lsls	r2, r2, #2
1000034c:	5851      	ldr	r1, [r2, r1]
1000034e:	2201      	movs	r2, #1
10000350:	23d0      	movs	r3, #208	@ 0xd0
10000352:	408a      	lsls	r2, r1
10000354:	061b      	lsls	r3, r3, #24
10000356:	685b      	ldr	r3, [r3, #4]
10000358:	4013      	ands	r3, r2
1000035a:	1e5a      	subs	r2, r3, #1
1000035c:	4193      	sbcs	r3, r2
1000035e:	b2d8      	uxtb	r0, r3
10000360:	4770      	bx	lr
10000362:	46c0      	nop			@ (mov r8, r8)
10000364:	10006890 	.word	0x10006890

10000368 <hal_gpio_set>:
10000368:	2801      	cmp	r0, #1
1000036a:	d809      	bhi.n	10000380 <hal_gpio_set+0x18>
1000036c:	4b06      	ldr	r3, [pc, #24]	@ (10000388 <hal_gpio_set+0x20>)
1000036e:	0080      	lsls	r0, r0, #2
10000370:	58c2      	ldr	r2, [r0, r3]
10000372:	2301      	movs	r3, #1
10000374:	4093      	lsls	r3, r2
10000376:	22d0      	movs	r2, #208	@ 0xd0
10000378:	0612      	lsls	r2, r2, #24
1000037a:	2900      	cmp	r1, #0
1000037c:	d001      	beq.n	10000382 <hal_gpio_set+0x1a>
1000037e:	6153      	str	r3, [r2, #20]
10000380:	4770      	bx	lr
10000382:	6193      	str	r3, [r2, #24]
10000384:	e7fc      	b.n	10000380 <hal_gpio_set+0x18>
10000386:	46c0      	nop			@ (mov r8, r8)
10000388:	10006890 	.word	0x10006890

1000038c <gpio_set_function>:
1000038c:	4643      	mov	r3, r8
1000038e:	468c      	mov	ip, r1
10000390:	2140      	movs	r1, #64	@ 0x40
10000392:	4a08      	ldr	r2, [pc, #32]	@ (100003b4 <gpio_set_function+0x28>)
10000394:	b408      	push	{r3}
10000396:	0083      	lsls	r3, r0, #2
10000398:	589a      	ldr	r2, [r3, r2]
1000039a:	00c0      	lsls	r0, r0, #3
1000039c:	4051      	eors	r1, r2
1000039e:	22c0      	movs	r2, #192	@ 0xc0
100003a0:	400a      	ands	r2, r1
100003a2:	4905      	ldr	r1, [pc, #20]	@ (100003b8 <gpio_set_function+0x2c>)
100003a4:	505a      	str	r2, [r3, r1]
100003a6:	4b05      	ldr	r3, [pc, #20]	@ (100003bc <gpio_set_function+0x30>)
100003a8:	18c0      	adds	r0, r0, r3
100003aa:	4663      	mov	r3, ip
100003ac:	6043      	str	r3, [r0, #4]
100003ae:	bc08      	pop	{r3}
100003b0:	4698      	mov	r8, r3
100003b2:	4770      	bx	lr
100003b4:	4001c004 	.word	0x4001c004
100003b8:	4001d004 	.word	0x4001d004
100003bc:	40014000 	.word	0x40014000

100003c0 <gpio_init>:
100003c0:	2301      	movs	r3, #1
100003c2:	22d0      	movs	r2, #208	@ 0xd0
100003c4:	4083      	lsls	r3, r0
100003c6:	0612      	lsls	r2, r2, #24
100003c8:	6293      	str	r3, [r2, #40]	@ 0x28
100003ca:	6193      	str	r3, [r2, #24]
100003cc:	4a07      	ldr	r2, [pc, #28]	@ (100003ec <gpio_init+0x2c>)
100003ce:	0083      	lsls	r3, r0, #2
100003d0:	5899      	ldr	r1, [r3, r2]
100003d2:	2240      	movs	r2, #64	@ 0x40
100003d4:	4051      	eors	r1, r2
100003d6:	3280      	adds	r2, #128	@ 0x80
100003d8:	400a      	ands	r2, r1
100003da:	4905      	ldr	r1, [pc, #20]	@ (100003f0 <gpio_init+0x30>)
100003dc:	00c0      	lsls	r0, r0, #3
100003de:	505a      	str	r2, [r3, r1]
100003e0:	4b04      	ldr	r3, [pc, #16]	@ (100003f4 <gpio_init+0x34>)
100003e2:	18c0      	adds	r0, r0, r3
100003e4:	2305      	movs	r3, #5
100003e6:	6043      	str	r3, [r0, #4]
100003e8:	4770      	bx	lr
100003ea:	46c0      	nop			@ (mov r8, r8)
100003ec:	4001c004 	.word	0x4001c004
100003f0:	4001d004 	.word	0x4001d004
100003f4:	40014000 	.word	0x40014000

100003f8 <rp2040_chip_version>:
100003f8:	2380      	movs	r3, #128	@ 0x80
100003fa:	05db      	lsls	r3, r3, #23
100003fc:	6818      	ldr	r0, [r3, #0]
100003fe:	0f00      	lsrs	r0, r0, #28
10000400:	4770      	bx	lr
10000402:	46c0      	nop			@ (mov r8, r8)

10000404 <panic>:
10000404:	b40f      	push	{r0, r1, r2, r3}
10000406:	b500      	push	{lr}
10000408:	4808      	ldr	r0, [pc, #32]	@ (1000042c <panic+0x28>)
1000040a:	b083      	sub	sp, #12
1000040c:	f003 fef6 	bl	100041fc <__wrap_puts>
10000410:	9b04      	ldr	r3, [sp, #16]
10000412:	2b00      	cmp	r3, #0
10000414:	d007      	beq.n	10000426 <panic+0x22>
10000416:	a905      	add	r1, sp, #20
10000418:	0018      	movs	r0, r3
1000041a:	9101      	str	r1, [sp, #4]
1000041c:	f003 fd5c 	bl	10003ed8 <weak_raw_vprintf>
10000420:	4803      	ldr	r0, [pc, #12]	@ (10000430 <panic+0x2c>)
10000422:	f003 feeb 	bl	100041fc <__wrap_puts>
10000426:	2001      	movs	r0, #1
10000428:	f003 fd6e 	bl	10003f08 <_exit>
1000042c:	10006720 	.word	0x10006720
10000430:	100067e0 	.word	0x100067e0

10000434 <hw_claim_or_assert>:
10000434:	b570      	push	{r4, r5, r6, lr}
10000436:	468c      	mov	ip, r1
10000438:	0016      	movs	r6, r2
1000043a:	f3ef 8410 	mrs	r4, PRIMASK
1000043e:	b672      	cpsid	i
10000440:	490f      	ldr	r1, [pc, #60]	@ (10000480 <hw_claim_or_assert+0x4c>)
10000442:	680b      	ldr	r3, [r1, #0]
10000444:	2b00      	cmp	r3, #0
10000446:	d0fc      	beq.n	10000442 <hw_claim_or_assert+0xe>
10000448:	f3bf 8f5f 	dmb	sy
1000044c:	4663      	mov	r3, ip
1000044e:	08db      	lsrs	r3, r3, #3
10000450:	18c5      	adds	r5, r0, r3
10000452:	2207      	movs	r2, #7
10000454:	5cc0      	ldrb	r0, [r0, r3]
10000456:	4663      	mov	r3, ip
10000458:	401a      	ands	r2, r3
1000045a:	2301      	movs	r3, #1
1000045c:	4093      	lsls	r3, r2
1000045e:	001a      	movs	r2, r3
10000460:	4002      	ands	r2, r0
10000462:	4203      	tst	r3, r0
10000464:	d107      	bne.n	10000476 <hw_claim_or_assert+0x42>
10000466:	4318      	orrs	r0, r3
10000468:	7028      	strb	r0, [r5, #0]
1000046a:	f3bf 8f5f 	dmb	sy
1000046e:	600a      	str	r2, [r1, #0]
10000470:	f384 8810 	msr	PRIMASK, r4
10000474:	bd70      	pop	{r4, r5, r6, pc}
10000476:	4661      	mov	r1, ip
10000478:	0030      	movs	r0, r6
1000047a:	f7ff ffc3 	bl	10000404 <panic>
1000047e:	46c0      	nop			@ (mov r8, r8)
10000480:	d000012c 	.word	0xd000012c

10000484 <hw_claim_unused_from_range>:
10000484:	b5f8      	push	{r3, r4, r5, r6, r7, lr}
10000486:	46ce      	mov	lr, r9
10000488:	4647      	mov	r7, r8
1000048a:	468c      	mov	ip, r1
1000048c:	b580      	push	{r7, lr}
1000048e:	001c      	movs	r4, r3
10000490:	f3ef 8810 	mrs	r8, PRIMASK
10000494:	b672      	cpsid	i
10000496:	491c      	ldr	r1, [pc, #112]	@ (10000508 <hw_claim_unused_from_range+0x84>)
10000498:	680b      	ldr	r3, [r1, #0]
1000049a:	2b00      	cmp	r3, #0
1000049c:	d0fc      	beq.n	10000498 <hw_claim_unused_from_range+0x14>
1000049e:	f3bf 8f5f 	dmb	sy
100004a2:	42a2      	cmp	r2, r4
100004a4:	d821      	bhi.n	100004ea <hw_claim_unused_from_range+0x66>
100004a6:	2307      	movs	r3, #7
100004a8:	4699      	mov	r9, r3
100004aa:	e002      	b.n	100004b2 <hw_claim_unused_from_range+0x2e>
100004ac:	3201      	adds	r2, #1
100004ae:	4294      	cmp	r4, r2
100004b0:	d318      	bcc.n	100004e4 <hw_claim_unused_from_range+0x60>
100004b2:	4649      	mov	r1, r9
100004b4:	2601      	movs	r6, #1
100004b6:	4011      	ands	r1, r2
100004b8:	408e      	lsls	r6, r1
100004ba:	08d3      	lsrs	r3, r2, #3
100004bc:	18c7      	adds	r7, r0, r3
100004be:	5cc3      	ldrb	r3, [r0, r3]
100004c0:	421e      	tst	r6, r3
100004c2:	d1f3      	bne.n	100004ac <hw_claim_unused_from_range+0x28>
100004c4:	0010      	movs	r0, r2
100004c6:	4333      	orrs	r3, r6
100004c8:	703b      	strb	r3, [r7, #0]
100004ca:	f3bf 8f5f 	dmb	sy
100004ce:	2200      	movs	r2, #0
100004d0:	4b0d      	ldr	r3, [pc, #52]	@ (10000508 <hw_claim_unused_from_range+0x84>)
100004d2:	601a      	str	r2, [r3, #0]
100004d4:	f388 8810 	msr	PRIMASK, r8
100004d8:	2800      	cmp	r0, #0
100004da:	db0e      	blt.n	100004fa <hw_claim_unused_from_range+0x76>
100004dc:	bcc0      	pop	{r6, r7}
100004de:	46b9      	mov	r9, r7
100004e0:	46b0      	mov	r8, r6
100004e2:	bdf8      	pop	{r3, r4, r5, r6, r7, pc}
100004e4:	2001      	movs	r0, #1
100004e6:	4240      	negs	r0, r0
100004e8:	e7ef      	b.n	100004ca <hw_claim_unused_from_range+0x46>
100004ea:	f3bf 8f5f 	dmb	sy
100004ee:	2300      	movs	r3, #0
100004f0:	600b      	str	r3, [r1, #0]
100004f2:	f388 8810 	msr	PRIMASK, r8
100004f6:	2001      	movs	r0, #1
100004f8:	4240      	negs	r0, r0
100004fa:	4663      	mov	r3, ip
100004fc:	2b00      	cmp	r3, #0
100004fe:	d0ed      	beq.n	100004dc <hw_claim_unused_from_range+0x58>
10000500:	9808      	ldr	r0, [sp, #32]
10000502:	f7ff ff7f 	bl	10000404 <panic>
10000506:	46c0      	nop			@ (mov r8, r8)
10000508:	d000012c 	.word	0xd000012c

1000050c <next_striped_spin_lock_num>:
1000050c:	4a04      	ldr	r2, [pc, #16]	@ (10000520 <next_striped_spin_lock_num+0x14>)
1000050e:	7810      	ldrb	r0, [r2, #0]
10000510:	1c43      	adds	r3, r0, #1
10000512:	b2db      	uxtb	r3, r3
10000514:	2b17      	cmp	r3, #23
10000516:	d900      	bls.n	1000051a <next_striped_spin_lock_num+0xe>
10000518:	2310      	movs	r3, #16
1000051a:	7013      	strb	r3, [r2, #0]
1000051c:	4770      	bx	lr
1000051e:	46c0      	nop			@ (mov r8, r8)
10000520:	20001080 	.word	0x20001080

10000524 <spin_lock_claim_unused>:
10000524:	b500      	push	{lr}
10000526:	4b05      	ldr	r3, [pc, #20]	@ (1000053c <spin_lock_claim_unused+0x18>)
10000528:	b083      	sub	sp, #12
1000052a:	0001      	movs	r1, r0
1000052c:	9300      	str	r3, [sp, #0]
1000052e:	2218      	movs	r2, #24
10000530:	231f      	movs	r3, #31
10000532:	4803      	ldr	r0, [pc, #12]	@ (10000540 <spin_lock_claim_unused+0x1c>)
10000534:	f7ff ffa6 	bl	10000484 <hw_claim_unused_from_range>
10000538:	b003      	add	sp, #12
1000053a:	bd00      	pop	{pc}
1000053c:	10006730 	.word	0x10006730
10000540:	200018cc 	.word	0x200018cc

10000544 <spin_locks_reset>:
10000544:	2100      	movs	r1, #0
10000546:	4b04      	ldr	r3, [pc, #16]	@ (10000558 <spin_locks_reset+0x14>)
10000548:	4a04      	ldr	r2, [pc, #16]	@ (1000055c <spin_locks_reset+0x18>)
1000054a:	f3bf 8f5f 	dmb	sy
1000054e:	c302      	stmia	r3!, {r1}
10000550:	4293      	cmp	r3, r2
10000552:	d1fa      	bne.n	1000054a <spin_locks_reset+0x6>
10000554:	4770      	bx	lr
10000556:	46c0      	nop			@ (mov r8, r8)
10000558:	d0000100 	.word	0xd0000100
1000055c:	d0000180 	.word	0xd0000180

10000560 <runtime_init_per_core_irq_priorities>:
10000560:	4b08      	ldr	r3, [pc, #32]	@ (10000584 <runtime_init_per_core_irq_priorities+0x24>)
10000562:	4a09      	ldr	r2, [pc, #36]	@ (10000588 <runtime_init_per_core_irq_priorities+0x28>)
10000564:	6013      	str	r3, [r2, #0]
10000566:	4a09      	ldr	r2, [pc, #36]	@ (1000058c <runtime_init_per_core_irq_priorities+0x2c>)
10000568:	6013      	str	r3, [r2, #0]
1000056a:	4a09      	ldr	r2, [pc, #36]	@ (10000590 <runtime_init_per_core_irq_priorities+0x30>)
1000056c:	6013      	str	r3, [r2, #0]
1000056e:	4a09      	ldr	r2, [pc, #36]	@ (10000594 <runtime_init_per_core_irq_priorities+0x34>)
10000570:	6013      	str	r3, [r2, #0]
10000572:	4a09      	ldr	r2, [pc, #36]	@ (10000598 <runtime_init_per_core_irq_priorities+0x38>)
10000574:	6013      	str	r3, [r2, #0]
10000576:	4a09      	ldr	r2, [pc, #36]	@ (1000059c <runtime_init_per_core_irq_priorities+0x3c>)
10000578:	6013      	str	r3, [r2, #0]
1000057a:	4a09      	ldr	r2, [pc, #36]	@ (100005a0 <runtime_init_per_core_irq_priorities+0x40>)
1000057c:	6013      	str	r3, [r2, #0]
1000057e:	4a09      	ldr	r2, [pc, #36]	@ (100005a4 <runtime_init_per_core_irq_priorities+0x44>)
10000580:	6013      	str	r3, [r2, #0]
10000582:	4770      	bx	lr
10000584:	80808080 	.word	0x80808080
10000588:	e000e400 	.word	0xe000e400
1000058c:	e000e404 	.word	0xe000e404
10000590:	e000e408 	.word	0xe000e408
10000594:	e000e40c 	.word	0xe000e40c
10000598:	e000e410 	.word	0xe000e410
1000059c:	e000e414 	.word	0xe000e414
100005a0:	e000e418 	.word	0xe000e418
100005a4:	e000e41c 	.word	0xe000e41c

100005a8 <irq_set_enabled>:
100005a8:	231f      	movs	r3, #31
100005aa:	4018      	ands	r0, r3
100005ac:	3b1e      	subs	r3, #30
100005ae:	4083      	lsls	r3, r0
100005b0:	2900      	cmp	r1, #0
100005b2:	d005      	beq.n	100005c0 <irq_set_enabled+0x18>
100005b4:	21c0      	movs	r1, #192	@ 0xc0
100005b6:	4a04      	ldr	r2, [pc, #16]	@ (100005c8 <irq_set_enabled+0x20>)
100005b8:	0049      	lsls	r1, r1, #1
100005ba:	5053      	str	r3, [r2, r1]
100005bc:	6013      	str	r3, [r2, #0]
100005be:	4770      	bx	lr
100005c0:	2280      	movs	r2, #128	@ 0x80
100005c2:	4901      	ldr	r1, [pc, #4]	@ (100005c8 <irq_set_enabled+0x20>)
100005c4:	508b      	str	r3, [r1, r2]
100005c6:	e7fa      	b.n	100005be <irq_set_enabled+0x16>
100005c8:	e000e100 	.word	0xe000e100

100005cc <irq_is_enabled>:
100005cc:	2201      	movs	r2, #1
100005ce:	4082      	lsls	r2, r0
100005d0:	4b03      	ldr	r3, [pc, #12]	@ (100005e0 <irq_is_enabled+0x14>)
100005d2:	681b      	ldr	r3, [r3, #0]
100005d4:	4013      	ands	r3, r2
100005d6:	1e5a      	subs	r2, r3, #1
100005d8:	4193      	sbcs	r3, r2
100005da:	b2d8      	uxtb	r0, r3
100005dc:	4770      	bx	lr
100005de:	46c0      	nop			@ (mov r8, r8)
100005e0:	e000e100 	.word	0xe000e100

100005e4 <irq_set_pending>:
100005e4:	2301      	movs	r3, #1
100005e6:	4083      	lsls	r3, r0
100005e8:	4a01      	ldr	r2, [pc, #4]	@ (100005f0 <irq_set_pending+0xc>)
100005ea:	6013      	str	r3, [r2, #0]
100005ec:	4770      	bx	lr
100005ee:	46c0      	nop			@ (mov r8, r8)
100005f0:	e000e200 	.word	0xe000e200

100005f4 <irq_has_shared_handler>:
100005f4:	4b05      	ldr	r3, [pc, #20]	@ (1000060c <irq_has_shared_handler+0x18>)
100005f6:	3010      	adds	r0, #16
100005f8:	689b      	ldr	r3, [r3, #8]
100005fa:	0080      	lsls	r0, r0, #2
100005fc:	58c3      	ldr	r3, [r0, r3]
100005fe:	4a04      	ldr	r2, [pc, #16]	@ (10000610 <irq_has_shared_handler+0x1c>)
10000600:	2000      	movs	r0, #0
10000602:	1a9b      	subs	r3, r3, r2
10000604:	2247      	movs	r2, #71	@ 0x47
10000606:	429a      	cmp	r2, r3
10000608:	4140      	adcs	r0, r0
1000060a:	4770      	bx	lr
1000060c:	e000ed00 	.word	0xe000ed00
10000610:	20001084 	.word	0x20001084

10000614 <irq_set_exclusive_handler>:
10000614:	b510      	push	{r4, lr}
10000616:	f3ef 8c10 	mrs	ip, PRIMASK
1000061a:	b672      	cpsid	i
1000061c:	4a0f      	ldr	r2, [pc, #60]	@ (1000065c <irq_set_exclusive_handler+0x48>)
1000061e:	6813      	ldr	r3, [r2, #0]
10000620:	2b00      	cmp	r3, #0
10000622:	d0fc      	beq.n	1000061e <irq_set_exclusive_handler+0xa>
10000624:	f3bf 8f5f 	dmb	sy
10000628:	4b0d      	ldr	r3, [pc, #52]	@ (10000660 <irq_set_exclusive_handler+0x4c>)
1000062a:	3010      	adds	r0, #16
1000062c:	689b      	ldr	r3, [r3, #8]
1000062e:	0080      	lsls	r0, r0, #2
10000630:	581b      	ldr	r3, [r3, r0]
10000632:	4a0c      	ldr	r2, [pc, #48]	@ (10000664 <irq_set_exclusive_handler+0x50>)
10000634:	4293      	cmp	r3, r2
10000636:	d001      	beq.n	1000063c <irq_set_exclusive_handler+0x28>
10000638:	4299      	cmp	r1, r3
1000063a:	d10c      	bne.n	10000656 <irq_set_exclusive_handler+0x42>
1000063c:	4b08      	ldr	r3, [pc, #32]	@ (10000660 <irq_set_exclusive_handler+0x4c>)
1000063e:	689b      	ldr	r3, [r3, #8]
10000640:	5019      	str	r1, [r3, r0]
10000642:	f3bf 8f5f 	dmb	sy
10000646:	f3bf 8f5f 	dmb	sy
1000064a:	2200      	movs	r2, #0
1000064c:	4b03      	ldr	r3, [pc, #12]	@ (1000065c <irq_set_exclusive_handler+0x48>)
1000064e:	601a      	str	r2, [r3, #0]
10000650:	f38c 8810 	msr	PRIMASK, ip
10000654:	bd10      	pop	{r4, pc}
10000656:	f001 f801 	bl	1000165c <hard_assertion_failure>
1000065a:	46c0      	nop			@ (mov r8, r8)
1000065c:	d0000124 	.word	0xd0000124
10000660:	e000ed00 	.word	0xe000ed00
10000664:	100001c1 	.word	0x100001c1

10000668 <irq_add_shared_handler>:
10000668:	b5f0      	push	{r4, r5, r6, r7, lr}
1000066a:	46de      	mov	lr, fp
1000066c:	4657      	mov	r7, sl
1000066e:	464e      	mov	r6, r9
10000670:	4645      	mov	r5, r8
10000672:	b5e0      	push	{r5, r6, r7, lr}
10000674:	468b      	mov	fp, r1
10000676:	b085      	sub	sp, #20
10000678:	f3ef 8810 	mrs	r8, PRIMASK
1000067c:	b672      	cpsid	i
1000067e:	0016      	movs	r6, r2
10000680:	4a5b      	ldr	r2, [pc, #364]	@ (100007f0 <irq_add_shared_handler+0x188>)
10000682:	6813      	ldr	r3, [r2, #0]
10000684:	2b00      	cmp	r3, #0
10000686:	d0fc      	beq.n	10000682 <irq_add_shared_handler+0x1a>
10000688:	46b2      	mov	sl, r6
1000068a:	f3bf 8f5f 	dmb	sy
1000068e:	2500      	movs	r5, #0
10000690:	4958      	ldr	r1, [pc, #352]	@ (100007f4 <irq_add_shared_handler+0x18c>)
10000692:	574d      	ldrsb	r5, [r1, r5]
10000694:	2d00      	cmp	r5, #0
10000696:	da00      	bge.n	1000069a <irq_add_shared_handler+0x32>
10000698:	e0a8      	b.n	100007ec <irq_add_shared_handler+0x184>
1000069a:	006b      	lsls	r3, r5, #1
1000069c:	4a56      	ldr	r2, [pc, #344]	@ (100007f8 <irq_add_shared_handler+0x190>)
1000069e:	9301      	str	r3, [sp, #4]
100006a0:	195b      	adds	r3, r3, r5
100006a2:	009b      	lsls	r3, r3, #2
100006a4:	18d4      	adds	r4, r2, r3
100006a6:	79a7      	ldrb	r7, [r4, #6]
100006a8:	3010      	adds	r0, #16
100006aa:	700f      	strb	r7, [r1, #0]
100006ac:	4953      	ldr	r1, [pc, #332]	@ (100007fc <irq_add_shared_handler+0x194>)
100006ae:	0080      	lsls	r0, r0, #2
100006b0:	6889      	ldr	r1, [r1, #8]
100006b2:	4684      	mov	ip, r0
100006b4:	580f      	ldr	r7, [r1, r0]
100006b6:	1ab9      	subs	r1, r7, r2
100006b8:	2947      	cmp	r1, #71	@ 0x47
100006ba:	d833      	bhi.n	10000724 <irq_add_shared_handler+0xbc>
100006bc:	2001      	movs	r0, #1
100006be:	0039      	movs	r1, r7
100006c0:	4381      	bics	r1, r0
100006c2:	79ce      	ldrb	r6, [r1, #7]
100006c4:	4556      	cmp	r6, sl
100006c6:	d800      	bhi.n	100006ca <irq_add_shared_handler+0x62>
100006c8:	e06a      	b.n	100007a0 <irq_add_shared_handler+0x138>
100006ca:	46a1      	mov	r9, r4
100006cc:	4656      	mov	r6, sl
100006ce:	9303      	str	r3, [sp, #12]
100006d0:	e007      	b.n	100006e2 <irq_add_shared_handler+0x7a>
100006d2:	0058      	lsls	r0, r3, #1
100006d4:	18c0      	adds	r0, r0, r3
100006d6:	0080      	lsls	r0, r0, #2
100006d8:	1810      	adds	r0, r2, r0
100006da:	79c4      	ldrb	r4, [r0, #7]
100006dc:	42b4      	cmp	r4, r6
100006de:	d94d      	bls.n	1000077c <irq_add_shared_handler+0x114>
100006e0:	0001      	movs	r1, r0
100006e2:	2306      	movs	r3, #6
100006e4:	56cb      	ldrsb	r3, [r1, r3]
100006e6:	2b00      	cmp	r3, #0
100006e8:	daf3      	bge.n	100006d2 <irq_add_shared_handler+0x6a>
100006ea:	46b2      	mov	sl, r6
100006ec:	9302      	str	r3, [sp, #8]
100006ee:	1d0b      	adds	r3, r1, #4
100006f0:	464c      	mov	r4, r9
100006f2:	4699      	mov	r9, r3
100006f4:	4b42      	ldr	r3, [pc, #264]	@ (10000800 <irq_add_shared_handler+0x198>)
100006f6:	464e      	mov	r6, r9
100006f8:	3c04      	subs	r4, #4
100006fa:	1ba4      	subs	r4, r4, r6
100006fc:	0524      	lsls	r4, r4, #20
100006fe:	4e41      	ldr	r6, [pc, #260]	@ (10000804 <irq_add_shared_handler+0x19c>)
10000700:	0d64      	lsrs	r4, r4, #21
10000702:	4334      	orrs	r4, r6
10000704:	808c      	strh	r4, [r1, #4]
10000706:	718d      	strb	r5, [r1, #6]
10000708:	9901      	ldr	r1, [sp, #4]
1000070a:	1949      	adds	r1, r1, r5
1000070c:	0089      	lsls	r1, r1, #2
1000070e:	1852      	adds	r2, r2, r1
10000710:	8093      	strh	r3, [r2, #4]
10000712:	9b02      	ldr	r3, [sp, #8]
10000714:	493c      	ldr	r1, [pc, #240]	@ (10000808 <irq_add_shared_handler+0x1a0>)
10000716:	7193      	strb	r3, [r2, #6]
10000718:	4653      	mov	r3, sl
1000071a:	71d3      	strb	r3, [r2, #7]
1000071c:	465b      	mov	r3, fp
1000071e:	6011      	str	r1, [r2, #0]
10000720:	6093      	str	r3, [r2, #8]
10000722:	e017      	b.n	10000754 <irq_add_shared_handler+0xec>
10000724:	4939      	ldr	r1, [pc, #228]	@ (1000080c <irq_add_shared_handler+0x1a4>)
10000726:	428f      	cmp	r7, r1
10000728:	d160      	bne.n	100007ec <irq_add_shared_handler+0x184>
1000072a:	4939      	ldr	r1, [pc, #228]	@ (10000810 <irq_add_shared_handler+0x1a8>)
1000072c:	2701      	movs	r7, #1
1000072e:	52d1      	strh	r1, [r2, r3]
10000730:	4938      	ldr	r1, [pc, #224]	@ (10000814 <irq_add_shared_handler+0x1ac>)
10000732:	3302      	adds	r3, #2
10000734:	18d3      	adds	r3, r2, r3
10000736:	3904      	subs	r1, #4
10000738:	1acb      	subs	r3, r1, r3
1000073a:	4a32      	ldr	r2, [pc, #200]	@ (10000804 <irq_add_shared_handler+0x19c>)
1000073c:	051b      	lsls	r3, r3, #20
1000073e:	0d5b      	lsrs	r3, r3, #21
10000740:	4313      	orrs	r3, r2
10000742:	8063      	strh	r3, [r4, #2]
10000744:	4b34      	ldr	r3, [pc, #208]	@ (10000818 <irq_add_shared_handler+0x1b0>)
10000746:	71e6      	strb	r6, [r4, #7]
10000748:	80a3      	strh	r3, [r4, #4]
1000074a:	23ff      	movs	r3, #255	@ 0xff
1000074c:	71a3      	strb	r3, [r4, #6]
1000074e:	465b      	mov	r3, fp
10000750:	4327      	orrs	r7, r4
10000752:	60a3      	str	r3, [r4, #8]
10000754:	4662      	mov	r2, ip
10000756:	4b29      	ldr	r3, [pc, #164]	@ (100007fc <irq_add_shared_handler+0x194>)
10000758:	689b      	ldr	r3, [r3, #8]
1000075a:	509f      	str	r7, [r3, r2]
1000075c:	f3bf 8f5f 	dmb	sy
10000760:	f3bf 8f5f 	dmb	sy
10000764:	2200      	movs	r2, #0
10000766:	4b22      	ldr	r3, [pc, #136]	@ (100007f0 <irq_add_shared_handler+0x188>)
10000768:	601a      	str	r2, [r3, #0]
1000076a:	f388 8810 	msr	PRIMASK, r8
1000076e:	b005      	add	sp, #20
10000770:	bcf0      	pop	{r4, r5, r6, r7}
10000772:	46bb      	mov	fp, r7
10000774:	46b2      	mov	sl, r6
10000776:	46a9      	mov	r9, r5
10000778:	46a0      	mov	r8, r4
1000077a:	bdf0      	pop	{r4, r5, r6, r7, pc}
1000077c:	46b2      	mov	sl, r6
1000077e:	1d0e      	adds	r6, r1, #4
10000780:	464c      	mov	r4, r9
10000782:	46b1      	mov	r9, r6
10000784:	8888      	ldrh	r0, [r1, #4]
10000786:	9302      	str	r3, [sp, #8]
10000788:	9b03      	ldr	r3, [sp, #12]
1000078a:	0540      	lsls	r0, r0, #21
1000078c:	1500      	asrs	r0, r0, #20
1000078e:	3304      	adds	r3, #4
10000790:	4448      	add	r0, r9
10000792:	18d3      	adds	r3, r2, r3
10000794:	1ac3      	subs	r3, r0, r3
10000796:	051b      	lsls	r3, r3, #20
10000798:	481a      	ldr	r0, [pc, #104]	@ (10000804 <irq_add_shared_handler+0x19c>)
1000079a:	0d5b      	lsrs	r3, r3, #21
1000079c:	4303      	orrs	r3, r0
1000079e:	e7aa      	b.n	100006f6 <irq_add_shared_handler+0x8e>
100007a0:	1c9e      	adds	r6, r3, #2
100007a2:	46b1      	mov	r9, r6
100007a4:	4491      	add	r9, r2
100007a6:	464e      	mov	r6, r9
100007a8:	000f      	movs	r7, r1
100007aa:	4d1c      	ldr	r5, [pc, #112]	@ (1000081c <irq_add_shared_handler+0x1b4>)
100007ac:	1abf      	subs	r7, r7, r2
100007ae:	417f      	adcs	r7, r7
100007b0:	437d      	muls	r5, r7
100007b2:	0d2d      	lsrs	r5, r5, #20
100007b4:	4f16      	ldr	r7, [pc, #88]	@ (10000810 <irq_add_shared_handler+0x1a8>)
100007b6:	71a5      	strb	r5, [r4, #6]
100007b8:	52d7      	strh	r7, [r2, r3]
100007ba:	4f16      	ldr	r7, [pc, #88]	@ (10000814 <irq_add_shared_handler+0x1ac>)
100007bc:	3304      	adds	r3, #4
100007be:	3f04      	subs	r7, #4
100007c0:	18d3      	adds	r3, r2, r3
100007c2:	1bbf      	subs	r7, r7, r6
100007c4:	1acb      	subs	r3, r1, r3
100007c6:	053f      	lsls	r7, r7, #20
100007c8:	3b04      	subs	r3, #4
100007ca:	0d7e      	lsrs	r6, r7, #21
100007cc:	051b      	lsls	r3, r3, #20
100007ce:	4f0d      	ldr	r7, [pc, #52]	@ (10000804 <irq_add_shared_handler+0x19c>)
100007d0:	0d5b      	lsrs	r3, r3, #21
100007d2:	433e      	orrs	r6, r7
100007d4:	431f      	orrs	r7, r3
100007d6:	4653      	mov	r3, sl
100007d8:	71e3      	strb	r3, [r4, #7]
100007da:	465b      	mov	r3, fp
100007dc:	60a3      	str	r3, [r4, #8]
100007de:	4b0a      	ldr	r3, [pc, #40]	@ (10000808 <irq_add_shared_handler+0x1a0>)
100007e0:	80a7      	strh	r7, [r4, #4]
100007e2:	8066      	strh	r6, [r4, #2]
100007e4:	4304      	orrs	r4, r0
100007e6:	0027      	movs	r7, r4
100007e8:	600b      	str	r3, [r1, #0]
100007ea:	e7b3      	b.n	10000754 <irq_add_shared_handler+0xec>
100007ec:	f000 ff36 	bl	1000165c <hard_assertion_failure>
100007f0:	d0000124 	.word	0xd0000124
100007f4:	20001d85 	.word	0x20001d85
100007f8:	20001084 	.word	0x20001084
100007fc:	e000ed00 	.word	0xe000ed00
10000800:	0000bd01 	.word	0x0000bd01
10000804:	ffffe000 	.word	0xffffe000
10000808:	47804801 	.word	0x47804801
1000080c:	100001c1 	.word	0x100001c1
10000810:	ffffa100 	.word	0xffffa100
10000814:	200010cc 	.word	0x200010cc
10000818:	ffffbd01 	.word	0xffffbd01
1000081c:	0000aaaa 	.word	0x0000aaaa

10000820 <irq_add_tail_to_free_list>:
10000820:	2301      	movs	r3, #1
10000822:	4303      	orrs	r3, r0
10000824:	b570      	push	{r4, r5, r6, lr}
10000826:	469c      	mov	ip, r3
10000828:	f3ef 8105 	mrs	r1, IPSR
1000082c:	f3ef 8510 	mrs	r5, PRIMASK
10000830:	b672      	cpsid	i
10000832:	4a27      	ldr	r2, [pc, #156]	@ (100008d0 <irq_add_tail_to_free_list+0xb0>)
10000834:	6813      	ldr	r3, [r2, #0]
10000836:	2b00      	cmp	r3, #0
10000838:	d0fc      	beq.n	10000834 <irq_add_tail_to_free_list+0x14>
1000083a:	f3bf 8f5f 	dmb	sy
1000083e:	4a25      	ldr	r2, [pc, #148]	@ (100008d4 <irq_add_tail_to_free_list+0xb4>)
10000840:	0004      	movs	r4, r0
10000842:	4b25      	ldr	r3, [pc, #148]	@ (100008d8 <irq_add_tail_to_free_list+0xb8>)
10000844:	1aa4      	subs	r4, r4, r2
10000846:	4164      	adcs	r4, r4
10000848:	4363      	muls	r3, r4
1000084a:	0d1b      	lsrs	r3, r3, #20
1000084c:	4c23      	ldr	r4, [pc, #140]	@ (100008dc <irq_add_tail_to_free_list+0xbc>)
1000084e:	0089      	lsls	r1, r1, #2
10000850:	68a6      	ldr	r6, [r4, #8]
10000852:	b25b      	sxtb	r3, r3
10000854:	5876      	ldr	r6, [r6, r1]
10000856:	4566      	cmp	r6, ip
10000858:	d024      	beq.n	100008a4 <irq_add_tail_to_free_list+0x84>
1000085a:	2106      	movs	r1, #6
1000085c:	5651      	ldrsb	r1, [r2, r1]
1000085e:	4299      	cmp	r1, r3
10000860:	d024      	beq.n	100008ac <irq_add_tail_to_free_list+0x8c>
10000862:	2112      	movs	r1, #18
10000864:	5651      	ldrsb	r1, [r2, r1]
10000866:	4299      	cmp	r1, r3
10000868:	d02a      	beq.n	100008c0 <irq_add_tail_to_free_list+0xa0>
1000086a:	211e      	movs	r1, #30
1000086c:	5651      	ldrsb	r1, [r2, r1]
1000086e:	4299      	cmp	r1, r3
10000870:	d028      	beq.n	100008c4 <irq_add_tail_to_free_list+0xa4>
10000872:	212a      	movs	r1, #42	@ 0x2a
10000874:	5651      	ldrsb	r1, [r2, r1]
10000876:	4299      	cmp	r1, r3
10000878:	d026      	beq.n	100008c8 <irq_add_tail_to_free_list+0xa8>
1000087a:	2136      	movs	r1, #54	@ 0x36
1000087c:	5651      	ldrsb	r1, [r2, r1]
1000087e:	4299      	cmp	r1, r3
10000880:	d024      	beq.n	100008cc <irq_add_tail_to_free_list+0xac>
10000882:	2142      	movs	r1, #66	@ 0x42
10000884:	5651      	ldrsb	r1, [r2, r1]
10000886:	2405      	movs	r4, #5
10000888:	4299      	cmp	r1, r3
1000088a:	d010      	beq.n	100008ae <irq_add_tail_to_free_list+0x8e>
1000088c:	4a14      	ldr	r2, [pc, #80]	@ (100008e0 <irq_add_tail_to_free_list+0xc0>)
1000088e:	7811      	ldrb	r1, [r2, #0]
10000890:	7013      	strb	r3, [r2, #0]
10000892:	7181      	strb	r1, [r0, #6]
10000894:	f3bf 8f5f 	dmb	sy
10000898:	2200      	movs	r2, #0
1000089a:	4b0d      	ldr	r3, [pc, #52]	@ (100008d0 <irq_add_tail_to_free_list+0xb0>)
1000089c:	601a      	str	r2, [r3, #0]
1000089e:	f385 8810 	msr	PRIMASK, r5
100008a2:	bd70      	pop	{r4, r5, r6, pc}
100008a4:	68a2      	ldr	r2, [r4, #8]
100008a6:	4c0f      	ldr	r4, [pc, #60]	@ (100008e4 <irq_add_tail_to_free_list+0xc4>)
100008a8:	5054      	str	r4, [r2, r1]
100008aa:	e7ef      	b.n	1000088c <irq_add_tail_to_free_list+0x6c>
100008ac:	2400      	movs	r4, #0
100008ae:	0061      	lsls	r1, r4, #1
100008b0:	1909      	adds	r1, r1, r4
100008b2:	0089      	lsls	r1, r1, #2
100008b4:	1852      	adds	r2, r2, r1
100008b6:	21ff      	movs	r1, #255	@ 0xff
100008b8:	7191      	strb	r1, [r2, #6]
100008ba:	490b      	ldr	r1, [pc, #44]	@ (100008e8 <irq_add_tail_to_free_list+0xc8>)
100008bc:	8091      	strh	r1, [r2, #4]
100008be:	e7e5      	b.n	1000088c <irq_add_tail_to_free_list+0x6c>
100008c0:	2401      	movs	r4, #1
100008c2:	e7f4      	b.n	100008ae <irq_add_tail_to_free_list+0x8e>
100008c4:	2402      	movs	r4, #2
100008c6:	e7f2      	b.n	100008ae <irq_add_tail_to_free_list+0x8e>
100008c8:	2403      	movs	r4, #3
100008ca:	e7f0      	b.n	100008ae <irq_add_tail_to_free_list+0x8e>
100008cc:	2404      	movs	r4, #4
100008ce:	e7ee      	b.n	100008ae <irq_add_tail_to_free_list+0x8e>
100008d0:	d0000124 	.word	0xd0000124
100008d4:	20001084 	.word	0x20001084
100008d8:	0000aaaa 	.word	0x0000aaaa
100008dc:	e000ed00 	.word	0xe000ed00
100008e0:	20001d85 	.word	0x20001d85
100008e4:	100001c1 	.word	0x100001c1
100008e8:	ffffbd01 	.word	0xffffbd01

100008ec <user_irq_claim_unused>:
100008ec:	b500      	push	{lr}
100008ee:	4b07      	ldr	r3, [pc, #28]	@ (1000090c <user_irq_claim_unused+0x20>)
100008f0:	b083      	sub	sp, #12
100008f2:	0001      	movs	r1, r0
100008f4:	9300      	str	r3, [sp, #0]
100008f6:	2200      	movs	r2, #0
100008f8:	2305      	movs	r3, #5
100008fa:	4805      	ldr	r0, [pc, #20]	@ (10000910 <user_irq_claim_unused+0x24>)
100008fc:	f7ff fdc2 	bl	10000484 <hw_claim_unused_from_range>
10000900:	2800      	cmp	r0, #0
10000902:	db01      	blt.n	10000908 <user_irq_claim_unused+0x1c>
10000904:	231f      	movs	r3, #31
10000906:	1a18      	subs	r0, r3, r0
10000908:	b003      	add	sp, #12
1000090a:	bd00      	pop	{pc}
1000090c:	1000674c 	.word	0x1000674c
10000910:	20001d89 	.word	0x20001d89

10000914 <lock_init>:
10000914:	4b02      	ldr	r3, [pc, #8]	@ (10000920 <lock_init+0xc>)
10000916:	18c9      	adds	r1, r1, r3
10000918:	0089      	lsls	r1, r1, #2
1000091a:	6001      	str	r1, [r0, #0]
1000091c:	4770      	bx	lr
1000091e:	46c0      	nop			@ (mov r8, r8)
10000920:	34000040 	.word	0x34000040

10000924 <runtime_init_mutex>:
10000924:	b5f8      	push	{r3, r4, r5, r6, r7, lr}
10000926:	4c14      	ldr	r4, [pc, #80]	@ (10000978 <runtime_init_mutex+0x54>)
10000928:	4e14      	ldr	r6, [pc, #80]	@ (1000097c <runtime_init_mutex+0x58>)
1000092a:	42b4      	cmp	r4, r6
1000092c:	d223      	bcs.n	10000976 <runtime_init_mutex+0x52>
1000092e:	3e01      	subs	r6, #1
10000930:	1b36      	subs	r6, r6, r4
10000932:	2500      	movs	r5, #0
10000934:	27ff      	movs	r7, #255	@ 0xff
10000936:	08f6      	lsrs	r6, r6, #3
10000938:	e00e      	b.n	10000958 <runtime_init_mutex+0x34>
1000093a:	f7ff fde7 	bl	1000050c <next_striped_spin_lock_num>
1000093e:	0001      	movs	r1, r0
10000940:	0020      	movs	r0, r4
10000942:	f7ff ffe7 	bl	10000914 <lock_init>
10000946:	2300      	movs	r3, #0
10000948:	7127      	strb	r7, [r4, #4]
1000094a:	7163      	strb	r3, [r4, #5]
1000094c:	f3bf 8f5f 	dmb	sy
10000950:	3408      	adds	r4, #8
10000952:	42b5      	cmp	r5, r6
10000954:	d00f      	beq.n	10000976 <runtime_init_mutex+0x52>
10000956:	3501      	adds	r5, #1
10000958:	6823      	ldr	r3, [r4, #0]
1000095a:	2b00      	cmp	r3, #0
1000095c:	d1ed      	bne.n	1000093a <runtime_init_mutex+0x16>
1000095e:	f7ff fdd5 	bl	1000050c <next_striped_spin_lock_num>
10000962:	0001      	movs	r1, r0
10000964:	0020      	movs	r0, r4
10000966:	f7ff ffd5 	bl	10000914 <lock_init>
1000096a:	7127      	strb	r7, [r4, #4]
1000096c:	f3bf 8f5f 	dmb	sy
10000970:	3408      	adds	r4, #8
10000972:	42b5      	cmp	r5, r6
10000974:	d1ef      	bne.n	10000956 <runtime_init_mutex+0x32>
10000976:	bdf8      	pop	{r3, r4, r5, r6, r7, pc}
10000978:	20001168 	.word	0x20001168
1000097c:	20001170 	.word	0x20001170

10000980 <mutex_init>:
10000980:	b510      	push	{r4, lr}
10000982:	0004      	movs	r4, r0
10000984:	f7ff fdc2 	bl	1000050c <next_striped_spin_lock_num>
10000988:	0001      	movs	r1, r0
1000098a:	0020      	movs	r0, r4
1000098c:	f7ff ffc2 	bl	10000914 <lock_init>
10000990:	23ff      	movs	r3, #255	@ 0xff
10000992:	7123      	strb	r3, [r4, #4]
10000994:	f3bf 8f5f 	dmb	sy
10000998:	bd10      	pop	{r4, pc}
1000099a:	46c0      	nop			@ (mov r8, r8)

1000099c <critical_section_init>:
1000099c:	b510      	push	{r4, lr}
1000099e:	0004      	movs	r4, r0
100009a0:	2001      	movs	r0, #1
100009a2:	f7ff fdbf 	bl	10000524 <spin_lock_claim_unused>
100009a6:	4b03      	ldr	r3, [pc, #12]	@ (100009b4 <critical_section_init+0x18>)
100009a8:	18c0      	adds	r0, r0, r3
100009aa:	0080      	lsls	r0, r0, #2
100009ac:	6020      	str	r0, [r4, #0]
100009ae:	f3bf 8f5f 	dmb	sy
100009b2:	bd10      	pop	{r4, pc}
100009b4:	34000040 	.word	0x34000040

100009b8 <critical_section_init_with_lock_num>:
100009b8:	4b03      	ldr	r3, [pc, #12]	@ (100009c8 <critical_section_init_with_lock_num+0x10>)
100009ba:	18c9      	adds	r1, r1, r3
100009bc:	0089      	lsls	r1, r1, #2
100009be:	6001      	str	r1, [r0, #0]
100009c0:	f3bf 8f5f 	dmb	sy
100009c4:	4770      	bx	lr
100009c6:	46c0      	nop			@ (mov r8, r8)
100009c8:	34000040 	.word	0x34000040

100009cc <sleep_until_callback>:
100009cc:	4b0a      	ldr	r3, [pc, #40]	@ (100009f8 <sleep_until_callback+0x2c>)
100009ce:	6819      	ldr	r1, [r3, #0]
100009d0:	f3ef 8010 	mrs	r0, PRIMASK
100009d4:	b672      	cpsid	i
100009d6:	680a      	ldr	r2, [r1, #0]
100009d8:	2a00      	cmp	r2, #0
100009da:	d0fc      	beq.n	100009d6 <sleep_until_callback+0xa>
100009dc:	f3bf 8f5f 	dmb	sy
100009e0:	681b      	ldr	r3, [r3, #0]
100009e2:	f3bf 8f5f 	dmb	sy
100009e6:	2200      	movs	r2, #0
100009e8:	601a      	str	r2, [r3, #0]
100009ea:	f380 8810 	msr	PRIMASK, r0
100009ee:	bf40      	sev
100009f0:	2000      	movs	r0, #0
100009f2:	2100      	movs	r1, #0
100009f4:	4770      	bx	lr
100009f6:	46c0      	nop			@ (mov r8, r8)
100009f8:	20001d60 	.word	0x20001d60

100009fc <alarm_pool_irq_handler>:
100009fc:	b5f0      	push	{r4, r5, r6, r7, lr}
100009fe:	46de      	mov	lr, fp
10000a00:	4657      	mov	r7, sl
10000a02:	464e      	mov	r6, r9
10000a04:	4645      	mov	r5, r8
10000a06:	b5e0      	push	{r5, r6, r7, lr}
10000a08:	b085      	sub	sp, #20
10000a0a:	f3ef 8305 	mrs	r3, IPSR
10000a0e:	2203      	movs	r2, #3
10000a10:	401a      	ands	r2, r3
10000a12:	4bb8      	ldr	r3, [pc, #736]	@ (10000cf4 <alarm_pool_irq_handler+0x2f8>)
10000a14:	0091      	lsls	r1, r2, #2
10000a16:	585f      	ldr	r7, [r3, r1]
10000a18:	2301      	movs	r3, #1
10000a1a:	4093      	lsls	r3, r2
10000a1c:	469b      	mov	fp, r3
10000a1e:	9202      	str	r2, [sp, #8]
10000a20:	465a      	mov	r2, fp
10000a22:	4688      	mov	r8, r1
10000a24:	4bb4      	ldr	r3, [pc, #720]	@ (10000cf8 <alarm_pool_irq_handler+0x2fc>)
10000a26:	601a      	str	r2, [r3, #0]
10000a28:	4bb4      	ldr	r3, [pc, #720]	@ (10000cfc <alarm_pool_irq_handler+0x300>)
10000a2a:	9303      	str	r3, [sp, #12]
10000a2c:	465b      	mov	r3, fp
10000a2e:	48b4      	ldr	r0, [pc, #720]	@ (10000d00 <alarm_pool_irq_handler+0x304>)
10000a30:	6343      	str	r3, [r0, #52]	@ 0x34
10000a32:	2308      	movs	r3, #8
10000a34:	5efe      	ldrsh	r6, [r7, r3]
10000a36:	2e00      	cmp	r6, #0
10000a38:	da37      	bge.n	10000aaa <alarm_pool_irq_handler+0xae>
10000a3a:	2204      	movs	r2, #4
10000a3c:	5ebb      	ldrsh	r3, [r7, r2]
10000a3e:	2b00      	cmp	r3, #0
10000a40:	db00      	blt.n	10000a44 <alarm_pool_irq_handler+0x48>
10000a42:	e0a4      	b.n	10000b8e <alarm_pool_irq_handler+0x192>
10000a44:	79bb      	ldrb	r3, [r7, #6]
10000a46:	2b00      	cmp	r3, #0
10000a48:	d000      	beq.n	10000a4c <alarm_pool_irq_handler+0x50>
10000a4a:	e0e4      	b.n	10000c16 <alarm_pool_irq_handler+0x21a>
10000a4c:	2308      	movs	r3, #8
10000a4e:	5ef9      	ldrsh	r1, [r7, r3]
10000a50:	2900      	cmp	r1, #0
10000a52:	db20      	blt.n	10000a96 <alarm_pool_irq_handler+0x9a>
10000a54:	004b      	lsls	r3, r1, #1
10000a56:	697a      	ldr	r2, [r7, #20]
10000a58:	185b      	adds	r3, r3, r1
10000a5a:	00db      	lsls	r3, r3, #3
10000a5c:	18d3      	adds	r3, r2, r3
10000a5e:	689d      	ldr	r5, [r3, #8]
10000a60:	68dc      	ldr	r4, [r3, #12]
10000a62:	1c6b      	adds	r3, r5, #1
10000a64:	d100      	bne.n	10000a68 <alarm_pool_irq_handler+0x6c>
10000a66:	e10a      	b.n	10000c7e <alarm_pool_irq_handler+0x282>
10000a68:	48a5      	ldr	r0, [pc, #660]	@ (10000d00 <alarm_pool_irq_handler+0x304>)
10000a6a:	0001      	movs	r1, r0
10000a6c:	4441      	add	r1, r8
10000a6e:	6a82      	ldr	r2, [r0, #40]	@ 0x28
10000a70:	690b      	ldr	r3, [r1, #16]
10000a72:	1aae      	subs	r6, r5, r2
10000a74:	1a9b      	subs	r3, r3, r2
10000a76:	429e      	cmp	r6, r3
10000a78:	d315      	bcc.n	10000aa6 <alarm_pool_irq_handler+0xaa>
10000a7a:	2301      	movs	r3, #1
10000a7c:	6a02      	ldr	r2, [r0, #32]
10000a7e:	9802      	ldr	r0, [sp, #8]
10000a80:	4083      	lsls	r3, r0
10000a82:	421a      	tst	r2, r3
10000a84:	d00f      	beq.n	10000aa6 <alarm_pool_irq_handler+0xaa>
10000a86:	489e      	ldr	r0, [pc, #632]	@ (10000d00 <alarm_pool_irq_handler+0x304>)
10000a88:	f000 fb2c 	bl	100010e4 <timer_time_us_64>
10000a8c:	428c      	cmp	r4, r1
10000a8e:	dc02      	bgt.n	10000a96 <alarm_pool_irq_handler+0x9a>
10000a90:	d1cc      	bne.n	10000a2c <alarm_pool_irq_handler+0x30>
10000a92:	4285      	cmp	r5, r0
10000a94:	d9ca      	bls.n	10000a2c <alarm_pool_irq_handler+0x30>
10000a96:	bf40      	sev
10000a98:	b005      	add	sp, #20
10000a9a:	bcf0      	pop	{r4, r5, r6, r7}
10000a9c:	46bb      	mov	fp, r7
10000a9e:	46b2      	mov	sl, r6
10000aa0:	46a9      	mov	r9, r5
10000aa2:	46a0      	mov	r8, r4
10000aa4:	bdf0      	pop	{r4, r5, r6, r7, pc}
10000aa6:	610d      	str	r5, [r1, #16]
10000aa8:	e7ed      	b.n	10000a86 <alarm_pool_irq_handler+0x8a>
10000aaa:	697a      	ldr	r2, [r7, #20]
10000aac:	0073      	lsls	r3, r6, #1
10000aae:	4691      	mov	r9, r2
10000ab0:	199b      	adds	r3, r3, r6
10000ab2:	00db      	lsls	r3, r3, #3
10000ab4:	4499      	add	r9, r3
10000ab6:	464b      	mov	r3, r9
10000ab8:	689c      	ldr	r4, [r3, #8]
10000aba:	68dd      	ldr	r5, [r3, #12]
10000abc:	f000 fb12 	bl	100010e4 <timer_time_us_64>
10000ac0:	428d      	cmp	r5, r1
10000ac2:	dcba      	bgt.n	10000a3a <alarm_pool_irq_handler+0x3e>
10000ac4:	d100      	bne.n	10000ac8 <alarm_pool_irq_handler+0xcc>
10000ac6:	e104      	b.n	10000cd2 <alarm_pool_irq_handler+0x2d6>
10000ac8:	2d00      	cmp	r5, #0
10000aca:	da00      	bge.n	10000ace <alarm_pool_irq_handler+0xd2>
10000acc:	e0e9      	b.n	10000ca2 <alarm_pool_irq_handler+0x2a6>
10000ace:	464a      	mov	r2, r9
10000ad0:	464b      	mov	r3, r9
10000ad2:	6952      	ldr	r2, [r2, #20]
10000ad4:	691b      	ldr	r3, [r3, #16]
10000ad6:	4692      	mov	sl, r2
10000ad8:	9a03      	ldr	r2, [sp, #12]
10000ada:	4293      	cmp	r3, r2
10000adc:	d100      	bne.n	10000ae0 <alarm_pool_irq_handler+0xe4>
10000ade:	e0da      	b.n	10000c96 <alarm_pool_irq_handler+0x29a>
10000ae0:	464a      	mov	r2, r9
10000ae2:	2108      	movs	r1, #8
10000ae4:	5e78      	ldrsh	r0, [r7, r1]
10000ae6:	8852      	ldrh	r2, [r2, #2]
10000ae8:	0400      	lsls	r0, r0, #16
10000aea:	4651      	mov	r1, sl
10000aec:	4310      	orrs	r0, r2
10000aee:	4798      	blx	r3
10000af0:	9000      	str	r0, [sp, #0]
10000af2:	9101      	str	r1, [sp, #4]
10000af4:	9900      	ldr	r1, [sp, #0]
10000af6:	9a01      	ldr	r2, [sp, #4]
10000af8:	000b      	movs	r3, r1
10000afa:	4313      	orrs	r3, r2
10000afc:	d100      	bne.n	10000b00 <alarm_pool_irq_handler+0x104>
10000afe:	e0d0      	b.n	10000ca2 <alarm_pool_irq_handler+0x2a6>
10000b00:	0013      	movs	r3, r2
10000b02:	000a      	movs	r2, r1
10000b04:	2b00      	cmp	r3, #0
10000b06:	db00      	blt.n	10000b0a <alarm_pool_irq_handler+0x10e>
10000b08:	e0e7      	b.n	10000cda <alarm_pool_irq_handler+0x2de>
10000b0a:	0020      	movs	r0, r4
10000b0c:	0029      	movs	r1, r5
10000b0e:	1a80      	subs	r0, r0, r2
10000b10:	4199      	sbcs	r1, r3
10000b12:	464b      	mov	r3, r9
10000b14:	6098      	str	r0, [r3, #8]
10000b16:	60d9      	str	r1, [r3, #12]
10000b18:	2200      	movs	r2, #0
10000b1a:	5e9b      	ldrsh	r3, [r3, r2]
10000b1c:	2b00      	cmp	r3, #0
10000b1e:	da00      	bge.n	10000b22 <alarm_pool_irq_handler+0x126>
10000b20:	e78b      	b.n	10000a3a <alarm_pool_irq_handler+0x3e>
10000b22:	005d      	lsls	r5, r3, #1
10000b24:	697c      	ldr	r4, [r7, #20]
10000b26:	18ea      	adds	r2, r5, r3
10000b28:	00d2      	lsls	r2, r2, #3
10000b2a:	18a2      	adds	r2, r4, r2
10000b2c:	9400      	str	r4, [sp, #0]
10000b2e:	6894      	ldr	r4, [r2, #8]
10000b30:	68d2      	ldr	r2, [r2, #12]
10000b32:	46a2      	mov	sl, r4
10000b34:	428a      	cmp	r2, r1
10000b36:	dd00      	ble.n	10000b3a <alarm_pool_irq_handler+0x13e>
10000b38:	e77f      	b.n	10000a3a <alarm_pool_irq_handler+0x3e>
10000b3a:	d102      	bne.n	10000b42 <alarm_pool_irq_handler+0x146>
10000b3c:	4284      	cmp	r4, r0
10000b3e:	d900      	bls.n	10000b42 <alarm_pool_irq_handler+0x146>
10000b40:	e77b      	b.n	10000a3a <alarm_pool_irq_handler+0x3e>
10000b42:	2408      	movs	r4, #8
10000b44:	46a4      	mov	ip, r4
10000b46:	813b      	strh	r3, [r7, #8]
10000b48:	44bc      	add	ip, r7
10000b4a:	9c00      	ldr	r4, [sp, #0]
10000b4c:	9700      	str	r7, [sp, #0]
10000b4e:	002f      	movs	r7, r5
10000b50:	4665      	mov	r5, ip
10000b52:	46b4      	mov	ip, r6
10000b54:	003e      	movs	r6, r7
10000b56:	e006      	b.n	10000b66 <alarm_pool_irq_handler+0x16a>
10000b58:	005e      	lsls	r6, r3, #1
10000b5a:	18f2      	adds	r2, r6, r3
10000b5c:	00d2      	lsls	r2, r2, #3
10000b5e:	18a2      	adds	r2, r4, r2
10000b60:	6897      	ldr	r7, [r2, #8]
10000b62:	68d2      	ldr	r2, [r2, #12]
10000b64:	46ba      	mov	sl, r7
10000b66:	428a      	cmp	r2, r1
10000b68:	dc07      	bgt.n	10000b7a <alarm_pool_irq_handler+0x17e>
10000b6a:	d100      	bne.n	10000b6e <alarm_pool_irq_handler+0x172>
10000b6c:	e0ca      	b.n	10000d04 <alarm_pool_irq_handler+0x308>
10000b6e:	18f3      	adds	r3, r6, r3
10000b70:	00db      	lsls	r3, r3, #3
10000b72:	18e5      	adds	r5, r4, r3
10000b74:	5ee3      	ldrsh	r3, [r4, r3]
10000b76:	2b00      	cmp	r3, #0
10000b78:	daee      	bge.n	10000b58 <alarm_pool_irq_handler+0x15c>
10000b7a:	464a      	mov	r2, r9
10000b7c:	4666      	mov	r6, ip
10000b7e:	9f00      	ldr	r7, [sp, #0]
10000b80:	8013      	strh	r3, [r2, #0]
10000b82:	802e      	strh	r6, [r5, #0]
10000b84:	2204      	movs	r2, #4
10000b86:	5ebb      	ldrsh	r3, [r7, r2]
10000b88:	2b00      	cmp	r3, #0
10000b8a:	da00      	bge.n	10000b8e <alarm_pool_irq_handler+0x192>
10000b8c:	e75a      	b.n	10000a44 <alarm_pool_irq_handler+0x48>
10000b8e:	693a      	ldr	r2, [r7, #16]
10000b90:	f3ef 8110 	mrs	r1, PRIMASK
10000b94:	b672      	cpsid	i
10000b96:	6813      	ldr	r3, [r2, #0]
10000b98:	2b00      	cmp	r3, #0
10000b9a:	d0fc      	beq.n	10000b96 <alarm_pool_irq_handler+0x19a>
10000b9c:	f3bf 8f5f 	dmb	sy
10000ba0:	2304      	movs	r3, #4
10000ba2:	5efe      	ldrsh	r6, [r7, r3]
10000ba4:	2301      	movs	r3, #1
10000ba6:	425b      	negs	r3, r3
10000ba8:	80bb      	strh	r3, [r7, #4]
10000baa:	693b      	ldr	r3, [r7, #16]
10000bac:	f3bf 8f5f 	dmb	sy
10000bb0:	2200      	movs	r2, #0
10000bb2:	601a      	str	r2, [r3, #0]
10000bb4:	f381 8810 	msr	PRIMASK, r1
10000bb8:	2e00      	cmp	r6, #0
10000bba:	da00      	bge.n	10000bbe <alarm_pool_irq_handler+0x1c2>
10000bbc:	e742      	b.n	10000a44 <alarm_pool_irq_handler+0x48>
10000bbe:	2308      	movs	r3, #8
10000bc0:	4699      	mov	r9, r3
10000bc2:	46bc      	mov	ip, r7
10000bc4:	697d      	ldr	r5, [r7, #20]
10000bc6:	44b9      	add	r9, r7
10000bc8:	4663      	mov	r3, ip
10000bca:	0074      	lsls	r4, r6, #1
10000bcc:	19a4      	adds	r4, r4, r6
10000bce:	2208      	movs	r2, #8
10000bd0:	5e9a      	ldrsh	r2, [r3, r2]
10000bd2:	00e4      	lsls	r4, r4, #3
10000bd4:	192c      	adds	r4, r5, r4
10000bd6:	2a00      	cmp	r2, #0
10000bd8:	db55      	blt.n	10000c86 <alarm_pool_irq_handler+0x28a>
10000bda:	68a7      	ldr	r7, [r4, #8]
10000bdc:	4649      	mov	r1, r9
10000bde:	68e0      	ldr	r0, [r4, #12]
10000be0:	9700      	str	r7, [sp, #0]
10000be2:	e006      	b.n	10000bf2 <alarm_pool_irq_handler+0x1f6>
10000be4:	4287      	cmp	r7, r0
10000be6:	d03e      	beq.n	10000c66 <alarm_pool_irq_handler+0x26a>
10000be8:	0019      	movs	r1, r3
10000bea:	2300      	movs	r3, #0
10000bec:	5eca      	ldrsh	r2, [r1, r3]
10000bee:	2a00      	cmp	r2, #0
10000bf0:	db06      	blt.n	10000c00 <alarm_pool_irq_handler+0x204>
10000bf2:	0053      	lsls	r3, r2, #1
10000bf4:	189b      	adds	r3, r3, r2
10000bf6:	00db      	lsls	r3, r3, #3
10000bf8:	18eb      	adds	r3, r5, r3
10000bfa:	68df      	ldr	r7, [r3, #12]
10000bfc:	4287      	cmp	r7, r0
10000bfe:	ddf1      	ble.n	10000be4 <alarm_pool_irq_handler+0x1e8>
10000c00:	800e      	strh	r6, [r1, #0]
10000c02:	2300      	movs	r3, #0
10000c04:	5ee6      	ldrsh	r6, [r4, r3]
10000c06:	8022      	strh	r2, [r4, #0]
10000c08:	2e00      	cmp	r6, #0
10000c0a:	dadd      	bge.n	10000bc8 <alarm_pool_irq_handler+0x1cc>
10000c0c:	4667      	mov	r7, ip
10000c0e:	79bb      	ldrb	r3, [r7, #6]
10000c10:	2b00      	cmp	r3, #0
10000c12:	d100      	bne.n	10000c16 <alarm_pool_irq_handler+0x21a>
10000c14:	e71a      	b.n	10000a4c <alarm_pool_irq_handler+0x50>
10000c16:	2300      	movs	r3, #0
10000c18:	71bb      	strb	r3, [r7, #6]
10000c1a:	2208      	movs	r2, #8
10000c1c:	5ebb      	ldrsh	r3, [r7, r2]
10000c1e:	1c5a      	adds	r2, r3, #1
10000c20:	d100      	bne.n	10000c24 <alarm_pool_irq_handler+0x228>
10000c22:	e738      	b.n	10000a96 <alarm_pool_irq_handler+0x9a>
10000c24:	003d      	movs	r5, r7
10000c26:	3508      	adds	r5, #8
10000c28:	002e      	movs	r6, r5
10000c2a:	6978      	ldr	r0, [r7, #20]
10000c2c:	e003      	b.n	10000c36 <alarm_pool_irq_handler+0x23a>
10000c2e:	000e      	movs	r6, r1
10000c30:	1c5a      	adds	r2, r3, #1
10000c32:	d100      	bne.n	10000c36 <alarm_pool_irq_handler+0x23a>
10000c34:	e70a      	b.n	10000a4c <alarm_pool_irq_handler+0x50>
10000c36:	001a      	movs	r2, r3
10000c38:	005b      	lsls	r3, r3, #1
10000c3a:	189b      	adds	r3, r3, r2
10000c3c:	00db      	lsls	r3, r3, #3
10000c3e:	18c1      	adds	r1, r0, r3
10000c40:	5ec3      	ldrsh	r3, [r0, r3]
10000c42:	2502      	movs	r5, #2
10000c44:	5f4c      	ldrsh	r4, [r1, r5]
10000c46:	2c00      	cmp	r4, #0
10000c48:	daf1      	bge.n	10000c2e <alarm_pool_irq_handler+0x232>
10000c4a:	2401      	movs	r4, #1
10000c4c:	4264      	negs	r4, r4
10000c4e:	17e5      	asrs	r5, r4, #31
10000c50:	608c      	str	r4, [r1, #8]
10000c52:	60cd      	str	r5, [r1, #12]
10000c54:	2508      	movs	r5, #8
10000c56:	5f7c      	ldrsh	r4, [r7, r5]
10000c58:	4294      	cmp	r4, r2
10000c5a:	d0e9      	beq.n	10000c30 <alarm_pool_irq_handler+0x234>
10000c5c:	8033      	strh	r3, [r6, #0]
10000c5e:	893c      	ldrh	r4, [r7, #8]
10000c60:	800c      	strh	r4, [r1, #0]
10000c62:	813a      	strh	r2, [r7, #8]
10000c64:	e7e4      	b.n	10000c30 <alarm_pool_irq_handler+0x234>
10000c66:	689f      	ldr	r7, [r3, #8]
10000c68:	46ba      	mov	sl, r7
10000c6a:	9f00      	ldr	r7, [sp, #0]
10000c6c:	45ba      	cmp	sl, r7
10000c6e:	d9bb      	bls.n	10000be8 <alarm_pool_irq_handler+0x1ec>
10000c70:	800e      	strh	r6, [r1, #0]
10000c72:	2300      	movs	r3, #0
10000c74:	5ee6      	ldrsh	r6, [r4, r3]
10000c76:	8022      	strh	r2, [r4, #0]
10000c78:	2e00      	cmp	r6, #0
10000c7a:	daa5      	bge.n	10000bc8 <alarm_pool_irq_handler+0x1cc>
10000c7c:	e7c6      	b.n	10000c0c <alarm_pool_irq_handler+0x210>
10000c7e:	1c63      	adds	r3, r4, #1
10000c80:	d000      	beq.n	10000c84 <alarm_pool_irq_handler+0x288>
10000c82:	e6f1      	b.n	10000a68 <alarm_pool_irq_handler+0x6c>
10000c84:	e6ff      	b.n	10000a86 <alarm_pool_irq_handler+0x8a>
10000c86:	4649      	mov	r1, r9
10000c88:	800e      	strh	r6, [r1, #0]
10000c8a:	2300      	movs	r3, #0
10000c8c:	5ee6      	ldrsh	r6, [r4, r3]
10000c8e:	8022      	strh	r2, [r4, #0]
10000c90:	2e00      	cmp	r6, #0
10000c92:	da99      	bge.n	10000bc8 <alarm_pool_irq_handler+0x1cc>
10000c94:	e7ba      	b.n	10000c0c <alarm_pool_irq_handler+0x210>
10000c96:	4653      	mov	r3, sl
10000c98:	4650      	mov	r0, sl
10000c9a:	691b      	ldr	r3, [r3, #16]
10000c9c:	4798      	blx	r3
10000c9e:	2800      	cmp	r0, #0
10000ca0:	d123      	bne.n	10000cea <alarm_pool_irq_handler+0x2ee>
10000ca2:	464b      	mov	r3, r9
10000ca4:	881b      	ldrh	r3, [r3, #0]
10000ca6:	693a      	ldr	r2, [r7, #16]
10000ca8:	813b      	strh	r3, [r7, #8]
10000caa:	f3ef 8310 	mrs	r3, PRIMASK
10000cae:	b672      	cpsid	i
10000cb0:	6811      	ldr	r1, [r2, #0]
10000cb2:	2900      	cmp	r1, #0
10000cb4:	d0fc      	beq.n	10000cb0 <alarm_pool_irq_handler+0x2b4>
10000cb6:	f3bf 8f5f 	dmb	sy
10000cba:	4649      	mov	r1, r9
10000cbc:	887a      	ldrh	r2, [r7, #2]
10000cbe:	800a      	strh	r2, [r1, #0]
10000cc0:	693a      	ldr	r2, [r7, #16]
10000cc2:	807e      	strh	r6, [r7, #2]
10000cc4:	f3bf 8f5f 	dmb	sy
10000cc8:	2100      	movs	r1, #0
10000cca:	6011      	str	r1, [r2, #0]
10000ccc:	f383 8810 	msr	PRIMASK, r3
10000cd0:	e6b3      	b.n	10000a3a <alarm_pool_irq_handler+0x3e>
10000cd2:	4284      	cmp	r4, r0
10000cd4:	d800      	bhi.n	10000cd8 <alarm_pool_irq_handler+0x2dc>
10000cd6:	e6f7      	b.n	10000ac8 <alarm_pool_irq_handler+0xcc>
10000cd8:	e6af      	b.n	10000a3a <alarm_pool_irq_handler+0x3e>
10000cda:	4809      	ldr	r0, [pc, #36]	@ (10000d00 <alarm_pool_irq_handler+0x304>)
10000cdc:	f000 fa02 	bl	100010e4 <timer_time_us_64>
10000ce0:	9b00      	ldr	r3, [sp, #0]
10000ce2:	9c01      	ldr	r4, [sp, #4]
10000ce4:	18c0      	adds	r0, r0, r3
10000ce6:	4161      	adcs	r1, r4
10000ce8:	e713      	b.n	10000b12 <alarm_pool_irq_handler+0x116>
10000cea:	4653      	mov	r3, sl
10000cec:	cb0c      	ldmia	r3, {r2, r3}
10000cee:	9200      	str	r2, [sp, #0]
10000cf0:	9301      	str	r3, [sp, #4]
10000cf2:	e6ff      	b.n	10000af4 <alarm_pool_irq_handler+0xf8>
10000cf4:	20001d44 	.word	0x20001d44
10000cf8:	4005703c 	.word	0x4005703c
10000cfc:	100009fd 	.word	0x100009fd
10000d00:	40054000 	.word	0x40054000
10000d04:	4582      	cmp	sl, r0
10000d06:	d800      	bhi.n	10000d0a <alarm_pool_irq_handler+0x30e>
10000d08:	e731      	b.n	10000b6e <alarm_pool_irq_handler+0x172>
10000d0a:	e736      	b.n	10000b7a <alarm_pool_irq_handler+0x17e>

10000d0c <runtime_init_default_alarm_pool>:
10000d0c:	b570      	push	{r4, r5, r6, lr}
10000d0e:	4c2d      	ldr	r4, [pc, #180]	@ (10000dc4 <runtime_init_default_alarm_pool+0xb8>)
10000d10:	6925      	ldr	r5, [r4, #16]
10000d12:	2d00      	cmp	r5, #0
10000d14:	d004      	beq.n	10000d20 <runtime_init_default_alarm_pool+0x14>
10000d16:	210a      	movs	r1, #10
10000d18:	482b      	ldr	r0, [pc, #172]	@ (10000dc8 <runtime_init_default_alarm_pool+0xbc>)
10000d1a:	f7ff fdfb 	bl	10000914 <lock_init>
10000d1e:	bd70      	pop	{r4, r5, r6, pc}
10000d20:	4e2a      	ldr	r6, [pc, #168]	@ (10000dcc <runtime_init_default_alarm_pool+0xc0>)
10000d22:	2103      	movs	r1, #3
10000d24:	4829      	ldr	r0, [pc, #164]	@ (10000dcc <runtime_init_default_alarm_pool+0xc0>)
10000d26:	f000 f9d3 	bl	100010d0 <timer_hardware_alarm_claim>
10000d2a:	60e6      	str	r6, [r4, #12]
10000d2c:	f7ff fbee 	bl	1000050c <next_striped_spin_lock_num>
10000d30:	4b27      	ldr	r3, [pc, #156]	@ (10000dd0 <runtime_init_default_alarm_pool+0xc4>)
10000d32:	2203      	movs	r2, #3
10000d34:	18c0      	adds	r0, r0, r3
10000d36:	23d0      	movs	r3, #208	@ 0xd0
10000d38:	7022      	strb	r2, [r4, #0]
10000d3a:	061b      	lsls	r3, r3, #24
10000d3c:	681b      	ldr	r3, [r3, #0]
10000d3e:	2101      	movs	r1, #1
10000d40:	7063      	strb	r3, [r4, #1]
10000d42:	4b24      	ldr	r3, [pc, #144]	@ (10000dd4 <runtime_init_default_alarm_pool+0xc8>)
10000d44:	0080      	lsls	r0, r0, #2
10000d46:	60a3      	str	r3, [r4, #8]
10000d48:	230f      	movs	r3, #15
10000d4a:	6120      	str	r0, [r4, #16]
10000d4c:	2002      	movs	r0, #2
10000d4e:	8063      	strh	r3, [r4, #2]
10000d50:	6963      	ldr	r3, [r4, #20]
10000d52:	4249      	negs	r1, r1
10000d54:	80a1      	strh	r1, [r4, #4]
10000d56:	8019      	strh	r1, [r3, #0]
10000d58:	3102      	adds	r1, #2
10000d5a:	8619      	strh	r1, [r3, #48]	@ 0x30
10000d5c:	3147      	adds	r1, #71	@ 0x47
10000d5e:	831d      	strh	r5, [r3, #24]
10000d60:	5258      	strh	r0, [r3, r1]
10000d62:	3118      	adds	r1, #24
10000d64:	525a      	strh	r2, [r3, r1]
10000d66:	3275      	adds	r2, #117	@ 0x75
10000d68:	395c      	subs	r1, #92	@ 0x5c
10000d6a:	5299      	strh	r1, [r3, r2]
10000d6c:	3218      	adds	r2, #24
10000d6e:	3101      	adds	r1, #1
10000d70:	5299      	strh	r1, [r3, r2]
10000d72:	3218      	adds	r2, #24
10000d74:	3101      	adds	r1, #1
10000d76:	5299      	strh	r1, [r3, r2]
10000d78:	3218      	adds	r2, #24
10000d7a:	3101      	adds	r1, #1
10000d7c:	5299      	strh	r1, [r3, r2]
10000d7e:	3508      	adds	r5, #8
10000d80:	3218      	adds	r2, #24
10000d82:	529d      	strh	r5, [r3, r2]
10000d84:	3102      	adds	r1, #2
10000d86:	3218      	adds	r2, #24
10000d88:	5299      	strh	r1, [r3, r2]
10000d8a:	3218      	adds	r2, #24
10000d8c:	3101      	adds	r1, #1
10000d8e:	5299      	strh	r1, [r3, r2]
10000d90:	3218      	adds	r2, #24
10000d92:	3101      	adds	r1, #1
10000d94:	5299      	strh	r1, [r3, r2]
10000d96:	3218      	adds	r2, #24
10000d98:	3101      	adds	r1, #1
10000d9a:	5299      	strh	r1, [r3, r2]
10000d9c:	3218      	adds	r2, #24
10000d9e:	3101      	adds	r1, #1
10000da0:	5299      	strh	r1, [r3, r2]
10000da2:	3218      	adds	r2, #24
10000da4:	3101      	adds	r1, #1
10000da6:	5299      	strh	r1, [r3, r2]
10000da8:	4b0b      	ldr	r3, [pc, #44]	@ (10000dd8 <runtime_init_default_alarm_pool+0xcc>)
10000daa:	490c      	ldr	r1, [pc, #48]	@ (10000ddc <runtime_init_default_alarm_pool+0xd0>)
10000dac:	60dc      	str	r4, [r3, #12]
10000dae:	3001      	adds	r0, #1
10000db0:	6235      	str	r5, [r6, #32]
10000db2:	f7ff fc2f 	bl	10000614 <irq_set_exclusive_handler>
10000db6:	2101      	movs	r1, #1
10000db8:	2003      	movs	r0, #3
10000dba:	f7ff fbf5 	bl	100005a8 <irq_set_enabled>
10000dbe:	4b08      	ldr	r3, [pc, #32]	@ (10000de0 <runtime_init_default_alarm_pool+0xd4>)
10000dc0:	601d      	str	r5, [r3, #0]
10000dc2:	e7a8      	b.n	10000d16 <runtime_init_default_alarm_pool+0xa>
10000dc4:	200010f0 	.word	0x200010f0
10000dc8:	20001d60 	.word	0x20001d60
10000dcc:	40054000 	.word	0x40054000
10000dd0:	34000040 	.word	0x34000040
10000dd4:	0010ffff 	.word	0x0010ffff
10000dd8:	20001d44 	.word	0x20001d44
10000ddc:	100009fd 	.word	0x100009fd
10000de0:	40056038 	.word	0x40056038

10000de4 <alarm_pool_get_default>:
10000de4:	4800      	ldr	r0, [pc, #0]	@ (10000de8 <alarm_pool_get_default+0x4>)
10000de6:	4770      	bx	lr
10000de8:	200010f0 	.word	0x200010f0

10000dec <alarm_pool_add_alarm_at>:
10000dec:	b5f8      	push	{r3, r4, r5, r6, r7, lr}
10000dee:	001f      	movs	r7, r3
10000df0:	ab08      	add	r3, sp, #32
10000df2:	781b      	ldrb	r3, [r3, #0]
10000df4:	0004      	movs	r4, r0
10000df6:	0016      	movs	r6, r2
10000df8:	2b00      	cmp	r3, #0
10000dfa:	d107      	bne.n	10000e0c <alarm_pool_add_alarm_at+0x20>
10000dfc:	f000 f97a 	bl	100010f4 <time_us_64>
10000e00:	0032      	movs	r2, r6
10000e02:	003b      	movs	r3, r7
10000e04:	1a12      	subs	r2, r2, r0
10000e06:	418b      	sbcs	r3, r1
10000e08:	2b00      	cmp	r3, #0
10000e0a:	db51      	blt.n	10000eb0 <alarm_pool_add_alarm_at+0xc4>
10000e0c:	6922      	ldr	r2, [r4, #16]
10000e0e:	f3ef 8c10 	mrs	ip, PRIMASK
10000e12:	b672      	cpsid	i
10000e14:	6813      	ldr	r3, [r2, #0]
10000e16:	2b00      	cmp	r3, #0
10000e18:	d0fc      	beq.n	10000e14 <alarm_pool_add_alarm_at+0x28>
10000e1a:	f3bf 8f5f 	dmb	sy
10000e1e:	2302      	movs	r3, #2
10000e20:	5ee1      	ldrsh	r1, [r4, r3]
10000e22:	6925      	ldr	r5, [r4, #16]
10000e24:	2900      	cmp	r1, #0
10000e26:	db3a      	blt.n	10000e9e <alarm_pool_add_alarm_at+0xb2>
10000e28:	004b      	lsls	r3, r1, #1
10000e2a:	6960      	ldr	r0, [r4, #20]
10000e2c:	185b      	adds	r3, r3, r1
10000e2e:	00db      	lsls	r3, r3, #3
10000e30:	18c2      	adds	r2, r0, r3
10000e32:	5ac3      	ldrh	r3, [r0, r3]
10000e34:	8063      	strh	r3, [r4, #2]
10000e36:	f3bf 8f5f 	dmb	sy
10000e3a:	2300      	movs	r3, #0
10000e3c:	602b      	str	r3, [r5, #0]
10000e3e:	f38c 8810 	msr	PRIMASK, ip
10000e42:	9b06      	ldr	r3, [sp, #24]
10000e44:	6096      	str	r6, [r2, #8]
10000e46:	60d7      	str	r7, [r2, #12]
10000e48:	6113      	str	r3, [r2, #16]
10000e4a:	9b07      	ldr	r3, [sp, #28]
10000e4c:	6153      	str	r3, [r2, #20]
10000e4e:	8853      	ldrh	r3, [r2, #2]
10000e50:	3301      	adds	r3, #1
10000e52:	045b      	lsls	r3, r3, #17
10000e54:	0c5b      	lsrs	r3, r3, #17
10000e56:	1c18      	adds	r0, r3, #0
10000e58:	2b00      	cmp	r3, #0
10000e5a:	d01e      	beq.n	10000e9a <alarm_pool_add_alarm_at+0xae>
10000e5c:	b283      	uxth	r3, r0
10000e5e:	8050      	strh	r0, [r2, #2]
10000e60:	0408      	lsls	r0, r1, #16
10000e62:	4318      	orrs	r0, r3
10000e64:	6925      	ldr	r5, [r4, #16]
10000e66:	f3ef 8610 	mrs	r6, PRIMASK
10000e6a:	b672      	cpsid	i
10000e6c:	682b      	ldr	r3, [r5, #0]
10000e6e:	2b00      	cmp	r3, #0
10000e70:	d0fc      	beq.n	10000e6c <alarm_pool_add_alarm_at+0x80>
10000e72:	f3bf 8f5f 	dmb	sy
10000e76:	2504      	movs	r5, #4
10000e78:	5f63      	ldrsh	r3, [r4, r5]
10000e7a:	8013      	strh	r3, [r2, #0]
10000e7c:	80a1      	strh	r1, [r4, #4]
10000e7e:	6923      	ldr	r3, [r4, #16]
10000e80:	f3bf 8f5f 	dmb	sy
10000e84:	2200      	movs	r2, #0
10000e86:	601a      	str	r2, [r3, #0]
10000e88:	f386 8810 	msr	PRIMASK, r6
10000e8c:	7823      	ldrb	r3, [r4, #0]
10000e8e:	3201      	adds	r2, #1
10000e90:	409a      	lsls	r2, r3
10000e92:	4908      	ldr	r1, [pc, #32]	@ (10000eb4 <alarm_pool_add_alarm_at+0xc8>)
10000e94:	68e3      	ldr	r3, [r4, #12]
10000e96:	505a      	str	r2, [r3, r1]
10000e98:	bdf8      	pop	{r3, r4, r5, r6, r7, pc}
10000e9a:	2001      	movs	r0, #1
10000e9c:	e7de      	b.n	10000e5c <alarm_pool_add_alarm_at+0x70>
10000e9e:	f3bf 8f5f 	dmb	sy
10000ea2:	2300      	movs	r3, #0
10000ea4:	602b      	str	r3, [r5, #0]
10000ea6:	f38c 8810 	msr	PRIMASK, ip
10000eaa:	2001      	movs	r0, #1
10000eac:	4240      	negs	r0, r0
10000eae:	e7f3      	b.n	10000e98 <alarm_pool_add_alarm_at+0xac>
10000eb0:	2000      	movs	r0, #0
10000eb2:	e7f1      	b.n	10000e98 <alarm_pool_add_alarm_at+0xac>
10000eb4:	0000203c 	.word	0x0000203c

10000eb8 <alarm_pool_add_alarm_at_force_in_context>:
10000eb8:	b570      	push	{r4, r5, r6, lr}
10000eba:	b082      	sub	sp, #8
10000ebc:	9200      	str	r2, [sp, #0]
10000ebe:	9301      	str	r3, [sp, #4]
10000ec0:	0001      	movs	r1, r0
10000ec2:	6902      	ldr	r2, [r0, #16]
10000ec4:	f3ef 8410 	mrs	r4, PRIMASK
10000ec8:	b672      	cpsid	i
10000eca:	6813      	ldr	r3, [r2, #0]
10000ecc:	2b00      	cmp	r3, #0
10000ece:	d0fc      	beq.n	10000eca <alarm_pool_add_alarm_at_force_in_context+0x12>
10000ed0:	f3bf 8f5f 	dmb	sy
10000ed4:	2302      	movs	r3, #2
10000ed6:	5ec8      	ldrsh	r0, [r1, r3]
10000ed8:	690d      	ldr	r5, [r1, #16]
10000eda:	2800      	cmp	r0, #0
10000edc:	db3f      	blt.n	10000f5e <alarm_pool_add_alarm_at_force_in_context+0xa6>
10000ede:	694a      	ldr	r2, [r1, #20]
10000ee0:	0043      	lsls	r3, r0, #1
10000ee2:	0016      	movs	r6, r2
10000ee4:	181b      	adds	r3, r3, r0
10000ee6:	00db      	lsls	r3, r3, #3
10000ee8:	18d2      	adds	r2, r2, r3
10000eea:	5af3      	ldrh	r3, [r6, r3]
10000eec:	804b      	strh	r3, [r1, #2]
10000eee:	f3bf 8f5f 	dmb	sy
10000ef2:	2300      	movs	r3, #0
10000ef4:	602b      	str	r3, [r5, #0]
10000ef6:	f384 8810 	msr	PRIMASK, r4
10000efa:	9b06      	ldr	r3, [sp, #24]
10000efc:	6113      	str	r3, [r2, #16]
10000efe:	9b07      	ldr	r3, [sp, #28]
10000f00:	6153      	str	r3, [r2, #20]
10000f02:	9b00      	ldr	r3, [sp, #0]
10000f04:	9c01      	ldr	r4, [sp, #4]
10000f06:	6093      	str	r3, [r2, #8]
10000f08:	60d4      	str	r4, [r2, #12]
10000f0a:	8853      	ldrh	r3, [r2, #2]
10000f0c:	3301      	adds	r3, #1
10000f0e:	045b      	lsls	r3, r3, #17
10000f10:	0c5b      	lsrs	r3, r3, #17
10000f12:	1c1d      	adds	r5, r3, #0
10000f14:	2b00      	cmp	r3, #0
10000f16:	d020      	beq.n	10000f5a <alarm_pool_add_alarm_at_force_in_context+0xa2>
10000f18:	b2ac      	uxth	r4, r5
10000f1a:	0403      	lsls	r3, r0, #16
10000f1c:	8055      	strh	r5, [r2, #2]
10000f1e:	4323      	orrs	r3, r4
10000f20:	690d      	ldr	r5, [r1, #16]
10000f22:	f3ef 8c10 	mrs	ip, PRIMASK
10000f26:	b672      	cpsid	i
10000f28:	682c      	ldr	r4, [r5, #0]
10000f2a:	2c00      	cmp	r4, #0
10000f2c:	d0fc      	beq.n	10000f28 <alarm_pool_add_alarm_at_force_in_context+0x70>
10000f2e:	f3bf 8f5f 	dmb	sy
10000f32:	2504      	movs	r5, #4
10000f34:	5f4c      	ldrsh	r4, [r1, r5]
10000f36:	8014      	strh	r4, [r2, #0]
10000f38:	8088      	strh	r0, [r1, #4]
10000f3a:	690a      	ldr	r2, [r1, #16]
10000f3c:	f3bf 8f5f 	dmb	sy
10000f40:	2000      	movs	r0, #0
10000f42:	6010      	str	r0, [r2, #0]
10000f44:	f38c 8810 	msr	PRIMASK, ip
10000f48:	780a      	ldrb	r2, [r1, #0]
10000f4a:	3001      	adds	r0, #1
10000f4c:	4090      	lsls	r0, r2
10000f4e:	68ca      	ldr	r2, [r1, #12]
10000f50:	4907      	ldr	r1, [pc, #28]	@ (10000f70 <alarm_pool_add_alarm_at_force_in_context+0xb8>)
10000f52:	5050      	str	r0, [r2, r1]
10000f54:	0018      	movs	r0, r3
10000f56:	b002      	add	sp, #8
10000f58:	bd70      	pop	{r4, r5, r6, pc}
10000f5a:	2501      	movs	r5, #1
10000f5c:	e7dc      	b.n	10000f18 <alarm_pool_add_alarm_at_force_in_context+0x60>
10000f5e:	f3bf 8f5f 	dmb	sy
10000f62:	2300      	movs	r3, #0
10000f64:	602b      	str	r3, [r5, #0]
10000f66:	f384 8810 	msr	PRIMASK, r4
10000f6a:	3b01      	subs	r3, #1
10000f6c:	e7f2      	b.n	10000f54 <alarm_pool_add_alarm_at_force_in_context+0x9c>
10000f6e:	46c0      	nop			@ (mov r8, r8)
10000f70:	0000203c 	.word	0x0000203c

10000f74 <alarm_pool_cancel_alarm>:
10000f74:	b510      	push	{r4, lr}
10000f76:	8943      	ldrh	r3, [r0, #10]
10000f78:	140a      	asrs	r2, r1, #16
10000f7a:	4293      	cmp	r3, r2
10000f7c:	dd19      	ble.n	10000fb2 <alarm_pool_cancel_alarm+0x3e>
10000f7e:	0053      	lsls	r3, r2, #1
10000f80:	189b      	adds	r3, r3, r2
10000f82:	6942      	ldr	r2, [r0, #20]
10000f84:	00db      	lsls	r3, r3, #3
10000f86:	18d3      	adds	r3, r2, r3
10000f88:	6904      	ldr	r4, [r0, #16]
10000f8a:	f3ef 8c10 	mrs	ip, PRIMASK
10000f8e:	b672      	cpsid	i
10000f90:	6822      	ldr	r2, [r4, #0]
10000f92:	2a00      	cmp	r2, #0
10000f94:	d0fc      	beq.n	10000f90 <alarm_pool_cancel_alarm+0x1c>
10000f96:	f3bf 8f5f 	dmb	sy
10000f9a:	885a      	ldrh	r2, [r3, #2]
10000f9c:	0409      	lsls	r1, r1, #16
10000f9e:	0c09      	lsrs	r1, r1, #16
10000fa0:	4291      	cmp	r1, r2
10000fa2:	d008      	beq.n	10000fb6 <alarm_pool_cancel_alarm+0x42>
10000fa4:	6903      	ldr	r3, [r0, #16]
10000fa6:	f3bf 8f5f 	dmb	sy
10000faa:	2200      	movs	r2, #0
10000fac:	601a      	str	r2, [r3, #0]
10000fae:	f38c 8810 	msr	PRIMASK, ip
10000fb2:	2000      	movs	r0, #0
10000fb4:	bd10      	pop	{r4, pc}
10000fb6:	4a09      	ldr	r2, [pc, #36]	@ (10000fdc <alarm_pool_cancel_alarm+0x68>)
10000fb8:	430a      	orrs	r2, r1
10000fba:	805a      	strh	r2, [r3, #2]
10000fbc:	2301      	movs	r3, #1
10000fbe:	6902      	ldr	r2, [r0, #16]
10000fc0:	7183      	strb	r3, [r0, #6]
10000fc2:	f3bf 8f5f 	dmb	sy
10000fc6:	2100      	movs	r1, #0
10000fc8:	6011      	str	r1, [r2, #0]
10000fca:	f38c 8810 	msr	PRIMASK, ip
10000fce:	7802      	ldrb	r2, [r0, #0]
10000fd0:	4903      	ldr	r1, [pc, #12]	@ (10000fe0 <alarm_pool_cancel_alarm+0x6c>)
10000fd2:	4093      	lsls	r3, r2
10000fd4:	68c2      	ldr	r2, [r0, #12]
10000fd6:	2001      	movs	r0, #1
10000fd8:	5053      	str	r3, [r2, r1]
10000fda:	e7eb      	b.n	10000fb4 <alarm_pool_cancel_alarm+0x40>
10000fdc:	ffff8000 	.word	0xffff8000
10000fe0:	0000203c 	.word	0x0000203c

10000fe4 <alarm_pool_core_num>:
10000fe4:	7840      	ldrb	r0, [r0, #1]
10000fe6:	4770      	bx	lr

10000fe8 <best_effort_wfe_or_timeout>:
10000fe8:	b5f0      	push	{r4, r5, r6, r7, lr}
10000fea:	46ce      	mov	lr, r9
10000fec:	4647      	mov	r7, r8
10000fee:	b580      	push	{r7, lr}
10000ff0:	0004      	movs	r4, r0
10000ff2:	000d      	movs	r5, r1
10000ff4:	b085      	sub	sp, #20
10000ff6:	f3ef 8305 	mrs	r3, IPSR
10000ffa:	4689      	mov	r9, r1
10000ffc:	2b00      	cmp	r3, #0
10000ffe:	d132      	bne.n	10001066 <best_effort_wfe_or_timeout+0x7e>
10001000:	4e2f      	ldr	r6, [pc, #188]	@ (100010c0 <best_effort_wfe_or_timeout+0xd8>)
10001002:	6833      	ldr	r3, [r6, #0]
10001004:	4283      	cmp	r3, r0
10001006:	d02a      	beq.n	1000105e <best_effort_wfe_or_timeout+0x76>
10001008:	4f2e      	ldr	r7, [pc, #184]	@ (100010c4 <best_effort_wfe_or_timeout+0xdc>)
1000100a:	68fb      	ldr	r3, [r7, #12]
1000100c:	783a      	ldrb	r2, [r7, #0]
1000100e:	4698      	mov	r8, r3
10001010:	0018      	movs	r0, r3
10001012:	9203      	str	r2, [sp, #12]
10001014:	f000 f866 	bl	100010e4 <timer_time_us_64>
10001018:	9a03      	ldr	r2, [sp, #12]
1000101a:	1d13      	adds	r3, r2, #4
1000101c:	4642      	mov	r2, r8
1000101e:	009b      	lsls	r3, r3, #2
10001020:	589b      	ldr	r3, [r3, r2]
10001022:	0022      	movs	r2, r4
10001024:	1a1b      	subs	r3, r3, r0
10001026:	469c      	mov	ip, r3
10001028:	002b      	movs	r3, r5
1000102a:	1a12      	subs	r2, r2, r0
1000102c:	418b      	sbcs	r3, r1
1000102e:	0019      	movs	r1, r3
10001030:	2300      	movs	r3, #0
10001032:	0010      	movs	r0, r2
10001034:	428b      	cmp	r3, r1
10001036:	dc1e      	bgt.n	10001076 <best_effort_wfe_or_timeout+0x8e>
10001038:	d01b      	beq.n	10001072 <best_effort_wfe_or_timeout+0x8a>
1000103a:	bf20      	wfe
1000103c:	4b22      	ldr	r3, [pc, #136]	@ (100010c8 <best_effort_wfe_or_timeout+0xe0>)
1000103e:	6a58      	ldr	r0, [r3, #36]	@ 0x24
10001040:	4548      	cmp	r0, r9
10001042:	d314      	bcc.n	1000106e <best_effort_wfe_or_timeout+0x86>
10001044:	1b40      	subs	r0, r0, r5
10001046:	6a9a      	ldr	r2, [r3, #40]	@ 0x28
10001048:	1e43      	subs	r3, r0, #1
1000104a:	4198      	sbcs	r0, r3
1000104c:	2300      	movs	r3, #0
1000104e:	42a2      	cmp	r2, r4
10001050:	415b      	adcs	r3, r3
10001052:	4318      	orrs	r0, r3
10001054:	b005      	add	sp, #20
10001056:	bcc0      	pop	{r6, r7}
10001058:	46b9      	mov	r9, r7
1000105a:	46b0      	mov	r8, r6
1000105c:	bdf0      	pop	{r4, r5, r6, r7, pc}
1000105e:	6873      	ldr	r3, [r6, #4]
10001060:	428b      	cmp	r3, r1
10001062:	d1d1      	bne.n	10001008 <best_effort_wfe_or_timeout+0x20>
10001064:	e7e9      	b.n	1000103a <best_effort_wfe_or_timeout+0x52>
10001066:	4b18      	ldr	r3, [pc, #96]	@ (100010c8 <best_effort_wfe_or_timeout+0xe0>)
10001068:	6a58      	ldr	r0, [r3, #36]	@ 0x24
1000106a:	4288      	cmp	r0, r1
1000106c:	d2ea      	bcs.n	10001044 <best_effort_wfe_or_timeout+0x5c>
1000106e:	2000      	movs	r0, #0
10001070:	e7f0      	b.n	10001054 <best_effort_wfe_or_timeout+0x6c>
10001072:	4584      	cmp	ip, r0
10001074:	d9e1      	bls.n	1000103a <best_effort_wfe_or_timeout+0x52>
10001076:	f000 f83d 	bl	100010f4 <time_us_64>
1000107a:	0022      	movs	r2, r4
1000107c:	002b      	movs	r3, r5
1000107e:	1a12      	subs	r2, r2, r0
10001080:	418b      	sbcs	r3, r1
10001082:	2b00      	cmp	r3, #0
10001084:	dbda      	blt.n	1000103c <best_effort_wfe_or_timeout+0x54>
10001086:	2300      	movs	r3, #0
10001088:	9301      	str	r3, [sp, #4]
1000108a:	4b10      	ldr	r3, [pc, #64]	@ (100010cc <best_effort_wfe_or_timeout+0xe4>)
1000108c:	0022      	movs	r2, r4
1000108e:	9300      	str	r3, [sp, #0]
10001090:	0038      	movs	r0, r7
10001092:	002b      	movs	r3, r5
10001094:	f7ff ff10 	bl	10000eb8 <alarm_pool_add_alarm_at_force_in_context>
10001098:	2800      	cmp	r0, #0
1000109a:	ddcf      	ble.n	1000103c <best_effort_wfe_or_timeout+0x54>
1000109c:	4b0a      	ldr	r3, [pc, #40]	@ (100010c8 <best_effort_wfe_or_timeout+0xe0>)
1000109e:	c630      	stmia	r6!, {r4, r5}
100010a0:	6a5a      	ldr	r2, [r3, #36]	@ 0x24
100010a2:	454a      	cmp	r2, r9
100010a4:	d309      	bcc.n	100010ba <best_effort_wfe_or_timeout+0xd2>
100010a6:	6a9b      	ldr	r3, [r3, #40]	@ 0x28
100010a8:	42a3      	cmp	r3, r4
100010aa:	d304      	bcc.n	100010b6 <best_effort_wfe_or_timeout+0xce>
100010ac:	0001      	movs	r1, r0
100010ae:	0038      	movs	r0, r7
100010b0:	f7ff ff60 	bl	10000f74 <alarm_pool_cancel_alarm>
100010b4:	e7c2      	b.n	1000103c <best_effort_wfe_or_timeout+0x54>
100010b6:	454a      	cmp	r2, r9
100010b8:	d1f8      	bne.n	100010ac <best_effort_wfe_or_timeout+0xc4>
100010ba:	bf20      	wfe
100010bc:	e7f6      	b.n	100010ac <best_effort_wfe_or_timeout+0xc4>
100010be:	46c0      	nop			@ (mov r8, r8)
100010c0:	200010e8 	.word	0x200010e8
100010c4:	200010f0 	.word	0x200010f0
100010c8:	40054000 	.word	0x40054000
100010cc:	100009cd 	.word	0x100009cd

100010d0 <timer_hardware_alarm_claim>:
100010d0:	b510      	push	{r4, lr}
100010d2:	4a02      	ldr	r2, [pc, #8]	@ (100010dc <timer_hardware_alarm_claim+0xc>)
100010d4:	4802      	ldr	r0, [pc, #8]	@ (100010e0 <timer_hardware_alarm_claim+0x10>)
100010d6:	f7ff f9ad 	bl	10000434 <hw_claim_or_assert>
100010da:	bd10      	pop	{r4, pc}
100010dc:	10006768 	.word	0x10006768
100010e0:	200018d0 	.word	0x200018d0

100010e4 <timer_time_us_64>:
100010e4:	0003      	movs	r3, r0
100010e6:	6a41      	ldr	r1, [r0, #36]	@ 0x24
100010e8:	000a      	movs	r2, r1
100010ea:	6a98      	ldr	r0, [r3, #40]	@ 0x28
100010ec:	6a59      	ldr	r1, [r3, #36]	@ 0x24
100010ee:	428a      	cmp	r2, r1
100010f0:	d1fa      	bne.n	100010e8 <timer_time_us_64+0x4>
100010f2:	4770      	bx	lr

100010f4 <time_us_64>:
100010f4:	4b03      	ldr	r3, [pc, #12]	@ (10001104 <time_us_64+0x10>)
100010f6:	6a59      	ldr	r1, [r3, #36]	@ 0x24
100010f8:	000a      	movs	r2, r1
100010fa:	6a98      	ldr	r0, [r3, #40]	@ 0x28
100010fc:	6a59      	ldr	r1, [r3, #36]	@ 0x24
100010fe:	4291      	cmp	r1, r2
10001100:	d1fa      	bne.n	100010f8 <time_us_64+0x4>
10001102:	4770      	bx	lr
10001104:	40054000 	.word	0x40054000

10001108 <busy_wait_us>:
10001108:	b570      	push	{r4, r5, r6, lr}
1000110a:	0005      	movs	r5, r0
1000110c:	000e      	movs	r6, r1
1000110e:	4a18      	ldr	r2, [pc, #96]	@ (10001170 <busy_wait_us+0x68>)
10001110:	6a53      	ldr	r3, [r2, #36]	@ 0x24
10001112:	0019      	movs	r1, r3
10001114:	6a94      	ldr	r4, [r2, #40]	@ 0x28
10001116:	6a53      	ldr	r3, [r2, #36]	@ 0x24
10001118:	428b      	cmp	r3, r1
1000111a:	d1fa      	bne.n	10001112 <busy_wait_us+0xa>
1000111c:	0020      	movs	r0, r4
1000111e:	0019      	movs	r1, r3
10001120:	002c      	movs	r4, r5
10001122:	0035      	movs	r5, r6
10001124:	1824      	adds	r4, r4, r0
10001126:	414d      	adcs	r5, r1
10001128:	42ab      	cmp	r3, r5
1000112a:	d816      	bhi.n	1000115a <busy_wait_us+0x52>
1000112c:	d013      	beq.n	10001156 <busy_wait_us+0x4e>
1000112e:	4b10      	ldr	r3, [pc, #64]	@ (10001170 <busy_wait_us+0x68>)
10001130:	002a      	movs	r2, r5
10001132:	6a5b      	ldr	r3, [r3, #36]	@ 0x24
10001134:	429d      	cmp	r5, r3
10001136:	d903      	bls.n	10001140 <busy_wait_us+0x38>
10001138:	490d      	ldr	r1, [pc, #52]	@ (10001170 <busy_wait_us+0x68>)
1000113a:	6a4b      	ldr	r3, [r1, #36]	@ 0x24
1000113c:	4293      	cmp	r3, r2
1000113e:	d3fc      	bcc.n	1000113a <busy_wait_us+0x32>
10001140:	4293      	cmp	r3, r2
10001142:	d107      	bne.n	10001154 <busy_wait_us+0x4c>
10001144:	4a0a      	ldr	r2, [pc, #40]	@ (10001170 <busy_wait_us+0x68>)
10001146:	e002      	b.n	1000114e <busy_wait_us+0x46>
10001148:	6a51      	ldr	r1, [r2, #36]	@ 0x24
1000114a:	4299      	cmp	r1, r3
1000114c:	d102      	bne.n	10001154 <busy_wait_us+0x4c>
1000114e:	6a91      	ldr	r1, [r2, #40]	@ 0x28
10001150:	42a1      	cmp	r1, r4
10001152:	d3f9      	bcc.n	10001148 <busy_wait_us+0x40>
10001154:	bd70      	pop	{r4, r5, r6, pc}
10001156:	42a0      	cmp	r0, r4
10001158:	d9e9      	bls.n	1000112e <busy_wait_us+0x26>
1000115a:	4b05      	ldr	r3, [pc, #20]	@ (10001170 <busy_wait_us+0x68>)
1000115c:	6a5b      	ldr	r3, [r3, #36]	@ 0x24
1000115e:	001c      	movs	r4, r3
10001160:	1c5a      	adds	r2, r3, #1
10001162:	d0ef      	beq.n	10001144 <busy_wait_us+0x3c>
10001164:	2201      	movs	r2, #1
10001166:	2401      	movs	r4, #1
10001168:	4264      	negs	r4, r4
1000116a:	17e5      	asrs	r5, r4, #31
1000116c:	4252      	negs	r2, r2
1000116e:	e7e3      	b.n	10001138 <busy_wait_us+0x30>
10001170:	40054000 	.word	0x40054000

10001174 <uart_init>:
10001174:	b5f8      	push	{r3, r4, r5, r6, r7, lr}
10001176:	0004      	movs	r4, r0
10001178:	2006      	movs	r0, #6
1000117a:	000d      	movs	r5, r1
1000117c:	f000 f964 	bl	10001448 <clock_get_hz>
10001180:	2800      	cmp	r0, #0
10001182:	d043      	beq.n	1000120c <uart_init+0x98>
10001184:	4b35      	ldr	r3, [pc, #212]	@ (1000125c <uart_init+0xe8>)
10001186:	4936      	ldr	r1, [pc, #216]	@ (10001260 <uart_init+0xec>)
10001188:	18e3      	adds	r3, r4, r3
1000118a:	1e5a      	subs	r2, r3, #1
1000118c:	4193      	sbcs	r3, r2
1000118e:	2280      	movs	r2, #128	@ 0x80
10001190:	425b      	negs	r3, r3
10001192:	0d9b      	lsrs	r3, r3, #22
10001194:	0412      	lsls	r2, r2, #16
10001196:	059b      	lsls	r3, r3, #22
10001198:	189b      	adds	r3, r3, r2
1000119a:	4a32      	ldr	r2, [pc, #200]	@ (10001264 <uart_init+0xf0>)
1000119c:	6013      	str	r3, [r2, #0]
1000119e:	4a32      	ldr	r2, [pc, #200]	@ (10001268 <uart_init+0xf4>)
100011a0:	6013      	str	r3, [r2, #0]
100011a2:	0018      	movs	r0, r3
100011a4:	680a      	ldr	r2, [r1, #0]
100011a6:	4390      	bics	r0, r2
100011a8:	d1fb      	bne.n	100011a2 <uart_init+0x2e>
100011aa:	4b2c      	ldr	r3, [pc, #176]	@ (1000125c <uart_init+0xe8>)
100011ac:	4a2f      	ldr	r2, [pc, #188]	@ (1000126c <uart_init+0xf8>)
100011ae:	18e3      	adds	r3, r4, r3
100011b0:	4259      	negs	r1, r3
100011b2:	414b      	adcs	r3, r1
100011b4:	2180      	movs	r1, #128	@ 0x80
100011b6:	005b      	lsls	r3, r3, #1
100011b8:	0049      	lsls	r1, r1, #1
100011ba:	2006      	movs	r0, #6
100011bc:	5299      	strh	r1, [r3, r2]
100011be:	f000 f943 	bl	10001448 <clock_get_hz>
100011c2:	0029      	movs	r1, r5
100011c4:	00c0      	lsls	r0, r0, #3
100011c6:	f000 fb9b 	bl	10001900 <__wrap___aeabi_uidiv>
100011ca:	3001      	adds	r0, #1
100011cc:	09c3      	lsrs	r3, r0, #7
100011ce:	d11e      	bne.n	1000120e <uart_init+0x9a>
100011d0:	2740      	movs	r7, #64	@ 0x40
100011d2:	2201      	movs	r2, #1
100011d4:	6262      	str	r2, [r4, #36]	@ 0x24
100011d6:	62a3      	str	r3, [r4, #40]	@ 0x28
100011d8:	6b26      	ldr	r6, [r4, #48]	@ 0x30
100011da:	07f3      	lsls	r3, r6, #31
100011dc:	d422      	bmi.n	10001224 <uart_init+0xb0>
100011de:	6ae3      	ldr	r3, [r4, #44]	@ 0x2c
100011e0:	4b23      	ldr	r3, [pc, #140]	@ (10001270 <uart_init+0xfc>)
100011e2:	2006      	movs	r0, #6
100011e4:	18e5      	adds	r5, r4, r3
100011e6:	2300      	movs	r3, #0
100011e8:	602b      	str	r3, [r5, #0]
100011ea:	6326      	str	r6, [r4, #48]	@ 0x30
100011ec:	f000 f92c 	bl	10001448 <clock_get_hz>
100011f0:	0039      	movs	r1, r7
100011f2:	0080      	lsls	r0, r0, #2
100011f4:	f000 fb84 	bl	10001900 <__wrap___aeabi_uidiv>
100011f8:	2370      	movs	r3, #112	@ 0x70
100011fa:	6ae2      	ldr	r2, [r4, #44]	@ 0x2c
100011fc:	405a      	eors	r2, r3
100011fe:	330e      	adds	r3, #14
10001200:	4013      	ands	r3, r2
10001202:	602b      	str	r3, [r5, #0]
10001204:	4b1b      	ldr	r3, [pc, #108]	@ (10001274 <uart_init+0x100>)
10001206:	6323      	str	r3, [r4, #48]	@ 0x30
10001208:	2303      	movs	r3, #3
1000120a:	64a3      	str	r3, [r4, #72]	@ 0x48
1000120c:	bdf8      	pop	{r3, r4, r5, r6, r7, pc}
1000120e:	4a1a      	ldr	r2, [pc, #104]	@ (10001278 <uart_init+0x104>)
10001210:	4293      	cmp	r3, r2
10001212:	d91c      	bls.n	1000124e <uart_init+0xda>
10001214:	2300      	movs	r3, #0
10001216:	4a19      	ldr	r2, [pc, #100]	@ (1000127c <uart_init+0x108>)
10001218:	4f19      	ldr	r7, [pc, #100]	@ (10001280 <uart_init+0x10c>)
1000121a:	6262      	str	r2, [r4, #36]	@ 0x24
1000121c:	62a3      	str	r3, [r4, #40]	@ 0x28
1000121e:	6b26      	ldr	r6, [r4, #48]	@ 0x30
10001220:	07f3      	lsls	r3, r6, #31
10001222:	d5dc      	bpl.n	100011de <uart_init+0x6a>
10001224:	4a13      	ldr	r2, [pc, #76]	@ (10001274 <uart_init+0x100>)
10001226:	4b17      	ldr	r3, [pc, #92]	@ (10001284 <uart_init+0x110>)
10001228:	2006      	movs	r0, #6
1000122a:	50e2      	str	r2, [r4, r3]
1000122c:	6a65      	ldr	r5, [r4, #36]	@ 0x24
1000122e:	6aa3      	ldr	r3, [r4, #40]	@ 0x28
10001230:	01ad      	lsls	r5, r5, #6
10001232:	18ed      	adds	r5, r5, r3
10001234:	f000 f908 	bl	10001448 <clock_get_hz>
10001238:	4913      	ldr	r1, [pc, #76]	@ (10001288 <uart_init+0x114>)
1000123a:	f000 fb61 	bl	10001900 <__wrap___aeabi_uidiv>
1000123e:	0001      	movs	r1, r0
10001240:	02a8      	lsls	r0, r5, #10
10001242:	f000 fb5d 	bl	10001900 <__wrap___aeabi_uidiv>
10001246:	2100      	movs	r1, #0
10001248:	f7ff ff5e 	bl	10001108 <busy_wait_us>
1000124c:	e7c7      	b.n	100011de <uart_init+0x6a>
1000124e:	0640      	lsls	r0, r0, #25
10001250:	019a      	lsls	r2, r3, #6
10001252:	0e80      	lsrs	r0, r0, #26
10001254:	1817      	adds	r7, r2, r0
10001256:	001a      	movs	r2, r3
10001258:	0003      	movs	r3, r0
1000125a:	e7bb      	b.n	100011d4 <uart_init+0x60>
1000125c:	bffc8000 	.word	0xbffc8000
10001260:	4000c008 	.word	0x4000c008
10001264:	4000e000 	.word	0x4000e000
10001268:	4000f000 	.word	0x4000f000
1000126c:	20001d6c 	.word	0x20001d6c
10001270:	0000102c 	.word	0x0000102c
10001274:	00000301 	.word	0x00000301
10001278:	0000fffe 	.word	0x0000fffe
1000127c:	0000ffff 	.word	0x0000ffff
10001280:	003fffc0 	.word	0x003fffc0
10001284:	00003030 	.word	0x00003030
10001288:	00000e4e 	.word	0x00000e4e

1000128c <clock_configure_int_divider>:
1000128c:	b5f8      	push	{r3, r4, r5, r6, r7, lr}
1000128e:	46de      	mov	lr, fp
10001290:	464e      	mov	r6, r9
10001292:	4645      	mov	r5, r8
10001294:	4657      	mov	r7, sl
10001296:	b5e0      	push	{r5, r6, r7, lr}
10001298:	0005      	movs	r5, r0
1000129a:	468b      	mov	fp, r1
1000129c:	0018      	movs	r0, r3
1000129e:	990a      	ldr	r1, [sp, #40]	@ 0x28
100012a0:	4691      	mov	r9, r2
100012a2:	f000 fb2d 	bl	10001900 <__wrap___aeabi_uidiv>
100012a6:	9b0a      	ldr	r3, [sp, #40]	@ 0x28
100012a8:	006c      	lsls	r4, r5, #1
100012aa:	021e      	lsls	r6, r3, #8
100012ac:	1964      	adds	r4, r4, r5
100012ae:	4b2e      	ldr	r3, [pc, #184]	@ (10001368 <clock_configure_int_divider+0xdc>)
100012b0:	00a4      	lsls	r4, r4, #2
100012b2:	18e4      	adds	r4, r4, r3
100012b4:	6863      	ldr	r3, [r4, #4]
100012b6:	4680      	mov	r8, r0
100012b8:	429e      	cmp	r6, r3
100012ba:	d900      	bls.n	100012be <clock_configure_int_divider+0x32>
100012bc:	6066      	str	r6, [r4, #4]
100012be:	23c0      	movs	r3, #192	@ 0xc0
100012c0:	1f2f      	subs	r7, r5, #4
100012c2:	b2fa      	uxtb	r2, r7
100012c4:	019b      	lsls	r3, r3, #6
100012c6:	4692      	mov	sl, r2
100012c8:	18e3      	adds	r3, r4, r3
100012ca:	2a01      	cmp	r2, #1
100012cc:	d92b      	bls.n	10001326 <clock_configure_int_divider+0x9a>
100012ce:	2280      	movs	r2, #128	@ 0x80
100012d0:	4f26      	ldr	r7, [pc, #152]	@ (1000136c <clock_configure_int_divider+0xe0>)
100012d2:	00ad      	lsls	r5, r5, #2
100012d4:	5979      	ldr	r1, [r7, r5]
100012d6:	0112      	lsls	r2, r2, #4
100012d8:	601a      	str	r2, [r3, #0]
100012da:	2900      	cmp	r1, #0
100012dc:	d11a      	bne.n	10001314 <clock_configure_int_divider+0x88>
100012de:	464b      	mov	r3, r9
100012e0:	6822      	ldr	r2, [r4, #0]
100012e2:	015b      	lsls	r3, r3, #5
100012e4:	4053      	eors	r3, r2
100012e6:	22e0      	movs	r2, #224	@ 0xe0
100012e8:	4013      	ands	r3, r2
100012ea:	2280      	movs	r2, #128	@ 0x80
100012ec:	0152      	lsls	r2, r2, #5
100012ee:	18a2      	adds	r2, r4, r2
100012f0:	6013      	str	r3, [r2, #0]
100012f2:	4653      	mov	r3, sl
100012f4:	2b01      	cmp	r3, #1
100012f6:	d92b      	bls.n	10001350 <clock_configure_int_divider+0xc4>
100012f8:	2380      	movs	r3, #128	@ 0x80
100012fa:	2280      	movs	r2, #128	@ 0x80
100012fc:	019b      	lsls	r3, r3, #6
100012fe:	0112      	lsls	r2, r2, #4
10001300:	50e2      	str	r2, [r4, r3]
10001302:	4643      	mov	r3, r8
10001304:	6066      	str	r6, [r4, #4]
10001306:	517b      	str	r3, [r7, r5]
10001308:	bcf0      	pop	{r4, r5, r6, r7}
1000130a:	46bb      	mov	fp, r7
1000130c:	46b2      	mov	sl, r6
1000130e:	46a9      	mov	r9, r5
10001310:	46a0      	mov	r8, r4
10001312:	bdf8      	pop	{r3, r4, r5, r6, r7, pc}
10001314:	6978      	ldr	r0, [r7, #20]
10001316:	f000 faf3 	bl	10001900 <__wrap___aeabi_uidiv>
1000131a:	3001      	adds	r0, #1
1000131c:	0043      	lsls	r3, r0, #1
1000131e:	181b      	adds	r3, r3, r0
10001320:	3b03      	subs	r3, #3
10001322:	d2fd      	bcs.n	10001320 <clock_configure_int_divider+0x94>
10001324:	e7db      	b.n	100012de <clock_configure_int_divider+0x52>
10001326:	465a      	mov	r2, fp
10001328:	2a01      	cmp	r2, #1
1000132a:	d1d0      	bne.n	100012ce <clock_configure_int_divider+0x42>
1000132c:	3202      	adds	r2, #2
1000132e:	601a      	str	r2, [r3, #0]
10001330:	3a02      	subs	r2, #2
10001332:	68a3      	ldr	r3, [r4, #8]
10001334:	421a      	tst	r2, r3
10001336:	d0fc      	beq.n	10001332 <clock_configure_int_divider+0xa6>
10001338:	464a      	mov	r2, r9
1000133a:	6823      	ldr	r3, [r4, #0]
1000133c:	0152      	lsls	r2, r2, #5
1000133e:	405a      	eors	r2, r3
10001340:	23e0      	movs	r3, #224	@ 0xe0
10001342:	4013      	ands	r3, r2
10001344:	2280      	movs	r2, #128	@ 0x80
10001346:	0152      	lsls	r2, r2, #5
10001348:	18a2      	adds	r2, r4, r2
1000134a:	4f08      	ldr	r7, [pc, #32]	@ (1000136c <clock_configure_int_divider+0xe0>)
1000134c:	6013      	str	r3, [r2, #0]
1000134e:	00ad      	lsls	r5, r5, #2
10001350:	4658      	mov	r0, fp
10001352:	2303      	movs	r3, #3
10001354:	6821      	ldr	r1, [r4, #0]
10001356:	4041      	eors	r1, r0
10001358:	400b      	ands	r3, r1
1000135a:	6013      	str	r3, [r2, #0]
1000135c:	2201      	movs	r2, #1
1000135e:	4082      	lsls	r2, r0
10001360:	68a3      	ldr	r3, [r4, #8]
10001362:	421a      	tst	r2, r3
10001364:	d0fc      	beq.n	10001360 <clock_configure_int_divider+0xd4>
10001366:	e7c7      	b.n	100012f8 <clock_configure_int_divider+0x6c>
10001368:	40008000 	.word	0x40008000
1000136c:	200018d4 	.word	0x200018d4

10001370 <clock_configure_undivided>:
10001370:	b5f0      	push	{r4, r5, r6, r7, lr}
10001372:	46d6      	mov	lr, sl
10001374:	464f      	mov	r7, r9
10001376:	4646      	mov	r6, r8
10001378:	0044      	lsls	r4, r0, #1
1000137a:	4698      	mov	r8, r3
1000137c:	1824      	adds	r4, r4, r0
1000137e:	4b30      	ldr	r3, [pc, #192]	@ (10001440 <clock_configure_undivided+0xd0>)
10001380:	00a4      	lsls	r4, r4, #2
10001382:	18e4      	adds	r4, r4, r3
10001384:	6863      	ldr	r3, [r4, #4]
10001386:	468a      	mov	sl, r1
10001388:	4691      	mov	r9, r2
1000138a:	b5c0      	push	{r6, r7, lr}
1000138c:	2bff      	cmp	r3, #255	@ 0xff
1000138e:	d802      	bhi.n	10001396 <clock_configure_undivided+0x26>
10001390:	2380      	movs	r3, #128	@ 0x80
10001392:	005b      	lsls	r3, r3, #1
10001394:	6063      	str	r3, [r4, #4]
10001396:	23c0      	movs	r3, #192	@ 0xc0
10001398:	1f06      	subs	r6, r0, #4
1000139a:	019b      	lsls	r3, r3, #6
1000139c:	b2f6      	uxtb	r6, r6
1000139e:	18e3      	adds	r3, r4, r3
100013a0:	2e01      	cmp	r6, #1
100013a2:	d92b      	bls.n	100013fc <clock_configure_undivided+0x8c>
100013a4:	2280      	movs	r2, #128	@ 0x80
100013a6:	4f27      	ldr	r7, [pc, #156]	@ (10001444 <clock_configure_undivided+0xd4>)
100013a8:	0085      	lsls	r5, r0, #2
100013aa:	5979      	ldr	r1, [r7, r5]
100013ac:	0112      	lsls	r2, r2, #4
100013ae:	601a      	str	r2, [r3, #0]
100013b0:	2900      	cmp	r1, #0
100013b2:	d11a      	bne.n	100013ea <clock_configure_undivided+0x7a>
100013b4:	464b      	mov	r3, r9
100013b6:	6822      	ldr	r2, [r4, #0]
100013b8:	015b      	lsls	r3, r3, #5
100013ba:	4053      	eors	r3, r2
100013bc:	22e0      	movs	r2, #224	@ 0xe0
100013be:	4013      	ands	r3, r2
100013c0:	2280      	movs	r2, #128	@ 0x80
100013c2:	0152      	lsls	r2, r2, #5
100013c4:	18a2      	adds	r2, r4, r2
100013c6:	6013      	str	r3, [r2, #0]
100013c8:	2e01      	cmp	r6, #1
100013ca:	d92c      	bls.n	10001426 <clock_configure_undivided+0xb6>
100013cc:	2380      	movs	r3, #128	@ 0x80
100013ce:	2280      	movs	r2, #128	@ 0x80
100013d0:	019b      	lsls	r3, r3, #6
100013d2:	0112      	lsls	r2, r2, #4
100013d4:	50e2      	str	r2, [r4, r3]
100013d6:	2380      	movs	r3, #128	@ 0x80
100013d8:	005b      	lsls	r3, r3, #1
100013da:	6063      	str	r3, [r4, #4]
100013dc:	4643      	mov	r3, r8
100013de:	517b      	str	r3, [r7, r5]
100013e0:	bce0      	pop	{r5, r6, r7}
100013e2:	46ba      	mov	sl, r7
100013e4:	46b1      	mov	r9, r6
100013e6:	46a8      	mov	r8, r5
100013e8:	bdf0      	pop	{r4, r5, r6, r7, pc}
100013ea:	6978      	ldr	r0, [r7, #20]
100013ec:	f000 fa88 	bl	10001900 <__wrap___aeabi_uidiv>
100013f0:	3001      	adds	r0, #1
100013f2:	0043      	lsls	r3, r0, #1
100013f4:	181b      	adds	r3, r3, r0
100013f6:	3b03      	subs	r3, #3
100013f8:	d2fd      	bcs.n	100013f6 <clock_configure_undivided+0x86>
100013fa:	e7db      	b.n	100013b4 <clock_configure_undivided+0x44>
100013fc:	4652      	mov	r2, sl
100013fe:	2a01      	cmp	r2, #1
10001400:	d1d0      	bne.n	100013a4 <clock_configure_undivided+0x34>
10001402:	3202      	adds	r2, #2
10001404:	601a      	str	r2, [r3, #0]
10001406:	3a02      	subs	r2, #2
10001408:	68a3      	ldr	r3, [r4, #8]
1000140a:	421a      	tst	r2, r3
1000140c:	d0fc      	beq.n	10001408 <clock_configure_undivided+0x98>
1000140e:	464a      	mov	r2, r9
10001410:	6823      	ldr	r3, [r4, #0]
10001412:	0152      	lsls	r2, r2, #5
10001414:	405a      	eors	r2, r3
10001416:	23e0      	movs	r3, #224	@ 0xe0
10001418:	4013      	ands	r3, r2
1000141a:	2280      	movs	r2, #128	@ 0x80
1000141c:	0152      	lsls	r2, r2, #5
1000141e:	18a2      	adds	r2, r4, r2
10001420:	4f08      	ldr	r7, [pc, #32]	@ (10001444 <clock_configure_undivided+0xd4>)
10001422:	6013      	str	r3, [r2, #0]
10001424:	0085      	lsls	r5, r0, #2
10001426:	4650      	mov	r0, sl
10001428:	2303      	movs	r3, #3
1000142a:	6821      	ldr	r1, [r4, #0]
1000142c:	4041      	eors	r1, r0
1000142e:	400b      	ands	r3, r1
10001430:	6013      	str	r3, [r2, #0]
10001432:	2201      	movs	r2, #1
10001434:	4082      	lsls	r2, r0
10001436:	68a3      	ldr	r3, [r4, #8]
10001438:	421a      	tst	r2, r3
1000143a:	d0fc      	beq.n	10001436 <clock_configure_undivided+0xc6>
1000143c:	e7c6      	b.n	100013cc <clock_configure_undivided+0x5c>
1000143e:	46c0      	nop			@ (mov r8, r8)
10001440:	40008000 	.word	0x40008000
10001444:	200018d4 	.word	0x200018d4

10001448 <clock_get_hz>:
10001448:	4b01      	ldr	r3, [pc, #4]	@ (10001450 <clock_get_hz+0x8>)
1000144a:	0080      	lsls	r0, r0, #2
1000144c:	58c0      	ldr	r0, [r0, r3]
1000144e:	4770      	bx	lr
10001450:	200018d4 	.word	0x200018d4

10001454 <pll_init>:
10001454:	b5f0      	push	{r4, r5, r6, r7, lr}
10001456:	46c6      	mov	lr, r8
10001458:	0004      	movs	r4, r0
1000145a:	b500      	push	{lr}
1000145c:	4822      	ldr	r0, [pc, #136]	@ (100014e8 <pll_init+0x94>)
1000145e:	4690      	mov	r8, r2
10001460:	001e      	movs	r6, r3
10001462:	000d      	movs	r5, r1
10001464:	f000 fa4c 	bl	10001900 <__wrap___aeabi_uidiv>
10001468:	0001      	movs	r1, r0
1000146a:	4640      	mov	r0, r8
1000146c:	f000 fa48 	bl	10001900 <__wrap___aeabi_uidiv>
10001470:	9b06      	ldr	r3, [sp, #24]
10001472:	4684      	mov	ip, r0
10001474:	031a      	lsls	r2, r3, #12
10001476:	6823      	ldr	r3, [r4, #0]
10001478:	0430      	lsls	r0, r6, #16
1000147a:	4310      	orrs	r0, r2
1000147c:	2b00      	cmp	r3, #0
1000147e:	db22      	blt.n	100014c6 <pll_init+0x72>
10001480:	4b1a      	ldr	r3, [pc, #104]	@ (100014ec <pll_init+0x98>)
10001482:	18e2      	adds	r2, r4, r3
10001484:	1e53      	subs	r3, r2, #1
10001486:	419a      	sbcs	r2, r3
10001488:	2380      	movs	r3, #128	@ 0x80
1000148a:	4252      	negs	r2, r2
1000148c:	0b12      	lsrs	r2, r2, #12
1000148e:	019b      	lsls	r3, r3, #6
10001490:	0312      	lsls	r2, r2, #12
10001492:	18d2      	adds	r2, r2, r3
10001494:	4b16      	ldr	r3, [pc, #88]	@ (100014f0 <pll_init+0x9c>)
10001496:	601a      	str	r2, [r3, #0]
10001498:	4b16      	ldr	r3, [pc, #88]	@ (100014f4 <pll_init+0xa0>)
1000149a:	601a      	str	r2, [r3, #0]
1000149c:	4b16      	ldr	r3, [pc, #88]	@ (100014f8 <pll_init+0xa4>)
1000149e:	0016      	movs	r6, r2
100014a0:	6819      	ldr	r1, [r3, #0]
100014a2:	438e      	bics	r6, r1
100014a4:	d1fb      	bne.n	1000149e <pll_init+0x4a>
100014a6:	4663      	mov	r3, ip
100014a8:	2221      	movs	r2, #33	@ 0x21
100014aa:	6025      	str	r5, [r4, #0]
100014ac:	60a3      	str	r3, [r4, #8]
100014ae:	4b13      	ldr	r3, [pc, #76]	@ (100014fc <pll_init+0xa8>)
100014b0:	18e3      	adds	r3, r4, r3
100014b2:	601a      	str	r2, [r3, #0]
100014b4:	6822      	ldr	r2, [r4, #0]
100014b6:	2a00      	cmp	r2, #0
100014b8:	dafc      	bge.n	100014b4 <pll_init+0x60>
100014ba:	2208      	movs	r2, #8
100014bc:	60e0      	str	r0, [r4, #12]
100014be:	601a      	str	r2, [r3, #0]
100014c0:	bc80      	pop	{r7}
100014c2:	46b8      	mov	r8, r7
100014c4:	bdf0      	pop	{r4, r5, r6, r7, pc}
100014c6:	233f      	movs	r3, #63	@ 0x3f
100014c8:	6822      	ldr	r2, [r4, #0]
100014ca:	4013      	ands	r3, r2
100014cc:	42ab      	cmp	r3, r5
100014ce:	d1d7      	bne.n	10001480 <pll_init+0x2c>
100014d0:	68a3      	ldr	r3, [r4, #8]
100014d2:	051b      	lsls	r3, r3, #20
100014d4:	0d1b      	lsrs	r3, r3, #20
100014d6:	4563      	cmp	r3, ip
100014d8:	d1d2      	bne.n	10001480 <pll_init+0x2c>
100014da:	22ee      	movs	r2, #238	@ 0xee
100014dc:	68e3      	ldr	r3, [r4, #12]
100014de:	02d2      	lsls	r2, r2, #11
100014e0:	4013      	ands	r3, r2
100014e2:	4283      	cmp	r3, r0
100014e4:	d1cc      	bne.n	10001480 <pll_init+0x2c>
100014e6:	e7eb      	b.n	100014c0 <pll_init+0x6c>
100014e8:	00b71b00 	.word	0x00b71b00
100014ec:	bffd4000 	.word	0xbffd4000
100014f0:	4000e000 	.word	0x4000e000
100014f4:	4000f000 	.word	0x4000f000
100014f8:	4000c008 	.word	0x4000c008
100014fc:	00003004 	.word	0x00003004

10001500 <watchdog_reboot>:
10001500:	468c      	mov	ip, r1
10001502:	2180      	movs	r1, #128	@ 0x80
10001504:	4b1b      	ldr	r3, [pc, #108]	@ (10001574 <watchdog_reboot+0x74>)
10001506:	05c9      	lsls	r1, r1, #23
10001508:	6019      	str	r1, [r3, #0]
1000150a:	2800      	cmp	r0, #0
1000150c:	d01b      	beq.n	10001546 <watchdog_reboot+0x46>
1000150e:	2301      	movs	r3, #1
10001510:	4919      	ldr	r1, [pc, #100]	@ (10001578 <watchdog_reboot+0x78>)
10001512:	4318      	orrs	r0, r3
10001514:	4b19      	ldr	r3, [pc, #100]	@ (1000157c <watchdog_reboot+0x7c>)
10001516:	61d9      	str	r1, [r3, #28]
10001518:	4919      	ldr	r1, [pc, #100]	@ (10001580 <watchdog_reboot+0x80>)
1000151a:	4041      	eors	r1, r0
1000151c:	6219      	str	r1, [r3, #32]
1000151e:	4661      	mov	r1, ip
10001520:	6259      	str	r1, [r3, #36]	@ 0x24
10001522:	6298      	str	r0, [r3, #40]	@ 0x28
10001524:	2180      	movs	r1, #128	@ 0x80
10001526:	4b13      	ldr	r3, [pc, #76]	@ (10001574 <watchdog_reboot+0x74>)
10001528:	05c9      	lsls	r1, r1, #23
1000152a:	6019      	str	r1, [r3, #0]
1000152c:	4815      	ldr	r0, [pc, #84]	@ (10001584 <watchdog_reboot+0x84>)
1000152e:	4916      	ldr	r1, [pc, #88]	@ (10001588 <watchdog_reboot+0x88>)
10001530:	6008      	str	r0, [r1, #0]
10001532:	21e0      	movs	r1, #224	@ 0xe0
10001534:	04c9      	lsls	r1, r1, #19
10001536:	6019      	str	r1, [r3, #0]
10001538:	2a00      	cmp	r2, #0
1000153a:	d107      	bne.n	1000154c <watchdog_reboot+0x4c>
1000153c:	2280      	movs	r2, #128	@ 0x80
1000153e:	4b13      	ldr	r3, [pc, #76]	@ (1000158c <watchdog_reboot+0x8c>)
10001540:	0612      	lsls	r2, r2, #24
10001542:	601a      	str	r2, [r3, #0]
10001544:	4770      	bx	lr
10001546:	4b0d      	ldr	r3, [pc, #52]	@ (1000157c <watchdog_reboot+0x7c>)
10001548:	61d8      	str	r0, [r3, #28]
1000154a:	e7eb      	b.n	10001524 <watchdog_reboot+0x24>
1000154c:	0153      	lsls	r3, r2, #5
1000154e:	1a9b      	subs	r3, r3, r2
10001550:	009b      	lsls	r3, r3, #2
10001552:	189a      	adds	r2, r3, r2
10001554:	4b0e      	ldr	r3, [pc, #56]	@ (10001590 <watchdog_reboot+0x90>)
10001556:	0112      	lsls	r2, r2, #4
10001558:	429a      	cmp	r2, r3
1000155a:	d809      	bhi.n	10001570 <watchdog_reboot+0x70>
1000155c:	0013      	movs	r3, r2
1000155e:	490d      	ldr	r1, [pc, #52]	@ (10001594 <watchdog_reboot+0x94>)
10001560:	600b      	str	r3, [r1, #0]
10001562:	4b06      	ldr	r3, [pc, #24]	@ (1000157c <watchdog_reboot+0x7c>)
10001564:	605a      	str	r2, [r3, #4]
10001566:	2280      	movs	r2, #128	@ 0x80
10001568:	4b08      	ldr	r3, [pc, #32]	@ (1000158c <watchdog_reboot+0x8c>)
1000156a:	05d2      	lsls	r2, r2, #23
1000156c:	601a      	str	r2, [r3, #0]
1000156e:	e7e9      	b.n	10001544 <watchdog_reboot+0x44>
10001570:	001a      	movs	r2, r3
10001572:	e7f4      	b.n	1000155e <watchdog_reboot+0x5e>
10001574:	4005b000 	.word	0x4005b000
10001578:	b007c0d3 	.word	0xb007c0d3
1000157c:	40058000 	.word	0x40058000
10001580:	4ff83f2d 	.word	0x4ff83f2d
10001584:	0001fffc 	.word	0x0001fffc
10001588:	40012008 	.word	0x40012008
1000158c:	4005a000 	.word	0x4005a000
10001590:	00ffffff 	.word	0x00ffffff
10001594:	20001d34 	.word	0x20001d34

10001598 <tick_start>:
10001598:	2380      	movs	r3, #128	@ 0x80
1000159a:	4a02      	ldr	r2, [pc, #8]	@ (100015a4 <tick_start+0xc>)
1000159c:	009b      	lsls	r3, r3, #2
1000159e:	430b      	orrs	r3, r1
100015a0:	62d3      	str	r3, [r2, #44]	@ 0x2c
100015a2:	4770      	bx	lr
100015a4:	40058000 	.word	0x40058000

100015a8 <rom_func_lookup>:
100015a8:	2300      	movs	r3, #0
100015aa:	b510      	push	{r4, lr}
100015ac:	0001      	movs	r1, r0
100015ae:	8a98      	ldrh	r0, [r3, #20]
100015b0:	8b1b      	ldrh	r3, [r3, #24]
100015b2:	4798      	blx	r3
100015b4:	bd10      	pop	{r4, pc}
100015b6:	46c0      	nop			@ (mov r8, r8)

100015b8 <rom_data_lookup>:
100015b8:	2300      	movs	r3, #0
100015ba:	b510      	push	{r4, lr}
100015bc:	0001      	movs	r1, r0
100015be:	8ad8      	ldrh	r0, [r3, #22]
100015c0:	8b1b      	ldrh	r3, [r3, #24]
100015c2:	4798      	blx	r3
100015c4:	bd10      	pop	{r4, pc}
100015c6:	46c0      	nop			@ (mov r8, r8)

100015c8 <rom_funcs_lookup>:
100015c8:	b5f8      	push	{r3, r4, r5, r6, r7, lr}
100015ca:	4647      	mov	r7, r8
100015cc:	46ce      	mov	lr, r9
100015ce:	b580      	push	{r7, lr}
100015d0:	1e0f      	subs	r7, r1, #0
100015d2:	d018      	beq.n	10001606 <rom_funcs_lookup+0x3e>
100015d4:	2314      	movs	r3, #20
100015d6:	4699      	mov	r9, r3
100015d8:	3304      	adds	r3, #4
100015da:	0004      	movs	r4, r0
100015dc:	2500      	movs	r5, #0
100015de:	2601      	movs	r6, #1
100015e0:	4698      	mov	r8, r3
100015e2:	464b      	mov	r3, r9
100015e4:	8818      	ldrh	r0, [r3, #0]
100015e6:	4643      	mov	r3, r8
100015e8:	6821      	ldr	r1, [r4, #0]
100015ea:	881b      	ldrh	r3, [r3, #0]
100015ec:	4798      	blx	r3
100015ee:	c401      	stmia	r4!, {r0}
100015f0:	1e43      	subs	r3, r0, #1
100015f2:	4198      	sbcs	r0, r3
100015f4:	3501      	adds	r5, #1
100015f6:	4006      	ands	r6, r0
100015f8:	42af      	cmp	r7, r5
100015fa:	d1f2      	bne.n	100015e2 <rom_funcs_lookup+0x1a>
100015fc:	0030      	movs	r0, r6
100015fe:	bcc0      	pop	{r6, r7}
10001600:	46b9      	mov	r9, r7
10001602:	46b0      	mov	r8, r6
10001604:	bdf8      	pop	{r3, r4, r5, r6, r7, pc}
10001606:	2601      	movs	r6, #1
10001608:	e7f8      	b.n	100015fc <rom_funcs_lookup+0x34>
1000160a:	46c0      	nop			@ (mov r8, r8)

1000160c <rom_reset_usb_boot_extra>:
1000160c:	2300      	movs	r3, #0
1000160e:	b570      	push	{r4, r5, r6, lr}
10001610:	0004      	movs	r4, r0
10001612:	000d      	movs	r5, r1
10001614:	8a98      	ldrh	r0, [r3, #20]
10001616:	4905      	ldr	r1, [pc, #20]	@ (1000162c <rom_reset_usb_boot_extra+0x20>)
10001618:	8b1b      	ldrh	r3, [r3, #24]
1000161a:	4798      	blx	r3
1000161c:	0003      	movs	r3, r0
1000161e:	2000      	movs	r0, #0
10001620:	2c00      	cmp	r4, #0
10001622:	db01      	blt.n	10001628 <rom_reset_usb_boot_extra+0x1c>
10001624:	3001      	adds	r0, #1
10001626:	40a0      	lsls	r0, r4
10001628:	0029      	movs	r1, r5
1000162a:	4798      	blx	r3
1000162c:	00004255 	.word	0x00004255

10001630 <xosc_init>:
10001630:	23aa      	movs	r3, #170	@ 0xaa
10001632:	4a06      	ldr	r2, [pc, #24]	@ (1000164c <xosc_init+0x1c>)
10001634:	011b      	lsls	r3, r3, #4
10001636:	6013      	str	r3, [r2, #0]
10001638:	238d      	movs	r3, #141	@ 0x8d
1000163a:	005b      	lsls	r3, r3, #1
1000163c:	60d3      	str	r3, [r2, #12]
1000163e:	4904      	ldr	r1, [pc, #16]	@ (10001650 <xosc_init+0x20>)
10001640:	4b04      	ldr	r3, [pc, #16]	@ (10001654 <xosc_init+0x24>)
10001642:	6019      	str	r1, [r3, #0]
10001644:	6853      	ldr	r3, [r2, #4]
10001646:	2b00      	cmp	r3, #0
10001648:	dafc      	bge.n	10001644 <xosc_init+0x14>
1000164a:	4770      	bx	lr
1000164c:	40024000 	.word	0x40024000
10001650:	00fab000 	.word	0x00fab000
10001654:	40026000 	.word	0x40026000

10001658 <first_per_core_initializer>:
10001658:	4770      	bx	lr
1000165a:	46c0      	nop			@ (mov r8, r8)

1000165c <hard_assertion_failure>:
1000165c:	b510      	push	{r4, lr}
1000165e:	4801      	ldr	r0, [pc, #4]	@ (10001664 <hard_assertion_failure+0x8>)
10001660:	f7fe fed0 	bl	10000404 <panic>
10001664:	1000678c 	.word	0x1000678c

10001668 <runtime_run_initializers>:
10001668:	b570      	push	{r4, r5, r6, lr}
1000166a:	4d07      	ldr	r5, [pc, #28]	@ (10001688 <runtime_run_initializers+0x20>)
1000166c:	4e07      	ldr	r6, [pc, #28]	@ (1000168c <runtime_run_initializers+0x24>)
1000166e:	42b5      	cmp	r5, r6
10001670:	d209      	bcs.n	10001686 <runtime_run_initializers+0x1e>
10001672:	2400      	movs	r4, #0
10001674:	3e01      	subs	r6, #1
10001676:	1b76      	subs	r6, r6, r5
10001678:	08b6      	lsrs	r6, r6, #2
1000167a:	3601      	adds	r6, #1
1000167c:	cd08      	ldmia	r5!, {r3}
1000167e:	3401      	adds	r4, #1
10001680:	4798      	blx	r3
10001682:	42b4      	cmp	r4, r6
10001684:	d1fa      	bne.n	1000167c <runtime_run_initializers+0x14>
10001686:	bd70      	pop	{r4, r5, r6, pc}
10001688:	100066d8 	.word	0x100066d8
1000168c:	10006714 	.word	0x10006714

10001690 <runtime_init_early_resets>:
10001690:	4b05      	ldr	r3, [pc, #20]	@ (100016a8 <runtime_init_early_resets+0x18>)
10001692:	4a06      	ldr	r2, [pc, #24]	@ (100016ac <runtime_init_early_resets+0x1c>)
10001694:	4906      	ldr	r1, [pc, #24]	@ (100016b0 <runtime_init_early_resets+0x20>)
10001696:	601a      	str	r2, [r3, #0]
10001698:	4a06      	ldr	r2, [pc, #24]	@ (100016b4 <runtime_init_early_resets+0x24>)
1000169a:	4b07      	ldr	r3, [pc, #28]	@ (100016b8 <runtime_init_early_resets+0x28>)
1000169c:	601a      	str	r2, [r3, #0]
1000169e:	0010      	movs	r0, r2
100016a0:	680b      	ldr	r3, [r1, #0]
100016a2:	4398      	bics	r0, r3
100016a4:	d1fb      	bne.n	1000169e <runtime_init_early_resets+0xe>
100016a6:	4770      	bx	lr
100016a8:	4000e000 	.word	0x4000e000
100016ac:	fefbcdbf 	.word	0xfefbcdbf
100016b0:	4000c008 	.word	0x4000c008
100016b4:	003c7ffe 	.word	0x003c7ffe
100016b8:	4000f000 	.word	0x4000f000

100016bc <runtime_init_usb_power_down>:
100016bc:	4b04      	ldr	r3, [pc, #16]	@ (100016d0 <runtime_init_usb_power_down+0x14>)
100016be:	6cdb      	ldr	r3, [r3, #76]	@ 0x4c
100016c0:	2b00      	cmp	r3, #0
100016c2:	d103      	bne.n	100016cc <runtime_init_usb_power_down+0x10>
100016c4:	2280      	movs	r2, #128	@ 0x80
100016c6:	4b03      	ldr	r3, [pc, #12]	@ (100016d4 <runtime_init_usb_power_down+0x18>)
100016c8:	02d2      	lsls	r2, r2, #11
100016ca:	601a      	str	r2, [r3, #0]
100016cc:	4770      	bx	lr
100016ce:	46c0      	nop			@ (mov r8, r8)
100016d0:	50110000 	.word	0x50110000
100016d4:	5011204c 	.word	0x5011204c

100016d8 <runtime_init_post_clock_resets>:
100016d8:	4a04      	ldr	r2, [pc, #16]	@ (100016ec <runtime_init_post_clock_resets+0x14>)
100016da:	4b05      	ldr	r3, [pc, #20]	@ (100016f0 <runtime_init_post_clock_resets+0x18>)
100016dc:	601a      	str	r2, [r3, #0]
100016de:	4a05      	ldr	r2, [pc, #20]	@ (100016f4 <runtime_init_post_clock_resets+0x1c>)
100016e0:	6813      	ldr	r3, [r2, #0]
100016e2:	01db      	lsls	r3, r3, #7
100016e4:	3380      	adds	r3, #128	@ 0x80
100016e6:	d1fb      	bne.n	100016e0 <runtime_init_post_clock_resets+0x8>
100016e8:	4770      	bx	lr
100016ea:	46c0      	nop			@ (mov r8, r8)
100016ec:	01ffffff 	.word	0x01ffffff
100016f0:	4000f000 	.word	0x4000f000
100016f4:	4000c008 	.word	0x4000c008

100016f8 <runtime_init_rp2040_gpio_ie_disable>:
100016f8:	2240      	movs	r2, #64	@ 0x40
100016fa:	4b03      	ldr	r3, [pc, #12]	@ (10001708 <runtime_init_rp2040_gpio_ie_disable+0x10>)
100016fc:	679a      	str	r2, [r3, #120]	@ 0x78
100016fe:	675a      	str	r2, [r3, #116]	@ 0x74
10001700:	671a      	str	r2, [r3, #112]	@ 0x70
10001702:	66da      	str	r2, [r3, #108]	@ 0x6c
10001704:	4770      	bx	lr
10001706:	46c0      	nop			@ (mov r8, r8)
10001708:	4001f000 	.word	0x4001f000

1000170c <runtime_init_spin_locks_reset>:
1000170c:	b510      	push	{r4, lr}
1000170e:	f7fe ff19 	bl	10000544 <spin_locks_reset>
10001712:	bd10      	pop	{r4, pc}

10001714 <runtime_init_install_ram_vector_table>:
10001714:	b570      	push	{r4, r5, r6, lr}
10001716:	4927      	ldr	r1, [pc, #156]	@ (100017b4 <runtime_init_install_ram_vector_table+0xa0>)
10001718:	4d27      	ldr	r5, [pc, #156]	@ (100017b8 <runtime_init_install_ram_vector_table+0xa4>)
1000171a:	4e28      	ldr	r6, [pc, #160]	@ (100017bc <runtime_init_install_ram_vector_table+0xa8>)
1000171c:	1a6d      	subs	r5, r5, r1
1000171e:	08ac      	lsrs	r4, r5, #2
10001720:	0022      	movs	r2, r4
10001722:	2c30      	cmp	r4, #48	@ 0x30
10001724:	d900      	bls.n	10001728 <runtime_init_install_ram_vector_table+0x14>
10001726:	2230      	movs	r2, #48	@ 0x30
10001728:	0030      	movs	r0, r6
1000172a:	0092      	lsls	r2, r2, #2
1000172c:	f000 ff7e 	bl	1000262c <__wrap___aeabi_memcpy>
10001730:	2c2f      	cmp	r4, #47	@ 0x2f
10001732:	d83c      	bhi.n	100017ae <runtime_init_install_ram_vector_table+0x9a>
10001734:	0023      	movs	r3, r4
10001736:	3b2a      	subs	r3, #42	@ 0x2a
10001738:	4a21      	ldr	r2, [pc, #132]	@ (100017c0 <runtime_init_install_ram_vector_table+0xac>)
1000173a:	2b05      	cmp	r3, #5
1000173c:	d91c      	bls.n	10001778 <runtime_init_install_ram_vector_table+0x64>
1000173e:	2030      	movs	r0, #48	@ 0x30
10001740:	1975      	adds	r5, r6, r5
10001742:	076d      	lsls	r5, r5, #29
10001744:	46a4      	mov	ip, r4
10001746:	1b00      	subs	r0, r0, r4
10001748:	0feb      	lsrs	r3, r5, #31
1000174a:	2d00      	cmp	r5, #0
1000174c:	da03      	bge.n	10001756 <runtime_init_install_ram_vector_table+0x42>
1000174e:	00a1      	lsls	r1, r4, #2
10001750:	5072      	str	r2, [r6, r1]
10001752:	1c61      	adds	r1, r4, #1
10001754:	468c      	mov	ip, r1
10001756:	1ac0      	subs	r0, r0, r3
10001758:	18e3      	adds	r3, r4, r3
1000175a:	0845      	lsrs	r5, r0, #1
1000175c:	009b      	lsls	r3, r3, #2
1000175e:	18f3      	adds	r3, r6, r3
10001760:	00e9      	lsls	r1, r5, #3
10001762:	18c9      	adds	r1, r1, r3
10001764:	601a      	str	r2, [r3, #0]
10001766:	605a      	str	r2, [r3, #4]
10001768:	3308      	adds	r3, #8
1000176a:	428b      	cmp	r3, r1
1000176c:	d1fa      	bne.n	10001764 <runtime_init_install_ram_vector_table+0x50>
1000176e:	006d      	lsls	r5, r5, #1
10001770:	42a8      	cmp	r0, r5
10001772:	d01c      	beq.n	100017ae <runtime_init_install_ram_vector_table+0x9a>
10001774:	002c      	movs	r4, r5
10001776:	4464      	add	r4, ip
10001778:	00a3      	lsls	r3, r4, #2
1000177a:	50f2      	str	r2, [r6, r3]
1000177c:	1c63      	adds	r3, r4, #1
1000177e:	2c2f      	cmp	r4, #47	@ 0x2f
10001780:	d015      	beq.n	100017ae <runtime_init_install_ram_vector_table+0x9a>
10001782:	009b      	lsls	r3, r3, #2
10001784:	50f2      	str	r2, [r6, r3]
10001786:	1ca3      	adds	r3, r4, #2
10001788:	2c2e      	cmp	r4, #46	@ 0x2e
1000178a:	d010      	beq.n	100017ae <runtime_init_install_ram_vector_table+0x9a>
1000178c:	009b      	lsls	r3, r3, #2
1000178e:	50f2      	str	r2, [r6, r3]
10001790:	1ce3      	adds	r3, r4, #3
10001792:	2c2d      	cmp	r4, #45	@ 0x2d
10001794:	d00b      	beq.n	100017ae <runtime_init_install_ram_vector_table+0x9a>
10001796:	009b      	lsls	r3, r3, #2
10001798:	50f2      	str	r2, [r6, r3]
1000179a:	1d23      	adds	r3, r4, #4
1000179c:	2c2c      	cmp	r4, #44	@ 0x2c
1000179e:	d006      	beq.n	100017ae <runtime_init_install_ram_vector_table+0x9a>
100017a0:	009b      	lsls	r3, r3, #2
100017a2:	50f2      	str	r2, [r6, r3]
100017a4:	1d63      	adds	r3, r4, #5
100017a6:	2c2b      	cmp	r4, #43	@ 0x2b
100017a8:	d001      	beq.n	100017ae <runtime_init_install_ram_vector_table+0x9a>
100017aa:	009b      	lsls	r3, r3, #2
100017ac:	50f2      	str	r2, [r6, r3]
100017ae:	4b05      	ldr	r3, [pc, #20]	@ (100017c4 <runtime_init_install_ram_vector_table+0xb0>)
100017b0:	609e      	str	r6, [r3, #8]
100017b2:	bd70      	pop	{r4, r5, r6, pc}
100017b4:	10000100 	.word	0x10000100
100017b8:	100001c0 	.word	0x100001c0
100017bc:	20000000 	.word	0x20000000
100017c0:	100001c1 	.word	0x100001c1
100017c4:	e000ed00 	.word	0xe000ed00

100017c8 <runtime_init_clocks>:
100017c8:	2300      	movs	r3, #0
100017ca:	b510      	push	{r4, lr}
100017cc:	4c29      	ldr	r4, [pc, #164]	@ (10001874 <runtime_init_clocks+0xac>)
100017ce:	b082      	sub	sp, #8
100017d0:	67a3      	str	r3, [r4, #120]	@ 0x78
100017d2:	f7ff ff2d 	bl	10001630 <xosc_init>
100017d6:	2201      	movs	r2, #1
100017d8:	4b27      	ldr	r3, [pc, #156]	@ (10001878 <runtime_init_clocks+0xb0>)
100017da:	601a      	str	r2, [r3, #0]
100017dc:	6c63      	ldr	r3, [r4, #68]	@ 0x44
100017de:	2b01      	cmp	r3, #1
100017e0:	d1fc      	bne.n	100017dc <runtime_init_clocks+0x14>
100017e2:	2203      	movs	r2, #3
100017e4:	4b25      	ldr	r3, [pc, #148]	@ (1000187c <runtime_init_clocks+0xb4>)
100017e6:	601a      	str	r2, [r3, #0]
100017e8:	4a22      	ldr	r2, [pc, #136]	@ (10001874 <runtime_init_clocks+0xac>)
100017ea:	6b93      	ldr	r3, [r2, #56]	@ 0x38
100017ec:	2b01      	cmp	r3, #1
100017ee:	d1fc      	bne.n	100017ea <runtime_init_clocks+0x22>
100017f0:	3301      	adds	r3, #1
100017f2:	9300      	str	r3, [sp, #0]
100017f4:	2101      	movs	r1, #1
100017f6:	4a22      	ldr	r2, [pc, #136]	@ (10001880 <runtime_init_clocks+0xb8>)
100017f8:	4822      	ldr	r0, [pc, #136]	@ (10001884 <runtime_init_clocks+0xbc>)
100017fa:	3304      	adds	r3, #4
100017fc:	f7ff fe2a 	bl	10001454 <pll_init>
10001800:	2305      	movs	r3, #5
10001802:	2101      	movs	r1, #1
10001804:	9300      	str	r3, [sp, #0]
10001806:	4a20      	ldr	r2, [pc, #128]	@ (10001888 <runtime_init_clocks+0xc0>)
10001808:	4820      	ldr	r0, [pc, #128]	@ (1000188c <runtime_init_clocks+0xc4>)
1000180a:	f7ff fe23 	bl	10001454 <pll_init>
1000180e:	2200      	movs	r2, #0
10001810:	2102      	movs	r1, #2
10001812:	2004      	movs	r0, #4
10001814:	4b1e      	ldr	r3, [pc, #120]	@ (10001890 <runtime_init_clocks+0xc8>)
10001816:	f7ff fdab 	bl	10001370 <clock_configure_undivided>
1000181a:	2200      	movs	r2, #0
1000181c:	2101      	movs	r1, #1
1000181e:	2005      	movs	r0, #5
10001820:	4b1c      	ldr	r3, [pc, #112]	@ (10001894 <runtime_init_clocks+0xcc>)
10001822:	f7ff fda5 	bl	10001370 <clock_configure_undivided>
10001826:	2200      	movs	r2, #0
10001828:	2100      	movs	r1, #0
1000182a:	2007      	movs	r0, #7
1000182c:	4b1a      	ldr	r3, [pc, #104]	@ (10001898 <runtime_init_clocks+0xd0>)
1000182e:	f7ff fd9f 	bl	10001370 <clock_configure_undivided>
10001832:	2200      	movs	r2, #0
10001834:	2100      	movs	r1, #0
10001836:	2008      	movs	r0, #8
10001838:	4b17      	ldr	r3, [pc, #92]	@ (10001898 <runtime_init_clocks+0xd0>)
1000183a:	f7ff fd99 	bl	10001370 <clock_configure_undivided>
1000183e:	2380      	movs	r3, #128	@ 0x80
10001840:	00db      	lsls	r3, r3, #3
10001842:	9300      	str	r3, [sp, #0]
10001844:	2200      	movs	r2, #0
10001846:	2100      	movs	r1, #0
10001848:	2009      	movs	r0, #9
1000184a:	4b13      	ldr	r3, [pc, #76]	@ (10001898 <runtime_init_clocks+0xd0>)
1000184c:	f7ff fd1e 	bl	1000128c <clock_configure_int_divider>
10001850:	2200      	movs	r2, #0
10001852:	4b10      	ldr	r3, [pc, #64]	@ (10001894 <runtime_init_clocks+0xcc>)
10001854:	2100      	movs	r1, #0
10001856:	2006      	movs	r0, #6
10001858:	f7ff fd8a 	bl	10001370 <clock_configure_undivided>
1000185c:	2004      	movs	r0, #4
1000185e:	f7ff fdf3 	bl	10001448 <clock_get_hz>
10001862:	490e      	ldr	r1, [pc, #56]	@ (1000189c <runtime_init_clocks+0xd4>)
10001864:	f000 f84c 	bl	10001900 <__wrap___aeabi_uidiv>
10001868:	0001      	movs	r1, r0
1000186a:	2000      	movs	r0, #0
1000186c:	f7ff fe94 	bl	10001598 <tick_start>
10001870:	b002      	add	sp, #8
10001872:	bd10      	pop	{r4, pc}
10001874:	40008000 	.word	0x40008000
10001878:	4000b03c 	.word	0x4000b03c
1000187c:	4000b030 	.word	0x4000b030
10001880:	59682f00 	.word	0x59682f00
10001884:	40028000 	.word	0x40028000
10001888:	47868c00 	.word	0x47868c00
1000188c:	4002c000 	.word	0x4002c000
10001890:	00b71b00 	.word	0x00b71b00
10001894:	07735940 	.word	0x07735940
10001898:	02dc6c00 	.word	0x02dc6c00
1000189c:	000f4240 	.word	0x000f4240

100018a0 <__aeabi_bits_init>:
100018a0:	4801      	ldr	r0, [pc, #4]	@ (100018a8 <__aeabi_bits_init+0x8>)
100018a2:	2104      	movs	r1, #4
100018a4:	4b01      	ldr	r3, [pc, #4]	@ (100018ac <__aeabi_bits_init+0xc>)
100018a6:	4718      	bx	r3
100018a8:	20001110 	.word	0x20001110
100018ac:	100015c9 	.word	0x100015c9

100018b0 <__wrap___aeabi_idiv>:
100018b0:	4a12      	ldr	r2, [pc, #72]	@ (100018fc <divmod_s32s32_savestate+0x18>)
100018b2:	6f93      	ldr	r3, [r2, #120]	@ 0x78
100018b4:	089b      	lsrs	r3, r3, #2
100018b6:	d215      	bcs.n	100018e4 <divmod_s32s32_savestate>

100018b8 <divmod_s32s32_core>:
100018b8:	6690      	str	r0, [r2, #104]	@ 0x68
100018ba:	66d1      	str	r1, [r2, #108]	@ 0x6c
100018bc:	2900      	cmp	r1, #0
100018be:	d005      	beq.n	100018cc <divmod_s32s32_core+0x14>
100018c0:	e7ff      	b.n	100018c2 <divmod_s32s32_core+0xa>
100018c2:	e7ff      	b.n	100018c4 <divmod_s32s32_core+0xc>
100018c4:	e7ff      	b.n	100018c6 <divmod_s32s32_core+0xe>
100018c6:	6f51      	ldr	r1, [r2, #116]	@ 0x74
100018c8:	6f10      	ldr	r0, [r2, #112]	@ 0x70
100018ca:	4770      	bx	lr
100018cc:	b504      	push	{r2, lr}
100018ce:	2180      	movs	r1, #128	@ 0x80
100018d0:	0609      	lsls	r1, r1, #24
100018d2:	17c2      	asrs	r2, r0, #31
100018d4:	4051      	eors	r1, r2
100018d6:	2800      	cmp	r0, #0
100018d8:	d000      	beq.n	100018dc <divmod_s32s32_core+0x24>
100018da:	43c8      	mvns	r0, r1
100018dc:	f004 fec4 	bl	10006668 <____aeabi_idiv0_veneer>
100018e0:	2100      	movs	r1, #0
100018e2:	bd04      	pop	{r2, pc}

100018e4 <divmod_s32s32_savestate>:
100018e4:	b5f0      	push	{r4, r5, r6, r7, lr}
100018e6:	6e14      	ldr	r4, [r2, #96]	@ 0x60
100018e8:	6e55      	ldr	r5, [r2, #100]	@ 0x64
100018ea:	6f57      	ldr	r7, [r2, #116]	@ 0x74
100018ec:	6f16      	ldr	r6, [r2, #112]	@ 0x70
100018ee:	f7ff ffe3 	bl	100018b8 <divmod_s32s32_core>
100018f2:	6614      	str	r4, [r2, #96]	@ 0x60
100018f4:	6655      	str	r5, [r2, #100]	@ 0x64
100018f6:	6757      	str	r7, [r2, #116]	@ 0x74
100018f8:	6716      	str	r6, [r2, #112]	@ 0x70
100018fa:	bdf0      	pop	{r4, r5, r6, r7, pc}
100018fc:	d0000000 	.word	0xd0000000

10001900 <__wrap___aeabi_uidiv>:
10001900:	4a11      	ldr	r2, [pc, #68]	@ (10001948 <divmod_u32u32_savestate+0x18>)
10001902:	6f93      	ldr	r3, [r2, #120]	@ 0x78
10001904:	089b      	lsrs	r3, r3, #2
10001906:	d213      	bcs.n	10001930 <divmod_u32u32_savestate>

10001908 <divmod_u32u32_core>:
10001908:	6610      	str	r0, [r2, #96]	@ 0x60
1000190a:	6651      	str	r1, [r2, #100]	@ 0x64
1000190c:	2900      	cmp	r1, #0
1000190e:	d005      	beq.n	1000191c <divmod_u32u32_core+0x14>
10001910:	e7ff      	b.n	10001912 <divmod_u32u32_core+0xa>
10001912:	e7ff      	b.n	10001914 <divmod_u32u32_core+0xc>
10001914:	e7ff      	b.n	10001916 <divmod_u32u32_core+0xe>
10001916:	6f51      	ldr	r1, [r2, #116]	@ 0x74
10001918:	6f10      	ldr	r0, [r2, #112]	@ 0x70
1000191a:	4770      	bx	lr
1000191c:	b504      	push	{r2, lr}
1000191e:	2800      	cmp	r0, #0
10001920:	d001      	beq.n	10001926 <divmod_u32u32_core+0x1e>
10001922:	2000      	movs	r0, #0
10001924:	43c0      	mvns	r0, r0
10001926:	f004 fe9f 	bl	10006668 <____aeabi_idiv0_veneer>
1000192a:	2100      	movs	r1, #0
1000192c:	bd04      	pop	{r2, pc}
1000192e:	46c0      	nop			@ (mov r8, r8)

10001930 <divmod_u32u32_savestate>:
10001930:	b5f0      	push	{r4, r5, r6, r7, lr}
10001932:	6e14      	ldr	r4, [r2, #96]	@ 0x60
10001934:	6e55      	ldr	r5, [r2, #100]	@ 0x64
10001936:	6f57      	ldr	r7, [r2, #116]	@ 0x74
10001938:	6f16      	ldr	r6, [r2, #112]	@ 0x70
1000193a:	f7ff ffe5 	bl	10001908 <divmod_u32u32_core>
1000193e:	6614      	str	r4, [r2, #96]	@ 0x60
10001940:	6655      	str	r5, [r2, #100]	@ 0x64
10001942:	6757      	str	r7, [r2, #116]	@ 0x74
10001944:	6716      	str	r6, [r2, #112]	@ 0x70
10001946:	bdf0      	pop	{r4, r5, r6, r7, pc}
10001948:	d0000000 	.word	0xd0000000

1000194c <__wrap___aeabi_ldivmod>:
1000194c:	4694      	mov	ip, r2
1000194e:	4a4a      	ldr	r2, [pc, #296]	@ (10001a78 <udiv0+0x1a>)
10001950:	6f92      	ldr	r2, [r2, #120]	@ 0x78
10001952:	0892      	lsrs	r2, r2, #2
10001954:	4662      	mov	r2, ip
10001956:	d201      	bcs.n	1000195c <divmod_s64s64_savestate>
10001958:	e028      	b.n	100019ac <divmod_s64s64_unsafe>
1000195a:	46c0      	nop			@ (mov r8, r8)

1000195c <divmod_s64s64_savestate>:
1000195c:	b5f0      	push	{r4, r5, r6, r7, lr}
1000195e:	4e46      	ldr	r6, [pc, #280]	@ (10001a78 <udiv0+0x1a>)
10001960:	6e34      	ldr	r4, [r6, #96]	@ 0x60
10001962:	6e75      	ldr	r5, [r6, #100]	@ 0x64
10001964:	6f77      	ldr	r7, [r6, #116]	@ 0x74
10001966:	6f36      	ldr	r6, [r6, #112]	@ 0x70
10001968:	f000 f820 	bl	100019ac <divmod_s64s64_unsafe>
1000196c:	4694      	mov	ip, r2
1000196e:	4a42      	ldr	r2, [pc, #264]	@ (10001a78 <udiv0+0x1a>)
10001970:	6614      	str	r4, [r2, #96]	@ 0x60
10001972:	6655      	str	r5, [r2, #100]	@ 0x64
10001974:	6757      	str	r7, [r2, #116]	@ 0x74
10001976:	6716      	str	r6, [r2, #112]	@ 0x70
10001978:	4662      	mov	r2, ip
1000197a:	bdf0      	pop	{r4, r5, r6, r7, pc}

1000197c <__wrap___aeabi_uldivmod>:
1000197c:	4694      	mov	ip, r2
1000197e:	4a3e      	ldr	r2, [pc, #248]	@ (10001a78 <udiv0+0x1a>)
10001980:	6f92      	ldr	r2, [r2, #120]	@ 0x78
10001982:	0892      	lsrs	r2, r2, #2
10001984:	4662      	mov	r2, ip
10001986:	d201      	bcs.n	1000198c <divmod_u64u64_savestate>
10001988:	e054      	b.n	10001a34 <divmod_u64u64_unsafe>
1000198a:	46c0      	nop			@ (mov r8, r8)

1000198c <divmod_u64u64_savestate>:
1000198c:	b5f0      	push	{r4, r5, r6, r7, lr}
1000198e:	4e3a      	ldr	r6, [pc, #232]	@ (10001a78 <udiv0+0x1a>)
10001990:	6e34      	ldr	r4, [r6, #96]	@ 0x60
10001992:	6e75      	ldr	r5, [r6, #100]	@ 0x64
10001994:	6f77      	ldr	r7, [r6, #116]	@ 0x74
10001996:	6f36      	ldr	r6, [r6, #112]	@ 0x70
10001998:	f000 f84c 	bl	10001a34 <divmod_u64u64_unsafe>
1000199c:	4694      	mov	ip, r2
1000199e:	4a36      	ldr	r2, [pc, #216]	@ (10001a78 <udiv0+0x1a>)
100019a0:	6614      	str	r4, [r2, #96]	@ 0x60
100019a2:	6655      	str	r5, [r2, #100]	@ 0x64
100019a4:	6757      	str	r7, [r2, #116]	@ 0x74
100019a6:	6716      	str	r6, [r2, #112]	@ 0x70
100019a8:	4662      	mov	r2, ip
100019aa:	bdf0      	pop	{r4, r5, r6, r7, pc}

100019ac <divmod_s64s64_unsafe>:
100019ac:	2b00      	cmp	r3, #0
100019ae:	db24      	blt.n	100019fa <l46_1+0x26>
100019b0:	d011      	beq.n	100019d6 <l46_1+0x2>
100019b2:	2900      	cmp	r1, #0
100019b4:	da3e      	bge.n	10001a34 <divmod_u64u64_unsafe>
100019b6:	b500      	push	{lr}
100019b8:	43c9      	mvns	r1, r1
100019ba:	4240      	negs	r0, r0
100019bc:	d100      	bne.n	100019c0 <l44_1>
100019be:	3101      	adds	r1, #1

100019c0 <l44_1>:
100019c0:	f000 f838 	bl	10001a34 <divmod_u64u64_unsafe>
100019c4:	43c9      	mvns	r1, r1
100019c6:	4240      	negs	r0, r0
100019c8:	d100      	bne.n	100019cc <l45_1>
100019ca:	3101      	adds	r1, #1

100019cc <l45_1>:
100019cc:	43db      	mvns	r3, r3
100019ce:	4252      	negs	r2, r2
100019d0:	d100      	bne.n	100019d4 <l46_1>
100019d2:	3301      	adds	r3, #1

100019d4 <l46_1>:
100019d4:	bd00      	pop	{pc}
100019d6:	2a00      	cmp	r2, #0
100019d8:	d1eb      	bne.n	100019b2 <divmod_s64s64_unsafe+0x6>
100019da:	2800      	cmp	r0, #0
100019dc:	d101      	bne.n	100019e2 <l46_1+0xe>
100019de:	2900      	cmp	r1, #0
100019e0:	d005      	beq.n	100019ee <l46_1+0x1a>
100019e2:	2000      	movs	r0, #0
100019e4:	0fc9      	lsrs	r1, r1, #31
100019e6:	07c9      	lsls	r1, r1, #31
100019e8:	d101      	bne.n	100019ee <l46_1+0x1a>
100019ea:	43c0      	mvns	r0, r0
100019ec:	0841      	lsrs	r1, r0, #1
100019ee:	b500      	push	{lr}
100019f0:	f004 fe1a 	bl	10006628 <____aeabi_ldiv0_veneer>
100019f4:	2200      	movs	r2, #0
100019f6:	2300      	movs	r3, #0
100019f8:	bd00      	pop	{pc}
100019fa:	b500      	push	{lr}
100019fc:	2900      	cmp	r1, #0
100019fe:	db0a      	blt.n	10001a16 <l48_1+0x2>
10001a00:	43db      	mvns	r3, r3
10001a02:	4252      	negs	r2, r2
10001a04:	d100      	bne.n	10001a08 <l47_1>
10001a06:	3301      	adds	r3, #1

10001a08 <l47_1>:
10001a08:	f000 f814 	bl	10001a34 <divmod_u64u64_unsafe>
10001a0c:	43c9      	mvns	r1, r1
10001a0e:	4240      	negs	r0, r0
10001a10:	d100      	bne.n	10001a14 <l48_1>
10001a12:	3101      	adds	r1, #1

10001a14 <l48_1>:
10001a14:	bd00      	pop	{pc}
10001a16:	43c9      	mvns	r1, r1
10001a18:	4240      	negs	r0, r0
10001a1a:	d100      	bne.n	10001a1e <l49_1>
10001a1c:	3101      	adds	r1, #1

10001a1e <l49_1>:
10001a1e:	43db      	mvns	r3, r3
10001a20:	4252      	negs	r2, r2
10001a22:	d100      	bne.n	10001a26 <l50_1>
10001a24:	3301      	adds	r3, #1

10001a26 <l50_1>:
10001a26:	f000 f805 	bl	10001a34 <divmod_u64u64_unsafe>
10001a2a:	43db      	mvns	r3, r3
10001a2c:	4252      	negs	r2, r2
10001a2e:	d100      	bne.n	10001a32 <l51_1>
10001a30:	3301      	adds	r3, #1

10001a32 <l51_1>:
10001a32:	bd00      	pop	{pc}

10001a34 <divmod_u64u64_unsafe>:
10001a34:	2900      	cmp	r1, #0
10001a36:	d123      	bne.n	10001a80 <y64>
10001a38:	2b00      	cmp	r3, #0
10001a3a:	d118      	bne.n	10001a6e <udiv0+0x10>
10001a3c:	2a00      	cmp	r2, #0
10001a3e:	d00c      	beq.n	10001a5a <divmod_u64u64_unsafe+0x26>
10001a40:	46bc      	mov	ip, r7
10001a42:	4f0d      	ldr	r7, [pc, #52]	@ (10001a78 <udiv0+0x1a>)
10001a44:	6638      	str	r0, [r7, #96]	@ 0x60
10001a46:	667a      	str	r2, [r7, #100]	@ 0x64
10001a48:	2100      	movs	r1, #0
10001a4a:	2300      	movs	r3, #0
10001a4c:	e7ff      	b.n	10001a4e <divmod_u64u64_unsafe+0x1a>
10001a4e:	e7ff      	b.n	10001a50 <divmod_u64u64_unsafe+0x1c>
10001a50:	e7ff      	b.n	10001a52 <divmod_u64u64_unsafe+0x1e>
10001a52:	6f7a      	ldr	r2, [r7, #116]	@ 0x74
10001a54:	6f38      	ldr	r0, [r7, #112]	@ 0x70
10001a56:	4667      	mov	r7, ip
10001a58:	4770      	bx	lr
10001a5a:	2800      	cmp	r0, #0
10001a5c:	d001      	beq.n	10001a62 <udiv0+0x4>

10001a5e <udiv0>:
10001a5e:	4807      	ldr	r0, [pc, #28]	@ (10001a7c <udiv0+0x1e>)
10001a60:	0001      	movs	r1, r0
10001a62:	b500      	push	{lr}
10001a64:	f004 fde0 	bl	10006628 <____aeabi_ldiv0_veneer>
10001a68:	2200      	movs	r2, #0
10001a6a:	2300      	movs	r3, #0
10001a6c:	bd00      	pop	{pc}
10001a6e:	0002      	movs	r2, r0
10001a70:	000b      	movs	r3, r1
10001a72:	2000      	movs	r0, #0
10001a74:	2100      	movs	r1, #0
10001a76:	4770      	bx	lr
10001a78:	d0000000 	.word	0xd0000000
10001a7c:	ffffffff 	.word	0xffffffff

10001a80 <y64>:
10001a80:	2b00      	cmp	r3, #0
10001a82:	d000      	beq.n	10001a86 <y64+0x6>
10001a84:	e0bf      	b.n	10001c06 <y64_x48>
10001a86:	0c13      	lsrs	r3, r2, #16
10001a88:	d128      	bne.n	10001adc <y64_x32>
10001a8a:	2a00      	cmp	r2, #0
10001a8c:	d0e7      	beq.n	10001a5e <udiv0>
10001a8e:	b480      	push	{r7}
10001a90:	4f11      	ldr	r7, [pc, #68]	@ (10001ad8 <y64+0x58>)
10001a92:	6639      	str	r1, [r7, #96]	@ 0x60
10001a94:	667a      	str	r2, [r7, #100]	@ 0x64
10001a96:	e7ff      	b.n	10001a98 <y64+0x18>
10001a98:	e7ff      	b.n	10001a9a <y64+0x1a>
10001a9a:	b430      	push	{r4, r5}
10001a9c:	0c04      	lsrs	r4, r0, #16
10001a9e:	6f7b      	ldr	r3, [r7, #116]	@ 0x74
10001aa0:	6f39      	ldr	r1, [r7, #112]	@ 0x70
10001aa2:	041b      	lsls	r3, r3, #16
10001aa4:	4323      	orrs	r3, r4
10001aa6:	663b      	str	r3, [r7, #96]	@ 0x60
10001aa8:	667a      	str	r2, [r7, #100]	@ 0x64
10001aaa:	e7ff      	b.n	10001aac <y64+0x2c>
10001aac:	e7ff      	b.n	10001aae <y64+0x2e>
10001aae:	e7ff      	b.n	10001ab0 <y64+0x30>
10001ab0:	46c0      	nop			@ (mov r8, r8)
10001ab2:	b284      	uxth	r4, r0
10001ab4:	6f7b      	ldr	r3, [r7, #116]	@ 0x74
10001ab6:	6f3d      	ldr	r5, [r7, #112]	@ 0x70
10001ab8:	041b      	lsls	r3, r3, #16
10001aba:	4323      	orrs	r3, r4
10001abc:	663b      	str	r3, [r7, #96]	@ 0x60
10001abe:	667a      	str	r2, [r7, #100]	@ 0x64
10001ac0:	e7ff      	b.n	10001ac2 <y64+0x42>
10001ac2:	e7ff      	b.n	10001ac4 <y64+0x44>
10001ac4:	46c0      	nop			@ (mov r8, r8)
10001ac6:	2300      	movs	r3, #0
10001ac8:	042c      	lsls	r4, r5, #16
10001aca:	0c2d      	lsrs	r5, r5, #16
10001acc:	6f7a      	ldr	r2, [r7, #116]	@ 0x74
10001ace:	6f38      	ldr	r0, [r7, #112]	@ 0x70
10001ad0:	1900      	adds	r0, r0, r4
10001ad2:	4169      	adcs	r1, r5
10001ad4:	bcb0      	pop	{r4, r5, r7}
10001ad6:	4770      	bx	lr
10001ad8:	d0000000 	.word	0xd0000000

10001adc <y64_x32>:
10001adc:	b5f0      	push	{r4, r5, r6, r7, lr}
10001ade:	4694      	mov	ip, r2
10001ae0:	2500      	movs	r5, #0
10001ae2:	0e14      	lsrs	r4, r2, #24
10001ae4:	d101      	bne.n	10001aea <y64_x32+0xe>
10001ae6:	0212      	lsls	r2, r2, #8
10001ae8:	3508      	adds	r5, #8
10001aea:	0f14      	lsrs	r4, r2, #28
10001aec:	d101      	bne.n	10001af2 <y64_x32+0x16>
10001aee:	0112      	lsls	r2, r2, #4
10001af0:	3504      	adds	r5, #4
10001af2:	0f94      	lsrs	r4, r2, #30
10001af4:	d101      	bne.n	10001afa <y64_x32+0x1e>
10001af6:	0092      	lsls	r2, r2, #2
10001af8:	3502      	adds	r5, #2
10001afa:	0fd4      	lsrs	r4, r2, #31
10001afc:	d101      	bne.n	10001b02 <y64_x32+0x26>
10001afe:	0052      	lsls	r2, r2, #1
10001b00:	3501      	adds	r5, #1
10001b02:	0bd4      	lsrs	r4, r2, #15
10001b04:	3401      	adds	r4, #1
10001b06:	4f25      	ldr	r7, [pc, #148]	@ (10001b9c <y64_x32+0xc0>)
10001b08:	667c      	str	r4, [r7, #100]	@ 0x64
10001b0a:	4c25      	ldr	r4, [pc, #148]	@ (10001ba0 <y64_x32+0xc4>)
10001b0c:	663c      	str	r4, [r7, #96]	@ 0x60
10001b0e:	0c0e      	lsrs	r6, r1, #16
10001b10:	b293      	uxth	r3, r2
10001b12:	e7ff      	b.n	10001b14 <y64_x32+0x38>
10001b14:	e7ff      	b.n	10001b16 <y64_x32+0x3a>
10001b16:	e7ff      	b.n	10001b18 <y64_x32+0x3c>
10001b18:	6f3c      	ldr	r4, [r7, #112]	@ 0x70
10001b1a:	4366      	muls	r6, r4
10001b1c:	0c36      	lsrs	r6, r6, #16
10001b1e:	0377      	lsls	r7, r6, #13
10001b20:	46be      	mov	lr, r7
10001b22:	4373      	muls	r3, r6
10001b24:	0bdf      	lsrs	r7, r3, #15
10001b26:	045b      	lsls	r3, r3, #17
10001b28:	1ac0      	subs	r0, r0, r3
10001b2a:	41b9      	sbcs	r1, r7
10001b2c:	0c13      	lsrs	r3, r2, #16
10001b2e:	4373      	muls	r3, r6
10001b30:	18db      	adds	r3, r3, r3
10001b32:	1ac9      	subs	r1, r1, r3
10001b34:	08ce      	lsrs	r6, r1, #3
10001b36:	4366      	muls	r6, r4
10001b38:	0c36      	lsrs	r6, r6, #16
10001b3a:	44b6      	add	lr, r6
10001b3c:	b293      	uxth	r3, r2
10001b3e:	4373      	muls	r3, r6
10001b40:	0f1f      	lsrs	r7, r3, #28
10001b42:	011b      	lsls	r3, r3, #4
10001b44:	1ac0      	subs	r0, r0, r3
10001b46:	41b9      	sbcs	r1, r7
10001b48:	0c13      	lsrs	r3, r2, #16
10001b4a:	4373      	muls	r3, r6
10001b4c:	0b1f      	lsrs	r7, r3, #12
10001b4e:	051b      	lsls	r3, r3, #20
10001b50:	1ac0      	subs	r0, r0, r3
10001b52:	41b9      	sbcs	r1, r7
10001b54:	0d86      	lsrs	r6, r0, #22
10001b56:	028f      	lsls	r7, r1, #10
10001b58:	433e      	orrs	r6, r7
10001b5a:	4366      	muls	r6, r4
10001b5c:	0c36      	lsrs	r6, r6, #16
10001b5e:	2d09      	cmp	r5, #9
10001b60:	db24      	blt.n	10001bac <last0>
10001b62:	0a52      	lsrs	r2, r2, #9
10001b64:	4372      	muls	r2, r6
10001b66:	1a80      	subs	r0, r0, r2
10001b68:	0377      	lsls	r7, r6, #13
10001b6a:	0a46      	lsrs	r6, r0, #9
10001b6c:	4366      	muls	r6, r4
10001b6e:	0c36      	lsrs	r6, r6, #16
10001b70:	2316      	movs	r3, #22
10001b72:	1b5b      	subs	r3, r3, r5
10001b74:	40de      	lsrs	r6, r3
10001b76:	40df      	lsrs	r7, r3
10001b78:	19bf      	adds	r7, r7, r6
10001b7a:	4664      	mov	r4, ip
10001b7c:	4366      	muls	r6, r4
10001b7e:	1b82      	subs	r2, r0, r6
10001b80:	4670      	mov	r0, lr
10001b82:	3504      	adds	r5, #4
10001b84:	3306      	adds	r3, #6
10001b86:	0001      	movs	r1, r0
10001b88:	40d9      	lsrs	r1, r3
10001b8a:	40a8      	lsls	r0, r5
10001b8c:	19c0      	adds	r0, r0, r7
10001b8e:	d300      	bcc.n	10001b92 <y64_x32+0xb6>
10001b90:	3101      	adds	r1, #1
10001b92:	42a2      	cmp	r2, r4
10001b94:	d206      	bcs.n	10001ba4 <y64_x32+0xc8>
10001b96:	2300      	movs	r3, #0
10001b98:	bdf0      	pop	{r4, r5, r6, r7, pc}
10001b9a:	0000      	.short	0x0000
10001b9c:	d0000000 	.word	0xd0000000
10001ba0:	ffffffff 	.word	0xffffffff
10001ba4:	1b12      	subs	r2, r2, r4
10001ba6:	3001      	adds	r0, #1
10001ba8:	d3f3      	bcc.n	10001b92 <y64_x32+0xb6>
10001baa:	e7f1      	b.n	10001b90 <y64_x32+0xb4>

10001bac <last0>:
10001bac:	2709      	movs	r7, #9
10001bae:	1b7f      	subs	r7, r7, r5
10001bb0:	40fe      	lsrs	r6, r7
10001bb2:	4664      	mov	r4, ip
10001bb4:	b2a2      	uxth	r2, r4
10001bb6:	4372      	muls	r2, r6
10001bb8:	1a80      	subs	r0, r0, r2
10001bba:	d200      	bcs.n	10001bbe <last0+0x12>
10001bbc:	3901      	subs	r1, #1
10001bbe:	0c22      	lsrs	r2, r4, #16
10001bc0:	4372      	muls	r2, r6
10001bc2:	0c13      	lsrs	r3, r2, #16
10001bc4:	0412      	lsls	r2, r2, #16
10001bc6:	1a82      	subs	r2, r0, r2
10001bc8:	4199      	sbcs	r1, r3
10001bca:	000b      	movs	r3, r1
10001bcc:	4670      	mov	r0, lr
10001bce:	3504      	adds	r5, #4
10001bd0:	3713      	adds	r7, #19
10001bd2:	0001      	movs	r1, r0
10001bd4:	40f9      	lsrs	r1, r7
10001bd6:	40a8      	lsls	r0, r5
10001bd8:	1980      	adds	r0, r0, r6
10001bda:	d300      	bcc.n	10001bde <last0+0x32>
10001bdc:	3101      	adds	r1, #1
10001bde:	2b00      	cmp	r3, #0
10001be0:	d102      	bne.n	10001be8 <last0+0x3c>
10001be2:	42a2      	cmp	r2, r4
10001be4:	d20a      	bcs.n	10001bfc <last0+0x50>
10001be6:	bdf0      	pop	{r4, r5, r6, r7, pc}
10001be8:	3001      	adds	r0, #1
10001bea:	d300      	bcc.n	10001bee <last0+0x42>
10001bec:	3101      	adds	r1, #1
10001bee:	1b12      	subs	r2, r2, r4
10001bf0:	d2fa      	bcs.n	10001be8 <last0+0x3c>
10001bf2:	3b01      	subs	r3, #1
10001bf4:	d1f8      	bne.n	10001be8 <last0+0x3c>
10001bf6:	42a2      	cmp	r2, r4
10001bf8:	d200      	bcs.n	10001bfc <last0+0x50>
10001bfa:	bdf0      	pop	{r4, r5, r6, r7, pc}
10001bfc:	3001      	adds	r0, #1
10001bfe:	d300      	bcc.n	10001c02 <last0+0x56>
10001c00:	3101      	adds	r1, #1
10001c02:	1b12      	subs	r2, r2, r4
10001c04:	e7f7      	b.n	10001bf6 <last0+0x4a>

10001c06 <y64_x48>:
10001c06:	b5f0      	push	{r4, r5, r6, r7, lr}
10001c08:	0c1c      	lsrs	r4, r3, #16
10001c0a:	d000      	beq.n	10001c0e <y64_x48+0x8>
10001c0c:	e080      	b.n	10001d10 <y64_x64>
10001c0e:	b40c      	push	{r2, r3}
10001c10:	2500      	movs	r5, #0
10001c12:	0a1c      	lsrs	r4, r3, #8
10001c14:	d104      	bne.n	10001c20 <y64_x48+0x1a>
10001c16:	021b      	lsls	r3, r3, #8
10001c18:	0e16      	lsrs	r6, r2, #24
10001c1a:	4333      	orrs	r3, r6
10001c1c:	0212      	lsls	r2, r2, #8
10001c1e:	3508      	adds	r5, #8
10001c20:	0b1c      	lsrs	r4, r3, #12
10001c22:	d104      	bne.n	10001c2e <y64_x48+0x28>
10001c24:	011b      	lsls	r3, r3, #4
10001c26:	0f16      	lsrs	r6, r2, #28
10001c28:	4333      	orrs	r3, r6
10001c2a:	0112      	lsls	r2, r2, #4
10001c2c:	3504      	adds	r5, #4
10001c2e:	0b9c      	lsrs	r4, r3, #14
10001c30:	d104      	bne.n	10001c3c <y64_x48+0x36>
10001c32:	009b      	lsls	r3, r3, #2
10001c34:	0f96      	lsrs	r6, r2, #30
10001c36:	4333      	orrs	r3, r6
10001c38:	0092      	lsls	r2, r2, #2
10001c3a:	3502      	adds	r5, #2
10001c3c:	0bdc      	lsrs	r4, r3, #15
10001c3e:	d102      	bne.n	10001c46 <y64_x48+0x40>
10001c40:	1892      	adds	r2, r2, r2
10001c42:	415b      	adcs	r3, r3
10001c44:	3501      	adds	r5, #1
10001c46:	001c      	movs	r4, r3
10001c48:	1897      	adds	r7, r2, r2
10001c4a:	4164      	adcs	r4, r4
10001c4c:	3401      	adds	r4, #1
10001c4e:	4f46      	ldr	r7, [pc, #280]	@ (10001d68 <y64_x64+0x58>)
10001c50:	667c      	str	r4, [r7, #100]	@ 0x64
10001c52:	4c46      	ldr	r4, [pc, #280]	@ (10001d6c <y64_x64+0x5c>)
10001c54:	663c      	str	r4, [r7, #96]	@ 0x60
10001c56:	0c0e      	lsrs	r6, r1, #16
10001c58:	e7ff      	b.n	10001c5a <y64_x48+0x54>
10001c5a:	e7ff      	b.n	10001c5c <y64_x48+0x56>
10001c5c:	e7ff      	b.n	10001c5e <y64_x48+0x58>
10001c5e:	46c0      	nop			@ (mov r8, r8)
10001c60:	6f3c      	ldr	r4, [r7, #112]	@ 0x70
10001c62:	4366      	muls	r6, r4
10001c64:	0c36      	lsrs	r6, r6, #16
10001c66:	0377      	lsls	r7, r6, #13
10001c68:	46be      	mov	lr, r7
10001c6a:	b297      	uxth	r7, r2
10001c6c:	4377      	muls	r7, r6
10001c6e:	1bc0      	subs	r0, r0, r7
10001c70:	d200      	bcs.n	10001c74 <y64_x48+0x6e>
10001c72:	3901      	subs	r1, #1
10001c74:	1bc0      	subs	r0, r0, r7
10001c76:	d200      	bcs.n	10001c7a <y64_x48+0x74>
10001c78:	3901      	subs	r1, #1
10001c7a:	b29f      	uxth	r7, r3
10001c7c:	4377      	muls	r7, r6
10001c7e:	1bc9      	subs	r1, r1, r7
10001c80:	1bc9      	subs	r1, r1, r7
10001c82:	0c17      	lsrs	r7, r2, #16
10001c84:	4377      	muls	r7, r6
10001c86:	047e      	lsls	r6, r7, #17
10001c88:	0bff      	lsrs	r7, r7, #15
10001c8a:	1b80      	subs	r0, r0, r6
10001c8c:	41b9      	sbcs	r1, r7
10001c8e:	08ce      	lsrs	r6, r1, #3
10001c90:	4366      	muls	r6, r4
10001c92:	0c36      	lsrs	r6, r6, #16
10001c94:	2d0c      	cmp	r5, #12
10001c96:	db33      	blt.n	10001d00 <last1>
10001c98:	44b6      	add	lr, r6
10001c9a:	0b12      	lsrs	r2, r2, #12
10001c9c:	051f      	lsls	r7, r3, #20
10001c9e:	433a      	orrs	r2, r7
10001ca0:	0b1b      	lsrs	r3, r3, #12
10001ca2:	b297      	uxth	r7, r2
10001ca4:	4377      	muls	r7, r6
10001ca6:	1bc0      	subs	r0, r0, r7
10001ca8:	d200      	bcs.n	10001cac <y64_x48+0xa6>
10001caa:	3901      	subs	r1, #1
10001cac:	b29f      	uxth	r7, r3
10001cae:	4377      	muls	r7, r6
10001cb0:	1bc9      	subs	r1, r1, r7
10001cb2:	0c17      	lsrs	r7, r2, #16
10001cb4:	4377      	muls	r7, r6
10001cb6:	043e      	lsls	r6, r7, #16
10001cb8:	0c3f      	lsrs	r7, r7, #16
10001cba:	1b80      	subs	r0, r0, r6
10001cbc:	41b9      	sbcs	r1, r7
10001cbe:	0d86      	lsrs	r6, r0, #22
10001cc0:	028f      	lsls	r7, r1, #10
10001cc2:	433e      	orrs	r6, r7
10001cc4:	4366      	muls	r6, r4
10001cc6:	2729      	movs	r7, #41	@ 0x29
10001cc8:	1b7f      	subs	r7, r7, r5
10001cca:	40fe      	lsrs	r6, r7
10001ccc:	3d0c      	subs	r5, #12
10001cce:	4677      	mov	r7, lr
10001cd0:	40af      	lsls	r7, r5
10001cd2:	19bf      	adds	r7, r7, r6
10001cd4:	bc30      	pop	{r4, r5}
10001cd6:	b2a2      	uxth	r2, r4
10001cd8:	b2ab      	uxth	r3, r5
10001cda:	4372      	muls	r2, r6
10001cdc:	4373      	muls	r3, r6
10001cde:	1a80      	subs	r0, r0, r2
10001ce0:	4199      	sbcs	r1, r3
10001ce2:	0c22      	lsrs	r2, r4, #16
10001ce4:	4372      	muls	r2, r6
10001ce6:	0c13      	lsrs	r3, r2, #16
10001ce8:	0412      	lsls	r2, r2, #16
10001cea:	1a80      	subs	r0, r0, r2
10001cec:	4199      	sbcs	r1, r3
10001cee:	0002      	movs	r2, r0
10001cf0:	000b      	movs	r3, r1
10001cf2:	3701      	adds	r7, #1
10001cf4:	1b00      	subs	r0, r0, r4
10001cf6:	41a9      	sbcs	r1, r5
10001cf8:	d2f9      	bcs.n	10001cee <y64_x48+0xe8>
10001cfa:	1e78      	subs	r0, r7, #1
10001cfc:	2100      	movs	r1, #0
10001cfe:	bdf0      	pop	{r4, r5, r6, r7, pc}

10001d00 <last1>:
10001d00:	270c      	movs	r7, #12
10001d02:	1b7f      	subs	r7, r7, r5
10001d04:	40fe      	lsrs	r6, r7
10001d06:	4677      	mov	r7, lr
10001d08:	0b7f      	lsrs	r7, r7, #13
10001d0a:	40af      	lsls	r7, r5
10001d0c:	19ff      	adds	r7, r7, r7
10001d0e:	e7e0      	b.n	10001cd2 <y64_x48+0xcc>

10001d10 <y64_x64>:
10001d10:	2400      	movs	r4, #0
10001d12:	1c5d      	adds	r5, r3, #1
10001d14:	d007      	beq.n	10001d26 <y64_x64+0x16>
10001d16:	4f14      	ldr	r7, [pc, #80]	@ (10001d68 <y64_x64+0x58>)
10001d18:	667d      	str	r5, [r7, #100]	@ 0x64
10001d1a:	6639      	str	r1, [r7, #96]	@ 0x60
10001d1c:	e7ff      	b.n	10001d1e <y64_x64+0xe>
10001d1e:	e7ff      	b.n	10001d20 <y64_x64+0x10>
10001d20:	e7ff      	b.n	10001d22 <y64_x64+0x12>
10001d22:	e7ff      	b.n	10001d24 <y64_x64+0x14>
10001d24:	6f3c      	ldr	r4, [r7, #112]	@ 0x70
10001d26:	b295      	uxth	r5, r2
10001d28:	b29e      	uxth	r6, r3
10001d2a:	4365      	muls	r5, r4
10001d2c:	4366      	muls	r6, r4
10001d2e:	1b40      	subs	r0, r0, r5
10001d30:	41b1      	sbcs	r1, r6
10001d32:	0c15      	lsrs	r5, r2, #16
10001d34:	0c1e      	lsrs	r6, r3, #16
10001d36:	4365      	muls	r5, r4
10001d38:	4366      	muls	r6, r4
10001d3a:	0436      	lsls	r6, r6, #16
10001d3c:	0c2f      	lsrs	r7, r5, #16
10001d3e:	433e      	orrs	r6, r7
10001d40:	042d      	lsls	r5, r5, #16
10001d42:	1b40      	subs	r0, r0, r5
10001d44:	41b1      	sbcs	r1, r6
10001d46:	4299      	cmp	r1, r3
10001d48:	d204      	bcs.n	10001d54 <y64_x64+0x44>
10001d4a:	0002      	movs	r2, r0
10001d4c:	000b      	movs	r3, r1
10001d4e:	0020      	movs	r0, r4
10001d50:	2100      	movs	r1, #0
10001d52:	bdf0      	pop	{r4, r5, r6, r7, pc}
10001d54:	d101      	bne.n	10001d5a <y64_x64+0x4a>
10001d56:	4290      	cmp	r0, r2
10001d58:	d3f7      	bcc.n	10001d4a <y64_x64+0x3a>
10001d5a:	1a80      	subs	r0, r0, r2
10001d5c:	4199      	sbcs	r1, r3
10001d5e:	3401      	adds	r4, #1
10001d60:	4299      	cmp	r1, r3
10001d62:	d3f2      	bcc.n	10001d4a <y64_x64+0x3a>
10001d64:	e7f6      	b.n	10001d54 <y64_x64+0x44>
10001d66:	0000      	.short	0x0000
10001d68:	d0000000 	.word	0xd0000000
10001d6c:	ffffffff 	.word	0xffffffff

10001d70 <__wrap___aeabi_drsub>:
10001d70:	4048      	eors	r0, r1
10001d72:	4041      	eors	r1, r0
10001d74:	4048      	eors	r0, r1

10001d76 <__wrap___aeabi_dsub>:
10001d76:	b418      	push	{r3, r4}
10001d78:	4b1b      	ldr	r3, [pc, #108]	@ (10001de8 <__wrap___aeabi_dmul+0x12>)
10001d7a:	685b      	ldr	r3, [r3, #4]
10001d7c:	46fc      	mov	ip, pc
10001d7e:	9301      	str	r3, [sp, #4]
10001d80:	bd08      	pop	{r3, pc}
10001d82:	df04      	.short	0xdf04
10001d84:	1000201b 	.word	0x1000201b

10001d88 <__wrap___aeabi_dadd>:
10001d88:	b418      	push	{r3, r4}
10001d8a:	4b17      	ldr	r3, [pc, #92]	@ (10001de8 <__wrap___aeabi_dmul+0x12>)
10001d8c:	681b      	ldr	r3, [r3, #0]
10001d8e:	46fc      	mov	ip, pc
10001d90:	9301      	str	r3, [sp, #4]
10001d92:	bd08      	pop	{r3, pc}
10001d94:	2025df00 	.word	0x2025df00
10001d98:	1000      	.short	0x1000

10001d9a <__wrap___aeabi_ddiv>:
10001d9a:	4694      	mov	ip, r2
10001d9c:	4a13      	ldr	r2, [pc, #76]	@ (10001dec <__wrap___aeabi_dmul+0x16>)
10001d9e:	6f92      	ldr	r2, [r2, #120]	@ 0x78
10001da0:	0892      	lsrs	r2, r2, #2
10001da2:	d209      	bcs.n	10001db8 <ddiv_save_state>
10001da4:	4662      	mov	r2, ip

10001da6 <ddiv_shim_call>:
10001da6:	b418      	push	{r3, r4}
10001da8:	4b0f      	ldr	r3, [pc, #60]	@ (10001de8 <__wrap___aeabi_dmul+0x12>)
10001daa:	68db      	ldr	r3, [r3, #12]
10001dac:	46fc      	mov	ip, pc
10001dae:	9301      	str	r3, [sp, #4]
10001db0:	bd08      	pop	{r3, pc}
10001db2:	df0c      	.short	0xdf0c
10001db4:	100022dd 	.word	0x100022dd

10001db8 <ddiv_save_state>:
10001db8:	4a0c      	ldr	r2, [pc, #48]	@ (10001dec <__wrap___aeabi_dmul+0x16>)
10001dba:	b5f0      	push	{r4, r5, r6, r7, lr}
10001dbc:	6e14      	ldr	r4, [r2, #96]	@ 0x60
10001dbe:	6e55      	ldr	r5, [r2, #100]	@ 0x64
10001dc0:	6f57      	ldr	r7, [r2, #116]	@ 0x74
10001dc2:	6f16      	ldr	r6, [r2, #112]	@ 0x70
10001dc4:	4662      	mov	r2, ip
10001dc6:	f7ff ffee 	bl	10001da6 <ddiv_shim_call>
10001dca:	4a08      	ldr	r2, [pc, #32]	@ (10001dec <__wrap___aeabi_dmul+0x16>)
10001dcc:	6614      	str	r4, [r2, #96]	@ 0x60
10001dce:	6655      	str	r5, [r2, #100]	@ 0x64
10001dd0:	6757      	str	r7, [r2, #116]	@ 0x74
10001dd2:	6716      	str	r6, [r2, #112]	@ 0x70
10001dd4:	bdf0      	pop	{r4, r5, r6, r7, pc}

10001dd6 <__wrap___aeabi_dmul>:
10001dd6:	b418      	push	{r3, r4}
10001dd8:	4b03      	ldr	r3, [pc, #12]	@ (10001de8 <__wrap___aeabi_dmul+0x12>)
10001dda:	689b      	ldr	r3, [r3, #8]
10001ddc:	46fc      	mov	ip, pc
10001dde:	9301      	str	r3, [sp, #4]
10001de0:	bd08      	pop	{r3, pc}
10001de2:	df08      	.short	0xdf08
10001de4:	10002181 	.word	0x10002181
10001de8:	200013c0 	.word	0x200013c0
10001dec:	d0000000 	.word	0xd0000000

10001df0 <__wrap___aeabi_cdrcmple>:
10001df0:	b5ff      	push	{r0, r1, r2, r3, r4, r5, r6, r7, lr}
10001df2:	4050      	eors	r0, r2
10001df4:	4042      	eors	r2, r0
10001df6:	4050      	eors	r0, r2
10001df8:	4059      	eors	r1, r3
10001dfa:	404b      	eors	r3, r1
10001dfc:	4059      	eors	r1, r3
10001dfe:	e000      	b.n	10001e02 <__aeabi_dfcmple_guts>

10001e00 <__wrap___aeabi_cdcmpeq>:
10001e00:	b5ff      	push	{r0, r1, r2, r3, r4, r5, r6, r7, lr}

10001e02 <__aeabi_dfcmple_guts>:
10001e02:	4f15      	ldr	r7, [pc, #84]	@ (10001e58 <__aeabi_dfcmple_guts+0x56>)
10001e04:	004c      	lsls	r4, r1, #1
10001e06:	0d64      	lsrs	r4, r4, #21
10001e08:	d003      	beq.n	10001e12 <__aeabi_dfcmple_guts+0x10>
10001e0a:	42bc      	cmp	r4, r7
10001e0c:	d104      	bne.n	10001e18 <__aeabi_dfcmple_guts+0x16>
10001e0e:	030c      	lsls	r4, r1, #12
10001e10:	d814      	bhi.n	10001e3c <__aeabi_dfcmple_guts+0x3a>
10001e12:	2000      	movs	r0, #0
10001e14:	0d09      	lsrs	r1, r1, #20
10001e16:	0509      	lsls	r1, r1, #20
10001e18:	005c      	lsls	r4, r3, #1
10001e1a:	0d64      	lsrs	r4, r4, #21
10001e1c:	d003      	beq.n	10001e26 <__aeabi_dfcmple_guts+0x24>
10001e1e:	42bc      	cmp	r4, r7
10001e20:	d104      	bne.n	10001e2c <__aeabi_dfcmple_guts+0x2a>
10001e22:	031c      	lsls	r4, r3, #12
10001e24:	d80a      	bhi.n	10001e3c <__aeabi_dfcmple_guts+0x3a>
10001e26:	2200      	movs	r2, #0
10001e28:	0d1b      	lsrs	r3, r3, #20
10001e2a:	051b      	lsls	r3, r3, #20
10001e2c:	2601      	movs	r6, #1
10001e2e:	404b      	eors	r3, r1
10001e30:	d409      	bmi.n	10001e46 <__aeabi_dfcmple_guts+0x44>
10001e32:	404b      	eors	r3, r1
10001e34:	d503      	bpl.n	10001e3e <__aeabi_dfcmple_guts+0x3c>
10001e36:	428b      	cmp	r3, r1
10001e38:	d100      	bne.n	10001e3c <__aeabi_dfcmple_guts+0x3a>
10001e3a:	4282      	cmp	r2, r0
10001e3c:	bdff      	pop	{r0, r1, r2, r3, r4, r5, r6, r7, pc}
10001e3e:	4299      	cmp	r1, r3
10001e40:	d1fc      	bne.n	10001e3c <__aeabi_dfcmple_guts+0x3a>
10001e42:	4290      	cmp	r0, r2
10001e44:	bdff      	pop	{r0, r1, r2, r3, r4, r5, r6, r7, pc}
10001e46:	430b      	orrs	r3, r1
10001e48:	18db      	adds	r3, r3, r3
10001e4a:	4303      	orrs	r3, r0
10001e4c:	4313      	orrs	r3, r2
10001e4e:	d0f5      	beq.n	10001e3c <__aeabi_dfcmple_guts+0x3a>
10001e50:	43c9      	mvns	r1, r1
10001e52:	1849      	adds	r1, r1, r1
10001e54:	bdff      	pop	{r0, r1, r2, r3, r4, r5, r6, r7, pc}
10001e56:	0000      	.short	0x0000
10001e58:	000007ff 	.word	0x000007ff

10001e5c <__wrap___aeabi_dcmplt>:
10001e5c:	b500      	push	{lr}
10001e5e:	f7ff ffcf 	bl	10001e00 <__wrap___aeabi_cdcmpeq>
10001e62:	4180      	sbcs	r0, r0
10001e64:	bd00      	pop	{pc}
10001e66:	46c0      	nop			@ (mov r8, r8)

10001e68 <__wrap___aeabi_dcmple>:
10001e68:	b500      	push	{lr}
10001e6a:	f7ff ffc9 	bl	10001e00 <__wrap___aeabi_cdcmpeq>
10001e6e:	d901      	bls.n	10001e74 <__wrap___aeabi_dcmple+0xc>
10001e70:	2000      	movs	r0, #0
10001e72:	bd00      	pop	{pc}
10001e74:	2001      	movs	r0, #1
10001e76:	bd00      	pop	{pc}

10001e78 <__wrap___aeabi_dcmpge>:
10001e78:	b500      	push	{lr}
10001e7a:	f7ff ffb9 	bl	10001df0 <__wrap___aeabi_cdrcmple>
10001e7e:	d901      	bls.n	10001e84 <__wrap___aeabi_dcmpge+0xc>
10001e80:	2000      	movs	r0, #0
10001e82:	bd00      	pop	{pc}
10001e84:	2001      	movs	r0, #1
10001e86:	bd00      	pop	{pc}

10001e88 <__wrap___aeabi_dcmpgt>:
10001e88:	b500      	push	{lr}
10001e8a:	f7ff ffb1 	bl	10001df0 <__wrap___aeabi_cdrcmple>
10001e8e:	4180      	sbcs	r0, r0
10001e90:	bd00      	pop	{pc}

10001e92 <__wrap___aeabi_dcmpun>:
10001e92:	2001      	movs	r0, #1
10001e94:	0540      	lsls	r0, r0, #21
10001e96:	004a      	lsls	r2, r1, #1
10001e98:	1812      	adds	r2, r2, r0
10001e9a:	d804      	bhi.n	10001ea6 <__wrap___aeabi_dcmpun+0x14>
10001e9c:	005a      	lsls	r2, r3, #1
10001e9e:	1812      	adds	r2, r2, r0
10001ea0:	d801      	bhi.n	10001ea6 <__wrap___aeabi_dcmpun+0x14>
10001ea2:	2000      	movs	r0, #0
10001ea4:	4770      	bx	lr
10001ea6:	2001      	movs	r0, #1
10001ea8:	4770      	bx	lr
	...

10001eac <__wrap___aeabi_ui2d>:
10001eac:	2100      	movs	r1, #0
10001eae:	2800      	cmp	r0, #0
10001eb0:	d105      	bne.n	10001ebe <__wrap___aeabi_i2d+0xa>
10001eb2:	4770      	bx	lr

10001eb4 <__wrap___aeabi_i2d>:
10001eb4:	17c1      	asrs	r1, r0, #31
10001eb6:	4048      	eors	r0, r1
10001eb8:	1a40      	subs	r0, r0, r1
10001eba:	d0fa      	beq.n	10001eb2 <__wrap___aeabi_ui2d+0x6>
10001ebc:	07c9      	lsls	r1, r1, #31
10001ebe:	b513      	push	{r0, r1, r4, lr}
10001ec0:	4b06      	ldr	r3, [pc, #24]	@ (10001edc <__wrap___aeabi_i2d+0x28>)
10001ec2:	681b      	ldr	r3, [r3, #0]
10001ec4:	4798      	blx	r3
10001ec6:	bc0c      	pop	{r2, r3}
10001ec8:	1c44      	adds	r4, r0, #1
10001eca:	40a2      	lsls	r2, r4
10001ecc:	0510      	lsls	r0, r2, #20
10001ece:	0b12      	lsrs	r2, r2, #12
10001ed0:	4903      	ldr	r1, [pc, #12]	@ (10001ee0 <__wrap___aeabi_i2d+0x2c>)
10001ed2:	1b09      	subs	r1, r1, r4
10001ed4:	0509      	lsls	r1, r1, #20
10001ed6:	4319      	orrs	r1, r3
10001ed8:	4311      	orrs	r1, r2
10001eda:	bd10      	pop	{r4, pc}
10001edc:	20001d5c 	.word	0x20001d5c
10001ee0:	0000041f 	.word	0x0000041f

10001ee4 <__wrap___aeabi_d2iz>:
10001ee4:	b510      	push	{r4, lr}
10001ee6:	004c      	lsls	r4, r1, #1
10001ee8:	0d62      	lsrs	r2, r4, #21
10001eea:	2380      	movs	r3, #128	@ 0x80
10001eec:	18d2      	adds	r2, r2, r3
10001eee:	00db      	lsls	r3, r3, #3
10001ef0:	1ad2      	subs	r2, r2, r3
10001ef2:	055b      	lsls	r3, r3, #21
10001ef4:	2a7e      	cmp	r2, #126	@ 0x7e
10001ef6:	dd10      	ble.n	10001f1a <__wrap___aeabi_d2iz+0x36>
10001ef8:	3a9e      	subs	r2, #158	@ 0x9e
10001efa:	da13      	bge.n	10001f24 <__wrap___aeabi_d2iz+0x40>
10001efc:	17cc      	asrs	r4, r1, #31
10001efe:	0309      	lsls	r1, r1, #12
10001f00:	0849      	lsrs	r1, r1, #1
10001f02:	4319      	orrs	r1, r3
10001f04:	4252      	negs	r2, r2
10001f06:	40d1      	lsrs	r1, r2
10001f08:	0064      	lsls	r4, r4, #1
10001f0a:	3401      	adds	r4, #1
10001f0c:	3215      	adds	r2, #21
10001f0e:	2a20      	cmp	r2, #32
10001f10:	da05      	bge.n	10001f1e <__wrap___aeabi_d2iz+0x3a>
10001f12:	40d0      	lsrs	r0, r2
10001f14:	4308      	orrs	r0, r1
10001f16:	4360      	muls	r0, r4
10001f18:	bd10      	pop	{r4, pc}
10001f1a:	2000      	movs	r0, #0
10001f1c:	bd10      	pop	{r4, pc}
10001f1e:	4608      	mov	r0, r1
10001f20:	4360      	muls	r0, r4
10001f22:	bd10      	pop	{r4, pc}
10001f24:	0fc8      	lsrs	r0, r1, #31
10001f26:	18c0      	adds	r0, r0, r3
10001f28:	3801      	subs	r0, #1
10001f2a:	bd10      	pop	{r4, pc}

10001f2c <__wrap___aeabi_d2uiz>:
10001f2c:	b418      	push	{r3, r4}
10001f2e:	4b04      	ldr	r3, [pc, #16]	@ (10001f40 <__wrap___aeabi_d2uiz+0x14>)
10001f30:	6a5b      	ldr	r3, [r3, #36]	@ 0x24
10001f32:	46fc      	mov	ip, pc
10001f34:	9301      	str	r3, [sp, #4]
10001f36:	bd08      	pop	{r3, pc}
10001f38:	248ddf24 	.word	0x248ddf24
10001f3c:	00001000 	.word	0x00001000
10001f40:	200013c0 	.word	0x200013c0

10001f44 <__aeabi_double_init>:
10001f44:	2300      	movs	r3, #0
10001f46:	b570      	push	{r4, r5, r6, lr}
10001f48:	7cdd      	ldrb	r5, [r3, #19]
10001f4a:	2d01      	cmp	r5, #1
10001f4c:	d019      	beq.n	10001f82 <__aeabi_double_init+0x3e>
10001f4e:	dd14      	ble.n	10001f7a <__aeabi_double_init+0x36>
10001f50:	481f      	ldr	r0, [pc, #124]	@ (10001fd0 <__aeabi_double_init+0x8c>)
10001f52:	f7ff fb31 	bl	100015b8 <rom_data_lookup>
10001f56:	0006      	movs	r6, r0
10001f58:	481e      	ldr	r0, [pc, #120]	@ (10001fd4 <__aeabi_double_init+0x90>)
10001f5a:	f7ff fb2d 	bl	100015b8 <rom_data_lookup>
10001f5e:	4c1e      	ldr	r4, [pc, #120]	@ (10001fd8 <__aeabi_double_init+0x94>)
10001f60:	2280      	movs	r2, #128	@ 0x80
10001f62:	0031      	movs	r1, r6
10001f64:	0020      	movs	r0, r4
10001f66:	f000 fb61 	bl	1000262c <__wrap___aeabi_memcpy>
10001f6a:	2d02      	cmp	r5, #2
10001f6c:	d02d      	beq.n	10001fca <__aeabi_double_init+0x86>
10001f6e:	481b      	ldr	r0, [pc, #108]	@ (10001fdc <__aeabi_double_init+0x98>)
10001f70:	f7ff fb1a 	bl	100015a8 <rom_func_lookup>
10001f74:	4b1a      	ldr	r3, [pc, #104]	@ (10001fe0 <__aeabi_double_init+0x9c>)
10001f76:	6018      	str	r0, [r3, #0]
10001f78:	bd70      	pop	{r4, r5, r6, pc}
10001f7a:	4b1a      	ldr	r3, [pc, #104]	@ (10001fe4 <__aeabi_double_init+0xa0>)
10001f7c:	4c16      	ldr	r4, [pc, #88]	@ (10001fd8 <__aeabi_double_init+0x94>)
10001f7e:	64a3      	str	r3, [r4, #72]	@ 0x48
10001f80:	e7f5      	b.n	10001f6e <__aeabi_double_init+0x2a>
10001f82:	4b18      	ldr	r3, [pc, #96]	@ (10001fe4 <__aeabi_double_init+0xa0>)
10001f84:	4c14      	ldr	r4, [pc, #80]	@ (10001fd8 <__aeabi_double_init+0x94>)
10001f86:	6023      	str	r3, [r4, #0]
10001f88:	6063      	str	r3, [r4, #4]
10001f8a:	60a3      	str	r3, [r4, #8]
10001f8c:	60e3      	str	r3, [r4, #12]
10001f8e:	6123      	str	r3, [r4, #16]
10001f90:	6163      	str	r3, [r4, #20]
10001f92:	61a3      	str	r3, [r4, #24]
10001f94:	61e3      	str	r3, [r4, #28]
10001f96:	6223      	str	r3, [r4, #32]
10001f98:	6263      	str	r3, [r4, #36]	@ 0x24
10001f9a:	62a3      	str	r3, [r4, #40]	@ 0x28
10001f9c:	62e3      	str	r3, [r4, #44]	@ 0x2c
10001f9e:	6323      	str	r3, [r4, #48]	@ 0x30
10001fa0:	6363      	str	r3, [r4, #52]	@ 0x34
10001fa2:	63a3      	str	r3, [r4, #56]	@ 0x38
10001fa4:	63e3      	str	r3, [r4, #60]	@ 0x3c
10001fa6:	6423      	str	r3, [r4, #64]	@ 0x40
10001fa8:	6463      	str	r3, [r4, #68]	@ 0x44
10001faa:	64a3      	str	r3, [r4, #72]	@ 0x48
10001fac:	64e3      	str	r3, [r4, #76]	@ 0x4c
10001fae:	6523      	str	r3, [r4, #80]	@ 0x50
10001fb0:	6563      	str	r3, [r4, #84]	@ 0x54
10001fb2:	65a3      	str	r3, [r4, #88]	@ 0x58
10001fb4:	65e3      	str	r3, [r4, #92]	@ 0x5c
10001fb6:	6623      	str	r3, [r4, #96]	@ 0x60
10001fb8:	6663      	str	r3, [r4, #100]	@ 0x64
10001fba:	66a3      	str	r3, [r4, #104]	@ 0x68
10001fbc:	66e3      	str	r3, [r4, #108]	@ 0x6c
10001fbe:	6723      	str	r3, [r4, #112]	@ 0x70
10001fc0:	6763      	str	r3, [r4, #116]	@ 0x74
10001fc2:	67a3      	str	r3, [r4, #120]	@ 0x78
10001fc4:	67e3      	str	r3, [r4, #124]	@ 0x7c
10001fc6:	64a3      	str	r3, [r4, #72]	@ 0x48
10001fc8:	e7d1      	b.n	10001f6e <__aeabi_double_init+0x2a>
10001fca:	4b06      	ldr	r3, [pc, #24]	@ (10001fe4 <__aeabi_double_init+0xa0>)
10001fcc:	64a3      	str	r3, [r4, #72]	@ 0x48
10001fce:	e7ce      	b.n	10001f6e <__aeabi_double_init+0x2a>
10001fd0:	00004453 	.word	0x00004453
10001fd4:	00004653 	.word	0x00004653
10001fd8:	200013c0 	.word	0x200013c0
10001fdc:	0000334c 	.word	0x0000334c
10001fe0:	20001d5c 	.word	0x20001d5c
10001fe4:	10001fe9 	.word	0x10001fe9

10001fe8 <double_table_shim_on_use_helper>:
10001fe8:	b507      	push	{r0, r1, r2, lr}
10001fea:	4660      	mov	r0, ip
10001fec:	8801      	ldrh	r1, [r0, #0]
10001fee:	0a0a      	lsrs	r2, r1, #8
10001ff0:	3002      	adds	r0, #2
10001ff2:	2adf      	cmp	r2, #223	@ 0xdf
10001ff4:	d1fa      	bne.n	10001fec <double_table_shim_on_use_helper+0x4>
10001ff6:	b2c9      	uxtb	r1, r1
10001ff8:	0882      	lsrs	r2, r0, #2
10001ffa:	d304      	bcc.n	10002006 <double_table_shim_on_use_helper+0x1e>
10001ffc:	8802      	ldrh	r2, [r0, #0]
10001ffe:	8840      	ldrh	r0, [r0, #2]
10002000:	0400      	lsls	r0, r0, #16
10002002:	4310      	orrs	r0, r2
10002004:	e000      	b.n	10002008 <double_table_shim_on_use_helper+0x20>
10002006:	6800      	ldr	r0, [r0, #0]
10002008:	4a01      	ldr	r2, [pc, #4]	@ (10002010 <double_table_shim_on_use_helper+0x28>)
1000200a:	5050      	str	r0, [r2, r1]
1000200c:	9003      	str	r0, [sp, #12]
1000200e:	bd07      	pop	{r0, r1, r2, pc}
10002010:	200013c0 	.word	0x200013c0

10002014 <drsub_shim>:
10002014:	b40f      	push	{r0, r1, r2, r3}
10002016:	bc03      	pop	{r0, r1}
10002018:	bc0c      	pop	{r2, r3}

1000201a <dsub_shim>:
1000201a:	b5f0      	push	{r4, r5, r6, r7, lr}
1000201c:	2401      	movs	r4, #1
1000201e:	07e4      	lsls	r4, r4, #31
10002020:	4063      	eors	r3, r4
10002022:	e000      	b.n	10002026 <da_entry>

10002024 <dadd_shim>:
10002024:	b5f0      	push	{r4, r5, r6, r7, lr}

10002026 <da_entry>:
10002026:	0d0c      	lsrs	r4, r1, #20
10002028:	0fcf      	lsrs	r7, r1, #31
1000202a:	1e66      	subs	r6, r4, #1
1000202c:	0536      	lsls	r6, r6, #20
1000202e:	1b89      	subs	r1, r1, r6
10002030:	0564      	lsls	r4, r4, #21
10002032:	d303      	bcc.n	1000203c <l8_1>
10002034:	43c9      	mvns	r1, r1
10002036:	4240      	negs	r0, r0
10002038:	d300      	bcc.n	1000203c <l8_1>
1000203a:	3101      	adds	r1, #1

1000203c <l8_1>:
1000203c:	0d64      	lsrs	r4, r4, #21
1000203e:	d003      	beq.n	10002048 <l8_2>
10002040:	1c66      	adds	r6, r4, #1
10002042:	0af6      	lsrs	r6, r6, #11
10002044:	d007      	beq.n	10002056 <l8_3>
10002046:	1be4      	subs	r4, r4, r7

10002048 <l8_2>:
10002048:	2000      	movs	r0, #0
1000204a:	007f      	lsls	r7, r7, #1
1000204c:	1c79      	adds	r1, r7, #1
1000204e:	0789      	lsls	r1, r1, #30
10002050:	1289      	asrs	r1, r1, #10
10002052:	3c80      	subs	r4, #128	@ 0x80
10002054:	0324      	lsls	r4, r4, #12

10002056 <l8_3>:
10002056:	0d1d      	lsrs	r5, r3, #20
10002058:	0fdf      	lsrs	r7, r3, #31
1000205a:	1e6e      	subs	r6, r5, #1
1000205c:	0536      	lsls	r6, r6, #20
1000205e:	1b9b      	subs	r3, r3, r6
10002060:	056d      	lsls	r5, r5, #21
10002062:	d303      	bcc.n	1000206c <l9_1>
10002064:	43db      	mvns	r3, r3
10002066:	4252      	negs	r2, r2
10002068:	d300      	bcc.n	1000206c <l9_1>
1000206a:	3301      	adds	r3, #1

1000206c <l9_1>:
1000206c:	0d6d      	lsrs	r5, r5, #21
1000206e:	d003      	beq.n	10002078 <l9_2>
10002070:	1c6e      	adds	r6, r5, #1
10002072:	0af6      	lsrs	r6, r6, #11
10002074:	d007      	beq.n	10002086 <l9_3>
10002076:	1bed      	subs	r5, r5, r7

10002078 <l9_2>:
10002078:	2200      	movs	r2, #0
1000207a:	007f      	lsls	r7, r7, #1
1000207c:	1c7b      	adds	r3, r7, #1
1000207e:	079b      	lsls	r3, r3, #30
10002080:	129b      	asrs	r3, r3, #10
10002082:	3d80      	subs	r5, #128	@ 0x80
10002084:	032d      	lsls	r5, r5, #12

10002086 <l9_3>:
10002086:	1b2f      	subs	r7, r5, r4
10002088:	1b66      	subs	r6, r4, r5
1000208a:	d458      	bmi.n	1000213e <da_ygtx>
1000208c:	46a4      	mov	ip, r4
1000208e:	2e20      	cmp	r6, #32
10002090:	da46      	bge.n	10002120 <da_xrgty>
10002092:	3720      	adds	r7, #32
10002094:	0014      	movs	r4, r2
10002096:	40bc      	lsls	r4, r7

10002098 <da_xgty0>:
10002098:	001d      	movs	r5, r3
1000209a:	40bd      	lsls	r5, r7
1000209c:	40f2      	lsrs	r2, r6
1000209e:	4133      	asrs	r3, r6
100020a0:	432a      	orrs	r2, r5

100020a2 <da_add>:
100020a2:	1880      	adds	r0, r0, r2
100020a4:	4159      	adcs	r1, r3

100020a6 <da_pack>:
100020a6:	0fcb      	lsrs	r3, r1, #31
100020a8:	d005      	beq.n	100020b6 <da_pack+0x10>
100020aa:	43c9      	mvns	r1, r1
100020ac:	43c0      	mvns	r0, r0
100020ae:	2200      	movs	r2, #0
100020b0:	4264      	negs	r4, r4
100020b2:	4150      	adcs	r0, r2
100020b4:	4151      	adcs	r1, r2
100020b6:	4662      	mov	r2, ip
100020b8:	0d4d      	lsrs	r5, r1, #21
100020ba:	d128      	bne.n	1000210e <da_0>
100020bc:	0d0d      	lsrs	r5, r1, #20
100020be:	d107      	bne.n	100020d0 <da_1>
100020c0:	2800      	cmp	r0, #0
100020c2:	d01f      	beq.n	10002104 <da_5>

100020c4 <da_2>:
100020c4:	1924      	adds	r4, r4, r4
100020c6:	4140      	adcs	r0, r0
100020c8:	4149      	adcs	r1, r1
100020ca:	3a01      	subs	r2, #1
100020cc:	0d0d      	lsrs	r5, r1, #20
100020ce:	d0f9      	beq.n	100020c4 <da_2>

100020d0 <da_1>:
100020d0:	0064      	lsls	r4, r4, #1
100020d2:	d306      	bcc.n	100020e2 <da_3>

100020d4 <da_4>:
100020d4:	3001      	adds	r0, #1
100020d6:	d300      	bcc.n	100020da <da_4+0x6>
100020d8:	3101      	adds	r1, #1
100020da:	2c00      	cmp	r4, #0
100020dc:	d101      	bne.n	100020e2 <da_3>
100020de:	0840      	lsrs	r0, r0, #1
100020e0:	0040      	lsls	r0, r0, #1

100020e2 <da_3>:
100020e2:	3a01      	subs	r2, #1
100020e4:	d40b      	bmi.n	100020fe <da_6>
100020e6:	1c94      	adds	r4, r2, #2
100020e8:	0ae4      	lsrs	r4, r4, #11
100020ea:	d104      	bne.n	100020f6 <da_7>
100020ec:	0512      	lsls	r2, r2, #20
100020ee:	4411      	add	r1, r2
100020f0:	07db      	lsls	r3, r3, #31
100020f2:	4419      	add	r1, r3
100020f4:	bdf0      	pop	{r4, r5, r6, r7, pc}

100020f6 <da_7>:
100020f6:	07d9      	lsls	r1, r3, #31
100020f8:	4b20      	ldr	r3, [pc, #128]	@ (1000217c <da_xmgty+0x4>)
100020fa:	4319      	orrs	r1, r3
100020fc:	e000      	b.n	10002100 <da_6+0x2>

100020fe <da_6>:
100020fe:	07d9      	lsls	r1, r3, #31
10002100:	2000      	movs	r0, #0
10002102:	bdf0      	pop	{r4, r5, r6, r7, pc}

10002104 <da_5>:
10002104:	2900      	cmp	r1, #0
10002106:	d1dd      	bne.n	100020c4 <da_2>
10002108:	2c00      	cmp	r4, #0
1000210a:	d1db      	bne.n	100020c4 <da_2>
1000210c:	bdf0      	pop	{r4, r5, r6, r7, pc}

1000210e <da_0>:
1000210e:	3201      	adds	r2, #1
10002110:	07c6      	lsls	r6, r0, #31
10002112:	0840      	lsrs	r0, r0, #1
10002114:	07cd      	lsls	r5, r1, #31
10002116:	4328      	orrs	r0, r5
10002118:	0849      	lsrs	r1, r1, #1
1000211a:	2e00      	cmp	r6, #0
1000211c:	d0e1      	beq.n	100020e2 <da_3>
1000211e:	e7d9      	b.n	100020d4 <da_4>

10002120 <da_xrgty>:
10002120:	2e3c      	cmp	r6, #60	@ 0x3c
10002122:	da29      	bge.n	10002178 <da_xmgty>
10002124:	3e20      	subs	r6, #32
10002126:	3740      	adds	r7, #64	@ 0x40
10002128:	0014      	movs	r4, r2
1000212a:	40bc      	lsls	r4, r7
1000212c:	d000      	beq.n	10002130 <da_xrgty+0x10>
1000212e:	2401      	movs	r4, #1
10002130:	40f2      	lsrs	r2, r6
10002132:	4314      	orrs	r4, r2
10002134:	001a      	movs	r2, r3
10002136:	40bb      	lsls	r3, r7
10002138:	431c      	orrs	r4, r3
1000213a:	17d3      	asrs	r3, r2, #31
1000213c:	e7ac      	b.n	10002098 <da_xgty0>

1000213e <da_ygtx>:
1000213e:	46ac      	mov	ip, r5
10002140:	2f20      	cmp	r7, #32
10002142:	da08      	bge.n	10002156 <da_yrgtx>
10002144:	3620      	adds	r6, #32
10002146:	0004      	movs	r4, r0
10002148:	40b4      	lsls	r4, r6

1000214a <da_ygtx0>:
1000214a:	000d      	movs	r5, r1
1000214c:	40b5      	lsls	r5, r6
1000214e:	40f8      	lsrs	r0, r7
10002150:	4139      	asrs	r1, r7
10002152:	4328      	orrs	r0, r5
10002154:	e7a5      	b.n	100020a2 <da_add>

10002156 <da_yrgtx>:
10002156:	2f3c      	cmp	r7, #60	@ 0x3c
10002158:	da0c      	bge.n	10002174 <da_ymgtx>
1000215a:	3f20      	subs	r7, #32
1000215c:	3640      	adds	r6, #64	@ 0x40
1000215e:	0004      	movs	r4, r0
10002160:	40b4      	lsls	r4, r6
10002162:	d000      	beq.n	10002166 <da_yrgtx+0x10>
10002164:	2401      	movs	r4, #1
10002166:	40f8      	lsrs	r0, r7
10002168:	4304      	orrs	r4, r0
1000216a:	0008      	movs	r0, r1
1000216c:	40b1      	lsls	r1, r6
1000216e:	430c      	orrs	r4, r1
10002170:	17c1      	asrs	r1, r0, #31
10002172:	e7ea      	b.n	1000214a <da_ygtx0>

10002174 <da_ymgtx>:
10002174:	0010      	movs	r0, r2
10002176:	0019      	movs	r1, r3

10002178 <da_xmgty>:
10002178:	2400      	movs	r4, #0
1000217a:	e794      	b.n	100020a6 <da_pack>
1000217c:	7ff00000 	.word	0x7ff00000

10002180 <dmul_shim>:
10002180:	b5f0      	push	{r4, r5, r6, r7, lr}
10002182:	0d0c      	lsrs	r4, r1, #20
10002184:	1e66      	subs	r6, r4, #1
10002186:	0536      	lsls	r6, r6, #20
10002188:	1b89      	subs	r1, r1, r6
1000218a:	0ae6      	lsrs	r6, r4, #11
1000218c:	0564      	lsls	r4, r4, #21
1000218e:	0d64      	lsrs	r4, r4, #21
10002190:	d002      	beq.n	10002198 <l12_1>
10002192:	1c65      	adds	r5, r4, #1
10002194:	0aed      	lsrs	r5, r5, #11
10002196:	d004      	beq.n	100021a2 <l12_2>

10002198 <l12_1>:
10002198:	2000      	movs	r0, #0
1000219a:	2101      	movs	r1, #1
1000219c:	0509      	lsls	r1, r1, #20
1000219e:	3c80      	subs	r4, #128	@ 0x80
100021a0:	0324      	lsls	r4, r4, #12

100021a2 <l12_2>:
100021a2:	46a4      	mov	ip, r4
100021a4:	0d1c      	lsrs	r4, r3, #20
100021a6:	1e67      	subs	r7, r4, #1
100021a8:	053f      	lsls	r7, r7, #20
100021aa:	1bdb      	subs	r3, r3, r7
100021ac:	0ae7      	lsrs	r7, r4, #11
100021ae:	0564      	lsls	r4, r4, #21
100021b0:	0d64      	lsrs	r4, r4, #21
100021b2:	d002      	beq.n	100021ba <l13_1>
100021b4:	1c65      	adds	r5, r4, #1
100021b6:	0aed      	lsrs	r5, r5, #11
100021b8:	d004      	beq.n	100021c4 <l13_2>

100021ba <l13_1>:
100021ba:	2200      	movs	r2, #0
100021bc:	2301      	movs	r3, #1
100021be:	051b      	lsls	r3, r3, #20
100021c0:	3c80      	subs	r4, #128	@ 0x80
100021c2:	0324      	lsls	r4, r4, #12

100021c4 <l13_2>:
100021c4:	4077      	eors	r7, r6
100021c6:	4464      	add	r4, ip
100021c8:	b497      	push	{r0, r1, r2, r4, r7}
100021ca:	b284      	uxth	r4, r0
100021cc:	b296      	uxth	r6, r2
100021ce:	4374      	muls	r4, r6
100021d0:	0c07      	lsrs	r7, r0, #16
100021d2:	437e      	muls	r6, r7
100021d4:	0c15      	lsrs	r5, r2, #16
100021d6:	436f      	muls	r7, r5
100021d8:	b280      	uxth	r0, r0
100021da:	4368      	muls	r0, r5
100021dc:	1836      	adds	r6, r6, r0
100021de:	d302      	bcc.n	100021e6 <l14_1>
100021e0:	2001      	movs	r0, #1
100021e2:	0400      	lsls	r0, r0, #16
100021e4:	183f      	adds	r7, r7, r0

100021e6 <l14_1>:
100021e6:	0430      	lsls	r0, r6, #16
100021e8:	0c35      	lsrs	r5, r6, #16
100021ea:	1900      	adds	r0, r0, r4
100021ec:	417d      	adcs	r5, r7
100021ee:	4684      	mov	ip, r0
100021f0:	b288      	uxth	r0, r1
100021f2:	b29a      	uxth	r2, r3
100021f4:	4350      	muls	r0, r2
100021f6:	0c0c      	lsrs	r4, r1, #16
100021f8:	4362      	muls	r2, r4
100021fa:	0c1f      	lsrs	r7, r3, #16
100021fc:	437c      	muls	r4, r7
100021fe:	b28e      	uxth	r6, r1
10002200:	437e      	muls	r6, r7
10002202:	1992      	adds	r2, r2, r6
10002204:	d302      	bcc.n	1000220c <l15_1>
10002206:	2601      	movs	r6, #1
10002208:	0436      	lsls	r6, r6, #16
1000220a:	19a4      	adds	r4, r4, r6

1000220c <l15_1>:
1000220c:	0416      	lsls	r6, r2, #16
1000220e:	0c17      	lsrs	r7, r2, #16
10002210:	1836      	adds	r6, r6, r0
10002212:	4167      	adcs	r7, r4
10002214:	bc01      	pop	{r0}
10002216:	b281      	uxth	r1, r0
10002218:	b29a      	uxth	r2, r3
1000221a:	4351      	muls	r1, r2
1000221c:	0c04      	lsrs	r4, r0, #16
1000221e:	4362      	muls	r2, r4
10002220:	0c1b      	lsrs	r3, r3, #16
10002222:	435c      	muls	r4, r3
10002224:	b280      	uxth	r0, r0
10002226:	4358      	muls	r0, r3
10002228:	1812      	adds	r2, r2, r0
1000222a:	d302      	bcc.n	10002232 <l16_1>
1000222c:	2001      	movs	r0, #1
1000222e:	0400      	lsls	r0, r0, #16
10002230:	1824      	adds	r4, r4, r0

10002232 <l16_1>:
10002232:	0410      	lsls	r0, r2, #16
10002234:	0c13      	lsrs	r3, r2, #16
10002236:	1840      	adds	r0, r0, r1
10002238:	4163      	adcs	r3, r4
1000223a:	182d      	adds	r5, r5, r0
1000223c:	415e      	adcs	r6, r3
1000223e:	2000      	movs	r0, #0
10002240:	4147      	adcs	r7, r0
10002242:	bc06      	pop	{r1, r2}
10002244:	b288      	uxth	r0, r1
10002246:	b293      	uxth	r3, r2
10002248:	4358      	muls	r0, r3
1000224a:	0c0c      	lsrs	r4, r1, #16
1000224c:	4363      	muls	r3, r4
1000224e:	0c12      	lsrs	r2, r2, #16
10002250:	4354      	muls	r4, r2
10002252:	b289      	uxth	r1, r1
10002254:	4351      	muls	r1, r2
10002256:	185b      	adds	r3, r3, r1
10002258:	d302      	bcc.n	10002260 <l17_1>
1000225a:	2101      	movs	r1, #1
1000225c:	0409      	lsls	r1, r1, #16
1000225e:	1864      	adds	r4, r4, r1

10002260 <l17_1>:
10002260:	0419      	lsls	r1, r3, #16
10002262:	0c1a      	lsrs	r2, r3, #16
10002264:	1809      	adds	r1, r1, r0
10002266:	4162      	adcs	r2, r4
10002268:	186d      	adds	r5, r5, r1
1000226a:	4156      	adcs	r6, r2
1000226c:	2000      	movs	r0, #0
1000226e:	4147      	adcs	r7, r0
10002270:	bc18      	pop	{r3, r4}
10002272:	02f9      	lsls	r1, r7, #11
10002274:	0d72      	lsrs	r2, r6, #21
10002276:	4311      	orrs	r1, r2
10002278:	02f0      	lsls	r0, r6, #11
1000227a:	0d6a      	lsrs	r2, r5, #21
1000227c:	4310      	orrs	r0, r2
1000227e:	02ed      	lsls	r5, r5, #11
10002280:	0d0a      	lsrs	r2, r1, #20
10002282:	d103      	bne.n	1000228c <l17_1+0x2c>
10002284:	196d      	adds	r5, r5, r5
10002286:	4140      	adcs	r0, r0
10002288:	4149      	adcs	r1, r1
1000228a:	3b01      	subs	r3, #1
1000228c:	4e12      	ldr	r6, [pc, #72]	@ (100022d8 <dm_1+0xa>)
1000228e:	1b9b      	subs	r3, r3, r6
10002290:	0076      	lsls	r6, r6, #1
10002292:	42b3      	cmp	r3, r6
10002294:	d20e      	bcs.n	100022b4 <dm_0>
10002296:	006d      	lsls	r5, r5, #1
10002298:	d307      	bcc.n	100022aa <l17_1+0x4a>
1000229a:	3001      	adds	r0, #1
1000229c:	2600      	movs	r6, #0
1000229e:	4171      	adcs	r1, r6
100022a0:	4666      	mov	r6, ip
100022a2:	4335      	orrs	r5, r6
100022a4:	d101      	bne.n	100022aa <l17_1+0x4a>
100022a6:	0840      	lsrs	r0, r0, #1
100022a8:	0040      	lsls	r0, r0, #1
100022aa:	051b      	lsls	r3, r3, #20
100022ac:	18c9      	adds	r1, r1, r3

100022ae <dm_2>:
100022ae:	07e4      	lsls	r4, r4, #31
100022b0:	4421      	add	r1, r4
100022b2:	bdf0      	pop	{r4, r5, r6, r7, pc}

100022b4 <dm_0>:
100022b4:	da0b      	bge.n	100022ce <dm_1>
100022b6:	3301      	adds	r3, #1
100022b8:	d106      	bne.n	100022c8 <dm_0+0x14>
100022ba:	3001      	adds	r0, #1
100022bc:	d104      	bne.n	100022c8 <dm_0+0x14>
100022be:	3101      	adds	r1, #1
100022c0:	0d4f      	lsrs	r7, r1, #21
100022c2:	d001      	beq.n	100022c8 <dm_0+0x14>
100022c4:	0849      	lsrs	r1, r1, #1
100022c6:	e7f2      	b.n	100022ae <dm_2>
100022c8:	07e1      	lsls	r1, r4, #31
100022ca:	2000      	movs	r0, #0
100022cc:	bdf0      	pop	{r4, r5, r6, r7, pc}

100022ce <dm_1>:
100022ce:	3601      	adds	r6, #1
100022d0:	0531      	lsls	r1, r6, #20
100022d2:	2000      	movs	r0, #0
100022d4:	e7eb      	b.n	100022ae <dm_2>
100022d6:	0000      	.short	0x0000
100022d8:	000003ff 	.word	0x000003ff

100022dc <ddiv_shim>:
100022dc:	b5f0      	push	{r4, r5, r6, r7, lr}

100022de <ddiv0>:
100022de:	0d1c      	lsrs	r4, r3, #20
100022e0:	1e67      	subs	r7, r4, #1
100022e2:	053f      	lsls	r7, r7, #20
100022e4:	1bdb      	subs	r3, r3, r7
100022e6:	0ae7      	lsrs	r7, r4, #11
100022e8:	0564      	lsls	r4, r4, #21
100022ea:	0d64      	lsrs	r4, r4, #21
100022ec:	d002      	beq.n	100022f4 <l20_1>
100022ee:	1c66      	adds	r6, r4, #1
100022f0:	0af6      	lsrs	r6, r6, #11
100022f2:	d004      	beq.n	100022fe <l20_2>

100022f4 <l20_1>:
100022f4:	2200      	movs	r2, #0
100022f6:	2301      	movs	r3, #1
100022f8:	051b      	lsls	r3, r3, #20
100022fa:	3c80      	subs	r4, #128	@ 0x80
100022fc:	0324      	lsls	r4, r4, #12

100022fe <l20_2>:
100022fe:	25d0      	movs	r5, #208	@ 0xd0
10002300:	062d      	lsls	r5, r5, #24
10002302:	2600      	movs	r6, #0
10002304:	43f6      	mvns	r6, r6
10002306:	662e      	str	r6, [r5, #96]	@ 0x60
10002308:	091e      	lsrs	r6, r3, #4
1000230a:	666e      	str	r6, [r5, #100]	@ 0x64
1000230c:	0fce      	lsrs	r6, r1, #31
1000230e:	19f6      	adds	r6, r6, r7
10002310:	46b4      	mov	ip, r6
10002312:	0049      	lsls	r1, r1, #1
10002314:	0d4f      	lsrs	r7, r1, #21
10002316:	d002      	beq.n	1000231e <l20_2+0x20>
10002318:	1c7e      	adds	r6, r7, #1
1000231a:	0af6      	lsrs	r6, r6, #11
1000231c:	d003      	beq.n	10002326 <l20_2+0x28>
1000231e:	2000      	movs	r0, #0
10002320:	2100      	movs	r1, #0
10002322:	3f40      	subs	r7, #64	@ 0x40
10002324:	033f      	lsls	r7, r7, #12
10002326:	1b3e      	subs	r6, r7, r4
10002328:	00b6      	lsls	r6, r6, #2
1000232a:	44b4      	add	ip, r6
1000232c:	3f01      	subs	r7, #1
1000232e:	057f      	lsls	r7, r7, #21
10002330:	1bc9      	subs	r1, r1, r7
10002332:	0849      	lsrs	r1, r1, #1
10002334:	6f2e      	ldr	r6, [r5, #112]	@ 0x70
10002336:	3601      	adds	r6, #1
10002338:	0876      	lsrs	r6, r6, #1
1000233a:	029c      	lsls	r4, r3, #10
1000233c:	0d95      	lsrs	r5, r2, #22
1000233e:	4325      	orrs	r5, r4
10002340:	4375      	muls	r5, r6
10002342:	13ed      	asrs	r5, r5, #15
10002344:	4375      	muls	r5, r6
10002346:	13ad      	asrs	r5, r5, #14
10002348:	3501      	adds	r5, #1
1000234a:	106d      	asrs	r5, r5, #1
1000234c:	03f6      	lsls	r6, r6, #15
1000234e:	1b76      	subs	r6, r6, r5
10002350:	b40c      	push	{r2, r3}
10002352:	02cc      	lsls	r4, r1, #11
10002354:	0d45      	lsrs	r5, r0, #21
10002356:	432c      	orrs	r4, r5
10002358:	b2a2      	uxth	r2, r4
1000235a:	b2b3      	uxth	r3, r6
1000235c:	435a      	muls	r2, r3
1000235e:	0c27      	lsrs	r7, r4, #16
10002360:	437b      	muls	r3, r7
10002362:	0c35      	lsrs	r5, r6, #16
10002364:	436f      	muls	r7, r5
10002366:	b2a4      	uxth	r4, r4
10002368:	436c      	muls	r4, r5
1000236a:	191b      	adds	r3, r3, r4
1000236c:	d302      	bcc.n	10002374 <l21_1>
1000236e:	2401      	movs	r4, #1
10002370:	0424      	lsls	r4, r4, #16
10002372:	193f      	adds	r7, r7, r4

10002374 <l21_1>:
10002374:	041c      	lsls	r4, r3, #16
10002376:	0c1d      	lsrs	r5, r3, #16
10002378:	18a4      	adds	r4, r4, r2
1000237a:	417d      	adcs	r5, r7
1000237c:	1924      	adds	r4, r4, r4
1000237e:	416d      	adcs	r5, r5
10002380:	9a00      	ldr	r2, [sp, #0]
10002382:	b291      	uxth	r1, r2
10002384:	b2ac      	uxth	r4, r5
10002386:	4361      	muls	r1, r4
10002388:	0c17      	lsrs	r7, r2, #16
1000238a:	437c      	muls	r4, r7
1000238c:	0c2b      	lsrs	r3, r5, #16
1000238e:	435f      	muls	r7, r3
10002390:	b292      	uxth	r2, r2
10002392:	435a      	muls	r2, r3
10002394:	18a4      	adds	r4, r4, r2
10002396:	d302      	bcc.n	1000239e <l22_1>
10002398:	2201      	movs	r2, #1
1000239a:	0412      	lsls	r2, r2, #16
1000239c:	18bf      	adds	r7, r7, r2

1000239e <l22_1>:
1000239e:	0422      	lsls	r2, r4, #16
100023a0:	0c23      	lsrs	r3, r4, #16
100023a2:	1852      	adds	r2, r2, r1
100023a4:	417b      	adcs	r3, r7
100023a6:	9c01      	ldr	r4, [sp, #4]
100023a8:	436c      	muls	r4, r5
100023aa:	191b      	adds	r3, r3, r4
100023ac:	0e52      	lsrs	r2, r2, #25
100023ae:	01d9      	lsls	r1, r3, #7
100023b0:	430a      	orrs	r2, r1
100023b2:	0144      	lsls	r4, r0, #5
100023b4:	1aa0      	subs	r0, r4, r2
100023b6:	b281      	uxth	r1, r0
100023b8:	b2b2      	uxth	r2, r6
100023ba:	4351      	muls	r1, r2
100023bc:	1403      	asrs	r3, r0, #16
100023be:	435a      	muls	r2, r3
100023c0:	0c36      	lsrs	r6, r6, #16
100023c2:	4373      	muls	r3, r6
100023c4:	b287      	uxth	r7, r0
100023c6:	4377      	muls	r7, r6
100023c8:	17d6      	asrs	r6, r2, #31
100023ca:	19d2      	adds	r2, r2, r7
100023cc:	2700      	movs	r7, #0
100023ce:	417e      	adcs	r6, r7
100023d0:	0436      	lsls	r6, r6, #16
100023d2:	199b      	adds	r3, r3, r6
100023d4:	0417      	lsls	r7, r2, #16
100023d6:	0c16      	lsrs	r6, r2, #16
100023d8:	187f      	adds	r7, r7, r1
100023da:	415e      	adcs	r6, r3
100023dc:	1673      	asrs	r3, r6, #25
100023de:	18ed      	adds	r5, r5, r3
100023e0:	01f3      	lsls	r3, r6, #7
100023e2:	2600      	movs	r6, #0
100023e4:	3380      	adds	r3, #128	@ 0x80
100023e6:	4175      	adcs	r5, r6
100023e8:	0fa9      	lsrs	r1, r5, #30
100023ea:	d106      	bne.n	100023fa <dd_0>
100023ec:	0064      	lsls	r4, r4, #1
100023ee:	0a69      	lsrs	r1, r5, #9
100023f0:	05e8      	lsls	r0, r5, #23
100023f2:	0a5b      	lsrs	r3, r3, #9
100023f4:	4318      	orrs	r0, r3
100023f6:	d209      	bcs.n	1000240c <dd_1>
100023f8:	e02f      	b.n	1000245a <dd_2>

100023fa <dd_0>:
100023fa:	2204      	movs	r2, #4
100023fc:	4494      	add	ip, r2
100023fe:	3380      	adds	r3, #128	@ 0x80
10002400:	4175      	adcs	r5, r6
10002402:	0aa9      	lsrs	r1, r5, #10
10002404:	05a8      	lsls	r0, r5, #22
10002406:	0a9b      	lsrs	r3, r3, #10
10002408:	4318      	orrs	r0, r3
1000240a:	d326      	bcc.n	1000245a <dd_2>

1000240c <dd_1>:
1000240c:	4140      	adcs	r0, r0
1000240e:	4149      	adcs	r1, r1
10002410:	0424      	lsls	r4, r4, #16
10002412:	9a00      	ldr	r2, [sp, #0]
10002414:	9b01      	ldr	r3, [sp, #4]
10002416:	000d      	movs	r5, r1
10002418:	4355      	muls	r5, r2
1000241a:	1b64      	subs	r4, r4, r5
1000241c:	4343      	muls	r3, r0
1000241e:	1ae4      	subs	r4, r4, r3
10002420:	b295      	uxth	r5, r2
10002422:	b286      	uxth	r6, r0
10002424:	4375      	muls	r5, r6
10002426:	0c17      	lsrs	r7, r2, #16
10002428:	437e      	muls	r6, r7
1000242a:	0c03      	lsrs	r3, r0, #16
1000242c:	435f      	muls	r7, r3
1000242e:	b292      	uxth	r2, r2
10002430:	435a      	muls	r2, r3
10002432:	18b6      	adds	r6, r6, r2
10002434:	d302      	bcc.n	1000243c <l24_1>
10002436:	2201      	movs	r2, #1
10002438:	0412      	lsls	r2, r2, #16
1000243a:	18bf      	adds	r7, r7, r2

1000243c <l24_1>:
1000243c:	0432      	lsls	r2, r6, #16
1000243e:	0c33      	lsrs	r3, r6, #16
10002440:	1952      	adds	r2, r2, r5
10002442:	417b      	adcs	r3, r7
10002444:	4252      	negs	r2, r2
10002446:	419c      	sbcs	r4, r3
10002448:	2c00      	cmp	r4, #0
1000244a:	d402      	bmi.n	10002452 <l24_1+0x16>
1000244c:	2200      	movs	r2, #0
1000244e:	3001      	adds	r0, #1
10002450:	4151      	adcs	r1, r2
10002452:	0840      	lsrs	r0, r0, #1
10002454:	07ca      	lsls	r2, r1, #31
10002456:	4310      	orrs	r0, r2
10002458:	0849      	lsrs	r1, r1, #1

1000245a <dd_2>:
1000245a:	b002      	add	sp, #8
1000245c:	4662      	mov	r2, ip
1000245e:	07d7      	lsls	r7, r2, #31
10002460:	1092      	asrs	r2, r2, #2
10002462:	4b08      	ldr	r3, [pc, #32]	@ (10002484 <dd_4+0x6>)
10002464:	18d2      	adds	r2, r2, r3
10002466:	4b08      	ldr	r3, [pc, #32]	@ (10002488 <dd_4+0xa>)
10002468:	429a      	cmp	r2, r3
1000246a:	d203      	bcs.n	10002474 <dd_3>
1000246c:	0512      	lsls	r2, r2, #20
1000246e:	1889      	adds	r1, r1, r2

10002470 <dd_5>:
10002470:	19c9      	adds	r1, r1, r7
10002472:	bdf0      	pop	{r4, r5, r6, r7, pc}

10002474 <dd_3>:
10002474:	2000      	movs	r0, #0
10002476:	2a00      	cmp	r2, #0
10002478:	dc01      	bgt.n	1000247e <dd_4>
1000247a:	0039      	movs	r1, r7
1000247c:	bdf0      	pop	{r4, r5, r6, r7, pc}

1000247e <dd_4>:
1000247e:	3301      	adds	r3, #1
10002480:	0519      	lsls	r1, r3, #20
10002482:	e7f5      	b.n	10002470 <dd_5>
10002484:	000003fd 	.word	0x000003fd
10002488:	000007fe 	.word	0x000007fe

1000248c <double2uint_shim>:
1000248c:	2200      	movs	r2, #0

1000248e <double2ufix_shim>:
1000248e:	b500      	push	{lr}
10002490:	3220      	adds	r2, #32
10002492:	f000 f804 	bl	1000249e <double2ufix64_shim>
10002496:	0008      	movs	r0, r1
10002498:	bd00      	pop	{pc}
	...

1000249c <double2uint64_shim>:
1000249c:	2200      	movs	r2, #0

1000249e <double2ufix64_shim>:
1000249e:	150b      	asrs	r3, r1, #20
100024a0:	d40a      	bmi.n	100024b8 <ret_dzero>

100024a2 <d2fix>:
100024a2:	b510      	push	{r4, lr}
100024a4:	4694      	mov	ip, r2
100024a6:	f000 f831 	bl	1000250c <dunpacks>
100024aa:	1414      	asrs	r4, r2, #16
100024ac:	3401      	adds	r4, #1
100024ae:	da00      	bge.n	100024b2 <d2fix+0x10>
100024b0:	2100      	movs	r1, #0
100024b2:	17cb      	asrs	r3, r1, #31
100024b4:	4c14      	ldr	r4, [pc, #80]	@ (10002508 <d2fix_a+0x4a>)
100024b6:	4720      	bx	r4

100024b8 <ret_dzero>:
100024b8:	2000      	movs	r0, #0
100024ba:	2100      	movs	r1, #0
100024bc:	4770      	bx	lr

100024be <d2fix_a>:
100024be:	4462      	add	r2, ip
100024c0:	3a34      	subs	r2, #52	@ 0x34
100024c2:	d40c      	bmi.n	100024de <d2fix_a+0x20>
100024c4:	2a0c      	cmp	r2, #12
100024c6:	da07      	bge.n	100024d8 <d2fix_a+0x1a>
100024c8:	0004      	movs	r4, r0
100024ca:	4091      	lsls	r1, r2
100024cc:	4090      	lsls	r0, r2
100024ce:	4252      	negs	r2, r2
100024d0:	3220      	adds	r2, #32
100024d2:	40d4      	lsrs	r4, r2
100024d4:	4321      	orrs	r1, r4
100024d6:	bd10      	pop	{r4, pc}
100024d8:	43d8      	mvns	r0, r3
100024da:	43d9      	mvns	r1, r3
100024dc:	bd10      	pop	{r4, pc}
100024de:	3220      	adds	r2, #32
100024e0:	d407      	bmi.n	100024f2 <d2fix_a+0x34>
100024e2:	460c      	mov	r4, r1
100024e4:	4094      	lsls	r4, r2
100024e6:	4252      	negs	r2, r2
100024e8:	3220      	adds	r2, #32
100024ea:	4111      	asrs	r1, r2
100024ec:	40d0      	lsrs	r0, r2
100024ee:	4320      	orrs	r0, r4
100024f0:	bd10      	pop	{r4, pc}
100024f2:	0008      	movs	r0, r1
100024f4:	17c9      	asrs	r1, r1, #31
100024f6:	3220      	adds	r2, #32
100024f8:	d403      	bmi.n	10002502 <d2fix_a+0x44>
100024fa:	4252      	negs	r2, r2
100024fc:	3220      	adds	r2, #32
100024fe:	4110      	asrs	r0, r2
10002500:	bd10      	pop	{r4, pc}
10002502:	0018      	movs	r0, r3
10002504:	0019      	movs	r1, r3
10002506:	bd10      	pop	{r4, pc}
10002508:	100024bf 	.word	0x100024bf

1000250c <dunpacks>:
1000250c:	0d0a      	lsrs	r2, r1, #20
1000250e:	0fcc      	lsrs	r4, r1, #31
10002510:	1e53      	subs	r3, r2, #1
10002512:	051b      	lsls	r3, r3, #20
10002514:	1ac9      	subs	r1, r1, r3
10002516:	0552      	lsls	r2, r2, #21
10002518:	d303      	bcc.n	10002522 <l60_1>
1000251a:	43c9      	mvns	r1, r1
1000251c:	4240      	negs	r0, r0
1000251e:	d300      	bcc.n	10002522 <l60_1>
10002520:	3101      	adds	r1, #1

10002522 <l60_1>:
10002522:	0d52      	lsrs	r2, r2, #21
10002524:	d003      	beq.n	1000252e <l60_2>
10002526:	1c53      	adds	r3, r2, #1
10002528:	0adb      	lsrs	r3, r3, #11
1000252a:	d007      	beq.n	1000253c <l60_3>
1000252c:	1b12      	subs	r2, r2, r4

1000252e <l60_2>:
1000252e:	2000      	movs	r0, #0
10002530:	0064      	lsls	r4, r4, #1
10002532:	1c61      	adds	r1, r4, #1
10002534:	0789      	lsls	r1, r1, #30
10002536:	1289      	asrs	r1, r1, #10
10002538:	3a80      	subs	r2, #128	@ 0x80
1000253a:	0312      	lsls	r2, r2, #12

1000253c <l60_3>:
1000253c:	4b01      	ldr	r3, [pc, #4]	@ (10002544 <l60_3+0x8>)
1000253e:	1ad2      	subs	r2, r2, r3
10002540:	4770      	bx	lr
10002542:	0000      	.short	0x0000
10002544:	000003ff 	.word	0x000003ff

10002548 <__wrap___aeabi_lmul>:
10002548:	4351      	muls	r1, r2
1000254a:	4343      	muls	r3, r0
1000254c:	18c9      	adds	r1, r1, r3
1000254e:	468c      	mov	ip, r1
10002550:	0c11      	lsrs	r1, r2, #16
10002552:	b283      	uxth	r3, r0
10002554:	434b      	muls	r3, r1
10002556:	b410      	push	{r4}
10002558:	0c04      	lsrs	r4, r0, #16
1000255a:	4361      	muls	r1, r4
1000255c:	b292      	uxth	r2, r2
1000255e:	b280      	uxth	r0, r0
10002560:	4350      	muls	r0, r2
10002562:	4362      	muls	r2, r4
10002564:	041c      	lsls	r4, r3, #16
10002566:	0c1b      	lsrs	r3, r3, #16
10002568:	1900      	adds	r0, r0, r4
1000256a:	bc10      	pop	{r4}
1000256c:	4159      	adcs	r1, r3
1000256e:	0413      	lsls	r3, r2, #16
10002570:	0c12      	lsrs	r2, r2, #16
10002572:	18c0      	adds	r0, r0, r3
10002574:	4151      	adcs	r1, r2
10002576:	4461      	add	r1, ip
10002578:	4770      	bx	lr
	...

1000257c <__aeabi_float_init>:
1000257c:	2300      	movs	r3, #0
1000257e:	b510      	push	{r4, lr}
10002580:	7cdc      	ldrb	r4, [r3, #19]
10002582:	4813      	ldr	r0, [pc, #76]	@ (100025d0 <__aeabi_float_init+0x54>)
10002584:	f7ff f818 	bl	100015b8 <rom_data_lookup>
10002588:	2c01      	cmp	r4, #1
1000258a:	d00b      	beq.n	100025a4 <__aeabi_float_init+0x28>
1000258c:	dd04      	ble.n	10002598 <__aeabi_float_init+0x1c>
1000258e:	0001      	movs	r1, r0
10002590:	2280      	movs	r2, #128	@ 0x80
10002592:	4810      	ldr	r0, [pc, #64]	@ (100025d4 <__aeabi_float_init+0x58>)
10002594:	f000 f84a 	bl	1000262c <__wrap___aeabi_memcpy>
10002598:	480f      	ldr	r0, [pc, #60]	@ (100025d8 <__aeabi_float_init+0x5c>)
1000259a:	f7ff f805 	bl	100015a8 <rom_func_lookup>
1000259e:	4b0f      	ldr	r3, [pc, #60]	@ (100025dc <__aeabi_float_init+0x60>)
100025a0:	6018      	str	r0, [r3, #0]
100025a2:	bd10      	pop	{r4, pc}
100025a4:	4c0b      	ldr	r4, [pc, #44]	@ (100025d4 <__aeabi_float_init+0x58>)
100025a6:	0001      	movs	r1, r0
100025a8:	2254      	movs	r2, #84	@ 0x54
100025aa:	0020      	movs	r0, r4
100025ac:	f000 f83e 	bl	1000262c <__wrap___aeabi_memcpy>
100025b0:	4b0b      	ldr	r3, [pc, #44]	@ (100025e0 <__aeabi_float_init+0x64>)
100025b2:	6563      	str	r3, [r4, #84]	@ 0x54
100025b4:	65a3      	str	r3, [r4, #88]	@ 0x58
100025b6:	65e3      	str	r3, [r4, #92]	@ 0x5c
100025b8:	6623      	str	r3, [r4, #96]	@ 0x60
100025ba:	6663      	str	r3, [r4, #100]	@ 0x64
100025bc:	66a3      	str	r3, [r4, #104]	@ 0x68
100025be:	66e3      	str	r3, [r4, #108]	@ 0x6c
100025c0:	6723      	str	r3, [r4, #112]	@ 0x70
100025c2:	6763      	str	r3, [r4, #116]	@ 0x74
100025c4:	67a3      	str	r3, [r4, #120]	@ 0x78
100025c6:	67e3      	str	r3, [r4, #124]	@ 0x7c
100025c8:	6223      	str	r3, [r4, #32]
100025ca:	61e3      	str	r3, [r4, #28]
100025cc:	e7e4      	b.n	10002598 <__aeabi_float_init+0x1c>
100025ce:	46c0      	nop			@ (mov r8, r8)
100025d0:	00004653 	.word	0x00004653
100025d4:	200014c0 	.word	0x200014c0
100025d8:	0000334c 	.word	0x0000334c
100025dc:	20001d5c 	.word	0x20001d5c
100025e0:	100025e5 	.word	0x100025e5

100025e4 <float_table_shim_on_use_helper>:
100025e4:	b507      	push	{r0, r1, r2, lr}
100025e6:	4660      	mov	r0, ip
100025e8:	8801      	ldrh	r1, [r0, #0]
100025ea:	0a0a      	lsrs	r2, r1, #8
100025ec:	3002      	adds	r0, #2
100025ee:	2adf      	cmp	r2, #223	@ 0xdf
100025f0:	d1fa      	bne.n	100025e8 <float_table_shim_on_use_helper+0x4>
100025f2:	b2c9      	uxtb	r1, r1
100025f4:	0882      	lsrs	r2, r0, #2
100025f6:	d304      	bcc.n	10002602 <float_table_shim_on_use_helper+0x1e>
100025f8:	8802      	ldrh	r2, [r0, #0]
100025fa:	8840      	ldrh	r0, [r0, #2]
100025fc:	0400      	lsls	r0, r0, #16
100025fe:	4310      	orrs	r0, r2
10002600:	e000      	b.n	10002604 <float_table_shim_on_use_helper+0x20>
10002602:	6800      	ldr	r0, [r0, #0]
10002604:	4a01      	ldr	r2, [pc, #4]	@ (1000260c <float_table_shim_on_use_helper+0x28>)
10002606:	5050      	str	r0, [r2, r1]
10002608:	9003      	str	r0, [sp, #12]
1000260a:	bd07      	pop	{r0, r1, r2, pc}
1000260c:	200014c0 	.word	0x200014c0

10002610 <__aeabi_mem_init>:
10002610:	4801      	ldr	r0, [pc, #4]	@ (10002618 <__aeabi_mem_init+0x8>)
10002612:	2104      	movs	r1, #4
10002614:	4b01      	ldr	r3, [pc, #4]	@ (1000261c <__aeabi_mem_init+0xc>)
10002616:	4718      	bx	r3
10002618:	20001120 	.word	0x20001120
1000261c:	100015c9 	.word	0x100015c9

10002620 <__wrap_memset>:
10002620:	4b01      	ldr	r3, [pc, #4]	@ (10002628 <__wrap_memset+0x8>)
10002622:	681b      	ldr	r3, [r3, #0]
10002624:	4718      	bx	r3
10002626:	0000      	.short	0x0000
10002628:	20001120 	.word	0x20001120

1000262c <__wrap___aeabi_memcpy>:
1000262c:	4b01      	ldr	r3, [pc, #4]	@ (10002634 <__wrap___aeabi_memcpy+0x8>)
1000262e:	685b      	ldr	r3, [r3, #4]
10002630:	4718      	bx	r3
10002632:	0000      	.short	0x0000
10002634:	20001120 	.word	0x20001120

10002638 <_out_null>:
10002638:	4770      	bx	lr
1000263a:	46c0      	nop			@ (mov r8, r8)

1000263c <_out_rev>:
1000263c:	b5f8      	push	{r3, r4, r5, r6, r7, lr}
1000263e:	46de      	mov	lr, fp
10002640:	4657      	mov	r7, sl
10002642:	464e      	mov	r6, r9
10002644:	4645      	mov	r5, r8
10002646:	b5e0      	push	{r5, r6, r7, lr}
10002648:	4699      	mov	r9, r3
1000264a:	9b0d      	ldr	r3, [sp, #52]	@ 0x34
1000264c:	0007      	movs	r7, r0
1000264e:	4688      	mov	r8, r1
10002650:	4693      	mov	fp, r2
10002652:	079b      	lsls	r3, r3, #30
10002654:	d028      	beq.n	100026a8 <_out_rev+0x6c>
10002656:	9b0b      	ldr	r3, [sp, #44]	@ 0x2c
10002658:	2b00      	cmp	r3, #0
1000265a:	d03c      	beq.n	100026d6 <_out_rev+0x9a>
1000265c:	465e      	mov	r6, fp
1000265e:	9c0b      	ldr	r4, [sp, #44]	@ 0x2c
10002660:	9d0a      	ldr	r5, [sp, #40]	@ 0x28
10002662:	1936      	adds	r6, r6, r4
10002664:	1b32      	subs	r2, r6, r4
10002666:	3c01      	subs	r4, #1
10002668:	464b      	mov	r3, r9
1000266a:	4641      	mov	r1, r8
1000266c:	5d28      	ldrb	r0, [r5, r4]
1000266e:	47b8      	blx	r7
10002670:	2c00      	cmp	r4, #0
10002672:	d1f7      	bne.n	10002664 <_out_rev+0x28>
10002674:	0035      	movs	r5, r6
10002676:	9b0d      	ldr	r3, [sp, #52]	@ 0x34
10002678:	079b      	lsls	r3, r3, #30
1000267a:	d50e      	bpl.n	1000269a <_out_rev+0x5e>
1000267c:	465b      	mov	r3, fp
1000267e:	1aec      	subs	r4, r5, r3
10002680:	9b0c      	ldr	r3, [sp, #48]	@ 0x30
10002682:	42a3      	cmp	r3, r4
10002684:	d909      	bls.n	1000269a <_out_rev+0x5e>
10002686:	001e      	movs	r6, r3
10002688:	002a      	movs	r2, r5
1000268a:	464b      	mov	r3, r9
1000268c:	4641      	mov	r1, r8
1000268e:	2020      	movs	r0, #32
10002690:	3401      	adds	r4, #1
10002692:	47b8      	blx	r7
10002694:	3501      	adds	r5, #1
10002696:	42b4      	cmp	r4, r6
10002698:	d3f6      	bcc.n	10002688 <_out_rev+0x4c>
1000269a:	0028      	movs	r0, r5
1000269c:	bcf0      	pop	{r4, r5, r6, r7}
1000269e:	46bb      	mov	fp, r7
100026a0:	46b2      	mov	sl, r6
100026a2:	46a9      	mov	r9, r5
100026a4:	46a0      	mov	r8, r4
100026a6:	bdf8      	pop	{r3, r4, r5, r6, r7, pc}
100026a8:	9b0b      	ldr	r3, [sp, #44]	@ 0x2c
100026aa:	9a0c      	ldr	r2, [sp, #48]	@ 0x30
100026ac:	4293      	cmp	r3, r2
100026ae:	d214      	bcs.n	100026da <_out_rev+0x9e>
100026b0:	0013      	movs	r3, r2
100026b2:	465d      	mov	r5, fp
100026b4:	000c      	movs	r4, r1
100026b6:	9a0b      	ldr	r2, [sp, #44]	@ 0x2c
100026b8:	1a9e      	subs	r6, r3, r2
100026ba:	1976      	adds	r6, r6, r5
100026bc:	002a      	movs	r2, r5
100026be:	464b      	mov	r3, r9
100026c0:	3501      	adds	r5, #1
100026c2:	0021      	movs	r1, r4
100026c4:	2020      	movs	r0, #32
100026c6:	47b8      	blx	r7
100026c8:	42b5      	cmp	r5, r6
100026ca:	d1f7      	bne.n	100026bc <_out_rev+0x80>
100026cc:	9b0b      	ldr	r3, [sp, #44]	@ 0x2c
100026ce:	46a0      	mov	r8, r4
100026d0:	2b00      	cmp	r3, #0
100026d2:	d1c4      	bne.n	1000265e <_out_rev+0x22>
100026d4:	e7e1      	b.n	1000269a <_out_rev+0x5e>
100026d6:	0015      	movs	r5, r2
100026d8:	e7cd      	b.n	10002676 <_out_rev+0x3a>
100026da:	2b00      	cmp	r3, #0
100026dc:	d1be      	bne.n	1000265c <_out_rev+0x20>
100026de:	465d      	mov	r5, fp
100026e0:	e7db      	b.n	1000269a <_out_rev+0x5e>
100026e2:	46c0      	nop			@ (mov r8, r8)

100026e4 <_ntoa_format>:
100026e4:	b5f0      	push	{r4, r5, r6, r7, lr}
100026e6:	464f      	mov	r7, r9
100026e8:	46d6      	mov	lr, sl
100026ea:	4646      	mov	r6, r8
100026ec:	b5c0      	push	{r6, r7, lr}
100026ee:	b084      	sub	sp, #16
100026f0:	469c      	mov	ip, r3
100026f2:	ab0e      	add	r3, sp, #56	@ 0x38
100026f4:	781f      	ldrb	r7, [r3, #0]
100026f6:	9b12      	ldr	r3, [sp, #72]	@ 0x48
100026f8:	4691      	mov	r9, r2
100026fa:	46ba      	mov	sl, r7
100026fc:	9c0d      	ldr	r4, [sp, #52]	@ 0x34
100026fe:	9e10      	ldr	r6, [sp, #64]	@ 0x40
10002700:	9d11      	ldr	r5, [sp, #68]	@ 0x44
10002702:	079b      	lsls	r3, r3, #30
10002704:	d452      	bmi.n	100027ac <_ntoa_format+0xc8>
10002706:	2d00      	cmp	r5, #0
10002708:	d147      	bne.n	1000279a <_ntoa_format+0xb6>
1000270a:	42b4      	cmp	r4, r6
1000270c:	d24e      	bcs.n	100027ac <_ntoa_format+0xc8>
1000270e:	2301      	movs	r3, #1
10002710:	9f12      	ldr	r7, [sp, #72]	@ 0x48
10002712:	401f      	ands	r7, r3
10002714:	46b8      	mov	r8, r7
10002716:	9b0c      	ldr	r3, [sp, #48]	@ 0x30
10002718:	1e5f      	subs	r7, r3, #1
1000271a:	2330      	movs	r3, #48	@ 0x30
1000271c:	e003      	b.n	10002726 <_ntoa_format+0x42>
1000271e:	3401      	adds	r4, #1
10002720:	553b      	strb	r3, [r7, r4]
10002722:	42a6      	cmp	r6, r4
10002724:	d901      	bls.n	1000272a <_ntoa_format+0x46>
10002726:	2c20      	cmp	r4, #32
10002728:	d1f9      	bne.n	1000271e <_ntoa_format+0x3a>
1000272a:	4643      	mov	r3, r8
1000272c:	2b00      	cmp	r3, #0
1000272e:	d100      	bne.n	10002732 <_ntoa_format+0x4e>
10002730:	e083      	b.n	1000283a <_ntoa_format+0x156>
10002732:	9b0c      	ldr	r3, [sp, #48]	@ 0x30
10002734:	1e5f      	subs	r7, r3, #1
10002736:	2330      	movs	r3, #48	@ 0x30
10002738:	42a5      	cmp	r5, r4
1000273a:	d804      	bhi.n	10002746 <_ntoa_format+0x62>
1000273c:	e036      	b.n	100027ac <_ntoa_format+0xc8>
1000273e:	3401      	adds	r4, #1
10002740:	553b      	strb	r3, [r7, r4]
10002742:	42ac      	cmp	r4, r5
10002744:	d032      	beq.n	100027ac <_ntoa_format+0xc8>
10002746:	2c20      	cmp	r4, #32
10002748:	d1f9      	bne.n	1000273e <_ntoa_format+0x5a>
1000274a:	9b12      	ldr	r3, [sp, #72]	@ 0x48
1000274c:	06db      	lsls	r3, r3, #27
1000274e:	d514      	bpl.n	1000277a <_ntoa_format+0x96>
10002750:	9b12      	ldr	r3, [sp, #72]	@ 0x48
10002752:	055b      	lsls	r3, r3, #21
10002754:	d453      	bmi.n	100027fe <_ntoa_format+0x11a>
10002756:	42a6      	cmp	r6, r4
10002758:	d063      	beq.n	10002822 <_ntoa_format+0x13e>
1000275a:	42a5      	cmp	r5, r4
1000275c:	d061      	beq.n	10002822 <_ntoa_format+0x13e>
1000275e:	9b0f      	ldr	r3, [sp, #60]	@ 0x3c
10002760:	2b10      	cmp	r3, #16
10002762:	d04f      	beq.n	10002804 <_ntoa_format+0x120>
10002764:	2b02      	cmp	r3, #2
10002766:	d057      	beq.n	10002818 <_ntoa_format+0x134>
10002768:	2c20      	cmp	r4, #32
1000276a:	d006      	beq.n	1000277a <_ntoa_format+0x96>
1000276c:	0023      	movs	r3, r4
1000276e:	3401      	adds	r4, #1
10002770:	2630      	movs	r6, #48	@ 0x30
10002772:	9a0c      	ldr	r2, [sp, #48]	@ 0x30
10002774:	54d6      	strb	r6, [r2, r3]
10002776:	2c20      	cmp	r4, #32
10002778:	d12a      	bne.n	100027d0 <_ntoa_format+0xec>
1000277a:	9b12      	ldr	r3, [sp, #72]	@ 0x48
1000277c:	464a      	mov	r2, r9
1000277e:	9303      	str	r3, [sp, #12]
10002780:	9b0c      	ldr	r3, [sp, #48]	@ 0x30
10002782:	9502      	str	r5, [sp, #8]
10002784:	9300      	str	r3, [sp, #0]
10002786:	9401      	str	r4, [sp, #4]
10002788:	4663      	mov	r3, ip
1000278a:	f7ff ff57 	bl	1000263c <_out_rev>
1000278e:	b004      	add	sp, #16
10002790:	bce0      	pop	{r5, r6, r7}
10002792:	46ba      	mov	sl, r7
10002794:	46b1      	mov	r9, r6
10002796:	46a8      	mov	r8, r5
10002798:	bdf0      	pop	{r4, r5, r6, r7, pc}
1000279a:	2301      	movs	r3, #1
1000279c:	9a12      	ldr	r2, [sp, #72]	@ 0x48
1000279e:	4013      	ands	r3, r2
100027a0:	4698      	mov	r8, r3
100027a2:	2301      	movs	r3, #1
100027a4:	4213      	tst	r3, r2
100027a6:	d123      	bne.n	100027f0 <_ntoa_format+0x10c>
100027a8:	42b4      	cmp	r4, r6
100027aa:	d3b4      	bcc.n	10002716 <_ntoa_format+0x32>
100027ac:	9b12      	ldr	r3, [sp, #72]	@ 0x48
100027ae:	06db      	lsls	r3, r3, #27
100027b0:	d5e1      	bpl.n	10002776 <_ntoa_format+0x92>
100027b2:	9b12      	ldr	r3, [sp, #72]	@ 0x48
100027b4:	055b      	lsls	r3, r3, #21
100027b6:	d4d2      	bmi.n	1000275e <_ntoa_format+0x7a>
100027b8:	2c00      	cmp	r4, #0
100027ba:	d1cc      	bne.n	10002756 <_ntoa_format+0x72>
100027bc:	9b0f      	ldr	r3, [sp, #60]	@ 0x3c
100027be:	2b10      	cmp	r3, #16
100027c0:	d054      	beq.n	1000286c <_ntoa_format+0x188>
100027c2:	9b0f      	ldr	r3, [sp, #60]	@ 0x3c
100027c4:	2b02      	cmp	r3, #2
100027c6:	d06a      	beq.n	1000289e <_ntoa_format+0x1ba>
100027c8:	2330      	movs	r3, #48	@ 0x30
100027ca:	2401      	movs	r4, #1
100027cc:	9a0c      	ldr	r2, [sp, #48]	@ 0x30
100027ce:	7013      	strb	r3, [r2, #0]
100027d0:	4653      	mov	r3, sl
100027d2:	2b00      	cmp	r3, #0
100027d4:	d107      	bne.n	100027e6 <_ntoa_format+0x102>
100027d6:	9b12      	ldr	r3, [sp, #72]	@ 0x48
100027d8:	075b      	lsls	r3, r3, #29
100027da:	d536      	bpl.n	1000284a <_ntoa_format+0x166>
100027dc:	232b      	movs	r3, #43	@ 0x2b
100027de:	9a0c      	ldr	r2, [sp, #48]	@ 0x30
100027e0:	5513      	strb	r3, [r2, r4]
100027e2:	3401      	adds	r4, #1
100027e4:	e7c9      	b.n	1000277a <_ntoa_format+0x96>
100027e6:	232d      	movs	r3, #45	@ 0x2d
100027e8:	9a0c      	ldr	r2, [sp, #48]	@ 0x30
100027ea:	5513      	strb	r3, [r2, r4]
100027ec:	3401      	adds	r4, #1
100027ee:	e7c4      	b.n	1000277a <_ntoa_format+0x96>
100027f0:	2f00      	cmp	r7, #0
100027f2:	d032      	beq.n	1000285a <_ntoa_format+0x176>
100027f4:	3d01      	subs	r5, #1
100027f6:	42b4      	cmp	r4, r6
100027f8:	d200      	bcs.n	100027fc <_ntoa_format+0x118>
100027fa:	e78c      	b.n	10002716 <_ntoa_format+0x32>
100027fc:	e799      	b.n	10002732 <_ntoa_format+0x4e>
100027fe:	9b0f      	ldr	r3, [sp, #60]	@ 0x3c
10002800:	2b10      	cmp	r3, #16
10002802:	d1ba      	bne.n	1000277a <_ntoa_format+0x96>
10002804:	9b12      	ldr	r3, [sp, #72]	@ 0x48
10002806:	069b      	lsls	r3, r3, #26
10002808:	d53a      	bpl.n	10002880 <_ntoa_format+0x19c>
1000280a:	2c20      	cmp	r4, #32
1000280c:	d0b5      	beq.n	1000277a <_ntoa_format+0x96>
1000280e:	2358      	movs	r3, #88	@ 0x58
10002810:	9a0c      	ldr	r2, [sp, #48]	@ 0x30
10002812:	5513      	strb	r3, [r2, r4]
10002814:	3401      	adds	r4, #1
10002816:	e7a7      	b.n	10002768 <_ntoa_format+0x84>
10002818:	2c20      	cmp	r4, #32
1000281a:	d0ae      	beq.n	1000277a <_ntoa_format+0x96>
1000281c:	0023      	movs	r3, r4
1000281e:	3401      	adds	r4, #1
10002820:	e007      	b.n	10002832 <_ntoa_format+0x14e>
10002822:	1e63      	subs	r3, r4, #1
10002824:	2c01      	cmp	r4, #1
10002826:	d0c9      	beq.n	100027bc <_ntoa_format+0xd8>
10002828:	9a0f      	ldr	r2, [sp, #60]	@ 0x3c
1000282a:	2a10      	cmp	r2, #16
1000282c:	d03e      	beq.n	100028ac <_ntoa_format+0x1c8>
1000282e:	2a02      	cmp	r2, #2
10002830:	d19e      	bne.n	10002770 <_ntoa_format+0x8c>
10002832:	2662      	movs	r6, #98	@ 0x62
10002834:	9a0c      	ldr	r2, [sp, #48]	@ 0x30
10002836:	54d6      	strb	r6, [r2, r3]
10002838:	e796      	b.n	10002768 <_ntoa_format+0x84>
1000283a:	9b12      	ldr	r3, [sp, #72]	@ 0x48
1000283c:	06db      	lsls	r3, r3, #27
1000283e:	d59a      	bpl.n	10002776 <_ntoa_format+0x92>
10002840:	9b12      	ldr	r3, [sp, #72]	@ 0x48
10002842:	055b      	lsls	r3, r3, #21
10002844:	d400      	bmi.n	10002848 <_ntoa_format+0x164>
10002846:	e786      	b.n	10002756 <_ntoa_format+0x72>
10002848:	e789      	b.n	1000275e <_ntoa_format+0x7a>
1000284a:	9b12      	ldr	r3, [sp, #72]	@ 0x48
1000284c:	071b      	lsls	r3, r3, #28
1000284e:	d594      	bpl.n	1000277a <_ntoa_format+0x96>
10002850:	2320      	movs	r3, #32
10002852:	9a0c      	ldr	r2, [sp, #48]	@ 0x30
10002854:	5513      	strb	r3, [r2, r4]
10002856:	3401      	adds	r4, #1
10002858:	e78f      	b.n	1000277a <_ntoa_format+0x96>
1000285a:	230c      	movs	r3, #12
1000285c:	4013      	ands	r3, r2
1000285e:	1e5f      	subs	r7, r3, #1
10002860:	41bb      	sbcs	r3, r7
10002862:	1aed      	subs	r5, r5, r3
10002864:	42b4      	cmp	r4, r6
10002866:	d200      	bcs.n	1000286a <_ntoa_format+0x186>
10002868:	e755      	b.n	10002716 <_ntoa_format+0x32>
1000286a:	e762      	b.n	10002732 <_ntoa_format+0x4e>
1000286c:	9b12      	ldr	r3, [sp, #72]	@ 0x48
1000286e:	069b      	lsls	r3, r3, #26
10002870:	d40e      	bmi.n	10002890 <_ntoa_format+0x1ac>
10002872:	2378      	movs	r3, #120	@ 0x78
10002874:	9a0c      	ldr	r2, [sp, #48]	@ 0x30
10002876:	2402      	movs	r4, #2
10002878:	7013      	strb	r3, [r2, #0]
1000287a:	3b48      	subs	r3, #72	@ 0x48
1000287c:	7053      	strb	r3, [r2, #1]
1000287e:	e7a7      	b.n	100027d0 <_ntoa_format+0xec>
10002880:	2c20      	cmp	r4, #32
10002882:	d100      	bne.n	10002886 <_ntoa_format+0x1a2>
10002884:	e779      	b.n	1000277a <_ntoa_format+0x96>
10002886:	2378      	movs	r3, #120	@ 0x78
10002888:	9a0c      	ldr	r2, [sp, #48]	@ 0x30
1000288a:	5513      	strb	r3, [r2, r4]
1000288c:	3401      	adds	r4, #1
1000288e:	e76b      	b.n	10002768 <_ntoa_format+0x84>
10002890:	2358      	movs	r3, #88	@ 0x58
10002892:	9a0c      	ldr	r2, [sp, #48]	@ 0x30
10002894:	2402      	movs	r4, #2
10002896:	7013      	strb	r3, [r2, #0]
10002898:	3b28      	subs	r3, #40	@ 0x28
1000289a:	7053      	strb	r3, [r2, #1]
1000289c:	e798      	b.n	100027d0 <_ntoa_format+0xec>
1000289e:	9a0c      	ldr	r2, [sp, #48]	@ 0x30
100028a0:	3360      	adds	r3, #96	@ 0x60
100028a2:	7013      	strb	r3, [r2, #0]
100028a4:	3b32      	subs	r3, #50	@ 0x32
100028a6:	2402      	movs	r4, #2
100028a8:	7053      	strb	r3, [r2, #1]
100028aa:	e791      	b.n	100027d0 <_ntoa_format+0xec>
100028ac:	9a0c      	ldr	r2, [sp, #48]	@ 0x30
100028ae:	1ea6      	subs	r6, r4, #2
100028b0:	1996      	adds	r6, r2, r6
100028b2:	9a12      	ldr	r2, [sp, #72]	@ 0x48
100028b4:	0692      	lsls	r2, r2, #26
100028b6:	d502      	bpl.n	100028be <_ntoa_format+0x1da>
100028b8:	2258      	movs	r2, #88	@ 0x58
100028ba:	7032      	strb	r2, [r6, #0]
100028bc:	e758      	b.n	10002770 <_ntoa_format+0x8c>
100028be:	2278      	movs	r2, #120	@ 0x78
100028c0:	7032      	strb	r2, [r6, #0]
100028c2:	e755      	b.n	10002770 <_ntoa_format+0x8c>

100028c4 <_out_char>:
100028c4:	b510      	push	{r4, lr}
100028c6:	2800      	cmp	r0, #0
100028c8:	d100      	bne.n	100028cc <_out_char+0x8>
100028ca:	bd10      	pop	{r4, pc}
100028cc:	f001 fc4c 	bl	10004168 <__wrap_putchar>
100028d0:	e7fb      	b.n	100028ca <_out_char+0x6>
100028d2:	46c0      	nop			@ (mov r8, r8)

100028d4 <_out_fct>:
100028d4:	b510      	push	{r4, lr}
100028d6:	2800      	cmp	r0, #0
100028d8:	d003      	beq.n	100028e2 <_out_fct+0xe>
100028da:	684a      	ldr	r2, [r1, #4]
100028dc:	680b      	ldr	r3, [r1, #0]
100028de:	0011      	movs	r1, r2
100028e0:	4798      	blx	r3
100028e2:	bd10      	pop	{r4, pc}

100028e4 <_ftoa>:
100028e4:	b5f0      	push	{r4, r5, r6, r7, lr}
100028e6:	464e      	mov	r6, r9
100028e8:	46de      	mov	lr, fp
100028ea:	4657      	mov	r7, sl
100028ec:	4645      	mov	r5, r8
100028ee:	b5e0      	push	{r5, r6, r7, lr}
100028f0:	b095      	sub	sp, #84	@ 0x54
100028f2:	4682      	mov	sl, r0
100028f4:	4689      	mov	r9, r1
100028f6:	4693      	mov	fp, r2
100028f8:	4698      	mov	r8, r3
100028fa:	9a1e      	ldr	r2, [sp, #120]	@ 0x78
100028fc:	9b1f      	ldr	r3, [sp, #124]	@ 0x7c
100028fe:	0010      	movs	r0, r2
10002900:	0019      	movs	r1, r3
10002902:	9e20      	ldr	r6, [sp, #128]	@ 0x80
10002904:	f7ff fac5 	bl	10001e92 <__wrap___aeabi_dcmpun>
10002908:	2800      	cmp	r0, #0
1000290a:	d000      	beq.n	1000290e <_ftoa+0x2a>
1000290c:	e1d3      	b.n	10002cb6 <_ftoa+0x3d2>
1000290e:	981e      	ldr	r0, [sp, #120]	@ 0x78
10002910:	991f      	ldr	r1, [sp, #124]	@ 0x7c
10002912:	2201      	movs	r2, #1
10002914:	4bc3      	ldr	r3, [pc, #780]	@ (10002c24 <_ftoa+0x340>)
10002916:	4252      	negs	r2, r2
10002918:	f7ff faa0 	bl	10001e5c <__wrap___aeabi_dcmplt>
1000291c:	2800      	cmp	r0, #0
1000291e:	d000      	beq.n	10002922 <_ftoa+0x3e>
10002920:	e101      	b.n	10002b26 <_ftoa+0x242>
10002922:	981e      	ldr	r0, [sp, #120]	@ 0x78
10002924:	991f      	ldr	r1, [sp, #124]	@ 0x7c
10002926:	2201      	movs	r2, #1
10002928:	4bbf      	ldr	r3, [pc, #764]	@ (10002c28 <_ftoa+0x344>)
1000292a:	4252      	negs	r2, r2
1000292c:	f7ff faac 	bl	10001e88 <__wrap___aeabi_dcmpgt>
10002930:	2800      	cmp	r0, #0
10002932:	d000      	beq.n	10002936 <_ftoa+0x52>
10002934:	e0d6      	b.n	10002ae4 <_ftoa+0x200>
10002936:	981e      	ldr	r0, [sp, #120]	@ 0x78
10002938:	991f      	ldr	r1, [sp, #124]	@ 0x7c
1000293a:	2200      	movs	r2, #0
1000293c:	4bbb      	ldr	r3, [pc, #748]	@ (10002c2c <_ftoa+0x348>)
1000293e:	f7ff faa3 	bl	10001e88 <__wrap___aeabi_dcmpgt>
10002942:	2800      	cmp	r0, #0
10002944:	d000      	beq.n	10002948 <_ftoa+0x64>
10002946:	e0b5      	b.n	10002ab4 <_ftoa+0x1d0>
10002948:	981e      	ldr	r0, [sp, #120]	@ 0x78
1000294a:	991f      	ldr	r1, [sp, #124]	@ 0x7c
1000294c:	2200      	movs	r2, #0
1000294e:	4bb8      	ldr	r3, [pc, #736]	@ (10002c30 <_ftoa+0x34c>)
10002950:	f7ff fa84 	bl	10001e5c <__wrap___aeabi_dcmplt>
10002954:	2800      	cmp	r0, #0
10002956:	d000      	beq.n	1000295a <_ftoa+0x76>
10002958:	e0ac      	b.n	10002ab4 <_ftoa+0x1d0>
1000295a:	981e      	ldr	r0, [sp, #120]	@ 0x78
1000295c:	991f      	ldr	r1, [sp, #124]	@ 0x7c
1000295e:	2200      	movs	r2, #0
10002960:	2300      	movs	r3, #0
10002962:	f7ff fa7b 	bl	10001e5c <__wrap___aeabi_dcmplt>
10002966:	2800      	cmp	r0, #0
10002968:	d000      	beq.n	1000296c <_ftoa+0x88>
1000296a:	e0d1      	b.n	10002b10 <_ftoa+0x22c>
1000296c:	2300      	movs	r3, #0
1000296e:	930b      	str	r3, [sp, #44]	@ 0x2c
10002970:	9b22      	ldr	r3, [sp, #136]	@ 0x88
10002972:	055b      	lsls	r3, r3, #21
10002974:	d400      	bmi.n	10002978 <_ftoa+0x94>
10002976:	2606      	movs	r6, #6
10002978:	2400      	movs	r4, #0
1000297a:	2330      	movs	r3, #48	@ 0x30
1000297c:	e006      	b.n	1000298c <_ftoa+0xa8>
1000297e:	aa06      	add	r2, sp, #24
10002980:	3401      	adds	r4, #1
10002982:	3217      	adds	r2, #23
10002984:	5513      	strb	r3, [r2, r4]
10002986:	3e01      	subs	r6, #1
10002988:	2c20      	cmp	r4, #32
1000298a:	d001      	beq.n	10002990 <_ftoa+0xac>
1000298c:	2e09      	cmp	r6, #9
1000298e:	d8f6      	bhi.n	1000297e <_ftoa+0x9a>
10002990:	981e      	ldr	r0, [sp, #120]	@ 0x78
10002992:	991f      	ldr	r1, [sp, #124]	@ 0x7c
10002994:	f7ff faa6 	bl	10001ee4 <__wrap___aeabi_d2iz>
10002998:	4ba6      	ldr	r3, [pc, #664]	@ (10002c34 <_ftoa+0x350>)
1000299a:	00f2      	lsls	r2, r6, #3
1000299c:	189b      	adds	r3, r3, r2
1000299e:	cb0c      	ldmia	r3, {r2, r3}
100029a0:	0005      	movs	r5, r0
100029a2:	9208      	str	r2, [sp, #32]
100029a4:	9309      	str	r3, [sp, #36]	@ 0x24
100029a6:	f7ff fa85 	bl	10001eb4 <__wrap___aeabi_i2d>
100029aa:	0002      	movs	r2, r0
100029ac:	000b      	movs	r3, r1
100029ae:	981e      	ldr	r0, [sp, #120]	@ 0x78
100029b0:	991f      	ldr	r1, [sp, #124]	@ 0x7c
100029b2:	f7ff f9e0 	bl	10001d76 <__wrap___aeabi_dsub>
100029b6:	9a08      	ldr	r2, [sp, #32]
100029b8:	9b09      	ldr	r3, [sp, #36]	@ 0x24
100029ba:	f7ff fa0c 	bl	10001dd6 <__wrap___aeabi_dmul>
100029be:	9006      	str	r0, [sp, #24]
100029c0:	9107      	str	r1, [sp, #28]
100029c2:	f7ff fab3 	bl	10001f2c <__wrap___aeabi_d2uiz>
100029c6:	0007      	movs	r7, r0
100029c8:	f7ff fa70 	bl	10001eac <__wrap___aeabi_ui2d>
100029cc:	0002      	movs	r2, r0
100029ce:	000b      	movs	r3, r1
100029d0:	9806      	ldr	r0, [sp, #24]
100029d2:	9907      	ldr	r1, [sp, #28]
100029d4:	f7ff f9cf 	bl	10001d76 <__wrap___aeabi_dsub>
100029d8:	2200      	movs	r2, #0
100029da:	4b97      	ldr	r3, [pc, #604]	@ (10002c38 <_ftoa+0x354>)
100029dc:	9006      	str	r0, [sp, #24]
100029de:	9107      	str	r1, [sp, #28]
100029e0:	f7ff fa52 	bl	10001e88 <__wrap___aeabi_dcmpgt>
100029e4:	2800      	cmp	r0, #0
100029e6:	d100      	bne.n	100029ea <_ftoa+0x106>
100029e8:	e0e9      	b.n	10002bbe <_ftoa+0x2da>
100029ea:	3701      	adds	r7, #1
100029ec:	0038      	movs	r0, r7
100029ee:	f7ff fa5d 	bl	10001eac <__wrap___aeabi_ui2d>
100029f2:	0002      	movs	r2, r0
100029f4:	000b      	movs	r3, r1
100029f6:	9808      	ldr	r0, [sp, #32]
100029f8:	9909      	ldr	r1, [sp, #36]	@ 0x24
100029fa:	f7ff fa35 	bl	10001e68 <__wrap___aeabi_dcmple>
100029fe:	2800      	cmp	r0, #0
10002a00:	d001      	beq.n	10002a06 <_ftoa+0x122>
10002a02:	2700      	movs	r7, #0
10002a04:	3501      	adds	r5, #1
10002a06:	2e00      	cmp	r6, #0
10002a08:	d100      	bne.n	10002a0c <_ftoa+0x128>
10002a0a:	e0b7      	b.n	10002b7c <_ftoa+0x298>
10002a0c:	9506      	str	r5, [sp, #24]
10002a0e:	e014      	b.n	10002a3a <_ftoa+0x156>
10002a10:	ab06      	add	r3, sp, #24
10002a12:	469c      	mov	ip, r3
10002a14:	2317      	movs	r3, #23
10002a16:	210a      	movs	r1, #10
10002a18:	4463      	add	r3, ip
10002a1a:	0038      	movs	r0, r7
10002a1c:	3401      	adds	r4, #1
10002a1e:	191d      	adds	r5, r3, r4
10002a20:	f7fe ff6e 	bl	10001900 <__wrap___aeabi_uidiv>
10002a24:	3130      	adds	r1, #48	@ 0x30
10002a26:	7029      	strb	r1, [r5, #0]
10002a28:	0038      	movs	r0, r7
10002a2a:	210a      	movs	r1, #10
10002a2c:	3e01      	subs	r6, #1
10002a2e:	f7fe ff67 	bl	10001900 <__wrap___aeabi_uidiv>
10002a32:	2f09      	cmp	r7, #9
10002a34:	d800      	bhi.n	10002a38 <_ftoa+0x154>
10002a36:	e0e0      	b.n	10002bfa <_ftoa+0x316>
10002a38:	0007      	movs	r7, r0
10002a3a:	2c20      	cmp	r4, #32
10002a3c:	d1e8      	bne.n	10002a10 <_ftoa+0x12c>
10002a3e:	ab0c      	add	r3, sp, #48	@ 0x30
10002a40:	9d06      	ldr	r5, [sp, #24]
10002a42:	9306      	str	r3, [sp, #24]
10002a44:	2717      	movs	r7, #23
10002a46:	ab06      	add	r3, sp, #24
10002a48:	18ff      	adds	r7, r7, r3
10002a4a:	e00d      	b.n	10002a68 <_ftoa+0x184>
10002a4c:	0028      	movs	r0, r5
10002a4e:	210a      	movs	r1, #10
10002a50:	f7fe ff2e 	bl	100018b0 <__wrap___aeabi_idiv>
10002a54:	3401      	adds	r4, #1
10002a56:	3130      	adds	r1, #48	@ 0x30
10002a58:	0028      	movs	r0, r5
10002a5a:	5539      	strb	r1, [r7, r4]
10002a5c:	210a      	movs	r1, #10
10002a5e:	f7fe ff27 	bl	100018b0 <__wrap___aeabi_idiv>
10002a62:	1e05      	subs	r5, r0, #0
10002a64:	d100      	bne.n	10002a68 <_ftoa+0x184>
10002a66:	e0b7      	b.n	10002bd8 <_ftoa+0x2f4>
10002a68:	2c20      	cmp	r4, #32
10002a6a:	d1ef      	bne.n	10002a4c <_ftoa+0x168>
10002a6c:	2303      	movs	r3, #3
10002a6e:	9a22      	ldr	r2, [sp, #136]	@ 0x88
10002a70:	4013      	ands	r3, r2
10002a72:	2b01      	cmp	r3, #1
10002a74:	d117      	bne.n	10002aa6 <_ftoa+0x1c2>
10002a76:	9b21      	ldr	r3, [sp, #132]	@ 0x84
10002a78:	2b00      	cmp	r3, #0
10002a7a:	d014      	beq.n	10002aa6 <_ftoa+0x1c2>
10002a7c:	9b0b      	ldr	r3, [sp, #44]	@ 0x2c
10002a7e:	2b00      	cmp	r3, #0
10002a80:	d100      	bne.n	10002a84 <_ftoa+0x1a0>
10002a82:	e0e1      	b.n	10002c48 <_ftoa+0x364>
10002a84:	9b21      	ldr	r3, [sp, #132]	@ 0x84
10002a86:	3b01      	subs	r3, #1
10002a88:	9321      	str	r3, [sp, #132]	@ 0x84
10002a8a:	2b20      	cmp	r3, #32
10002a8c:	d90b      	bls.n	10002aa6 <_ftoa+0x1c2>
10002a8e:	2330      	movs	r3, #48	@ 0x30
10002a90:	9a21      	ldr	r2, [sp, #132]	@ 0x84
10002a92:	e006      	b.n	10002aa2 <_ftoa+0x1be>
10002a94:	a906      	add	r1, sp, #24
10002a96:	3401      	adds	r4, #1
10002a98:	3117      	adds	r1, #23
10002a9a:	550b      	strb	r3, [r1, r4]
10002a9c:	4294      	cmp	r4, r2
10002a9e:	d300      	bcc.n	10002aa2 <_ftoa+0x1be>
10002aa0:	e0a0      	b.n	10002be4 <_ftoa+0x300>
10002aa2:	2c20      	cmp	r4, #32
10002aa4:	d1f6      	bne.n	10002a94 <_ftoa+0x1b0>
10002aa6:	9b22      	ldr	r3, [sp, #136]	@ 0x88
10002aa8:	9401      	str	r4, [sp, #4]
10002aaa:	9303      	str	r3, [sp, #12]
10002aac:	9b21      	ldr	r3, [sp, #132]	@ 0x84
10002aae:	9302      	str	r3, [sp, #8]
10002ab0:	9b06      	ldr	r3, [sp, #24]
10002ab2:	e021      	b.n	10002af8 <_ftoa+0x214>
10002ab4:	9b22      	ldr	r3, [sp, #136]	@ 0x88
10002ab6:	465a      	mov	r2, fp
10002ab8:	9304      	str	r3, [sp, #16]
10002aba:	9b21      	ldr	r3, [sp, #132]	@ 0x84
10002abc:	4649      	mov	r1, r9
10002abe:	9303      	str	r3, [sp, #12]
10002ac0:	4650      	mov	r0, sl
10002ac2:	9b1e      	ldr	r3, [sp, #120]	@ 0x78
10002ac4:	9c1f      	ldr	r4, [sp, #124]	@ 0x7c
10002ac6:	9602      	str	r6, [sp, #8]
10002ac8:	9300      	str	r3, [sp, #0]
10002aca:	9401      	str	r4, [sp, #4]
10002acc:	4643      	mov	r3, r8
10002ace:	f000 f945 	bl	10002d5c <_etoa>
10002ad2:	0004      	movs	r4, r0
10002ad4:	0020      	movs	r0, r4
10002ad6:	b015      	add	sp, #84	@ 0x54
10002ad8:	bcf0      	pop	{r4, r5, r6, r7}
10002ada:	46bb      	mov	fp, r7
10002adc:	46b2      	mov	sl, r6
10002ade:	46a9      	mov	r9, r5
10002ae0:	46a0      	mov	r8, r4
10002ae2:	bdf0      	pop	{r4, r5, r6, r7, pc}
10002ae4:	9b22      	ldr	r3, [sp, #136]	@ 0x88
10002ae6:	075b      	lsls	r3, r3, #29
10002ae8:	d40f      	bmi.n	10002b0a <_ftoa+0x226>
10002aea:	2203      	movs	r2, #3
10002aec:	4b53      	ldr	r3, [pc, #332]	@ (10002c3c <_ftoa+0x358>)
10002aee:	9922      	ldr	r1, [sp, #136]	@ 0x88
10002af0:	9201      	str	r2, [sp, #4]
10002af2:	9103      	str	r1, [sp, #12]
10002af4:	9921      	ldr	r1, [sp, #132]	@ 0x84
10002af6:	9102      	str	r1, [sp, #8]
10002af8:	9300      	str	r3, [sp, #0]
10002afa:	465a      	mov	r2, fp
10002afc:	4643      	mov	r3, r8
10002afe:	4649      	mov	r1, r9
10002b00:	4650      	mov	r0, sl
10002b02:	f7ff fd9b 	bl	1000263c <_out_rev>
10002b06:	0004      	movs	r4, r0
10002b08:	e7e4      	b.n	10002ad4 <_ftoa+0x1f0>
10002b0a:	2204      	movs	r2, #4
10002b0c:	4b4c      	ldr	r3, [pc, #304]	@ (10002c40 <_ftoa+0x35c>)
10002b0e:	e7ee      	b.n	10002aee <_ftoa+0x20a>
10002b10:	9a1e      	ldr	r2, [sp, #120]	@ 0x78
10002b12:	9b1f      	ldr	r3, [sp, #124]	@ 0x7c
10002b14:	2000      	movs	r0, #0
10002b16:	2100      	movs	r1, #0
10002b18:	f7ff f92d 	bl	10001d76 <__wrap___aeabi_dsub>
10002b1c:	2301      	movs	r3, #1
10002b1e:	901e      	str	r0, [sp, #120]	@ 0x78
10002b20:	911f      	str	r1, [sp, #124]	@ 0x7c
10002b22:	930b      	str	r3, [sp, #44]	@ 0x2c
10002b24:	e724      	b.n	10002970 <_ftoa+0x8c>
10002b26:	2302      	movs	r3, #2
10002b28:	9a22      	ldr	r2, [sp, #136]	@ 0x88
10002b2a:	401a      	ands	r2, r3
10002b2c:	9b22      	ldr	r3, [sp, #136]	@ 0x88
10002b2e:	9206      	str	r2, [sp, #24]
10002b30:	079b      	lsls	r3, r3, #30
10002b32:	d100      	bne.n	10002b36 <_ftoa+0x252>
10002b34:	e0a0      	b.n	10002c78 <_ftoa+0x394>
10002b36:	465c      	mov	r4, fp
10002b38:	0026      	movs	r6, r4
10002b3a:	4d42      	ldr	r5, [pc, #264]	@ (10002c44 <_ftoa+0x360>)
10002b3c:	9408      	str	r4, [sp, #32]
10002b3e:	1f2f      	subs	r7, r5, #4
10002b40:	0032      	movs	r2, r6
10002b42:	78e8      	ldrb	r0, [r5, #3]
10002b44:	4643      	mov	r3, r8
10002b46:	4649      	mov	r1, r9
10002b48:	3d01      	subs	r5, #1
10002b4a:	47d0      	blx	sl
10002b4c:	3601      	adds	r6, #1
10002b4e:	42af      	cmp	r7, r5
10002b50:	d1f6      	bne.n	10002b40 <_ftoa+0x25c>
10002b52:	9c08      	ldr	r4, [sp, #32]
10002b54:	9b06      	ldr	r3, [sp, #24]
10002b56:	3404      	adds	r4, #4
10002b58:	2b00      	cmp	r3, #0
10002b5a:	d0bb      	beq.n	10002ad4 <_ftoa+0x1f0>
10002b5c:	465f      	mov	r7, fp
10002b5e:	9a21      	ldr	r2, [sp, #132]	@ 0x84
10002b60:	1be3      	subs	r3, r4, r7
10002b62:	429a      	cmp	r2, r3
10002b64:	d9b6      	bls.n	10002ad4 <_ftoa+0x1f0>
10002b66:	0015      	movs	r5, r2
10002b68:	0022      	movs	r2, r4
10002b6a:	4643      	mov	r3, r8
10002b6c:	4649      	mov	r1, r9
10002b6e:	2020      	movs	r0, #32
10002b70:	3401      	adds	r4, #1
10002b72:	47d0      	blx	sl
10002b74:	1be3      	subs	r3, r4, r7
10002b76:	429d      	cmp	r5, r3
10002b78:	d8f6      	bhi.n	10002b68 <_ftoa+0x284>
10002b7a:	e7ab      	b.n	10002ad4 <_ftoa+0x1f0>
10002b7c:	0028      	movs	r0, r5
10002b7e:	f7ff f999 	bl	10001eb4 <__wrap___aeabi_i2d>
10002b82:	0002      	movs	r2, r0
10002b84:	000b      	movs	r3, r1
10002b86:	981e      	ldr	r0, [sp, #120]	@ 0x78
10002b88:	991f      	ldr	r1, [sp, #124]	@ 0x7c
10002b8a:	f7ff f8f4 	bl	10001d76 <__wrap___aeabi_dsub>
10002b8e:	4b2a      	ldr	r3, [pc, #168]	@ (10002c38 <_ftoa+0x354>)
10002b90:	2200      	movs	r2, #0
10002b92:	0006      	movs	r6, r0
10002b94:	000f      	movs	r7, r1
10002b96:	f7ff f961 	bl	10001e5c <__wrap___aeabi_dcmplt>
10002b9a:	ab0c      	add	r3, sp, #48	@ 0x30
10002b9c:	9306      	str	r3, [sp, #24]
10002b9e:	2800      	cmp	r0, #0
10002ba0:	d000      	beq.n	10002ba4 <_ftoa+0x2c0>
10002ba2:	e74f      	b.n	10002a44 <_ftoa+0x160>
10002ba4:	2200      	movs	r2, #0
10002ba6:	0030      	movs	r0, r6
10002ba8:	0039      	movs	r1, r7
10002baa:	4b23      	ldr	r3, [pc, #140]	@ (10002c38 <_ftoa+0x354>)
10002bac:	f7ff f96c 	bl	10001e88 <__wrap___aeabi_dcmpgt>
10002bb0:	2800      	cmp	r0, #0
10002bb2:	d000      	beq.n	10002bb6 <_ftoa+0x2d2>
10002bb4:	e746      	b.n	10002a44 <_ftoa+0x160>
10002bb6:	2301      	movs	r3, #1
10002bb8:	3501      	adds	r5, #1
10002bba:	439d      	bics	r5, r3
10002bbc:	e742      	b.n	10002a44 <_ftoa+0x160>
10002bbe:	2200      	movs	r2, #0
10002bc0:	9806      	ldr	r0, [sp, #24]
10002bc2:	9907      	ldr	r1, [sp, #28]
10002bc4:	4b1c      	ldr	r3, [pc, #112]	@ (10002c38 <_ftoa+0x354>)
10002bc6:	f7ff f949 	bl	10001e5c <__wrap___aeabi_dcmplt>
10002bca:	2800      	cmp	r0, #0
10002bcc:	d000      	beq.n	10002bd0 <_ftoa+0x2ec>
10002bce:	e71a      	b.n	10002a06 <_ftoa+0x122>
10002bd0:	2f00      	cmp	r7, #0
10002bd2:	d16b      	bne.n	10002cac <_ftoa+0x3c8>
10002bd4:	3701      	adds	r7, #1
10002bd6:	e716      	b.n	10002a06 <_ftoa+0x122>
10002bd8:	2303      	movs	r3, #3
10002bda:	9a22      	ldr	r2, [sp, #136]	@ 0x88
10002bdc:	4013      	ands	r3, r2
10002bde:	2b01      	cmp	r3, #1
10002be0:	d100      	bne.n	10002be4 <_ftoa+0x300>
10002be2:	e0a7      	b.n	10002d34 <_ftoa+0x450>
10002be4:	2c20      	cmp	r4, #32
10002be6:	d100      	bne.n	10002bea <_ftoa+0x306>
10002be8:	e75d      	b.n	10002aa6 <_ftoa+0x1c2>
10002bea:	9b0b      	ldr	r3, [sp, #44]	@ 0x2c
10002bec:	2b00      	cmp	r3, #0
10002bee:	d038      	beq.n	10002c62 <_ftoa+0x37e>
10002bf0:	232d      	movs	r3, #45	@ 0x2d
10002bf2:	9a06      	ldr	r2, [sp, #24]
10002bf4:	5513      	strb	r3, [r2, r4]
10002bf6:	3401      	adds	r4, #1
10002bf8:	e755      	b.n	10002aa6 <_ftoa+0x1c2>
10002bfa:	2330      	movs	r3, #48	@ 0x30
10002bfc:	9d06      	ldr	r5, [sp, #24]
10002bfe:	1936      	adds	r6, r6, r4
10002c00:	2c20      	cmp	r4, #32
10002c02:	d106      	bne.n	10002c12 <_ftoa+0x32e>
10002c04:	e035      	b.n	10002c72 <_ftoa+0x38e>
10002c06:	aa06      	add	r2, sp, #24
10002c08:	3401      	adds	r4, #1
10002c0a:	3217      	adds	r2, #23
10002c0c:	5513      	strb	r3, [r2, r4]
10002c0e:	2c20      	cmp	r4, #32
10002c10:	d02f      	beq.n	10002c72 <_ftoa+0x38e>
10002c12:	42b4      	cmp	r4, r6
10002c14:	d1f7      	bne.n	10002c06 <_ftoa+0x322>
10002c16:	232e      	movs	r3, #46	@ 0x2e
10002c18:	aa0c      	add	r2, sp, #48	@ 0x30
10002c1a:	3401      	adds	r4, #1
10002c1c:	9206      	str	r2, [sp, #24]
10002c1e:	5593      	strb	r3, [r2, r6]
10002c20:	e710      	b.n	10002a44 <_ftoa+0x160>
10002c22:	46c0      	nop			@ (mov r8, r8)
10002c24:	ffefffff 	.word	0xffefffff
10002c28:	7fefffff 	.word	0x7fefffff
10002c2c:	41cdcd65 	.word	0x41cdcd65
10002c30:	c1cdcd65 	.word	0xc1cdcd65
10002c34:	10006988 	.word	0x10006988
10002c38:	3fe00000 	.word	0x3fe00000
10002c3c:	100067e4 	.word	0x100067e4
10002c40:	100067dc 	.word	0x100067dc
10002c44:	100067ec 	.word	0x100067ec
10002c48:	230c      	movs	r3, #12
10002c4a:	9a22      	ldr	r2, [sp, #136]	@ 0x88
10002c4c:	4213      	tst	r3, r2
10002c4e:	d06c      	beq.n	10002d2a <_ftoa+0x446>
10002c50:	9b21      	ldr	r3, [sp, #132]	@ 0x84
10002c52:	3b01      	subs	r3, #1
10002c54:	9321      	str	r3, [sp, #132]	@ 0x84
10002c56:	42a3      	cmp	r3, r4
10002c58:	d900      	bls.n	10002c5c <_ftoa+0x378>
10002c5a:	e718      	b.n	10002a8e <_ftoa+0x1aa>
10002c5c:	2c20      	cmp	r4, #32
10002c5e:	d100      	bne.n	10002c62 <_ftoa+0x37e>
10002c60:	e721      	b.n	10002aa6 <_ftoa+0x1c2>
10002c62:	9b22      	ldr	r3, [sp, #136]	@ 0x88
10002c64:	075b      	lsls	r3, r3, #29
10002c66:	d518      	bpl.n	10002c9a <_ftoa+0x3b6>
10002c68:	232b      	movs	r3, #43	@ 0x2b
10002c6a:	9a06      	ldr	r2, [sp, #24]
10002c6c:	5513      	strb	r3, [r2, r4]
10002c6e:	3401      	adds	r4, #1
10002c70:	e719      	b.n	10002aa6 <_ftoa+0x1c2>
10002c72:	ab0c      	add	r3, sp, #48	@ 0x30
10002c74:	9306      	str	r3, [sp, #24]
10002c76:	e6e5      	b.n	10002a44 <_ftoa+0x160>
10002c78:	9b21      	ldr	r3, [sp, #132]	@ 0x84
10002c7a:	2b04      	cmp	r3, #4
10002c7c:	d800      	bhi.n	10002c80 <_ftoa+0x39c>
10002c7e:	e75a      	b.n	10002b36 <_ftoa+0x252>
10002c80:	465d      	mov	r5, fp
10002c82:	464f      	mov	r7, r9
10002c84:	1f2c      	subs	r4, r5, #4
10002c86:	18e4      	adds	r4, r4, r3
10002c88:	002a      	movs	r2, r5
10002c8a:	4643      	mov	r3, r8
10002c8c:	3501      	adds	r5, #1
10002c8e:	0039      	movs	r1, r7
10002c90:	2020      	movs	r0, #32
10002c92:	47d0      	blx	sl
10002c94:	42a5      	cmp	r5, r4
10002c96:	d1f7      	bne.n	10002c88 <_ftoa+0x3a4>
10002c98:	e74e      	b.n	10002b38 <_ftoa+0x254>
10002c9a:	9b22      	ldr	r3, [sp, #136]	@ 0x88
10002c9c:	071b      	lsls	r3, r3, #28
10002c9e:	d400      	bmi.n	10002ca2 <_ftoa+0x3be>
10002ca0:	e701      	b.n	10002aa6 <_ftoa+0x1c2>
10002ca2:	2320      	movs	r3, #32
10002ca4:	9a06      	ldr	r2, [sp, #24]
10002ca6:	5513      	strb	r3, [r2, r4]
10002ca8:	3401      	adds	r4, #1
10002caa:	e6fc      	b.n	10002aa6 <_ftoa+0x1c2>
10002cac:	07fb      	lsls	r3, r7, #31
10002cae:	d400      	bmi.n	10002cb2 <_ftoa+0x3ce>
10002cb0:	e6a9      	b.n	10002a06 <_ftoa+0x122>
10002cb2:	3701      	adds	r7, #1
10002cb4:	e6a7      	b.n	10002a06 <_ftoa+0x122>
10002cb6:	2702      	movs	r7, #2
10002cb8:	9b22      	ldr	r3, [sp, #136]	@ 0x88
10002cba:	401f      	ands	r7, r3
10002cbc:	079b      	lsls	r3, r3, #30
10002cbe:	d022      	beq.n	10002d06 <_ftoa+0x422>
10002cc0:	465d      	mov	r5, fp
10002cc2:	9706      	str	r7, [sp, #24]
10002cc4:	4657      	mov	r7, sl
10002cc6:	4e24      	ldr	r6, [pc, #144]	@ (10002d58 <_ftoa+0x474>)
10002cc8:	1cec      	adds	r4, r5, #3
10002cca:	002a      	movs	r2, r5
10002ccc:	78b0      	ldrb	r0, [r6, #2]
10002cce:	4643      	mov	r3, r8
10002cd0:	4649      	mov	r1, r9
10002cd2:	3501      	adds	r5, #1
10002cd4:	47b8      	blx	r7
10002cd6:	3e01      	subs	r6, #1
10002cd8:	42a5      	cmp	r5, r4
10002cda:	d1f6      	bne.n	10002cca <_ftoa+0x3e6>
10002cdc:	9f06      	ldr	r7, [sp, #24]
10002cde:	2f00      	cmp	r7, #0
10002ce0:	d100      	bne.n	10002ce4 <_ftoa+0x400>
10002ce2:	e6f7      	b.n	10002ad4 <_ftoa+0x1f0>
10002ce4:	465f      	mov	r7, fp
10002ce6:	9a21      	ldr	r2, [sp, #132]	@ 0x84
10002ce8:	1be3      	subs	r3, r4, r7
10002cea:	4293      	cmp	r3, r2
10002cec:	d300      	bcc.n	10002cf0 <_ftoa+0x40c>
10002cee:	e6f1      	b.n	10002ad4 <_ftoa+0x1f0>
10002cf0:	0015      	movs	r5, r2
10002cf2:	0022      	movs	r2, r4
10002cf4:	4643      	mov	r3, r8
10002cf6:	4649      	mov	r1, r9
10002cf8:	2020      	movs	r0, #32
10002cfa:	3401      	adds	r4, #1
10002cfc:	47d0      	blx	sl
10002cfe:	1be3      	subs	r3, r4, r7
10002d00:	429d      	cmp	r5, r3
10002d02:	d8f6      	bhi.n	10002cf2 <_ftoa+0x40e>
10002d04:	e6e6      	b.n	10002ad4 <_ftoa+0x1f0>
10002d06:	9b21      	ldr	r3, [sp, #132]	@ 0x84
10002d08:	2b03      	cmp	r3, #3
10002d0a:	d9d9      	bls.n	10002cc0 <_ftoa+0x3dc>
10002d0c:	465c      	mov	r4, fp
10002d0e:	9706      	str	r7, [sp, #24]
10002d10:	464f      	mov	r7, r9
10002d12:	1ee5      	subs	r5, r4, #3
10002d14:	18ed      	adds	r5, r5, r3
10002d16:	0022      	movs	r2, r4
10002d18:	4643      	mov	r3, r8
10002d1a:	3401      	adds	r4, #1
10002d1c:	0039      	movs	r1, r7
10002d1e:	2020      	movs	r0, #32
10002d20:	47d0      	blx	sl
10002d22:	42ac      	cmp	r4, r5
10002d24:	d1f7      	bne.n	10002d16 <_ftoa+0x432>
10002d26:	9f06      	ldr	r7, [sp, #24]
10002d28:	e7cb      	b.n	10002cc2 <_ftoa+0x3de>
10002d2a:	9b21      	ldr	r3, [sp, #132]	@ 0x84
10002d2c:	42a3      	cmp	r3, r4
10002d2e:	d900      	bls.n	10002d32 <_ftoa+0x44e>
10002d30:	e6ad      	b.n	10002a8e <_ftoa+0x1aa>
10002d32:	e6b8      	b.n	10002aa6 <_ftoa+0x1c2>
10002d34:	9b21      	ldr	r3, [sp, #132]	@ 0x84
10002d36:	2b00      	cmp	r3, #0
10002d38:	d100      	bne.n	10002d3c <_ftoa+0x458>
10002d3a:	e753      	b.n	10002be4 <_ftoa+0x300>
10002d3c:	9b0b      	ldr	r3, [sp, #44]	@ 0x2c
10002d3e:	2b00      	cmp	r3, #0
10002d40:	d082      	beq.n	10002c48 <_ftoa+0x364>
10002d42:	9b21      	ldr	r3, [sp, #132]	@ 0x84
10002d44:	3b01      	subs	r3, #1
10002d46:	9321      	str	r3, [sp, #132]	@ 0x84
10002d48:	429c      	cmp	r4, r3
10002d4a:	d200      	bcs.n	10002d4e <_ftoa+0x46a>
10002d4c:	e69f      	b.n	10002a8e <_ftoa+0x1aa>
10002d4e:	2c20      	cmp	r4, #32
10002d50:	d000      	beq.n	10002d54 <_ftoa+0x470>
10002d52:	e74d      	b.n	10002bf0 <_ftoa+0x30c>
10002d54:	e6a7      	b.n	10002aa6 <_ftoa+0x1c2>
10002d56:	46c0      	nop			@ (mov r8, r8)
10002d58:	100067e8 	.word	0x100067e8

10002d5c <_etoa>:
10002d5c:	b5f0      	push	{r4, r5, r6, r7, lr}
10002d5e:	464e      	mov	r6, r9
10002d60:	46de      	mov	lr, fp
10002d62:	4657      	mov	r7, sl
10002d64:	4645      	mov	r5, r8
10002d66:	b5e0      	push	{r5, r6, r7, lr}
10002d68:	b09b      	sub	sp, #108	@ 0x6c
10002d6a:	9c24      	ldr	r4, [sp, #144]	@ 0x90
10002d6c:	9d25      	ldr	r5, [sp, #148]	@ 0x94
10002d6e:	4683      	mov	fp, r0
10002d70:	4689      	mov	r9, r1
10002d72:	4692      	mov	sl, r2
10002d74:	001e      	movs	r6, r3
10002d76:	0022      	movs	r2, r4
10002d78:	002b      	movs	r3, r5
10002d7a:	0020      	movs	r0, r4
10002d7c:	0029      	movs	r1, r5
10002d7e:	f7ff f888 	bl	10001e92 <__wrap___aeabi_dcmpun>
10002d82:	2800      	cmp	r0, #0
10002d84:	d000      	beq.n	10002d88 <_etoa+0x2c>
10002d86:	e0c4      	b.n	10002f12 <_etoa+0x1b6>
10002d88:	2201      	movs	r2, #1
10002d8a:	0020      	movs	r0, r4
10002d8c:	0029      	movs	r1, r5
10002d8e:	4b7f      	ldr	r3, [pc, #508]	@ (10002f8c <_etoa+0x230>)
10002d90:	4252      	negs	r2, r2
10002d92:	f7ff f879 	bl	10001e88 <__wrap___aeabi_dcmpgt>
10002d96:	2800      	cmp	r0, #0
10002d98:	d000      	beq.n	10002d9c <_etoa+0x40>
10002d9a:	e0ba      	b.n	10002f12 <_etoa+0x1b6>
10002d9c:	2201      	movs	r2, #1
10002d9e:	0020      	movs	r0, r4
10002da0:	0029      	movs	r1, r5
10002da2:	4b7b      	ldr	r3, [pc, #492]	@ (10002f90 <_etoa+0x234>)
10002da4:	4252      	negs	r2, r2
10002da6:	f7ff f859 	bl	10001e5c <__wrap___aeabi_dcmplt>
10002daa:	2800      	cmp	r0, #0
10002dac:	d000      	beq.n	10002db0 <_etoa+0x54>
10002dae:	e0b0      	b.n	10002f12 <_etoa+0x1b6>
10002db0:	2200      	movs	r2, #0
10002db2:	2300      	movs	r3, #0
10002db4:	0020      	movs	r0, r4
10002db6:	0029      	movs	r1, r5
10002db8:	f7ff f850 	bl	10001e5c <__wrap___aeabi_dcmplt>
10002dbc:	2800      	cmp	r0, #0
10002dbe:	d000      	beq.n	10002dc2 <_etoa+0x66>
10002dc0:	e218      	b.n	100031f4 <_etoa+0x498>
10002dc2:	9408      	str	r4, [sp, #32]
10002dc4:	9509      	str	r5, [sp, #36]	@ 0x24
10002dc6:	9808      	ldr	r0, [sp, #32]
10002dc8:	9909      	ldr	r1, [sp, #36]	@ 0x24
10002dca:	2380      	movs	r3, #128	@ 0x80
10002dcc:	9a28      	ldr	r2, [sp, #160]	@ 0xa0
10002dce:	00db      	lsls	r3, r3, #3
10002dd0:	401a      	ands	r2, r3
10002dd2:	920f      	str	r2, [sp, #60]	@ 0x3c
10002dd4:	2280      	movs	r2, #128	@ 0x80
10002dd6:	9f28      	ldr	r7, [sp, #160]	@ 0xa0
10002dd8:	0112      	lsls	r2, r2, #4
10002dda:	4017      	ands	r7, r2
10002ddc:	003a      	movs	r2, r7
10002dde:	970e      	str	r7, [sp, #56]	@ 0x38
10002de0:	9f28      	ldr	r7, [sp, #160]	@ 0xa0
10002de2:	4688      	mov	r8, r1
10002de4:	900a      	str	r0, [sp, #40]	@ 0x28
10002de6:	421f      	tst	r7, r3
10002de8:	d000      	beq.n	10002dec <_etoa+0x90>
10002dea:	e0a7      	b.n	10002f3c <_etoa+0x1e0>
10002dec:	000b      	movs	r3, r1
10002dee:	4303      	orrs	r3, r0
10002df0:	d000      	beq.n	10002df4 <_etoa+0x98>
10002df2:	e0d1      	b.n	10002f98 <_etoa+0x23c>
10002df4:	2a00      	cmp	r2, #0
10002df6:	d000      	beq.n	10002dfa <_etoa+0x9e>
10002df8:	e224      	b.n	10003244 <_etoa+0x4e8>
10002dfa:	003a      	movs	r2, r7
10002dfc:	3306      	adds	r3, #6
10002dfe:	9326      	str	r3, [sp, #152]	@ 0x98
10002e00:	2302      	movs	r3, #2
10002e02:	4013      	ands	r3, r2
10002e04:	4698      	mov	r8, r3
10002e06:	2302      	movs	r3, #2
10002e08:	4213      	tst	r3, r2
10002e0a:	d100      	bne.n	10002e0e <_etoa+0xb2>
10002e0c:	e211      	b.n	10003232 <_etoa+0x4d6>
10002e0e:	2300      	movs	r3, #0
10002e10:	2700      	movs	r7, #0
10002e12:	930e      	str	r3, [sp, #56]	@ 0x38
10002e14:	3302      	adds	r3, #2
10002e16:	4698      	mov	r8, r3
10002e18:	3302      	adds	r3, #2
10002e1a:	930c      	str	r3, [sp, #48]	@ 0x30
10002e1c:	2200      	movs	r2, #0
10002e1e:	2300      	movs	r3, #0
10002e20:	0020      	movs	r0, r4
10002e22:	0029      	movs	r1, r5
10002e24:	f7ff f81a 	bl	10001e5c <__wrap___aeabi_dcmplt>
10002e28:	2800      	cmp	r0, #0
10002e2a:	d000      	beq.n	10002e2e <_etoa+0xd2>
10002e2c:	e1b3      	b.n	10003196 <_etoa+0x43a>
10002e2e:	4b59      	ldr	r3, [pc, #356]	@ (10002f94 <_etoa+0x238>)
10002e30:	9a28      	ldr	r2, [sp, #160]	@ 0xa0
10002e32:	4013      	ands	r3, r2
10002e34:	9304      	str	r3, [sp, #16]
10002e36:	9b0e      	ldr	r3, [sp, #56]	@ 0x38
10002e38:	9303      	str	r3, [sp, #12]
10002e3a:	9b26      	ldr	r3, [sp, #152]	@ 0x98
10002e3c:	9302      	str	r3, [sp, #8]
10002e3e:	9b08      	ldr	r3, [sp, #32]
10002e40:	9c09      	ldr	r4, [sp, #36]	@ 0x24
10002e42:	9300      	str	r3, [sp, #0]
10002e44:	9401      	str	r4, [sp, #4]
10002e46:	4649      	mov	r1, r9
10002e48:	0033      	movs	r3, r6
10002e4a:	4652      	mov	r2, sl
10002e4c:	4658      	mov	r0, fp
10002e4e:	f7ff fd49 	bl	100028e4 <_ftoa>
10002e52:	0002      	movs	r2, r0
10002e54:	2020      	movs	r0, #32
10002e56:	9b28      	ldr	r3, [sp, #160]	@ 0xa0
10002e58:	2500      	movs	r5, #0
10002e5a:	4003      	ands	r3, r0
10002e5c:	4259      	negs	r1, r3
10002e5e:	414b      	adcs	r3, r1
10002e60:	425b      	negs	r3, r3
10002e62:	4018      	ands	r0, r3
10002e64:	1c53      	adds	r3, r2, #1
10002e66:	9308      	str	r3, [sp, #32]
10002e68:	4649      	mov	r1, r9
10002e6a:	0033      	movs	r3, r6
10002e6c:	3045      	adds	r0, #69	@ 0x45
10002e6e:	47d8      	blx	fp
10002e70:	17fb      	asrs	r3, r7, #31
10002e72:	18fc      	adds	r4, r7, r3
10002e74:	405c      	eors	r4, r3
10002e76:	0ffb      	lsrs	r3, r7, #31
10002e78:	271f      	movs	r7, #31
10002e7a:	930a      	str	r3, [sp, #40]	@ 0x28
10002e7c:	9b0c      	ldr	r3, [sp, #48]	@ 0x30
10002e7e:	960c      	str	r6, [sp, #48]	@ 0x30
10002e80:	3b01      	subs	r3, #1
10002e82:	930e      	str	r3, [sp, #56]	@ 0x38
10002e84:	ab0a      	add	r3, sp, #40	@ 0x28
10002e86:	18ff      	adds	r7, r7, r3
10002e88:	e006      	b.n	10002e98 <_etoa+0x13c>
10002e8a:	0020      	movs	r0, r4
10002e8c:	210a      	movs	r1, #10
10002e8e:	f7fe fd37 	bl	10001900 <__wrap___aeabi_uidiv>
10002e92:	0004      	movs	r4, r0
10002e94:	2d20      	cmp	r5, #32
10002e96:	d008      	beq.n	10002eaa <_etoa+0x14e>
10002e98:	210a      	movs	r1, #10
10002e9a:	0020      	movs	r0, r4
10002e9c:	f7fe fd30 	bl	10001900 <__wrap___aeabi_uidiv>
10002ea0:	3501      	adds	r5, #1
10002ea2:	3130      	adds	r1, #48	@ 0x30
10002ea4:	5579      	strb	r1, [r7, r5]
10002ea6:	2c09      	cmp	r4, #9
10002ea8:	d8ef      	bhi.n	10002e8a <_etoa+0x12e>
10002eaa:	2305      	movs	r3, #5
10002eac:	9306      	str	r3, [sp, #24]
10002eae:	9b0e      	ldr	r3, [sp, #56]	@ 0x38
10002eb0:	465f      	mov	r7, fp
10002eb2:	9305      	str	r3, [sp, #20]
10002eb4:	2300      	movs	r3, #0
10002eb6:	9304      	str	r3, [sp, #16]
10002eb8:	330a      	adds	r3, #10
10002eba:	9303      	str	r3, [sp, #12]
10002ebc:	9b0a      	ldr	r3, [sp, #40]	@ 0x28
10002ebe:	9e0c      	ldr	r6, [sp, #48]	@ 0x30
10002ec0:	9302      	str	r3, [sp, #8]
10002ec2:	ab12      	add	r3, sp, #72	@ 0x48
10002ec4:	9300      	str	r3, [sp, #0]
10002ec6:	4649      	mov	r1, r9
10002ec8:	0033      	movs	r3, r6
10002eca:	0038      	movs	r0, r7
10002ecc:	9a08      	ldr	r2, [sp, #32]
10002ece:	9501      	str	r5, [sp, #4]
10002ed0:	f7ff fc08 	bl	100026e4 <_ntoa_format>
10002ed4:	4643      	mov	r3, r8
10002ed6:	2b00      	cmp	r3, #0
10002ed8:	d029      	beq.n	10002f2e <_etoa+0x1d2>
10002eda:	4653      	mov	r3, sl
10002edc:	1ac4      	subs	r4, r0, r3
10002ede:	9b27      	ldr	r3, [sp, #156]	@ 0x9c
10002ee0:	42a3      	cmp	r3, r4
10002ee2:	d924      	bls.n	10002f2e <_etoa+0x1d2>
10002ee4:	4680      	mov	r8, r0
10002ee6:	001d      	movs	r5, r3
10002ee8:	4653      	mov	r3, sl
10002eea:	4649      	mov	r1, r9
10002eec:	191a      	adds	r2, r3, r4
10002eee:	2020      	movs	r0, #32
10002ef0:	0033      	movs	r3, r6
10002ef2:	3401      	adds	r4, #1
10002ef4:	47b8      	blx	r7
10002ef6:	42a5      	cmp	r5, r4
10002ef8:	d8f6      	bhi.n	10002ee8 <_etoa+0x18c>
10002efa:	4640      	mov	r0, r8
10002efc:	4651      	mov	r1, sl
10002efe:	9c27      	ldr	r4, [sp, #156]	@ 0x9c
10002f00:	1a42      	subs	r2, r0, r1
10002f02:	3201      	adds	r2, #1
10002f04:	2300      	movs	r3, #0
10002f06:	4294      	cmp	r4, r2
10002f08:	d300      	bcc.n	10002f0c <_etoa+0x1b0>
10002f0a:	e1a9      	b.n	10003260 <_etoa+0x504>
10002f0c:	3001      	adds	r0, #1
10002f0e:	1818      	adds	r0, r3, r0
10002f10:	e00d      	b.n	10002f2e <_etoa+0x1d2>
10002f12:	9b28      	ldr	r3, [sp, #160]	@ 0xa0
10002f14:	9400      	str	r4, [sp, #0]
10002f16:	9501      	str	r5, [sp, #4]
10002f18:	9304      	str	r3, [sp, #16]
10002f1a:	9b27      	ldr	r3, [sp, #156]	@ 0x9c
10002f1c:	9303      	str	r3, [sp, #12]
10002f1e:	9b26      	ldr	r3, [sp, #152]	@ 0x98
10002f20:	9302      	str	r3, [sp, #8]
10002f22:	0033      	movs	r3, r6
10002f24:	4652      	mov	r2, sl
10002f26:	4649      	mov	r1, r9
10002f28:	4658      	mov	r0, fp
10002f2a:	f7ff fcdb 	bl	100028e4 <_ftoa>
10002f2e:	b01b      	add	sp, #108	@ 0x6c
10002f30:	bcf0      	pop	{r4, r5, r6, r7}
10002f32:	46bb      	mov	fp, r7
10002f34:	46b2      	mov	sl, r6
10002f36:	46a9      	mov	r9, r5
10002f38:	46a0      	mov	r8, r4
10002f3a:	bdf0      	pop	{r4, r5, r6, r7, pc}
10002f3c:	4301      	orrs	r1, r0
10002f3e:	d12d      	bne.n	10002f9c <_etoa+0x240>
10002f40:	9b0e      	ldr	r3, [sp, #56]	@ 0x38
10002f42:	003a      	movs	r2, r7
10002f44:	2b00      	cmp	r3, #0
10002f46:	d100      	bne.n	10002f4a <_etoa+0x1ee>
10002f48:	e75a      	b.n	10002e00 <_etoa+0xa4>
10002f4a:	2700      	movs	r7, #0
10002f4c:	2300      	movs	r3, #0
10002f4e:	4698      	mov	r8, r3
10002f50:	9b26      	ldr	r3, [sp, #152]	@ 0x98
10002f52:	42bb      	cmp	r3, r7
10002f54:	dd00      	ble.n	10002f58 <_etoa+0x1fc>
10002f56:	e192      	b.n	1000327e <_etoa+0x522>
10002f58:	2200      	movs	r2, #0
10002f5a:	2300      	movs	r3, #0
10002f5c:	0020      	movs	r0, r4
10002f5e:	0029      	movs	r1, r5
10002f60:	f7fe ff7c 	bl	10001e5c <__wrap___aeabi_dcmplt>
10002f64:	2800      	cmp	r0, #0
10002f66:	d000      	beq.n	10002f6a <_etoa+0x20e>
10002f68:	e14c      	b.n	10003204 <_etoa+0x4a8>
10002f6a:	9b28      	ldr	r3, [sp, #160]	@ 0xa0
10002f6c:	4a09      	ldr	r2, [pc, #36]	@ (10002f94 <_etoa+0x238>)
10002f6e:	401a      	ands	r2, r3
10002f70:	2380      	movs	r3, #128	@ 0x80
10002f72:	00db      	lsls	r3, r3, #3
10002f74:	4313      	orrs	r3, r2
10002f76:	9304      	str	r3, [sp, #16]
10002f78:	9b27      	ldr	r3, [sp, #156]	@ 0x9c
10002f7a:	9303      	str	r3, [sp, #12]
10002f7c:	4643      	mov	r3, r8
10002f7e:	9302      	str	r3, [sp, #8]
10002f80:	9b08      	ldr	r3, [sp, #32]
10002f82:	9c09      	ldr	r4, [sp, #36]	@ 0x24
10002f84:	9300      	str	r3, [sp, #0]
10002f86:	9401      	str	r4, [sp, #4]
10002f88:	e7cb      	b.n	10002f22 <_etoa+0x1c6>
10002f8a:	46c0      	nop			@ (mov r8, r8)
10002f8c:	7fefffff 	.word	0x7fefffff
10002f90:	ffefffff 	.word	0xffefffff
10002f94:	fffff7ff 	.word	0xfffff7ff
10002f98:	2306      	movs	r3, #6
10002f9a:	9326      	str	r3, [sp, #152]	@ 0x98
10002f9c:	4643      	mov	r3, r8
10002f9e:	0058      	lsls	r0, r3, #1
10002fa0:	4bbb      	ldr	r3, [pc, #748]	@ (10003290 <_etoa+0x534>)
10002fa2:	0d40      	lsrs	r0, r0, #21
10002fa4:	18c0      	adds	r0, r0, r3
10002fa6:	f7fe ff85 	bl	10001eb4 <__wrap___aeabi_i2d>
10002faa:	4aba      	ldr	r2, [pc, #744]	@ (10003294 <_etoa+0x538>)
10002fac:	4bba      	ldr	r3, [pc, #744]	@ (10003298 <_etoa+0x53c>)
10002fae:	f7fe ff12 	bl	10001dd6 <__wrap___aeabi_dmul>
10002fb2:	4aba      	ldr	r2, [pc, #744]	@ (1000329c <_etoa+0x540>)
10002fb4:	4bba      	ldr	r3, [pc, #744]	@ (100032a0 <_etoa+0x544>)
10002fb6:	f7fe fee7 	bl	10001d88 <__wrap___aeabi_dadd>
10002fba:	4643      	mov	r3, r8
10002fbc:	031f      	lsls	r7, r3, #12
10002fbe:	4bb9      	ldr	r3, [pc, #740]	@ (100032a4 <_etoa+0x548>)
10002fc0:	0b3f      	lsrs	r7, r7, #12
10002fc2:	433b      	orrs	r3, r7
10002fc4:	900c      	str	r0, [sp, #48]	@ 0x30
10002fc6:	910d      	str	r1, [sp, #52]	@ 0x34
10002fc8:	2200      	movs	r2, #0
10002fca:	980a      	ldr	r0, [sp, #40]	@ 0x28
10002fcc:	0019      	movs	r1, r3
10002fce:	4bb6      	ldr	r3, [pc, #728]	@ (100032a8 <_etoa+0x54c>)
10002fd0:	f7fe fed1 	bl	10001d76 <__wrap___aeabi_dsub>
10002fd4:	4ab5      	ldr	r2, [pc, #724]	@ (100032ac <_etoa+0x550>)
10002fd6:	4bb6      	ldr	r3, [pc, #728]	@ (100032b0 <_etoa+0x554>)
10002fd8:	f7fe fefd 	bl	10001dd6 <__wrap___aeabi_dmul>
10002fdc:	0002      	movs	r2, r0
10002fde:	000b      	movs	r3, r1
10002fe0:	980c      	ldr	r0, [sp, #48]	@ 0x30
10002fe2:	990d      	ldr	r1, [sp, #52]	@ 0x34
10002fe4:	f7fe fed0 	bl	10001d88 <__wrap___aeabi_dadd>
10002fe8:	f7fe ff7c 	bl	10001ee4 <__wrap___aeabi_d2iz>
10002fec:	0007      	movs	r7, r0
10002fee:	f7fe ff61 	bl	10001eb4 <__wrap___aeabi_i2d>
10002ff2:	4ab0      	ldr	r2, [pc, #704]	@ (100032b4 <_etoa+0x558>)
10002ff4:	4bb0      	ldr	r3, [pc, #704]	@ (100032b8 <_etoa+0x55c>)
10002ff6:	900a      	str	r0, [sp, #40]	@ 0x28
10002ff8:	910b      	str	r1, [sp, #44]	@ 0x2c
10002ffa:	f7fe feec 	bl	10001dd6 <__wrap___aeabi_dmul>
10002ffe:	2200      	movs	r2, #0
10003000:	4bae      	ldr	r3, [pc, #696]	@ (100032bc <_etoa+0x560>)
10003002:	f7fe fec1 	bl	10001d88 <__wrap___aeabi_dadd>
10003006:	f7fe ff6d 	bl	10001ee4 <__wrap___aeabi_d2iz>
1000300a:	4aad      	ldr	r2, [pc, #692]	@ (100032c0 <_etoa+0x564>)
1000300c:	4680      	mov	r8, r0
1000300e:	980a      	ldr	r0, [sp, #40]	@ 0x28
10003010:	990b      	ldr	r1, [sp, #44]	@ 0x2c
10003012:	4bac      	ldr	r3, [pc, #688]	@ (100032c4 <_etoa+0x568>)
10003014:	f7fe fedf 	bl	10001dd6 <__wrap___aeabi_dmul>
10003018:	900a      	str	r0, [sp, #40]	@ 0x28
1000301a:	910b      	str	r1, [sp, #44]	@ 0x2c
1000301c:	4640      	mov	r0, r8
1000301e:	f7fe ff49 	bl	10001eb4 <__wrap___aeabi_i2d>
10003022:	4aa9      	ldr	r2, [pc, #676]	@ (100032c8 <_etoa+0x56c>)
10003024:	4ba9      	ldr	r3, [pc, #676]	@ (100032cc <_etoa+0x570>)
10003026:	f7fe fed6 	bl	10001dd6 <__wrap___aeabi_dmul>
1000302a:	0002      	movs	r2, r0
1000302c:	000b      	movs	r3, r1
1000302e:	980a      	ldr	r0, [sp, #40]	@ 0x28
10003030:	990b      	ldr	r1, [sp, #44]	@ 0x2c
10003032:	f7fe fea0 	bl	10001d76 <__wrap___aeabi_dsub>
10003036:	0002      	movs	r2, r0
10003038:	000b      	movs	r3, r1
1000303a:	900a      	str	r0, [sp, #40]	@ 0x28
1000303c:	910b      	str	r1, [sp, #44]	@ 0x2c
1000303e:	f7fe feca 	bl	10001dd6 <__wrap___aeabi_dmul>
10003042:	900c      	str	r0, [sp, #48]	@ 0x30
10003044:	910d      	str	r1, [sp, #52]	@ 0x34
10003046:	980a      	ldr	r0, [sp, #40]	@ 0x28
10003048:	990b      	ldr	r1, [sp, #44]	@ 0x2c
1000304a:	0002      	movs	r2, r0
1000304c:	000b      	movs	r3, r1
1000304e:	f7fe fe9b 	bl	10001d88 <__wrap___aeabi_dadd>
10003052:	2200      	movs	r2, #0
10003054:	9010      	str	r0, [sp, #64]	@ 0x40
10003056:	9111      	str	r1, [sp, #68]	@ 0x44
10003058:	980c      	ldr	r0, [sp, #48]	@ 0x30
1000305a:	990d      	ldr	r1, [sp, #52]	@ 0x34
1000305c:	4b9c      	ldr	r3, [pc, #624]	@ (100032d0 <_etoa+0x574>)
1000305e:	f7fe fe9c 	bl	10001d9a <__wrap___aeabi_ddiv>
10003062:	2200      	movs	r2, #0
10003064:	4b9b      	ldr	r3, [pc, #620]	@ (100032d4 <_etoa+0x578>)
10003066:	f7fe fe8f 	bl	10001d88 <__wrap___aeabi_dadd>
1000306a:	0002      	movs	r2, r0
1000306c:	000b      	movs	r3, r1
1000306e:	980c      	ldr	r0, [sp, #48]	@ 0x30
10003070:	990d      	ldr	r1, [sp, #52]	@ 0x34
10003072:	f7fe fe92 	bl	10001d9a <__wrap___aeabi_ddiv>
10003076:	2200      	movs	r2, #0
10003078:	4b97      	ldr	r3, [pc, #604]	@ (100032d8 <_etoa+0x57c>)
1000307a:	f7fe fe85 	bl	10001d88 <__wrap___aeabi_dadd>
1000307e:	0002      	movs	r2, r0
10003080:	000b      	movs	r3, r1
10003082:	980c      	ldr	r0, [sp, #48]	@ 0x30
10003084:	990d      	ldr	r1, [sp, #52]	@ 0x34
10003086:	f7fe fe88 	bl	10001d9a <__wrap___aeabi_ddiv>
1000308a:	9a0a      	ldr	r2, [sp, #40]	@ 0x28
1000308c:	9b0b      	ldr	r3, [sp, #44]	@ 0x2c
1000308e:	900c      	str	r0, [sp, #48]	@ 0x30
10003090:	910d      	str	r1, [sp, #52]	@ 0x34
10003092:	2180      	movs	r1, #128	@ 0x80
10003094:	2000      	movs	r0, #0
10003096:	05c9      	lsls	r1, r1, #23
10003098:	f7fe fe6d 	bl	10001d76 <__wrap___aeabi_dsub>
1000309c:	0002      	movs	r2, r0
1000309e:	000b      	movs	r3, r1
100030a0:	980c      	ldr	r0, [sp, #48]	@ 0x30
100030a2:	990d      	ldr	r1, [sp, #52]	@ 0x34
100030a4:	f7fe fe70 	bl	10001d88 <__wrap___aeabi_dadd>
100030a8:	0002      	movs	r2, r0
100030aa:	000b      	movs	r3, r1
100030ac:	9810      	ldr	r0, [sp, #64]	@ 0x40
100030ae:	9911      	ldr	r1, [sp, #68]	@ 0x44
100030b0:	f7fe fe73 	bl	10001d9a <__wrap___aeabi_ddiv>
100030b4:	2200      	movs	r2, #0
100030b6:	4b7b      	ldr	r3, [pc, #492]	@ (100032a4 <_etoa+0x548>)
100030b8:	f7fe fe66 	bl	10001d88 <__wrap___aeabi_dadd>
100030bc:	4643      	mov	r3, r8
100030be:	4a87      	ldr	r2, [pc, #540]	@ (100032dc <_etoa+0x580>)
100030c0:	900a      	str	r0, [sp, #40]	@ 0x28
100030c2:	910b      	str	r1, [sp, #44]	@ 0x2c
100030c4:	980a      	ldr	r0, [sp, #40]	@ 0x28
100030c6:	990b      	ldr	r1, [sp, #44]	@ 0x2c
100030c8:	189b      	adds	r3, r3, r2
100030ca:	051b      	lsls	r3, r3, #20
100030cc:	2200      	movs	r2, #0
100030ce:	f7fe fe82 	bl	10001dd6 <__wrap___aeabi_dmul>
100030d2:	0002      	movs	r2, r0
100030d4:	000b      	movs	r3, r1
100030d6:	9808      	ldr	r0, [sp, #32]
100030d8:	9909      	ldr	r1, [sp, #36]	@ 0x24
100030da:	920a      	str	r2, [sp, #40]	@ 0x28
100030dc:	930b      	str	r3, [sp, #44]	@ 0x2c
100030de:	f7fe febd 	bl	10001e5c <__wrap___aeabi_dcmplt>
100030e2:	2800      	cmp	r0, #0
100030e4:	d008      	beq.n	100030f8 <_etoa+0x39c>
100030e6:	980a      	ldr	r0, [sp, #40]	@ 0x28
100030e8:	990b      	ldr	r1, [sp, #44]	@ 0x2c
100030ea:	2200      	movs	r2, #0
100030ec:	4b79      	ldr	r3, [pc, #484]	@ (100032d4 <_etoa+0x578>)
100030ee:	f7fe fe54 	bl	10001d9a <__wrap___aeabi_ddiv>
100030f2:	900a      	str	r0, [sp, #40]	@ 0x28
100030f4:	910b      	str	r1, [sp, #44]	@ 0x2c
100030f6:	3f01      	subs	r7, #1
100030f8:	990a      	ldr	r1, [sp, #40]	@ 0x28
100030fa:	9a0b      	ldr	r2, [sp, #44]	@ 0x2c
100030fc:	000b      	movs	r3, r1
100030fe:	0011      	movs	r1, r2
10003100:	003a      	movs	r2, r7
10003102:	3263      	adds	r2, #99	@ 0x63
10003104:	2ac6      	cmp	r2, #198	@ 0xc6
10003106:	d857      	bhi.n	100031b8 <_etoa+0x45c>
10003108:	2202      	movs	r2, #2
1000310a:	9828      	ldr	r0, [sp, #160]	@ 0xa0
1000310c:	4010      	ands	r0, r2
1000310e:	9a0e      	ldr	r2, [sp, #56]	@ 0x38
10003110:	4680      	mov	r8, r0
10003112:	2a00      	cmp	r2, #0
10003114:	d100      	bne.n	10003118 <_etoa+0x3bc>
10003116:	e098      	b.n	1000324a <_etoa+0x4ee>
10003118:	2204      	movs	r2, #4
1000311a:	920c      	str	r2, [sp, #48]	@ 0x30
1000311c:	430b      	orrs	r3, r1
1000311e:	d100      	bne.n	10003122 <_etoa+0x3c6>
10003120:	e714      	b.n	10002f4c <_etoa+0x1f0>
10003122:	9808      	ldr	r0, [sp, #32]
10003124:	9909      	ldr	r1, [sp, #36]	@ 0x24
10003126:	4a6e      	ldr	r2, [pc, #440]	@ (100032e0 <_etoa+0x584>)
10003128:	4b6e      	ldr	r3, [pc, #440]	@ (100032e4 <_etoa+0x588>)
1000312a:	f7fe fea5 	bl	10001e78 <__wrap___aeabi_dcmpge>
1000312e:	2800      	cmp	r0, #0
10003130:	d008      	beq.n	10003144 <_etoa+0x3e8>
10003132:	9808      	ldr	r0, [sp, #32]
10003134:	9909      	ldr	r1, [sp, #36]	@ 0x24
10003136:	2200      	movs	r2, #0
10003138:	4b6b      	ldr	r3, [pc, #428]	@ (100032e8 <_etoa+0x58c>)
1000313a:	f7fe fe8f 	bl	10001e5c <__wrap___aeabi_dcmplt>
1000313e:	2800      	cmp	r0, #0
10003140:	d000      	beq.n	10003144 <_etoa+0x3e8>
10003142:	e703      	b.n	10002f4c <_etoa+0x1f0>
10003144:	9b26      	ldr	r3, [sp, #152]	@ 0x98
10003146:	2b00      	cmp	r3, #0
10003148:	d048      	beq.n	100031dc <_etoa+0x480>
1000314a:	9b0f      	ldr	r3, [sp, #60]	@ 0x3c
1000314c:	2b00      	cmp	r3, #0
1000314e:	d045      	beq.n	100031dc <_etoa+0x480>
10003150:	9b26      	ldr	r3, [sp, #152]	@ 0x98
10003152:	9a0c      	ldr	r2, [sp, #48]	@ 0x30
10003154:	3b01      	subs	r3, #1
10003156:	9326      	str	r3, [sp, #152]	@ 0x98
10003158:	9b27      	ldr	r3, [sp, #156]	@ 0x9c
1000315a:	4293      	cmp	r3, r2
1000315c:	d905      	bls.n	1000316a <_etoa+0x40e>
1000315e:	4643      	mov	r3, r8
10003160:	2b00      	cmp	r3, #0
10003162:	d100      	bne.n	10003166 <_etoa+0x40a>
10003164:	e082      	b.n	1000326c <_etoa+0x510>
10003166:	2302      	movs	r3, #2
10003168:	4698      	mov	r8, r3
1000316a:	2300      	movs	r3, #0
1000316c:	930e      	str	r3, [sp, #56]	@ 0x38
1000316e:	2f00      	cmp	r7, #0
10003170:	d100      	bne.n	10003174 <_etoa+0x418>
10003172:	e653      	b.n	10002e1c <_etoa+0xc0>
10003174:	9a0a      	ldr	r2, [sp, #40]	@ 0x28
10003176:	9b0b      	ldr	r3, [sp, #44]	@ 0x2c
10003178:	9808      	ldr	r0, [sp, #32]
1000317a:	9909      	ldr	r1, [sp, #36]	@ 0x24
1000317c:	f7fe fe0d 	bl	10001d9a <__wrap___aeabi_ddiv>
10003180:	2200      	movs	r2, #0
10003182:	9008      	str	r0, [sp, #32]
10003184:	9109      	str	r1, [sp, #36]	@ 0x24
10003186:	2300      	movs	r3, #0
10003188:	0020      	movs	r0, r4
1000318a:	0029      	movs	r1, r5
1000318c:	f7fe fe66 	bl	10001e5c <__wrap___aeabi_dcmplt>
10003190:	2800      	cmp	r0, #0
10003192:	d100      	bne.n	10003196 <_etoa+0x43a>
10003194:	e64b      	b.n	10002e2e <_etoa+0xd2>
10003196:	9c08      	ldr	r4, [sp, #32]
10003198:	9d09      	ldr	r5, [sp, #36]	@ 0x24
1000319a:	9a28      	ldr	r2, [sp, #160]	@ 0xa0
1000319c:	2080      	movs	r0, #128	@ 0x80
1000319e:	4b53      	ldr	r3, [pc, #332]	@ (100032ec <_etoa+0x590>)
100031a0:	0600      	lsls	r0, r0, #24
100031a2:	4013      	ands	r3, r2
100031a4:	0022      	movs	r2, r4
100031a6:	9304      	str	r3, [sp, #16]
100031a8:	9b0e      	ldr	r3, [sp, #56]	@ 0x38
100031aa:	9303      	str	r3, [sp, #12]
100031ac:	9b26      	ldr	r3, [sp, #152]	@ 0x98
100031ae:	9302      	str	r3, [sp, #8]
100031b0:	182b      	adds	r3, r5, r0
100031b2:	9200      	str	r2, [sp, #0]
100031b4:	9301      	str	r3, [sp, #4]
100031b6:	e646      	b.n	10002e46 <_etoa+0xea>
100031b8:	2202      	movs	r2, #2
100031ba:	9828      	ldr	r0, [sp, #160]	@ 0xa0
100031bc:	4010      	ands	r0, r2
100031be:	9a0e      	ldr	r2, [sp, #56]	@ 0x38
100031c0:	4680      	mov	r8, r0
100031c2:	2a00      	cmp	r2, #0
100031c4:	d132      	bne.n	1000322c <_etoa+0x4d0>
100031c6:	9b27      	ldr	r3, [sp, #156]	@ 0x9c
100031c8:	2b05      	cmp	r3, #5
100031ca:	d904      	bls.n	100031d6 <_etoa+0x47a>
100031cc:	2800      	cmp	r0, #0
100031ce:	d15a      	bne.n	10003286 <_etoa+0x52a>
100031d0:	9b27      	ldr	r3, [sp, #156]	@ 0x9c
100031d2:	3b05      	subs	r3, #5
100031d4:	930e      	str	r3, [sp, #56]	@ 0x38
100031d6:	2305      	movs	r3, #5
100031d8:	930c      	str	r3, [sp, #48]	@ 0x30
100031da:	e7cb      	b.n	10003174 <_etoa+0x418>
100031dc:	9b27      	ldr	r3, [sp, #156]	@ 0x9c
100031de:	9a0c      	ldr	r2, [sp, #48]	@ 0x30
100031e0:	4293      	cmp	r3, r2
100031e2:	d9c2      	bls.n	1000316a <_etoa+0x40e>
100031e4:	4643      	mov	r3, r8
100031e6:	2b00      	cmp	r3, #0
100031e8:	d040      	beq.n	1000326c <_etoa+0x510>
100031ea:	2300      	movs	r3, #0
100031ec:	930e      	str	r3, [sp, #56]	@ 0x38
100031ee:	3302      	adds	r3, #2
100031f0:	4698      	mov	r8, r3
100031f2:	e7bc      	b.n	1000316e <_etoa+0x412>
100031f4:	2380      	movs	r3, #128	@ 0x80
100031f6:	061b      	lsls	r3, r3, #24
100031f8:	469c      	mov	ip, r3
100031fa:	44ac      	add	ip, r5
100031fc:	4663      	mov	r3, ip
100031fe:	9408      	str	r4, [sp, #32]
10003200:	9309      	str	r3, [sp, #36]	@ 0x24
10003202:	e5e0      	b.n	10002dc6 <_etoa+0x6a>
10003204:	9b28      	ldr	r3, [sp, #160]	@ 0xa0
10003206:	4a39      	ldr	r2, [pc, #228]	@ (100032ec <_etoa+0x590>)
10003208:	2080      	movs	r0, #128	@ 0x80
1000320a:	9c08      	ldr	r4, [sp, #32]
1000320c:	9d09      	ldr	r5, [sp, #36]	@ 0x24
1000320e:	401a      	ands	r2, r3
10003210:	2380      	movs	r3, #128	@ 0x80
10003212:	00db      	lsls	r3, r3, #3
10003214:	4313      	orrs	r3, r2
10003216:	9304      	str	r3, [sp, #16]
10003218:	9b27      	ldr	r3, [sp, #156]	@ 0x9c
1000321a:	0022      	movs	r2, r4
1000321c:	9303      	str	r3, [sp, #12]
1000321e:	4643      	mov	r3, r8
10003220:	0600      	lsls	r0, r0, #24
10003222:	9302      	str	r3, [sp, #8]
10003224:	182b      	adds	r3, r5, r0
10003226:	9200      	str	r2, [sp, #0]
10003228:	9301      	str	r3, [sp, #4]
1000322a:	e67a      	b.n	10002f22 <_etoa+0x1c6>
1000322c:	2205      	movs	r2, #5
1000322e:	920c      	str	r2, [sp, #48]	@ 0x30
10003230:	e774      	b.n	1000311c <_etoa+0x3c0>
10003232:	9b27      	ldr	r3, [sp, #156]	@ 0x9c
10003234:	2b04      	cmp	r3, #4
10003236:	d317      	bcc.n	10003268 <_etoa+0x50c>
10003238:	3b04      	subs	r3, #4
1000323a:	930e      	str	r3, [sp, #56]	@ 0x38
1000323c:	2304      	movs	r3, #4
1000323e:	2700      	movs	r7, #0
10003240:	930c      	str	r3, [sp, #48]	@ 0x30
10003242:	e5eb      	b.n	10002e1c <_etoa+0xc0>
10003244:	2305      	movs	r3, #5
10003246:	4698      	mov	r8, r3
10003248:	e686      	b.n	10002f58 <_etoa+0x1fc>
1000324a:	9b27      	ldr	r3, [sp, #156]	@ 0x9c
1000324c:	2b04      	cmp	r3, #4
1000324e:	d904      	bls.n	1000325a <_etoa+0x4fe>
10003250:	2800      	cmp	r0, #0
10003252:	d10f      	bne.n	10003274 <_etoa+0x518>
10003254:	9b27      	ldr	r3, [sp, #156]	@ 0x9c
10003256:	3b04      	subs	r3, #4
10003258:	930e      	str	r3, [sp, #56]	@ 0x38
1000325a:	2304      	movs	r3, #4
1000325c:	930c      	str	r3, [sp, #48]	@ 0x30
1000325e:	e786      	b.n	1000316e <_etoa+0x412>
10003260:	1e4b      	subs	r3, r1, #1
10003262:	191b      	adds	r3, r3, r4
10003264:	1a1b      	subs	r3, r3, r0
10003266:	e651      	b.n	10002f0c <_etoa+0x1b0>
10003268:	2304      	movs	r3, #4
1000326a:	e7e5      	b.n	10003238 <_etoa+0x4dc>
1000326c:	9b27      	ldr	r3, [sp, #156]	@ 0x9c
1000326e:	1a9b      	subs	r3, r3, r2
10003270:	930e      	str	r3, [sp, #56]	@ 0x38
10003272:	e77c      	b.n	1000316e <_etoa+0x412>
10003274:	2304      	movs	r3, #4
10003276:	930c      	str	r3, [sp, #48]	@ 0x30
10003278:	3b02      	subs	r3, #2
1000327a:	4698      	mov	r8, r3
1000327c:	e777      	b.n	1000316e <_etoa+0x412>
1000327e:	1bdb      	subs	r3, r3, r7
10003280:	3b01      	subs	r3, #1
10003282:	4698      	mov	r8, r3
10003284:	e668      	b.n	10002f58 <_etoa+0x1fc>
10003286:	2302      	movs	r3, #2
10003288:	4698      	mov	r8, r3
1000328a:	3303      	adds	r3, #3
1000328c:	930c      	str	r3, [sp, #48]	@ 0x30
1000328e:	e771      	b.n	10003174 <_etoa+0x418>
10003290:	fffffc01 	.word	0xfffffc01
10003294:	509f79fb 	.word	0x509f79fb
10003298:	3fd34413 	.word	0x3fd34413
1000329c:	8b60c8b3 	.word	0x8b60c8b3
100032a0:	3fc68a28 	.word	0x3fc68a28
100032a4:	3ff00000 	.word	0x3ff00000
100032a8:	3ff80000 	.word	0x3ff80000
100032ac:	636f4361 	.word	0x636f4361
100032b0:	3fd287a7 	.word	0x3fd287a7
100032b4:	0979a371 	.word	0x0979a371
100032b8:	400a934f 	.word	0x400a934f
100032bc:	3fe00000 	.word	0x3fe00000
100032c0:	bbb55516 	.word	0xbbb55516
100032c4:	40026bb1 	.word	0x40026bb1
100032c8:	fefa39ef 	.word	0xfefa39ef
100032cc:	3fe62e42 	.word	0x3fe62e42
100032d0:	402c0000 	.word	0x402c0000
100032d4:	40240000 	.word	0x40240000
100032d8:	40180000 	.word	0x40180000
100032dc:	000003ff 	.word	0x000003ff
100032e0:	eb1c432d 	.word	0xeb1c432d
100032e4:	3f1a36e2 	.word	0x3f1a36e2
100032e8:	412e8480 	.word	0x412e8480
100032ec:	fffff7ff 	.word	0xfffff7ff

100032f0 <_vsnprintf>:
100032f0:	b5f0      	push	{r4, r5, r6, r7, lr}
100032f2:	4657      	mov	r7, sl
100032f4:	46de      	mov	lr, fp
100032f6:	464e      	mov	r6, r9
100032f8:	4645      	mov	r5, r8
100032fa:	b5e0      	push	{r5, r6, r7, lr}
100032fc:	b09f      	sub	sp, #124	@ 0x7c
100032fe:	001f      	movs	r7, r3
10003300:	9b28      	ldr	r3, [sp, #160]	@ 0xa0
10003302:	4692      	mov	sl, r2
10003304:	930b      	str	r3, [sp, #44]	@ 0x2c
10003306:	4ac6      	ldr	r2, [pc, #792]	@ (10003620 <_vsnprintf+0x330>)
10003308:	4bc6      	ldr	r3, [pc, #792]	@ (10003624 <_vsnprintf+0x334>)
1000330a:	468b      	mov	fp, r1
1000330c:	900a      	str	r0, [sp, #40]	@ 0x28
1000330e:	601a      	str	r2, [r3, #0]
10003310:	2900      	cmp	r1, #0
10003312:	d100      	bne.n	10003316 <_vsnprintf+0x26>
10003314:	e202      	b.n	1000371c <_vsnprintf+0x42c>
10003316:	2300      	movs	r3, #0
10003318:	7838      	ldrb	r0, [r7, #0]
1000331a:	4699      	mov	r9, r3
1000331c:	2800      	cmp	r0, #0
1000331e:	d100      	bne.n	10003322 <_vsnprintf+0x32>
10003320:	e204      	b.n	1000372c <_vsnprintf+0x43c>
10003322:	4bc1      	ldr	r3, [pc, #772]	@ (10003628 <_vsnprintf+0x338>)
10003324:	465d      	mov	r5, fp
10003326:	9309      	str	r3, [sp, #36]	@ 0x24
10003328:	4bc0      	ldr	r3, [pc, #768]	@ (1000362c <_vsnprintf+0x33c>)
1000332a:	4656      	mov	r6, sl
1000332c:	930d      	str	r3, [sp, #52]	@ 0x34
1000332e:	464b      	mov	r3, r9
10003330:	9308      	str	r3, [sp, #32]
10003332:	e00b      	b.n	1000334c <_vsnprintf+0x5c>
10003334:	9a08      	ldr	r2, [sp, #32]
10003336:	0033      	movs	r3, r6
10003338:	4690      	mov	r8, r2
1000333a:	0029      	movs	r1, r5
1000333c:	9c0a      	ldr	r4, [sp, #40]	@ 0x28
1000333e:	47a0      	blx	r4
10003340:	4643      	mov	r3, r8
10003342:	3301      	adds	r3, #1
10003344:	9308      	str	r3, [sp, #32]
10003346:	7838      	ldrb	r0, [r7, #0]
10003348:	2800      	cmp	r0, #0
1000334a:	d076      	beq.n	1000343a <_vsnprintf+0x14a>
1000334c:	3701      	adds	r7, #1
1000334e:	2825      	cmp	r0, #37	@ 0x25
10003350:	d1f0      	bne.n	10003334 <_vsnprintf+0x44>
10003352:	2310      	movs	r3, #16
10003354:	469b      	mov	fp, r3
10003356:	3b08      	subs	r3, #8
10003358:	469a      	mov	sl, r3
1000335a:	3b04      	subs	r3, #4
1000335c:	4699      	mov	r9, r3
1000335e:	3b02      	subs	r3, #2
10003360:	4698      	mov	r8, r3
10003362:	3b01      	subs	r3, #1
10003364:	2200      	movs	r2, #0
10003366:	469c      	mov	ip, r3
10003368:	7838      	ldrb	r0, [r7, #0]
1000336a:	1c79      	adds	r1, r7, #1
1000336c:	0003      	movs	r3, r0
1000336e:	3b20      	subs	r3, #32
10003370:	b2db      	uxtb	r3, r3
10003372:	2b10      	cmp	r3, #16
10003374:	d803      	bhi.n	1000337e <_vsnprintf+0x8e>
10003376:	9c09      	ldr	r4, [sp, #36]	@ 0x24
10003378:	009b      	lsls	r3, r3, #2
1000337a:	58e3      	ldr	r3, [r4, r3]
1000337c:	469f      	mov	pc, r3
1000337e:	0003      	movs	r3, r0
10003380:	3b30      	subs	r3, #48	@ 0x30
10003382:	2b09      	cmp	r3, #9
10003384:	d800      	bhi.n	10003388 <_vsnprintf+0x98>
10003386:	e0e2      	b.n	1000354e <_vsnprintf+0x25e>
10003388:	2300      	movs	r3, #0
1000338a:	4698      	mov	r8, r3
1000338c:	282a      	cmp	r0, #42	@ 0x2a
1000338e:	d100      	bne.n	10003392 <_vsnprintf+0xa2>
10003390:	e132      	b.n	100035f8 <_vsnprintf+0x308>
10003392:	2300      	movs	r3, #0
10003394:	930c      	str	r3, [sp, #48]	@ 0x30
10003396:	282e      	cmp	r0, #46	@ 0x2e
10003398:	d100      	bne.n	1000339c <_vsnprintf+0xac>
1000339a:	e0c7      	b.n	1000352c <_vsnprintf+0x23c>
1000339c:	2368      	movs	r3, #104	@ 0x68
1000339e:	425b      	negs	r3, r3
100033a0:	469c      	mov	ip, r3
100033a2:	4484      	add	ip, r0
100033a4:	4663      	mov	r3, ip
100033a6:	b2db      	uxtb	r3, r3
100033a8:	2b12      	cmp	r3, #18
100033aa:	d81d      	bhi.n	100033e8 <_vsnprintf+0xf8>
100033ac:	009b      	lsls	r3, r3, #2
100033ae:	001c      	movs	r4, r3
100033b0:	9b0d      	ldr	r3, [sp, #52]	@ 0x34
100033b2:	591b      	ldr	r3, [r3, r4]
100033b4:	469f      	mov	pc, r3
100033b6:	4663      	mov	r3, ip
100033b8:	000f      	movs	r7, r1
100033ba:	431a      	orrs	r2, r3
100033bc:	e7d4      	b.n	10003368 <_vsnprintf+0x78>
100033be:	4643      	mov	r3, r8
100033c0:	000f      	movs	r7, r1
100033c2:	431a      	orrs	r2, r3
100033c4:	e7d0      	b.n	10003368 <_vsnprintf+0x78>
100033c6:	464b      	mov	r3, r9
100033c8:	000f      	movs	r7, r1
100033ca:	431a      	orrs	r2, r3
100033cc:	e7cc      	b.n	10003368 <_vsnprintf+0x78>
100033ce:	465b      	mov	r3, fp
100033d0:	000f      	movs	r7, r1
100033d2:	431a      	orrs	r2, r3
100033d4:	e7c8      	b.n	10003368 <_vsnprintf+0x78>
100033d6:	4653      	mov	r3, sl
100033d8:	000f      	movs	r7, r1
100033da:	431a      	orrs	r2, r3
100033dc:	e7c4      	b.n	10003368 <_vsnprintf+0x78>
100033de:	2080      	movs	r0, #128	@ 0x80
100033e0:	0040      	lsls	r0, r0, #1
100033e2:	4302      	orrs	r2, r0
100033e4:	7878      	ldrb	r0, [r7, #1]
100033e6:	3101      	adds	r1, #1
100033e8:	000f      	movs	r7, r1
100033ea:	2865      	cmp	r0, #101	@ 0x65
100033ec:	d83e      	bhi.n	1000346c <_vsnprintf+0x17c>
100033ee:	2846      	cmp	r0, #70	@ 0x46
100033f0:	d900      	bls.n	100033f4 <_vsnprintf+0x104>
100033f2:	e0c2      	b.n	1000357a <_vsnprintf+0x28a>
100033f4:	2825      	cmp	r0, #37	@ 0x25
100033f6:	d09d      	beq.n	10003334 <_vsnprintf+0x44>
100033f8:	2824      	cmp	r0, #36	@ 0x24
100033fa:	d99b      	bls.n	10003334 <_vsnprintf+0x44>
100033fc:	2845      	cmp	r0, #69	@ 0x45
100033fe:	d100      	bne.n	10003402 <_vsnprintf+0x112>
10003400:	e292      	b.n	10003928 <_vsnprintf+0x638>
10003402:	2846      	cmp	r0, #70	@ 0x46
10003404:	d196      	bne.n	10003334 <_vsnprintf+0x44>
10003406:	2120      	movs	r1, #32
10003408:	430a      	orrs	r2, r1
1000340a:	2007      	movs	r0, #7
1000340c:	990b      	ldr	r1, [sp, #44]	@ 0x2c
1000340e:	9204      	str	r2, [sp, #16]
10003410:	4642      	mov	r2, r8
10003412:	1dcb      	adds	r3, r1, #7
10003414:	4383      	bics	r3, r0
10003416:	0019      	movs	r1, r3
10003418:	9203      	str	r2, [sp, #12]
1000341a:	9a0c      	ldr	r2, [sp, #48]	@ 0x30
1000341c:	980a      	ldr	r0, [sp, #40]	@ 0x28
1000341e:	9202      	str	r2, [sp, #8]
10003420:	c90c      	ldmia	r1!, {r2, r3}
10003422:	9200      	str	r2, [sp, #0]
10003424:	9301      	str	r3, [sp, #4]
10003426:	910b      	str	r1, [sp, #44]	@ 0x2c
10003428:	0033      	movs	r3, r6
1000342a:	0029      	movs	r1, r5
1000342c:	9a08      	ldr	r2, [sp, #32]
1000342e:	f7ff fa59 	bl	100028e4 <_ftoa>
10003432:	9008      	str	r0, [sp, #32]
10003434:	7838      	ldrb	r0, [r7, #0]
10003436:	2800      	cmp	r0, #0
10003438:	d188      	bne.n	1000334c <_vsnprintf+0x5c>
1000343a:	9b08      	ldr	r3, [sp, #32]
1000343c:	46ab      	mov	fp, r5
1000343e:	4699      	mov	r9, r3
10003440:	46b2      	mov	sl, r6
10003442:	001c      	movs	r4, r3
10003444:	45ca      	cmp	sl, r9
10003446:	d803      	bhi.n	10003450 <_vsnprintf+0x160>
10003448:	2301      	movs	r3, #1
1000344a:	425b      	negs	r3, r3
1000344c:	4453      	add	r3, sl
1000344e:	4699      	mov	r9, r3
10003450:	4653      	mov	r3, sl
10003452:	464a      	mov	r2, r9
10003454:	4659      	mov	r1, fp
10003456:	2000      	movs	r0, #0
10003458:	9d0a      	ldr	r5, [sp, #40]	@ 0x28
1000345a:	47a8      	blx	r5
1000345c:	0020      	movs	r0, r4
1000345e:	b01f      	add	sp, #124	@ 0x7c
10003460:	bcf0      	pop	{r4, r5, r6, r7}
10003462:	46bb      	mov	fp, r7
10003464:	46b2      	mov	sl, r6
10003466:	46a9      	mov	r9, r5
10003468:	46a0      	mov	r8, r4
1000346a:	bdf0      	pop	{r4, r5, r6, r7, pc}
1000346c:	2878      	cmp	r0, #120	@ 0x78
1000346e:	d900      	bls.n	10003472 <_vsnprintf+0x182>
10003470:	e760      	b.n	10003334 <_vsnprintf+0x44>
10003472:	2868      	cmp	r0, #104	@ 0x68
10003474:	d800      	bhi.n	10003478 <_vsnprintf+0x188>
10003476:	e15b      	b.n	10003730 <_vsnprintf+0x440>
10003478:	0001      	movs	r1, r0
1000347a:	2301      	movs	r3, #1
1000347c:	3969      	subs	r1, #105	@ 0x69
1000347e:	b2c9      	uxtb	r1, r1
10003480:	408b      	lsls	r3, r1
10003482:	469c      	mov	ip, r3
10003484:	4661      	mov	r1, ip
10003486:	4b6a      	ldr	r3, [pc, #424]	@ (10003630 <_vsnprintf+0x340>)
10003488:	001c      	movs	r4, r3
1000348a:	4019      	ands	r1, r3
1000348c:	4663      	mov	r3, ip
1000348e:	4223      	tst	r3, r4
10003490:	d000      	beq.n	10003494 <_vsnprintf+0x1a4>
10003492:	e16c      	b.n	1000376e <_vsnprintf+0x47e>
10003494:	2873      	cmp	r0, #115	@ 0x73
10003496:	d100      	bne.n	1000349a <_vsnprintf+0x1aa>
10003498:	e0d0      	b.n	1000363c <_vsnprintf+0x34c>
1000349a:	2870      	cmp	r0, #112	@ 0x70
1000349c:	d000      	beq.n	100034a0 <_vsnprintf+0x1b0>
1000349e:	e749      	b.n	10003334 <_vsnprintf+0x44>
100034a0:	9b0b      	ldr	r3, [sp, #44]	@ 0x2c
100034a2:	cb01      	ldmia	r3!, {r0}
100034a4:	4684      	mov	ip, r0
100034a6:	4698      	mov	r8, r3
100034a8:	2800      	cmp	r0, #0
100034aa:	d000      	beq.n	100034ae <_vsnprintf+0x1be>
100034ac:	e1f1      	b.n	10003892 <_vsnprintf+0x5a2>
100034ae:	2010      	movs	r0, #16
100034b0:	0013      	movs	r3, r2
100034b2:	4383      	bics	r3, r0
100034b4:	3011      	adds	r0, #17
100034b6:	4318      	orrs	r0, r3
100034b8:	0552      	lsls	r2, r2, #21
100034ba:	d421      	bmi.n	10003500 <_vsnprintf+0x210>
100034bc:	ab0e      	add	r3, sp, #56	@ 0x38
100034be:	4662      	mov	r2, ip
100034c0:	469c      	mov	ip, r3
100034c2:	231f      	movs	r3, #31
100034c4:	4463      	add	r3, ip
100034c6:	001c      	movs	r4, r3
100034c8:	230f      	movs	r3, #15
100034ca:	469c      	mov	ip, r3
100034cc:	9b08      	ldr	r3, [sp, #32]
100034ce:	4683      	mov	fp, r0
100034d0:	4699      	mov	r9, r3
100034d2:	9b0c      	ldr	r3, [sp, #48]	@ 0x30
100034d4:	469a      	mov	sl, r3
100034d6:	e002      	b.n	100034de <_vsnprintf+0x1ee>
100034d8:	0912      	lsrs	r2, r2, #4
100034da:	2920      	cmp	r1, #32
100034dc:	d00b      	beq.n	100034f6 <_vsnprintf+0x206>
100034de:	4663      	mov	r3, ip
100034e0:	4013      	ands	r3, r2
100034e2:	0018      	movs	r0, r3
100034e4:	3037      	adds	r0, #55	@ 0x37
100034e6:	2b09      	cmp	r3, #9
100034e8:	d801      	bhi.n	100034ee <_vsnprintf+0x1fe>
100034ea:	3330      	adds	r3, #48	@ 0x30
100034ec:	0018      	movs	r0, r3
100034ee:	3101      	adds	r1, #1
100034f0:	5460      	strb	r0, [r4, r1]
100034f2:	2a0f      	cmp	r2, #15
100034f4:	d8f0      	bhi.n	100034d8 <_vsnprintf+0x1e8>
100034f6:	464b      	mov	r3, r9
100034f8:	9308      	str	r3, [sp, #32]
100034fa:	4653      	mov	r3, sl
100034fc:	4658      	mov	r0, fp
100034fe:	930c      	str	r3, [sp, #48]	@ 0x30
10003500:	9b0c      	ldr	r3, [sp, #48]	@ 0x30
10003502:	2208      	movs	r2, #8
10003504:	9304      	str	r3, [sp, #16]
10003506:	2310      	movs	r3, #16
10003508:	9303      	str	r3, [sp, #12]
1000350a:	2300      	movs	r3, #0
1000350c:	9302      	str	r3, [sp, #8]
1000350e:	ab16      	add	r3, sp, #88	@ 0x58
10003510:	9006      	str	r0, [sp, #24]
10003512:	9205      	str	r2, [sp, #20]
10003514:	9101      	str	r1, [sp, #4]
10003516:	9300      	str	r3, [sp, #0]
10003518:	0029      	movs	r1, r5
1000351a:	0033      	movs	r3, r6
1000351c:	9a08      	ldr	r2, [sp, #32]
1000351e:	980a      	ldr	r0, [sp, #40]	@ 0x28
10003520:	f7ff f8e0 	bl	100026e4 <_ntoa_format>
10003524:	4643      	mov	r3, r8
10003526:	9008      	str	r0, [sp, #32]
10003528:	930b      	str	r3, [sp, #44]	@ 0x2c
1000352a:	e70c      	b.n	10003346 <_vsnprintf+0x56>
1000352c:	2080      	movs	r0, #128	@ 0x80
1000352e:	3b30      	subs	r3, #48	@ 0x30
10003530:	4699      	mov	r9, r3
10003532:	00c0      	lsls	r0, r0, #3
10003534:	4302      	orrs	r2, r0
10003536:	7878      	ldrb	r0, [r7, #1]
10003538:	4481      	add	r9, r0
1000353a:	464b      	mov	r3, r9
1000353c:	2b09      	cmp	r3, #9
1000353e:	d800      	bhi.n	10003542 <_vsnprintf+0x252>
10003540:	e188      	b.n	10003854 <_vsnprintf+0x564>
10003542:	282a      	cmp	r0, #42	@ 0x2a
10003544:	d100      	bne.n	10003548 <_vsnprintf+0x258>
10003546:	e197      	b.n	10003878 <_vsnprintf+0x588>
10003548:	000f      	movs	r7, r1
1000354a:	3101      	adds	r1, #1
1000354c:	e726      	b.n	1000339c <_vsnprintf+0xac>
1000354e:	2300      	movs	r3, #0
10003550:	4694      	mov	ip, r2
10003552:	001f      	movs	r7, r3
10003554:	9c08      	ldr	r4, [sp, #32]
10003556:	e000      	b.n	1000355a <_vsnprintf+0x26a>
10003558:	3101      	adds	r1, #1
1000355a:	00bb      	lsls	r3, r7, #2
1000355c:	19db      	adds	r3, r3, r7
1000355e:	005b      	lsls	r3, r3, #1
10003560:	181f      	adds	r7, r3, r0
10003562:	7808      	ldrb	r0, [r1, #0]
10003564:	3f30      	subs	r7, #48	@ 0x30
10003566:	0003      	movs	r3, r0
10003568:	3b30      	subs	r3, #48	@ 0x30
1000356a:	2b09      	cmp	r3, #9
1000356c:	d9f4      	bls.n	10003558 <_vsnprintf+0x268>
1000356e:	46b8      	mov	r8, r7
10003570:	4662      	mov	r2, ip
10003572:	000f      	movs	r7, r1
10003574:	9408      	str	r4, [sp, #32]
10003576:	3101      	adds	r1, #1
10003578:	e70b      	b.n	10003392 <_vsnprintf+0xa2>
1000357a:	0001      	movs	r1, r0
1000357c:	2301      	movs	r3, #1
1000357e:	3947      	subs	r1, #71	@ 0x47
10003580:	b2c9      	uxtb	r1, r1
10003582:	408b      	lsls	r3, r1
10003584:	0019      	movs	r1, r3
10003586:	4b2b      	ldr	r3, [pc, #172]	@ (10003634 <_vsnprintf+0x344>)
10003588:	4219      	tst	r1, r3
1000358a:	d000      	beq.n	1000358e <_vsnprintf+0x29e>
1000358c:	e2aa      	b.n	10003ae4 <_vsnprintf+0x7f4>
1000358e:	4b2a      	ldr	r3, [pc, #168]	@ (10003638 <_vsnprintf+0x348>)
10003590:	4219      	tst	r1, r3
10003592:	d000      	beq.n	10003596 <_vsnprintf+0x2a6>
10003594:	e1c2      	b.n	1000391c <_vsnprintf+0x62c>
10003596:	2863      	cmp	r0, #99	@ 0x63
10003598:	d000      	beq.n	1000359c <_vsnprintf+0x2ac>
1000359a:	e6cb      	b.n	10003334 <_vsnprintf+0x44>
1000359c:	9b08      	ldr	r3, [sp, #32]
1000359e:	3301      	adds	r3, #1
100035a0:	4699      	mov	r9, r3
100035a2:	9b0b      	ldr	r3, [sp, #44]	@ 0x2c
100035a4:	3304      	adds	r3, #4
100035a6:	469a      	mov	sl, r3
100035a8:	0792      	lsls	r2, r2, #30
100035aa:	d400      	bmi.n	100035ae <_vsnprintf+0x2be>
100035ac:	e268      	b.n	10003a80 <_vsnprintf+0x790>
100035ae:	9a08      	ldr	r2, [sp, #32]
100035b0:	9b0b      	ldr	r3, [sp, #44]	@ 0x2c
100035b2:	4693      	mov	fp, r2
100035b4:	7818      	ldrb	r0, [r3, #0]
100035b6:	0029      	movs	r1, r5
100035b8:	0033      	movs	r3, r6
100035ba:	9c0a      	ldr	r4, [sp, #40]	@ 0x28
100035bc:	47a0      	blx	r4
100035be:	465b      	mov	r3, fp
100035c0:	4443      	add	r3, r8
100035c2:	9308      	str	r3, [sp, #32]
100035c4:	4643      	mov	r3, r8
100035c6:	2b01      	cmp	r3, #1
100035c8:	d800      	bhi.n	100035cc <_vsnprintf+0x2dc>
100035ca:	e304      	b.n	10003bd6 <_vsnprintf+0x8e6>
100035cc:	002b      	movs	r3, r5
100035ce:	464c      	mov	r4, r9
100035d0:	46b9      	mov	r9, r7
100035d2:	001f      	movs	r7, r3
100035d4:	46b0      	mov	r8, r6
100035d6:	9d08      	ldr	r5, [sp, #32]
100035d8:	9e0a      	ldr	r6, [sp, #40]	@ 0x28
100035da:	0022      	movs	r2, r4
100035dc:	4643      	mov	r3, r8
100035de:	3401      	adds	r4, #1
100035e0:	0039      	movs	r1, r7
100035e2:	2020      	movs	r0, #32
100035e4:	47b0      	blx	r6
100035e6:	42ac      	cmp	r4, r5
100035e8:	d1f7      	bne.n	100035da <_vsnprintf+0x2ea>
100035ea:	4653      	mov	r3, sl
100035ec:	9508      	str	r5, [sp, #32]
100035ee:	4646      	mov	r6, r8
100035f0:	003d      	movs	r5, r7
100035f2:	930b      	str	r3, [sp, #44]	@ 0x2c
100035f4:	464f      	mov	r7, r9
100035f6:	e6a6      	b.n	10003346 <_vsnprintf+0x56>
100035f8:	9b0b      	ldr	r3, [sp, #44]	@ 0x2c
100035fa:	cb01      	ldmia	r3!, {r0}
100035fc:	4680      	mov	r8, r0
100035fe:	2800      	cmp	r0, #0
10003600:	db04      	blt.n	1000360c <_vsnprintf+0x31c>
10003602:	000f      	movs	r7, r1
10003604:	7808      	ldrb	r0, [r1, #0]
10003606:	930b      	str	r3, [sp, #44]	@ 0x2c
10003608:	3101      	adds	r1, #1
1000360a:	e6c2      	b.n	10003392 <_vsnprintf+0xa2>
1000360c:	2002      	movs	r0, #2
1000360e:	4302      	orrs	r2, r0
10003610:	4640      	mov	r0, r8
10003612:	4240      	negs	r0, r0
10003614:	4680      	mov	r8, r0
10003616:	000f      	movs	r7, r1
10003618:	7808      	ldrb	r0, [r1, #0]
1000361a:	930b      	str	r3, [sp, #44]	@ 0x2c
1000361c:	3101      	adds	r1, #1
1000361e:	e6b8      	b.n	10003392 <_vsnprintf+0xa2>
10003620:	100032f1 	.word	0x100032f1
10003624:	20001d30 	.word	0x20001d30
10003628:	100068f8 	.word	0x100068f8
1000362c:	1000693c 	.word	0x1000693c
10003630:	00009041 	.word	0x00009041
10003634:	28020000 	.word	0x28020000
10003638:	40000001 	.word	0x40000001
1000363c:	9b0b      	ldr	r3, [sp, #44]	@ 0x2c
1000363e:	cb02      	ldmia	r3!, {r1}
10003640:	468a      	mov	sl, r1
10003642:	990c      	ldr	r1, [sp, #48]	@ 0x30
10003644:	469b      	mov	fp, r3
10003646:	2900      	cmp	r1, #0
10003648:	d100      	bne.n	1000364c <_vsnprintf+0x35c>
1000364a:	e120      	b.n	1000388e <_vsnprintf+0x59e>
1000364c:	4653      	mov	r3, sl
1000364e:	7818      	ldrb	r0, [r3, #0]
10003650:	4451      	add	r1, sl
10003652:	468c      	mov	ip, r1
10003654:	4651      	mov	r1, sl
10003656:	2800      	cmp	r0, #0
10003658:	d100      	bne.n	1000365c <_vsnprintf+0x36c>
1000365a:	e3e2      	b.n	10003e22 <_vsnprintf+0xb32>
1000365c:	9b0c      	ldr	r3, [sp, #48]	@ 0x30
1000365e:	9c08      	ldr	r4, [sp, #32]
10003660:	4699      	mov	r9, r3
10003662:	4663      	mov	r3, ip
10003664:	4694      	mov	ip, r2
10003666:	001a      	movs	r2, r3
10003668:	784b      	ldrb	r3, [r1, #1]
1000366a:	3101      	adds	r1, #1
1000366c:	2b00      	cmp	r3, #0
1000366e:	d001      	beq.n	10003674 <_vsnprintf+0x384>
10003670:	4291      	cmp	r1, r2
10003672:	d1f9      	bne.n	10003668 <_vsnprintf+0x378>
10003674:	464b      	mov	r3, r9
10003676:	930c      	str	r3, [sp, #48]	@ 0x30
10003678:	4653      	mov	r3, sl
1000367a:	4662      	mov	r2, ip
1000367c:	1acb      	subs	r3, r1, r3
1000367e:	9408      	str	r4, [sp, #32]
10003680:	9310      	str	r3, [sp, #64]	@ 0x40
10003682:	0551      	lsls	r1, r2, #21
10003684:	d400      	bmi.n	10003688 <_vsnprintf+0x398>
10003686:	e107      	b.n	10003898 <_vsnprintf+0x5a8>
10003688:	9b10      	ldr	r3, [sp, #64]	@ 0x40
1000368a:	990c      	ldr	r1, [sp, #48]	@ 0x30
1000368c:	428b      	cmp	r3, r1
1000368e:	d900      	bls.n	10003692 <_vsnprintf+0x3a2>
10003690:	9110      	str	r1, [sp, #64]	@ 0x40
10003692:	2102      	movs	r1, #2
10003694:	000b      	movs	r3, r1
10003696:	4013      	ands	r3, r2
10003698:	930e      	str	r3, [sp, #56]	@ 0x38
1000369a:	4211      	tst	r1, r2
1000369c:	d100      	bne.n	100036a0 <_vsnprintf+0x3b0>
1000369e:	e326      	b.n	10003cee <_vsnprintf+0x9fe>
100036a0:	2302      	movs	r3, #2
100036a2:	930e      	str	r3, [sp, #56]	@ 0x38
100036a4:	9b0c      	ldr	r3, [sp, #48]	@ 0x30
100036a6:	9a08      	ldr	r2, [sp, #32]
100036a8:	4699      	mov	r9, r3
100036aa:	4653      	mov	r3, sl
100036ac:	1a9b      	subs	r3, r3, r2
100036ae:	469a      	mov	sl, r3
100036b0:	4643      	mov	r3, r8
100036b2:	9308      	str	r3, [sp, #32]
100036b4:	4653      	mov	r3, sl
100036b6:	4491      	add	r9, r2
100036b8:	46ba      	mov	sl, r7
100036ba:	46a8      	mov	r8, r5
100036bc:	001f      	movs	r7, r3
100036be:	464d      	mov	r5, r9
100036c0:	46b1      	mov	r9, r6
100036c2:	9e0a      	ldr	r6, [sp, #40]	@ 0x28
100036c4:	e008      	b.n	100036d8 <_vsnprintf+0x3e8>
100036c6:	1c54      	adds	r4, r2, #1
100036c8:	464b      	mov	r3, r9
100036ca:	4641      	mov	r1, r8
100036cc:	47b0      	blx	r6
100036ce:	5d38      	ldrb	r0, [r7, r4]
100036d0:	2800      	cmp	r0, #0
100036d2:	d100      	bne.n	100036d6 <_vsnprintf+0x3e6>
100036d4:	e184      	b.n	100039e0 <_vsnprintf+0x6f0>
100036d6:	0022      	movs	r2, r4
100036d8:	4295      	cmp	r5, r2
100036da:	d1f4      	bne.n	100036c6 <_vsnprintf+0x3d6>
100036dc:	464e      	mov	r6, r9
100036de:	46a9      	mov	r9, r5
100036e0:	9b08      	ldr	r3, [sp, #32]
100036e2:	4645      	mov	r5, r8
100036e4:	4698      	mov	r8, r3
100036e6:	464b      	mov	r3, r9
100036e8:	4657      	mov	r7, sl
100036ea:	9308      	str	r3, [sp, #32]
100036ec:	e0f1      	b.n	100038d2 <_vsnprintf+0x5e2>
100036ee:	7878      	ldrb	r0, [r7, #1]
100036f0:	286c      	cmp	r0, #108	@ 0x6c
100036f2:	d100      	bne.n	100036f6 <_vsnprintf+0x406>
100036f4:	e16e      	b.n	100039d4 <_vsnprintf+0x6e4>
100036f6:	2780      	movs	r7, #128	@ 0x80
100036f8:	007f      	lsls	r7, r7, #1
100036fa:	433a      	orrs	r2, r7
100036fc:	3101      	adds	r1, #1
100036fe:	e673      	b.n	100033e8 <_vsnprintf+0xf8>
10003700:	2080      	movs	r0, #128	@ 0x80
10003702:	0080      	lsls	r0, r0, #2
10003704:	4302      	orrs	r2, r0
10003706:	3101      	adds	r1, #1
10003708:	7878      	ldrb	r0, [r7, #1]
1000370a:	e66d      	b.n	100033e8 <_vsnprintf+0xf8>
1000370c:	7878      	ldrb	r0, [r7, #1]
1000370e:	2868      	cmp	r0, #104	@ 0x68
10003710:	d100      	bne.n	10003714 <_vsnprintf+0x424>
10003712:	e15a      	b.n	100039ca <_vsnprintf+0x6da>
10003714:	2780      	movs	r7, #128	@ 0x80
10003716:	3101      	adds	r1, #1
10003718:	433a      	orrs	r2, r7
1000371a:	e665      	b.n	100033e8 <_vsnprintf+0xf8>
1000371c:	4bd7      	ldr	r3, [pc, #860]	@ (10003a7c <_vsnprintf+0x78c>)
1000371e:	7838      	ldrb	r0, [r7, #0]
10003720:	930a      	str	r3, [sp, #40]	@ 0x28
10003722:	2300      	movs	r3, #0
10003724:	4699      	mov	r9, r3
10003726:	2800      	cmp	r0, #0
10003728:	d000      	beq.n	1000372c <_vsnprintf+0x43c>
1000372a:	e5fa      	b.n	10003322 <_vsnprintf+0x32>
1000372c:	2400      	movs	r4, #0
1000372e:	e689      	b.n	10003444 <_vsnprintf+0x154>
10003730:	2866      	cmp	r0, #102	@ 0x66
10003732:	d100      	bne.n	10003736 <_vsnprintf+0x446>
10003734:	e669      	b.n	1000340a <_vsnprintf+0x11a>
10003736:	2867      	cmp	r0, #103	@ 0x67
10003738:	d000      	beq.n	1000373c <_vsnprintf+0x44c>
1000373a:	e5fb      	b.n	10003334 <_vsnprintf+0x44>
1000373c:	2180      	movs	r1, #128	@ 0x80
1000373e:	0109      	lsls	r1, r1, #4
10003740:	430a      	orrs	r2, r1
10003742:	2007      	movs	r0, #7
10003744:	990b      	ldr	r1, [sp, #44]	@ 0x2c
10003746:	9204      	str	r2, [sp, #16]
10003748:	4642      	mov	r2, r8
1000374a:	1dcb      	adds	r3, r1, #7
1000374c:	4383      	bics	r3, r0
1000374e:	0019      	movs	r1, r3
10003750:	9203      	str	r2, [sp, #12]
10003752:	9a0c      	ldr	r2, [sp, #48]	@ 0x30
10003754:	980a      	ldr	r0, [sp, #40]	@ 0x28
10003756:	9202      	str	r2, [sp, #8]
10003758:	c90c      	ldmia	r1!, {r2, r3}
1000375a:	9200      	str	r2, [sp, #0]
1000375c:	9301      	str	r3, [sp, #4]
1000375e:	910b      	str	r1, [sp, #44]	@ 0x2c
10003760:	0033      	movs	r3, r6
10003762:	0029      	movs	r1, r5
10003764:	9a08      	ldr	r2, [sp, #32]
10003766:	f7ff faf9 	bl	10002d5c <_etoa>
1000376a:	9008      	str	r0, [sp, #32]
1000376c:	e5eb      	b.n	10003346 <_vsnprintf+0x56>
1000376e:	286f      	cmp	r0, #111	@ 0x6f
10003770:	d100      	bne.n	10003774 <_vsnprintf+0x484>
10003772:	e0dc      	b.n	1000392e <_vsnprintf+0x63e>
10003774:	d900      	bls.n	10003778 <_vsnprintf+0x488>
10003776:	e1aa      	b.n	10003ace <_vsnprintf+0x7de>
10003778:	2110      	movs	r1, #16
1000377a:	0013      	movs	r3, r2
1000377c:	438b      	bics	r3, r1
1000377e:	469c      	mov	ip, r3
10003780:	2869      	cmp	r0, #105	@ 0x69
10003782:	d000      	beq.n	10003786 <_vsnprintf+0x496>
10003784:	e378      	b.n	10003e78 <_vsnprintf+0xb88>
10003786:	2180      	movs	r1, #128	@ 0x80
10003788:	0013      	movs	r3, r2
1000378a:	00c9      	lsls	r1, r1, #3
1000378c:	400b      	ands	r3, r1
1000378e:	469a      	mov	sl, r3
10003790:	420a      	tst	r2, r1
10003792:	d003      	beq.n	1000379c <_vsnprintf+0x4ac>
10003794:	2011      	movs	r0, #17
10003796:	4382      	bics	r2, r0
10003798:	4694      	mov	ip, r2
1000379a:	468a      	mov	sl, r1
1000379c:	2180      	movs	r1, #128	@ 0x80
1000379e:	4662      	mov	r2, ip
100037a0:	4663      	mov	r3, ip
100037a2:	0089      	lsls	r1, r1, #2
100037a4:	400a      	ands	r2, r1
100037a6:	420b      	tst	r3, r1
100037a8:	d100      	bne.n	100037ac <_vsnprintf+0x4bc>
100037aa:	e120      	b.n	100039ee <_vsnprintf+0x6fe>
100037ac:	2308      	movs	r3, #8
100037ae:	4699      	mov	r9, r3
100037b0:	9a0b      	ldr	r2, [sp, #44]	@ 0x2c
100037b2:	39fa      	subs	r1, #250	@ 0xfa
100037b4:	39ff      	subs	r1, #255	@ 0xff
100037b6:	3207      	adds	r2, #7
100037b8:	438a      	bics	r2, r1
100037ba:	4491      	add	r9, r2
100037bc:	464b      	mov	r3, r9
100037be:	ca06      	ldmia	r2, {r1, r2}
100037c0:	930b      	str	r3, [sp, #44]	@ 0x2c
100037c2:	910e      	str	r1, [sp, #56]	@ 0x38
100037c4:	920f      	str	r2, [sp, #60]	@ 0x3c
100037c6:	2a00      	cmp	r2, #0
100037c8:	dc00      	bgt.n	100037cc <_vsnprintf+0x4dc>
100037ca:	e1de      	b.n	10003b8a <_vsnprintf+0x89a>
100037cc:	2300      	movs	r3, #0
100037ce:	469a      	mov	sl, r3
100037d0:	2300      	movs	r3, #0
100037d2:	4699      	mov	r9, r3
100037d4:	ab0e      	add	r3, sp, #56	@ 0x38
100037d6:	469b      	mov	fp, r3
100037d8:	231f      	movs	r3, #31
100037da:	445b      	add	r3, fp
100037dc:	469b      	mov	fp, r3
100037de:	4663      	mov	r3, ip
100037e0:	9310      	str	r3, [sp, #64]	@ 0x40
100037e2:	4643      	mov	r3, r8
100037e4:	46b8      	mov	r8, r7
100037e6:	9311      	str	r3, [sp, #68]	@ 0x44
100037e8:	465f      	mov	r7, fp
100037ea:	46b3      	mov	fp, r6
100037ec:	464e      	mov	r6, r9
100037ee:	46a9      	mov	r9, r5
100037f0:	9c0e      	ldr	r4, [sp, #56]	@ 0x38
100037f2:	9d0f      	ldr	r5, [sp, #60]	@ 0x3c
100037f4:	e003      	b.n	100037fe <_vsnprintf+0x50e>
100037f6:	0004      	movs	r4, r0
100037f8:	000d      	movs	r5, r1
100037fa:	2e20      	cmp	r6, #32
100037fc:	d00c      	beq.n	10003818 <_vsnprintf+0x528>
100037fe:	220a      	movs	r2, #10
10003800:	2300      	movs	r3, #0
10003802:	0020      	movs	r0, r4
10003804:	0029      	movs	r1, r5
10003806:	f7fe f8b9 	bl	1000197c <__wrap___aeabi_uldivmod>
1000380a:	3601      	adds	r6, #1
1000380c:	3230      	adds	r2, #48	@ 0x30
1000380e:	55ba      	strb	r2, [r7, r6]
10003810:	2d00      	cmp	r5, #0
10003812:	d1f0      	bne.n	100037f6 <_vsnprintf+0x506>
10003814:	2c09      	cmp	r4, #9
10003816:	d8ee      	bhi.n	100037f6 <_vsnprintf+0x506>
10003818:	9b10      	ldr	r3, [sp, #64]	@ 0x40
1000381a:	4647      	mov	r7, r8
1000381c:	469c      	mov	ip, r3
1000381e:	9b11      	ldr	r3, [sp, #68]	@ 0x44
10003820:	464d      	mov	r5, r9
10003822:	4698      	mov	r8, r3
10003824:	46b1      	mov	r9, r6
10003826:	465e      	mov	r6, fp
10003828:	4663      	mov	r3, ip
1000382a:	9306      	str	r3, [sp, #24]
1000382c:	4643      	mov	r3, r8
1000382e:	9305      	str	r3, [sp, #20]
10003830:	9b0c      	ldr	r3, [sp, #48]	@ 0x30
10003832:	9304      	str	r3, [sp, #16]
10003834:	230a      	movs	r3, #10
10003836:	9303      	str	r3, [sp, #12]
10003838:	4653      	mov	r3, sl
1000383a:	9302      	str	r3, [sp, #8]
1000383c:	464b      	mov	r3, r9
1000383e:	9301      	str	r3, [sp, #4]
10003840:	ab16      	add	r3, sp, #88	@ 0x58
10003842:	9300      	str	r3, [sp, #0]
10003844:	0029      	movs	r1, r5
10003846:	0033      	movs	r3, r6
10003848:	9a08      	ldr	r2, [sp, #32]
1000384a:	980a      	ldr	r0, [sp, #40]	@ 0x28
1000384c:	f7fe ff4a 	bl	100026e4 <_ntoa_format>
10003850:	9008      	str	r0, [sp, #32]
10003852:	e578      	b.n	10003346 <_vsnprintf+0x56>
10003854:	000f      	movs	r7, r1
10003856:	2100      	movs	r1, #0
10003858:	9c08      	ldr	r4, [sp, #32]
1000385a:	008b      	lsls	r3, r1, #2
1000385c:	185b      	adds	r3, r3, r1
1000385e:	005b      	lsls	r3, r3, #1
10003860:	3701      	adds	r7, #1
10003862:	1819      	adds	r1, r3, r0
10003864:	7838      	ldrb	r0, [r7, #0]
10003866:	3930      	subs	r1, #48	@ 0x30
10003868:	0003      	movs	r3, r0
1000386a:	3b30      	subs	r3, #48	@ 0x30
1000386c:	2b09      	cmp	r3, #9
1000386e:	d9f4      	bls.n	1000385a <_vsnprintf+0x56a>
10003870:	910c      	str	r1, [sp, #48]	@ 0x30
10003872:	9408      	str	r4, [sp, #32]
10003874:	1c79      	adds	r1, r7, #1
10003876:	e591      	b.n	1000339c <_vsnprintf+0xac>
10003878:	990b      	ldr	r1, [sp, #44]	@ 0x2c
1000387a:	3702      	adds	r7, #2
1000387c:	c908      	ldmia	r1!, {r3}
1000387e:	43d8      	mvns	r0, r3
10003880:	17c0      	asrs	r0, r0, #31
10003882:	4003      	ands	r3, r0
10003884:	910b      	str	r1, [sp, #44]	@ 0x2c
10003886:	7838      	ldrb	r0, [r7, #0]
10003888:	930c      	str	r3, [sp, #48]	@ 0x30
1000388a:	1c79      	adds	r1, r7, #1
1000388c:	e586      	b.n	1000339c <_vsnprintf+0xac>
1000388e:	3901      	subs	r1, #1
10003890:	e6dc      	b.n	1000364c <_vsnprintf+0x35c>
10003892:	2021      	movs	r0, #33	@ 0x21
10003894:	4310      	orrs	r0, r2
10003896:	e611      	b.n	100034bc <_vsnprintf+0x1cc>
10003898:	2102      	movs	r1, #2
1000389a:	000b      	movs	r3, r1
1000389c:	4013      	ands	r3, r2
1000389e:	930e      	str	r3, [sp, #56]	@ 0x38
100038a0:	4211      	tst	r1, r2
100038a2:	d100      	bne.n	100038a6 <_vsnprintf+0x5b6>
100038a4:	e25c      	b.n	10003d60 <_vsnprintf+0xa70>
100038a6:	2302      	movs	r3, #2
100038a8:	930e      	str	r3, [sp, #56]	@ 0x38
100038aa:	4653      	mov	r3, sl
100038ac:	9c08      	ldr	r4, [sp, #32]
100038ae:	46b1      	mov	r9, r6
100038b0:	1b1b      	subs	r3, r3, r4
100038b2:	001e      	movs	r6, r3
100038b4:	46ba      	mov	sl, r7
100038b6:	002f      	movs	r7, r5
100038b8:	9d0a      	ldr	r5, [sp, #40]	@ 0x28
100038ba:	0022      	movs	r2, r4
100038bc:	464b      	mov	r3, r9
100038be:	0039      	movs	r1, r7
100038c0:	3401      	adds	r4, #1
100038c2:	47a8      	blx	r5
100038c4:	5d30      	ldrb	r0, [r6, r4]
100038c6:	2800      	cmp	r0, #0
100038c8:	d1f7      	bne.n	100038ba <_vsnprintf+0x5ca>
100038ca:	003d      	movs	r5, r7
100038cc:	464e      	mov	r6, r9
100038ce:	4657      	mov	r7, sl
100038d0:	9408      	str	r4, [sp, #32]
100038d2:	465b      	mov	r3, fp
100038d4:	930b      	str	r3, [sp, #44]	@ 0x2c
100038d6:	9b0e      	ldr	r3, [sp, #56]	@ 0x38
100038d8:	2b00      	cmp	r3, #0
100038da:	d100      	bne.n	100038de <_vsnprintf+0x5ee>
100038dc:	e533      	b.n	10003346 <_vsnprintf+0x56>
100038de:	9b08      	ldr	r3, [sp, #32]
100038e0:	4699      	mov	r9, r3
100038e2:	9b10      	ldr	r3, [sp, #64]	@ 0x40
100038e4:	4598      	cmp	r8, r3
100038e6:	d800      	bhi.n	100038ea <_vsnprintf+0x5fa>
100038e8:	e2bb      	b.n	10003e62 <_vsnprintf+0xb72>
100038ea:	9c08      	ldr	r4, [sp, #32]
100038ec:	4444      	add	r4, r8
100038ee:	1ae2      	subs	r2, r4, r3
100038f0:	002b      	movs	r3, r5
100038f2:	464c      	mov	r4, r9
100038f4:	0015      	movs	r5, r2
100038f6:	46b9      	mov	r9, r7
100038f8:	001f      	movs	r7, r3
100038fa:	46b0      	mov	r8, r6
100038fc:	9e0a      	ldr	r6, [sp, #40]	@ 0x28
100038fe:	0022      	movs	r2, r4
10003900:	4643      	mov	r3, r8
10003902:	3401      	adds	r4, #1
10003904:	0039      	movs	r1, r7
10003906:	2020      	movs	r0, #32
10003908:	47b0      	blx	r6
1000390a:	42ac      	cmp	r4, r5
1000390c:	d1f7      	bne.n	100038fe <_vsnprintf+0x60e>
1000390e:	465b      	mov	r3, fp
10003910:	9508      	str	r5, [sp, #32]
10003912:	4646      	mov	r6, r8
10003914:	003d      	movs	r5, r7
10003916:	930b      	str	r3, [sp, #44]	@ 0x2c
10003918:	464f      	mov	r7, r9
1000391a:	e514      	b.n	10003346 <_vsnprintf+0x56>
1000391c:	2847      	cmp	r0, #71	@ 0x47
1000391e:	d000      	beq.n	10003922 <_vsnprintf+0x632>
10003920:	e70f      	b.n	10003742 <_vsnprintf+0x452>
10003922:	2180      	movs	r1, #128	@ 0x80
10003924:	0109      	lsls	r1, r1, #4
10003926:	430a      	orrs	r2, r1
10003928:	2120      	movs	r1, #32
1000392a:	430a      	orrs	r2, r1
1000392c:	e709      	b.n	10003742 <_vsnprintf+0x452>
1000392e:	2308      	movs	r3, #8
10003930:	469c      	mov	ip, r3
10003932:	2300      	movs	r3, #0
10003934:	9310      	str	r3, [sp, #64]	@ 0x40
10003936:	3308      	adds	r3, #8
10003938:	930e      	str	r3, [sp, #56]	@ 0x38
1000393a:	2180      	movs	r1, #128	@ 0x80
1000393c:	0010      	movs	r0, r2
1000393e:	00c9      	lsls	r1, r1, #3
10003940:	4008      	ands	r0, r1
10003942:	420a      	tst	r2, r1
10003944:	d100      	bne.n	10003948 <_vsnprintf+0x658>
10003946:	e0d8      	b.n	10003afa <_vsnprintf+0x80a>
10003948:	210d      	movs	r1, #13
1000394a:	438a      	bics	r2, r1
1000394c:	0011      	movs	r1, r2
1000394e:	2280      	movs	r2, #128	@ 0x80
10003950:	000b      	movs	r3, r1
10003952:	0092      	lsls	r2, r2, #2
10003954:	4013      	ands	r3, r2
10003956:	469a      	mov	sl, r3
10003958:	4211      	tst	r1, r2
1000395a:	d000      	beq.n	1000395e <_vsnprintf+0x66e>
1000395c:	e141      	b.n	10003be2 <_vsnprintf+0x8f2>
1000395e:	2280      	movs	r2, #128	@ 0x80
10003960:	000b      	movs	r3, r1
10003962:	0052      	lsls	r2, r2, #1
10003964:	4013      	ands	r3, r2
10003966:	4699      	mov	r9, r3
10003968:	9b0b      	ldr	r3, [sp, #44]	@ 0x2c
1000396a:	3304      	adds	r3, #4
1000396c:	9310      	str	r3, [sp, #64]	@ 0x40
1000396e:	9b0b      	ldr	r3, [sp, #44]	@ 0x2c
10003970:	4211      	tst	r1, r2
10003972:	d000      	beq.n	10003976 <_vsnprintf+0x686>
10003974:	e1fa      	b.n	10003d6c <_vsnprintf+0xa7c>
10003976:	064a      	lsls	r2, r1, #25
10003978:	d500      	bpl.n	1000397c <_vsnprintf+0x68c>
1000397a:	e122      	b.n	10003bc2 <_vsnprintf+0x8d2>
1000397c:	060a      	lsls	r2, r1, #24
1000397e:	d400      	bmi.n	10003982 <_vsnprintf+0x692>
10003980:	e261      	b.n	10003e46 <_vsnprintf+0xb56>
10003982:	881b      	ldrh	r3, [r3, #0]
10003984:	469a      	mov	sl, r3
10003986:	4653      	mov	r3, sl
10003988:	2b00      	cmp	r3, #0
1000398a:	d000      	beq.n	1000398e <_vsnprintf+0x69e>
1000398c:	e170      	b.n	10003c70 <_vsnprintf+0x980>
1000398e:	2210      	movs	r2, #16
10003990:	4391      	bics	r1, r2
10003992:	2800      	cmp	r0, #0
10003994:	d100      	bne.n	10003998 <_vsnprintf+0x6a8>
10003996:	e16b      	b.n	10003c70 <_vsnprintf+0x980>
10003998:	2300      	movs	r3, #0
1000399a:	4699      	mov	r9, r3
1000399c:	4643      	mov	r3, r8
1000399e:	9305      	str	r3, [sp, #20]
100039a0:	9b0c      	ldr	r3, [sp, #48]	@ 0x30
100039a2:	9106      	str	r1, [sp, #24]
100039a4:	9304      	str	r3, [sp, #16]
100039a6:	9b0e      	ldr	r3, [sp, #56]	@ 0x38
100039a8:	9303      	str	r3, [sp, #12]
100039aa:	2300      	movs	r3, #0
100039ac:	9302      	str	r3, [sp, #8]
100039ae:	464b      	mov	r3, r9
100039b0:	9301      	str	r3, [sp, #4]
100039b2:	ab16      	add	r3, sp, #88	@ 0x58
100039b4:	9300      	str	r3, [sp, #0]
100039b6:	0029      	movs	r1, r5
100039b8:	0033      	movs	r3, r6
100039ba:	9a08      	ldr	r2, [sp, #32]
100039bc:	980a      	ldr	r0, [sp, #40]	@ 0x28
100039be:	f7fe fe91 	bl	100026e4 <_ntoa_format>
100039c2:	9b10      	ldr	r3, [sp, #64]	@ 0x40
100039c4:	9008      	str	r0, [sp, #32]
100039c6:	930b      	str	r3, [sp, #44]	@ 0x2c
100039c8:	e4bd      	b.n	10003346 <_vsnprintf+0x56>
100039ca:	21c0      	movs	r1, #192	@ 0xc0
100039cc:	78b8      	ldrb	r0, [r7, #2]
100039ce:	430a      	orrs	r2, r1
100039d0:	1cf9      	adds	r1, r7, #3
100039d2:	e509      	b.n	100033e8 <_vsnprintf+0xf8>
100039d4:	21c0      	movs	r1, #192	@ 0xc0
100039d6:	0089      	lsls	r1, r1, #2
100039d8:	430a      	orrs	r2, r1
100039da:	78b8      	ldrb	r0, [r7, #2]
100039dc:	1cf9      	adds	r1, r7, #3
100039de:	e503      	b.n	100033e8 <_vsnprintf+0xf8>
100039e0:	9b08      	ldr	r3, [sp, #32]
100039e2:	4645      	mov	r5, r8
100039e4:	4657      	mov	r7, sl
100039e6:	4698      	mov	r8, r3
100039e8:	464e      	mov	r6, r9
100039ea:	9408      	str	r4, [sp, #32]
100039ec:	e771      	b.n	100038d2 <_vsnprintf+0x5e2>
100039ee:	2180      	movs	r1, #128	@ 0x80
100039f0:	0049      	lsls	r1, r1, #1
100039f2:	400b      	ands	r3, r1
100039f4:	4699      	mov	r9, r3
100039f6:	9b0b      	ldr	r3, [sp, #44]	@ 0x2c
100039f8:	1d18      	adds	r0, r3, #4
100039fa:	900e      	str	r0, [sp, #56]	@ 0x38
100039fc:	4660      	mov	r0, ip
100039fe:	4208      	tst	r0, r1
10003a00:	d000      	beq.n	10003a04 <_vsnprintf+0x714>
10003a02:	e07e      	b.n	10003b02 <_vsnprintf+0x812>
10003a04:	0642      	lsls	r2, r0, #25
10003a06:	d400      	bmi.n	10003a0a <_vsnprintf+0x71a>
10003a08:	e1f7      	b.n	10003dfa <_vsnprintf+0xb0a>
10003a0a:	9b0b      	ldr	r3, [sp, #44]	@ 0x2c
10003a0c:	781a      	ldrb	r2, [r3, #0]
10003a0e:	2a00      	cmp	r2, #0
10003a10:	d100      	bne.n	10003a14 <_vsnprintf+0x724>
10003a12:	e1ec      	b.n	10003dee <_vsnprintf+0xafe>
10003a14:	4692      	mov	sl, r2
10003a16:	2200      	movs	r2, #0
10003a18:	ab0e      	add	r3, sp, #56	@ 0x38
10003a1a:	469b      	mov	fp, r3
10003a1c:	231f      	movs	r3, #31
10003a1e:	445b      	add	r3, fp
10003a20:	469b      	mov	fp, r3
10003a22:	4663      	mov	r3, ip
10003a24:	4654      	mov	r4, sl
10003a26:	930b      	str	r3, [sp, #44]	@ 0x2c
10003a28:	46aa      	mov	sl, r5
10003a2a:	9210      	str	r2, [sp, #64]	@ 0x40
10003a2c:	464d      	mov	r5, r9
10003a2e:	46b9      	mov	r9, r7
10003a30:	465f      	mov	r7, fp
10003a32:	46b3      	mov	fp, r6
10003a34:	e006      	b.n	10003a44 <_vsnprintf+0x754>
10003a36:	0020      	movs	r0, r4
10003a38:	210a      	movs	r1, #10
10003a3a:	f7fd ff61 	bl	10001900 <__wrap___aeabi_uidiv>
10003a3e:	0004      	movs	r4, r0
10003a40:	2d20      	cmp	r5, #32
10003a42:	d008      	beq.n	10003a56 <_vsnprintf+0x766>
10003a44:	210a      	movs	r1, #10
10003a46:	0020      	movs	r0, r4
10003a48:	f7fd ff5a 	bl	10001900 <__wrap___aeabi_uidiv>
10003a4c:	3501      	adds	r5, #1
10003a4e:	3130      	adds	r1, #48	@ 0x30
10003a50:	5579      	strb	r1, [r7, r5]
10003a52:	2c09      	cmp	r4, #9
10003a54:	d8ef      	bhi.n	10003a36 <_vsnprintf+0x746>
10003a56:	9b0b      	ldr	r3, [sp, #44]	@ 0x2c
10003a58:	464f      	mov	r7, r9
10003a5a:	469c      	mov	ip, r3
10003a5c:	46a9      	mov	r9, r5
10003a5e:	465e      	mov	r6, fp
10003a60:	4655      	mov	r5, sl
10003a62:	9a10      	ldr	r2, [sp, #64]	@ 0x40
10003a64:	4663      	mov	r3, ip
10003a66:	9306      	str	r3, [sp, #24]
10003a68:	4643      	mov	r3, r8
10003a6a:	9305      	str	r3, [sp, #20]
10003a6c:	9b0c      	ldr	r3, [sp, #48]	@ 0x30
10003a6e:	9202      	str	r2, [sp, #8]
10003a70:	9304      	str	r3, [sp, #16]
10003a72:	230a      	movs	r3, #10
10003a74:	9303      	str	r3, [sp, #12]
10003a76:	464b      	mov	r3, r9
10003a78:	9301      	str	r3, [sp, #4]
10003a7a:	e079      	b.n	10003b70 <_vsnprintf+0x880>
10003a7c:	10002639 	.word	0x10002639
10003a80:	4643      	mov	r3, r8
10003a82:	2b01      	cmp	r3, #1
10003a84:	d800      	bhi.n	10003a88 <_vsnprintf+0x798>
10003a86:	e09f      	b.n	10003bc8 <_vsnprintf+0x8d8>
10003a88:	9a08      	ldr	r2, [sp, #32]
10003a8a:	46b1      	mov	r9, r6
10003a8c:	1e53      	subs	r3, r2, #1
10003a8e:	4443      	add	r3, r8
10003a90:	469b      	mov	fp, r3
10003a92:	002b      	movs	r3, r5
10003a94:	0014      	movs	r4, r2
10003a96:	465d      	mov	r5, fp
10003a98:	46bb      	mov	fp, r7
10003a9a:	001f      	movs	r7, r3
10003a9c:	9e0a      	ldr	r6, [sp, #40]	@ 0x28
10003a9e:	0022      	movs	r2, r4
10003aa0:	464b      	mov	r3, r9
10003aa2:	3401      	adds	r4, #1
10003aa4:	0039      	movs	r1, r7
10003aa6:	2020      	movs	r0, #32
10003aa8:	47b0      	blx	r6
10003aaa:	42ac      	cmp	r4, r5
10003aac:	d1f7      	bne.n	10003a9e <_vsnprintf+0x7ae>
10003aae:	003d      	movs	r5, r7
10003ab0:	464e      	mov	r6, r9
10003ab2:	9b08      	ldr	r3, [sp, #32]
10003ab4:	0022      	movs	r2, r4
10003ab6:	4443      	add	r3, r8
10003ab8:	9308      	str	r3, [sp, #32]
10003aba:	9b0b      	ldr	r3, [sp, #44]	@ 0x2c
10003abc:	0029      	movs	r1, r5
10003abe:	7818      	ldrb	r0, [r3, #0]
10003ac0:	9c0a      	ldr	r4, [sp, #40]	@ 0x28
10003ac2:	0033      	movs	r3, r6
10003ac4:	47a0      	blx	r4
10003ac6:	4653      	mov	r3, sl
10003ac8:	465f      	mov	r7, fp
10003aca:	930b      	str	r3, [sp, #44]	@ 0x2c
10003acc:	e43b      	b.n	10003346 <_vsnprintf+0x56>
10003ace:	2878      	cmp	r0, #120	@ 0x78
10003ad0:	d00c      	beq.n	10003aec <_vsnprintf+0x7fc>
10003ad2:	230a      	movs	r3, #10
10003ad4:	469c      	mov	ip, r3
10003ad6:	2300      	movs	r3, #0
10003ad8:	2110      	movs	r1, #16
10003ada:	9310      	str	r3, [sp, #64]	@ 0x40
10003adc:	330a      	adds	r3, #10
10003ade:	438a      	bics	r2, r1
10003ae0:	930e      	str	r3, [sp, #56]	@ 0x38
10003ae2:	e72a      	b.n	1000393a <_vsnprintf+0x64a>
10003ae4:	2858      	cmp	r0, #88	@ 0x58
10003ae6:	d162      	bne.n	10003bae <_vsnprintf+0x8be>
10003ae8:	2120      	movs	r1, #32
10003aea:	430a      	orrs	r2, r1
10003aec:	2310      	movs	r3, #16
10003aee:	469c      	mov	ip, r3
10003af0:	2300      	movs	r3, #0
10003af2:	9310      	str	r3, [sp, #64]	@ 0x40
10003af4:	3310      	adds	r3, #16
10003af6:	930e      	str	r3, [sp, #56]	@ 0x38
10003af8:	e71f      	b.n	1000393a <_vsnprintf+0x64a>
10003afa:	210c      	movs	r1, #12
10003afc:	438a      	bics	r2, r1
10003afe:	0011      	movs	r1, r2
10003b00:	e725      	b.n	1000394e <_vsnprintf+0x65e>
10003b02:	681b      	ldr	r3, [r3, #0]
10003b04:	4699      	mov	r9, r3
10003b06:	2300      	movs	r3, #0
10003b08:	930b      	str	r3, [sp, #44]	@ 0x2c
10003b0a:	464b      	mov	r3, r9
10003b0c:	2b00      	cmp	r3, #0
10003b0e:	dc00      	bgt.n	10003b12 <_vsnprintf+0x822>
10003b10:	e180      	b.n	10003e14 <_vsnprintf+0xb24>
10003b12:	ab0e      	add	r3, sp, #56	@ 0x38
10003b14:	469a      	mov	sl, r3
10003b16:	231f      	movs	r3, #31
10003b18:	4453      	add	r3, sl
10003b1a:	469b      	mov	fp, r3
10003b1c:	4663      	mov	r3, ip
10003b1e:	464c      	mov	r4, r9
10003b20:	46aa      	mov	sl, r5
10003b22:	46b9      	mov	r9, r7
10003b24:	0015      	movs	r5, r2
10003b26:	465f      	mov	r7, fp
10003b28:	9310      	str	r3, [sp, #64]	@ 0x40
10003b2a:	46b3      	mov	fp, r6
10003b2c:	e006      	b.n	10003b3c <_vsnprintf+0x84c>
10003b2e:	0020      	movs	r0, r4
10003b30:	210a      	movs	r1, #10
10003b32:	f7fd fee5 	bl	10001900 <__wrap___aeabi_uidiv>
10003b36:	0004      	movs	r4, r0
10003b38:	2d20      	cmp	r5, #32
10003b3a:	d008      	beq.n	10003b4e <_vsnprintf+0x85e>
10003b3c:	210a      	movs	r1, #10
10003b3e:	0020      	movs	r0, r4
10003b40:	f7fd fede 	bl	10001900 <__wrap___aeabi_uidiv>
10003b44:	3501      	adds	r5, #1
10003b46:	3130      	adds	r1, #48	@ 0x30
10003b48:	5579      	strb	r1, [r7, r5]
10003b4a:	2c09      	cmp	r4, #9
10003b4c:	d8ef      	bhi.n	10003b2e <_vsnprintf+0x83e>
10003b4e:	9b10      	ldr	r3, [sp, #64]	@ 0x40
10003b50:	002a      	movs	r2, r5
10003b52:	469c      	mov	ip, r3
10003b54:	464f      	mov	r7, r9
10003b56:	4655      	mov	r5, sl
10003b58:	465e      	mov	r6, fp
10003b5a:	4663      	mov	r3, ip
10003b5c:	9306      	str	r3, [sp, #24]
10003b5e:	4643      	mov	r3, r8
10003b60:	9305      	str	r3, [sp, #20]
10003b62:	9b0c      	ldr	r3, [sp, #48]	@ 0x30
10003b64:	9201      	str	r2, [sp, #4]
10003b66:	9304      	str	r3, [sp, #16]
10003b68:	230a      	movs	r3, #10
10003b6a:	9303      	str	r3, [sp, #12]
10003b6c:	9b0b      	ldr	r3, [sp, #44]	@ 0x2c
10003b6e:	9302      	str	r3, [sp, #8]
10003b70:	ab16      	add	r3, sp, #88	@ 0x58
10003b72:	9300      	str	r3, [sp, #0]
10003b74:	0029      	movs	r1, r5
10003b76:	0033      	movs	r3, r6
10003b78:	9a08      	ldr	r2, [sp, #32]
10003b7a:	980a      	ldr	r0, [sp, #40]	@ 0x28
10003b7c:	f7fe fdb2 	bl	100026e4 <_ntoa_format>
10003b80:	9b0e      	ldr	r3, [sp, #56]	@ 0x38
10003b82:	9008      	str	r0, [sp, #32]
10003b84:	930b      	str	r3, [sp, #44]	@ 0x2c
10003b86:	f7ff fbde 	bl	10003346 <_vsnprintf+0x56>
10003b8a:	2a00      	cmp	r2, #0
10003b8c:	d102      	bne.n	10003b94 <_vsnprintf+0x8a4>
10003b8e:	2900      	cmp	r1, #0
10003b90:	d000      	beq.n	10003b94 <_vsnprintf+0x8a4>
10003b92:	e61b      	b.n	100037cc <_vsnprintf+0x4dc>
10003b94:	4311      	orrs	r1, r2
10003b96:	d000      	beq.n	10003b9a <_vsnprintf+0x8aa>
10003b98:	e179      	b.n	10003e8e <_vsnprintf+0xb9e>
10003b9a:	4653      	mov	r3, sl
10003b9c:	2b00      	cmp	r3, #0
10003b9e:	d000      	beq.n	10003ba2 <_vsnprintf+0x8b2>
10003ba0:	e121      	b.n	10003de6 <_vsnprintf+0xaf6>
10003ba2:	2300      	movs	r3, #0
10003ba4:	2400      	movs	r4, #0
10003ba6:	469a      	mov	sl, r3
10003ba8:	930e      	str	r3, [sp, #56]	@ 0x38
10003baa:	940f      	str	r4, [sp, #60]	@ 0x3c
10003bac:	e610      	b.n	100037d0 <_vsnprintf+0x4e0>
10003bae:	2862      	cmp	r0, #98	@ 0x62
10003bb0:	d000      	beq.n	10003bb4 <_vsnprintf+0x8c4>
10003bb2:	e15d      	b.n	10003e70 <_vsnprintf+0xb80>
10003bb4:	2302      	movs	r3, #2
10003bb6:	469c      	mov	ip, r3
10003bb8:	2300      	movs	r3, #0
10003bba:	9310      	str	r3, [sp, #64]	@ 0x40
10003bbc:	3302      	adds	r3, #2
10003bbe:	930e      	str	r3, [sp, #56]	@ 0x38
10003bc0:	e6bb      	b.n	1000393a <_vsnprintf+0x64a>
10003bc2:	781b      	ldrb	r3, [r3, #0]
10003bc4:	469a      	mov	sl, r3
10003bc6:	e6de      	b.n	10003986 <_vsnprintf+0x696>
10003bc8:	9b0b      	ldr	r3, [sp, #44]	@ 0x2c
10003bca:	0029      	movs	r1, r5
10003bcc:	7818      	ldrb	r0, [r3, #0]
10003bce:	9a08      	ldr	r2, [sp, #32]
10003bd0:	0033      	movs	r3, r6
10003bd2:	9c0a      	ldr	r4, [sp, #40]	@ 0x28
10003bd4:	47a0      	blx	r4
10003bd6:	4653      	mov	r3, sl
10003bd8:	930b      	str	r3, [sp, #44]	@ 0x2c
10003bda:	464b      	mov	r3, r9
10003bdc:	9308      	str	r3, [sp, #32]
10003bde:	f7ff fbb2 	bl	10003346 <_vsnprintf+0x56>
10003be2:	2307      	movs	r3, #7
10003be4:	9a0b      	ldr	r2, [sp, #44]	@ 0x2c
10003be6:	3207      	adds	r2, #7
10003be8:	439a      	bics	r2, r3
10003bea:	3301      	adds	r3, #1
10003bec:	4699      	mov	r9, r3
10003bee:	4491      	add	r9, r2
10003bf0:	464b      	mov	r3, r9
10003bf2:	930b      	str	r3, [sp, #44]	@ 0x2c
10003bf4:	6813      	ldr	r3, [r2, #0]
10003bf6:	6852      	ldr	r2, [r2, #4]
10003bf8:	9312      	str	r3, [sp, #72]	@ 0x48
10003bfa:	4313      	orrs	r3, r2
10003bfc:	4692      	mov	sl, r2
10003bfe:	1e1a      	subs	r2, r3, #0
10003c00:	d105      	bne.n	10003c0e <_vsnprintf+0x91e>
10003c02:	2300      	movs	r3, #0
10003c04:	3210      	adds	r2, #16
10003c06:	4699      	mov	r9, r3
10003c08:	4391      	bics	r1, r2
10003c0a:	2800      	cmp	r0, #0
10003c0c:	d166      	bne.n	10003cdc <_vsnprintf+0x9ec>
10003c0e:	068a      	lsls	r2, r1, #26
10003c10:	0fd3      	lsrs	r3, r2, #31
10003c12:	9311      	str	r3, [sp, #68]	@ 0x44
10003c14:	2300      	movs	r3, #0
10003c16:	001c      	movs	r4, r3
10003c18:	ab0e      	add	r3, sp, #56	@ 0x38
10003c1a:	469b      	mov	fp, r3
10003c1c:	231f      	movs	r3, #31
10003c1e:	445b      	add	r3, fp
10003c20:	469b      	mov	fp, r3
10003c22:	4643      	mov	r3, r8
10003c24:	9314      	str	r3, [sp, #80]	@ 0x50
10003c26:	9b10      	ldr	r3, [sp, #64]	@ 0x40
10003c28:	46a9      	mov	r9, r5
10003c2a:	4698      	mov	r8, r3
10003c2c:	4663      	mov	r3, ip
10003c2e:	9715      	str	r7, [sp, #84]	@ 0x54
10003c30:	9d12      	ldr	r5, [sp, #72]	@ 0x48
10003c32:	4657      	mov	r7, sl
10003c34:	9113      	str	r1, [sp, #76]	@ 0x4c
10003c36:	46b2      	mov	sl, r6
10003c38:	9310      	str	r3, [sp, #64]	@ 0x40
10003c3a:	e009      	b.n	10003c50 <_vsnprintf+0x960>
10003c3c:	3230      	adds	r2, #48	@ 0x30
10003c3e:	465b      	mov	r3, fp
10003c40:	3401      	adds	r4, #1
10003c42:	551a      	strb	r2, [r3, r4]
10003c44:	45b8      	cmp	r8, r7
10003c46:	d03f      	beq.n	10003cc8 <_vsnprintf+0x9d8>
10003c48:	0005      	movs	r5, r0
10003c4a:	000f      	movs	r7, r1
10003c4c:	2c20      	cmp	r4, #32
10003c4e:	d03e      	beq.n	10003cce <_vsnprintf+0x9de>
10003c50:	2300      	movs	r3, #0
10003c52:	0028      	movs	r0, r5
10003c54:	0039      	movs	r1, r7
10003c56:	9a10      	ldr	r2, [sp, #64]	@ 0x40
10003c58:	f7fd fe90 	bl	1000197c <__wrap___aeabi_uldivmod>
10003c5c:	b2d2      	uxtb	r2, r2
10003c5e:	2a09      	cmp	r2, #9
10003c60:	d9ec      	bls.n	10003c3c <_vsnprintf+0x94c>
10003c62:	9e11      	ldr	r6, [sp, #68]	@ 0x44
10003c64:	2357      	movs	r3, #87	@ 0x57
10003c66:	2e00      	cmp	r6, #0
10003c68:	d000      	beq.n	10003c6c <_vsnprintf+0x97c>
10003c6a:	2337      	movs	r3, #55	@ 0x37
10003c6c:	18d2      	adds	r2, r2, r3
10003c6e:	e7e6      	b.n	10003c3e <_vsnprintf+0x94e>
10003c70:	068a      	lsls	r2, r1, #26
10003c72:	0fd3      	lsrs	r3, r2, #31
10003c74:	930b      	str	r3, [sp, #44]	@ 0x2c
10003c76:	ab0e      	add	r3, sp, #56	@ 0x38
10003c78:	469c      	mov	ip, r3
10003c7a:	231f      	movs	r3, #31
10003c7c:	4463      	add	r3, ip
10003c7e:	464c      	mov	r4, r9
10003c80:	46b9      	mov	r9, r7
10003c82:	001f      	movs	r7, r3
10003c84:	002b      	movs	r3, r5
10003c86:	46b3      	mov	fp, r6
10003c88:	4655      	mov	r5, sl
10003c8a:	9e0e      	ldr	r6, [sp, #56]	@ 0x38
10003c8c:	469a      	mov	sl, r3
10003c8e:	9111      	str	r1, [sp, #68]	@ 0x44
10003c90:	e007      	b.n	10003ca2 <_vsnprintf+0x9b2>
10003c92:	3130      	adds	r1, #48	@ 0x30
10003c94:	3401      	adds	r4, #1
10003c96:	5539      	strb	r1, [r7, r4]
10003c98:	42b5      	cmp	r5, r6
10003c9a:	d30f      	bcc.n	10003cbc <_vsnprintf+0x9cc>
10003c9c:	0005      	movs	r5, r0
10003c9e:	2c20      	cmp	r4, #32
10003ca0:	d00c      	beq.n	10003cbc <_vsnprintf+0x9cc>
10003ca2:	0031      	movs	r1, r6
10003ca4:	0028      	movs	r0, r5
10003ca6:	f7fd fe2b 	bl	10001900 <__wrap___aeabi_uidiv>
10003caa:	2909      	cmp	r1, #9
10003cac:	d9f1      	bls.n	10003c92 <_vsnprintf+0x9a2>
10003cae:	9a0b      	ldr	r2, [sp, #44]	@ 0x2c
10003cb0:	2357      	movs	r3, #87	@ 0x57
10003cb2:	2a00      	cmp	r2, #0
10003cb4:	d000      	beq.n	10003cb8 <_vsnprintf+0x9c8>
10003cb6:	2337      	movs	r3, #55	@ 0x37
10003cb8:	18c9      	adds	r1, r1, r3
10003cba:	e7eb      	b.n	10003c94 <_vsnprintf+0x9a4>
10003cbc:	464f      	mov	r7, r9
10003cbe:	4655      	mov	r5, sl
10003cc0:	46a1      	mov	r9, r4
10003cc2:	465e      	mov	r6, fp
10003cc4:	9911      	ldr	r1, [sp, #68]	@ 0x44
10003cc6:	e669      	b.n	1000399c <_vsnprintf+0x6ac>
10003cc8:	9b10      	ldr	r3, [sp, #64]	@ 0x40
10003cca:	42ab      	cmp	r3, r5
10003ccc:	d9bc      	bls.n	10003c48 <_vsnprintf+0x958>
10003cce:	9b14      	ldr	r3, [sp, #80]	@ 0x50
10003cd0:	464d      	mov	r5, r9
10003cd2:	4698      	mov	r8, r3
10003cd4:	46a1      	mov	r9, r4
10003cd6:	4656      	mov	r6, sl
10003cd8:	9913      	ldr	r1, [sp, #76]	@ 0x4c
10003cda:	9f15      	ldr	r7, [sp, #84]	@ 0x54
10003cdc:	4643      	mov	r3, r8
10003cde:	9305      	str	r3, [sp, #20]
10003ce0:	9b0c      	ldr	r3, [sp, #48]	@ 0x30
10003ce2:	9106      	str	r1, [sp, #24]
10003ce4:	9304      	str	r3, [sp, #16]
10003ce6:	9b0e      	ldr	r3, [sp, #56]	@ 0x38
10003ce8:	9303      	str	r3, [sp, #12]
10003cea:	2300      	movs	r3, #0
10003cec:	e5a5      	b.n	1000383a <_vsnprintf+0x54a>
10003cee:	9b10      	ldr	r3, [sp, #64]	@ 0x40
10003cf0:	4598      	cmp	r8, r3
10003cf2:	d800      	bhi.n	10003cf6 <_vsnprintf+0xa06>
10003cf4:	e0d5      	b.n	10003ea2 <_vsnprintf+0xbb2>
10003cf6:	2380      	movs	r3, #128	@ 0x80
10003cf8:	00db      	lsls	r3, r3, #3
10003cfa:	930e      	str	r3, [sp, #56]	@ 0x38
10003cfc:	4643      	mov	r3, r8
10003cfe:	9c08      	ldr	r4, [sp, #32]
10003d00:	191a      	adds	r2, r3, r4
10003d02:	9b10      	ldr	r3, [sp, #64]	@ 0x40
10003d04:	1ad3      	subs	r3, r2, r3
10003d06:	4699      	mov	r9, r3
10003d08:	4653      	mov	r3, sl
10003d0a:	930b      	str	r3, [sp, #44]	@ 0x2c
10003d0c:	4643      	mov	r3, r8
10003d0e:	9310      	str	r3, [sp, #64]	@ 0x40
10003d10:	9b0c      	ldr	r3, [sp, #48]	@ 0x30
10003d12:	46ba      	mov	sl, r7
10003d14:	002f      	movs	r7, r5
10003d16:	464d      	mov	r5, r9
10003d18:	4699      	mov	r9, r3
10003d1a:	46b0      	mov	r8, r6
10003d1c:	9e0a      	ldr	r6, [sp, #40]	@ 0x28
10003d1e:	0022      	movs	r2, r4
10003d20:	4643      	mov	r3, r8
10003d22:	3401      	adds	r4, #1
10003d24:	0039      	movs	r1, r7
10003d26:	2020      	movs	r0, #32
10003d28:	47b0      	blx	r6
10003d2a:	42ac      	cmp	r4, r5
10003d2c:	d1f7      	bne.n	10003d1e <_vsnprintf+0xa2e>
10003d2e:	464b      	mov	r3, r9
10003d30:	930c      	str	r3, [sp, #48]	@ 0x30
10003d32:	9b0b      	ldr	r3, [sp, #44]	@ 0x2c
10003d34:	003d      	movs	r5, r7
10003d36:	4657      	mov	r7, sl
10003d38:	469a      	mov	sl, r3
10003d3a:	9b10      	ldr	r3, [sp, #64]	@ 0x40
10003d3c:	4646      	mov	r6, r8
10003d3e:	4698      	mov	r8, r3
10003d40:	4653      	mov	r3, sl
10003d42:	7818      	ldrb	r0, [r3, #0]
10003d44:	9408      	str	r4, [sp, #32]
10003d46:	2800      	cmp	r0, #0
10003d48:	d100      	bne.n	10003d4c <_vsnprintf+0xa5c>
10003d4a:	e08a      	b.n	10003e62 <_vsnprintf+0xb72>
10003d4c:	4643      	mov	r3, r8
10003d4e:	3301      	adds	r3, #1
10003d50:	9310      	str	r3, [sp, #64]	@ 0x40
10003d52:	9b0e      	ldr	r3, [sp, #56]	@ 0x38
10003d54:	2b00      	cmp	r3, #0
10003d56:	d100      	bne.n	10003d5a <_vsnprintf+0xa6a>
10003d58:	e5a7      	b.n	100038aa <_vsnprintf+0x5ba>
10003d5a:	2300      	movs	r3, #0
10003d5c:	930e      	str	r3, [sp, #56]	@ 0x38
10003d5e:	e4a1      	b.n	100036a4 <_vsnprintf+0x3b4>
10003d60:	9b10      	ldr	r3, [sp, #64]	@ 0x40
10003d62:	4598      	cmp	r8, r3
10003d64:	d8ca      	bhi.n	10003cfc <_vsnprintf+0xa0c>
10003d66:	3301      	adds	r3, #1
10003d68:	9310      	str	r3, [sp, #64]	@ 0x40
10003d6a:	e59e      	b.n	100038aa <_vsnprintf+0x5ba>
10003d6c:	681b      	ldr	r3, [r3, #0]
10003d6e:	4699      	mov	r9, r3
10003d70:	2b00      	cmp	r3, #0
10003d72:	d103      	bne.n	10003d7c <_vsnprintf+0xa8c>
10003d74:	3af0      	subs	r2, #240	@ 0xf0
10003d76:	4391      	bics	r1, r2
10003d78:	2800      	cmp	r0, #0
10003d7a:	d129      	bne.n	10003dd0 <_vsnprintf+0xae0>
10003d7c:	068a      	lsls	r2, r1, #26
10003d7e:	0fd3      	lsrs	r3, r2, #31
10003d80:	930b      	str	r3, [sp, #44]	@ 0x2c
10003d82:	ab0e      	add	r3, sp, #56	@ 0x38
10003d84:	469c      	mov	ip, r3
10003d86:	231f      	movs	r3, #31
10003d88:	4463      	add	r3, ip
10003d8a:	4654      	mov	r4, sl
10003d8c:	46b3      	mov	fp, r6
10003d8e:	46aa      	mov	sl, r5
10003d90:	9e0e      	ldr	r6, [sp, #56]	@ 0x38
10003d92:	464d      	mov	r5, r9
10003d94:	9111      	str	r1, [sp, #68]	@ 0x44
10003d96:	46b9      	mov	r9, r7
10003d98:	001f      	movs	r7, r3
10003d9a:	e007      	b.n	10003dac <_vsnprintf+0xabc>
10003d9c:	3130      	adds	r1, #48	@ 0x30
10003d9e:	3401      	adds	r4, #1
10003da0:	5539      	strb	r1, [r7, r4]
10003da2:	42b5      	cmp	r5, r6
10003da4:	d30f      	bcc.n	10003dc6 <_vsnprintf+0xad6>
10003da6:	0005      	movs	r5, r0
10003da8:	2c20      	cmp	r4, #32
10003daa:	d00c      	beq.n	10003dc6 <_vsnprintf+0xad6>
10003dac:	0031      	movs	r1, r6
10003dae:	0028      	movs	r0, r5
10003db0:	f7fd fda6 	bl	10001900 <__wrap___aeabi_uidiv>
10003db4:	2909      	cmp	r1, #9
10003db6:	d9f1      	bls.n	10003d9c <_vsnprintf+0xaac>
10003db8:	9a0b      	ldr	r2, [sp, #44]	@ 0x2c
10003dba:	2357      	movs	r3, #87	@ 0x57
10003dbc:	2a00      	cmp	r2, #0
10003dbe:	d000      	beq.n	10003dc2 <_vsnprintf+0xad2>
10003dc0:	2337      	movs	r3, #55	@ 0x37
10003dc2:	18c9      	adds	r1, r1, r3
10003dc4:	e7eb      	b.n	10003d9e <_vsnprintf+0xaae>
10003dc6:	4655      	mov	r5, sl
10003dc8:	464f      	mov	r7, r9
10003dca:	46a2      	mov	sl, r4
10003dcc:	465e      	mov	r6, fp
10003dce:	9911      	ldr	r1, [sp, #68]	@ 0x44
10003dd0:	4643      	mov	r3, r8
10003dd2:	9305      	str	r3, [sp, #20]
10003dd4:	9b0c      	ldr	r3, [sp, #48]	@ 0x30
10003dd6:	9106      	str	r1, [sp, #24]
10003dd8:	9304      	str	r3, [sp, #16]
10003dda:	9b0e      	ldr	r3, [sp, #56]	@ 0x38
10003ddc:	9303      	str	r3, [sp, #12]
10003dde:	2300      	movs	r3, #0
10003de0:	9302      	str	r3, [sp, #8]
10003de2:	4653      	mov	r3, sl
10003de4:	e5e4      	b.n	100039b0 <_vsnprintf+0x6c0>
10003de6:	2300      	movs	r3, #0
10003de8:	469a      	mov	sl, r3
10003dea:	4699      	mov	r9, r3
10003dec:	e51c      	b.n	10003828 <_vsnprintf+0x538>
10003dee:	4653      	mov	r3, sl
10003df0:	2200      	movs	r2, #0
10003df2:	2b00      	cmp	r3, #0
10003df4:	d000      	beq.n	10003df8 <_vsnprintf+0xb08>
10003df6:	e635      	b.n	10003a64 <_vsnprintf+0x774>
10003df8:	e60e      	b.n	10003a18 <_vsnprintf+0x728>
10003dfa:	0602      	lsls	r2, r0, #24
10003dfc:	d535      	bpl.n	10003e6a <_vsnprintf+0xb7a>
10003dfe:	9b0b      	ldr	r3, [sp, #44]	@ 0x2c
10003e00:	2200      	movs	r2, #0
10003e02:	5e9a      	ldrsh	r2, [r3, r2]
10003e04:	2a00      	cmp	r2, #0
10003e06:	dd00      	ble.n	10003e0a <_vsnprintf+0xb1a>
10003e08:	e604      	b.n	10003a14 <_vsnprintf+0x724>
10003e0a:	d0f0      	beq.n	10003dee <_vsnprintf+0xafe>
10003e0c:	4253      	negs	r3, r2
10003e0e:	469a      	mov	sl, r3
10003e10:	2201      	movs	r2, #1
10003e12:	e601      	b.n	10003a18 <_vsnprintf+0x728>
10003e14:	2b00      	cmp	r3, #0
10003e16:	d148      	bne.n	10003eaa <_vsnprintf+0xbba>
10003e18:	4653      	mov	r3, sl
10003e1a:	2b00      	cmp	r3, #0
10003e1c:	d000      	beq.n	10003e20 <_vsnprintf+0xb30>
10003e1e:	e69c      	b.n	10003b5a <_vsnprintf+0x86a>
10003e20:	e677      	b.n	10003b12 <_vsnprintf+0x822>
10003e22:	2180      	movs	r1, #128	@ 0x80
10003e24:	0013      	movs	r3, r2
10003e26:	00c9      	lsls	r1, r1, #3
10003e28:	400b      	ands	r3, r1
10003e2a:	9310      	str	r3, [sp, #64]	@ 0x40
10003e2c:	420a      	tst	r2, r1
10003e2e:	d00d      	beq.n	10003e4c <_vsnprintf+0xb5c>
10003e30:	3002      	adds	r0, #2
10003e32:	0003      	movs	r3, r0
10003e34:	4013      	ands	r3, r2
10003e36:	9310      	str	r3, [sp, #64]	@ 0x40
10003e38:	4210      	tst	r0, r2
10003e3a:	d03b      	beq.n	10003eb4 <_vsnprintf+0xbc4>
10003e3c:	9b08      	ldr	r3, [sp, #32]
10003e3e:	4699      	mov	r9, r3
10003e40:	2300      	movs	r3, #0
10003e42:	9310      	str	r3, [sp, #64]	@ 0x40
10003e44:	e54d      	b.n	100038e2 <_vsnprintf+0x5f2>
10003e46:	681b      	ldr	r3, [r3, #0]
10003e48:	469a      	mov	sl, r3
10003e4a:	e59c      	b.n	10003986 <_vsnprintf+0x696>
10003e4c:	2102      	movs	r1, #2
10003e4e:	000b      	movs	r3, r1
10003e50:	4013      	ands	r3, r2
10003e52:	930e      	str	r3, [sp, #56]	@ 0x38
10003e54:	4211      	tst	r1, r2
10003e56:	d000      	beq.n	10003e5a <_vsnprintf+0xb6a>
10003e58:	e541      	b.n	100038de <_vsnprintf+0x5ee>
10003e5a:	4643      	mov	r3, r8
10003e5c:	2b00      	cmp	r3, #0
10003e5e:	d000      	beq.n	10003e62 <_vsnprintf+0xb72>
10003e60:	e74c      	b.n	10003cfc <_vsnprintf+0xa0c>
10003e62:	465b      	mov	r3, fp
10003e64:	930b      	str	r3, [sp, #44]	@ 0x2c
10003e66:	f7ff fa6e 	bl	10003346 <_vsnprintf+0x56>
10003e6a:	9b0b      	ldr	r3, [sp, #44]	@ 0x2c
10003e6c:	681a      	ldr	r2, [r3, #0]
10003e6e:	e7c9      	b.n	10003e04 <_vsnprintf+0xb14>
10003e70:	2110      	movs	r1, #16
10003e72:	0013      	movs	r3, r2
10003e74:	438b      	bics	r3, r1
10003e76:	469c      	mov	ip, r3
10003e78:	2864      	cmp	r0, #100	@ 0x64
10003e7a:	d100      	bne.n	10003e7e <_vsnprintf+0xb8e>
10003e7c:	e483      	b.n	10003786 <_vsnprintf+0x496>
10003e7e:	230a      	movs	r3, #10
10003e80:	4662      	mov	r2, ip
10003e82:	469c      	mov	ip, r3
10003e84:	2300      	movs	r3, #0
10003e86:	9310      	str	r3, [sp, #64]	@ 0x40
10003e88:	4663      	mov	r3, ip
10003e8a:	930e      	str	r3, [sp, #56]	@ 0x38
10003e8c:	e555      	b.n	1000393a <_vsnprintf+0x64a>
10003e8e:	9b0e      	ldr	r3, [sp, #56]	@ 0x38
10003e90:	9c0f      	ldr	r4, [sp, #60]	@ 0x3c
10003e92:	2200      	movs	r2, #0
10003e94:	4259      	negs	r1, r3
10003e96:	41a2      	sbcs	r2, r4
10003e98:	2301      	movs	r3, #1
10003e9a:	910e      	str	r1, [sp, #56]	@ 0x38
10003e9c:	920f      	str	r2, [sp, #60]	@ 0x3c
10003e9e:	469a      	mov	sl, r3
10003ea0:	e496      	b.n	100037d0 <_vsnprintf+0x4e0>
10003ea2:	3301      	adds	r3, #1
10003ea4:	9310      	str	r3, [sp, #64]	@ 0x40
10003ea6:	f7ff fbfd 	bl	100036a4 <_vsnprintf+0x3b4>
10003eaa:	425b      	negs	r3, r3
10003eac:	4699      	mov	r9, r3
10003eae:	2301      	movs	r3, #1
10003eb0:	930b      	str	r3, [sp, #44]	@ 0x2c
10003eb2:	e62e      	b.n	10003b12 <_vsnprintf+0x822>
10003eb4:	910e      	str	r1, [sp, #56]	@ 0x38
10003eb6:	e7d0      	b.n	10003e5a <_vsnprintf+0xb6a>

10003eb8 <vfctprintf>:
10003eb8:	b500      	push	{lr}
10003eba:	b085      	sub	sp, #20
10003ebc:	9103      	str	r1, [sp, #12]
10003ebe:	2101      	movs	r1, #1
10003ec0:	9002      	str	r0, [sp, #8]
10003ec2:	9300      	str	r3, [sp, #0]
10003ec4:	4803      	ldr	r0, [pc, #12]	@ (10003ed4 <vfctprintf+0x1c>)
10003ec6:	0013      	movs	r3, r2
10003ec8:	424a      	negs	r2, r1
10003eca:	a902      	add	r1, sp, #8
10003ecc:	f7ff fa10 	bl	100032f0 <_vsnprintf>
10003ed0:	b005      	add	sp, #20
10003ed2:	bd00      	pop	{pc}
10003ed4:	100028d5 	.word	0x100028d5

10003ed8 <weak_raw_vprintf>:
10003ed8:	b510      	push	{r4, lr}
10003eda:	4a09      	ldr	r2, [pc, #36]	@ (10003f00 <weak_raw_vprintf+0x28>)
10003edc:	0003      	movs	r3, r0
10003ede:	6814      	ldr	r4, [r2, #0]
10003ee0:	b084      	sub	sp, #16
10003ee2:	2c00      	cmp	r4, #0
10003ee4:	d008      	beq.n	10003ef8 <weak_raw_vprintf+0x20>
10003ee6:	2201      	movs	r2, #1
10003ee8:	9100      	str	r1, [sp, #0]
10003eea:	4806      	ldr	r0, [pc, #24]	@ (10003f04 <weak_raw_vprintf+0x2c>)
10003eec:	4252      	negs	r2, r2
10003eee:	a903      	add	r1, sp, #12
10003ef0:	47a0      	blx	r4
10003ef2:	2001      	movs	r0, #1
10003ef4:	b004      	add	sp, #16
10003ef6:	bd10      	pop	{r4, pc}
10003ef8:	f000 f980 	bl	100041fc <__wrap_puts>
10003efc:	2000      	movs	r0, #0
10003efe:	e7f9      	b.n	10003ef4 <weak_raw_vprintf+0x1c>
10003f00:	20001d30 	.word	0x20001d30
10003f04:	100028c5 	.word	0x100028c5

10003f08 <_exit>:
10003f08:	be00      	bkpt	0x0000
10003f0a:	e7fd      	b.n	10003f08 <_exit>

10003f0c <_fini>:
10003f0c:	4770      	bx	lr
10003f0e:	46c0      	nop			@ (mov r8, r8)

10003f10 <exit>:
10003f10:	b510      	push	{r4, lr}
10003f12:	f7ff fff9 	bl	10003f08 <_exit>
10003f16:	46c0      	nop			@ (mov r8, r8)

10003f18 <runtime_init>:
10003f18:	b570      	push	{r4, r5, r6, lr}
10003f1a:	f7fd fba5 	bl	10001668 <runtime_run_initializers>
10003f1e:	4d07      	ldr	r5, [pc, #28]	@ (10003f3c <runtime_init+0x24>)
10003f20:	4e07      	ldr	r6, [pc, #28]	@ (10003f40 <runtime_init+0x28>)
10003f22:	42b5      	cmp	r5, r6
10003f24:	d209      	bcs.n	10003f3a <runtime_init+0x22>
10003f26:	2400      	movs	r4, #0
10003f28:	3e01      	subs	r6, #1
10003f2a:	1b76      	subs	r6, r6, r5
10003f2c:	08b6      	lsrs	r6, r6, #2
10003f2e:	3601      	adds	r6, #1
10003f30:	cd08      	ldmia	r5!, {r3}
10003f32:	3401      	adds	r4, #1
10003f34:	4798      	blx	r3
10003f36:	42b4      	cmp	r4, r6
10003f38:	d1fa      	bne.n	10003f30 <runtime_init+0x18>
10003f3a:	bd70      	pop	{r4, r5, r6, pc}
10003f3c:	10006714 	.word	0x10006714
10003f40:	10006718 	.word	0x10006718

10003f44 <stdio_out_chars_no_crlf>:
10003f44:	0003      	movs	r3, r0
10003f46:	b510      	push	{r4, lr}
10003f48:	0008      	movs	r0, r1
10003f4a:	0011      	movs	r1, r2
10003f4c:	681b      	ldr	r3, [r3, #0]
10003f4e:	4798      	blx	r3
10003f50:	bd10      	pop	{r4, pc}
10003f52:	46c0      	nop			@ (mov r8, r8)

10003f54 <stdio_out_chars_crlf>:
10003f54:	b5f8      	push	{r3, r4, r5, r6, r7, lr}
10003f56:	7d43      	ldrb	r3, [r0, #21]
10003f58:	0007      	movs	r7, r0
10003f5a:	000d      	movs	r5, r1
10003f5c:	0016      	movs	r6, r2
10003f5e:	2b00      	cmp	r3, #0
10003f60:	d02d      	beq.n	10003fbe <stdio_out_chars_crlf+0x6a>
10003f62:	2a00      	cmp	r2, #0
10003f64:	dd1a      	ble.n	10003f9c <stdio_out_chars_crlf+0x48>
10003f66:	780b      	ldrb	r3, [r1, #0]
10003f68:	2b0a      	cmp	r3, #10
10003f6a:	d02d      	beq.n	10003fc8 <stdio_out_chars_crlf+0x74>
10003f6c:	2000      	movs	r0, #0
10003f6e:	2e01      	cmp	r6, #1
10003f70:	d009      	beq.n	10003f86 <stdio_out_chars_crlf+0x32>
10003f72:	2401      	movs	r4, #1
10003f74:	0021      	movs	r1, r4
10003f76:	5c6b      	ldrb	r3, [r5, r1]
10003f78:	3401      	adds	r4, #1
10003f7a:	2b0a      	cmp	r3, #10
10003f7c:	d00f      	beq.n	10003f9e <stdio_out_chars_crlf+0x4a>
10003f7e:	42a6      	cmp	r6, r4
10003f80:	dcf8      	bgt.n	10003f74 <stdio_out_chars_crlf+0x20>
10003f82:	4286      	cmp	r6, r0
10003f84:	dd03      	ble.n	10003f8e <stdio_out_chars_crlf+0x3a>
10003f86:	1a31      	subs	r1, r6, r0
10003f88:	683b      	ldr	r3, [r7, #0]
10003f8a:	1828      	adds	r0, r5, r0
10003f8c:	4798      	blx	r3
10003f8e:	19ad      	adds	r5, r5, r6
10003f90:	3d01      	subs	r5, #1
10003f92:	782b      	ldrb	r3, [r5, #0]
10003f94:	3b0d      	subs	r3, #13
10003f96:	425a      	negs	r2, r3
10003f98:	4153      	adcs	r3, r2
10003f9a:	753b      	strb	r3, [r7, #20]
10003f9c:	bdf8      	pop	{r3, r4, r5, r6, r7, pc}
10003f9e:	1e6b      	subs	r3, r5, #1
10003fa0:	5c5b      	ldrb	r3, [r3, r1]
10003fa2:	2b0d      	cmp	r3, #13
10003fa4:	d0eb      	beq.n	10003f7e <stdio_out_chars_crlf+0x2a>
10003fa6:	4288      	cmp	r0, r1
10003fa8:	da03      	bge.n	10003fb2 <stdio_out_chars_crlf+0x5e>
10003faa:	1a09      	subs	r1, r1, r0
10003fac:	683b      	ldr	r3, [r7, #0]
10003fae:	1828      	adds	r0, r5, r0
10003fb0:	4798      	blx	r3
10003fb2:	480b      	ldr	r0, [pc, #44]	@ (10003fe0 <stdio_out_chars_crlf+0x8c>)
10003fb4:	2102      	movs	r1, #2
10003fb6:	683b      	ldr	r3, [r7, #0]
10003fb8:	4798      	blx	r3
10003fba:	0020      	movs	r0, r4
10003fbc:	e7df      	b.n	10003f7e <stdio_out_chars_crlf+0x2a>
10003fbe:	6803      	ldr	r3, [r0, #0]
10003fc0:	0011      	movs	r1, r2
10003fc2:	0028      	movs	r0, r5
10003fc4:	4798      	blx	r3
10003fc6:	e7e9      	b.n	10003f9c <stdio_out_chars_crlf+0x48>
10003fc8:	7d03      	ldrb	r3, [r0, #20]
10003fca:	2b00      	cmp	r3, #0
10003fcc:	d1ce      	bne.n	10003f6c <stdio_out_chars_crlf+0x18>
10003fce:	2102      	movs	r1, #2
10003fd0:	4803      	ldr	r0, [pc, #12]	@ (10003fe0 <stdio_out_chars_crlf+0x8c>)
10003fd2:	683b      	ldr	r3, [r7, #0]
10003fd4:	4798      	blx	r3
10003fd6:	2e01      	cmp	r6, #1
10003fd8:	d0d9      	beq.n	10003f8e <stdio_out_chars_crlf+0x3a>
10003fda:	2001      	movs	r0, #1
10003fdc:	e7c9      	b.n	10003f72 <stdio_out_chars_crlf+0x1e>
10003fde:	46c0      	nop			@ (mov r8, r8)
10003fe0:	100069d8 	.word	0x100069d8

10003fe4 <stdio_buffered_printer>:
10003fe4:	b5f8      	push	{r3, r4, r5, r6, r7, lr}
10003fe6:	680b      	ldr	r3, [r1, #0]
10003fe8:	000d      	movs	r5, r1
10003fea:	1c5a      	adds	r2, r3, #1
10003fec:	18cb      	adds	r3, r1, r3
10003fee:	600a      	str	r2, [r1, #0]
10003ff0:	7118      	strb	r0, [r3, #4]
10003ff2:	2a80      	cmp	r2, #128	@ 0x80
10003ff4:	d000      	beq.n	10003ff8 <stdio_buffered_printer+0x14>
10003ff6:	bdf8      	pop	{r3, r4, r5, r6, r7, pc}
10003ff8:	4b0e      	ldr	r3, [pc, #56]	@ (10004034 <stdio_buffered_printer+0x50>)
10003ffa:	681c      	ldr	r4, [r3, #0]
10003ffc:	2c00      	cmp	r4, #0
10003ffe:	d015      	beq.n	1000402c <stdio_buffered_printer+0x48>
10004000:	4e0d      	ldr	r6, [pc, #52]	@ (10004038 <stdio_buffered_printer+0x54>)
10004002:	1d0f      	adds	r7, r1, #4
10004004:	e002      	b.n	1000400c <stdio_buffered_printer+0x28>
10004006:	6924      	ldr	r4, [r4, #16]
10004008:	2c00      	cmp	r4, #0
1000400a:	d00f      	beq.n	1000402c <stdio_buffered_printer+0x48>
1000400c:	6823      	ldr	r3, [r4, #0]
1000400e:	2b00      	cmp	r3, #0
10004010:	d0f9      	beq.n	10004006 <stdio_buffered_printer+0x22>
10004012:	6833      	ldr	r3, [r6, #0]
10004014:	2b00      	cmp	r3, #0
10004016:	d001      	beq.n	1000401c <stdio_buffered_printer+0x38>
10004018:	42a3      	cmp	r3, r4
1000401a:	d1f4      	bne.n	10004006 <stdio_buffered_printer+0x22>
1000401c:	0020      	movs	r0, r4
1000401e:	0039      	movs	r1, r7
10004020:	682a      	ldr	r2, [r5, #0]
10004022:	f7ff ff97 	bl	10003f54 <stdio_out_chars_crlf>
10004026:	6924      	ldr	r4, [r4, #16]
10004028:	2c00      	cmp	r4, #0
1000402a:	d1ef      	bne.n	1000400c <stdio_buffered_printer+0x28>
1000402c:	2300      	movs	r3, #0
1000402e:	602b      	str	r3, [r5, #0]
10004030:	e7e1      	b.n	10003ff6 <stdio_buffered_printer+0x12>
10004032:	46c0      	nop			@ (mov r8, r8)
10004034:	20001924 	.word	0x20001924
10004038:	2000192c 	.word	0x2000192c

1000403c <stdio_put_string>:
1000403c:	b5f0      	push	{r4, r5, r6, r7, lr}
1000403e:	4646      	mov	r6, r8
10004040:	46d6      	mov	lr, sl
10004042:	464f      	mov	r7, r9
10004044:	b5c0      	push	{r6, r7, lr}
10004046:	b082      	sub	sp, #8
10004048:	4690      	mov	r8, r2
1000404a:	001c      	movs	r4, r3
1000404c:	0006      	movs	r6, r0
1000404e:	000d      	movs	r5, r1
10004050:	f7fd f850 	bl	100010f4 <time_us_64>
10004054:	2300      	movs	r3, #0
10004056:	4a2f      	ldr	r2, [pc, #188]	@ (10004114 <stdio_put_string+0xd8>)
10004058:	1812      	adds	r2, r2, r0
1000405a:	414b      	adcs	r3, r1
1000405c:	2b00      	cmp	r3, #0
1000405e:	da02      	bge.n	10004066 <stdio_put_string+0x2a>
10004060:	2201      	movs	r2, #1
10004062:	4b2d      	ldr	r3, [pc, #180]	@ (10004118 <stdio_put_string+0xdc>)
10004064:	4252      	negs	r2, r2
10004066:	492d      	ldr	r1, [pc, #180]	@ (1000411c <stdio_put_string+0xe0>)
10004068:	0008      	movs	r0, r1
1000406a:	468a      	mov	sl, r1
1000406c:	f002 faf4 	bl	10006658 <__mutex_try_enter_block_until_veneer>
10004070:	4681      	mov	r9, r0
10004072:	1c6b      	adds	r3, r5, #1
10004074:	d103      	bne.n	1000407e <stdio_put_string+0x42>
10004076:	0030      	movs	r0, r6
10004078:	f002 fa9c 	bl	100065b4 <strlen>
1000407c:	0005      	movs	r5, r0
1000407e:	2c00      	cmp	r4, #0
10004080:	d027      	beq.n	100040d2 <stdio_put_string+0x96>
10004082:	4f27      	ldr	r7, [pc, #156]	@ (10004120 <stdio_put_string+0xe4>)
10004084:	4b27      	ldr	r3, [pc, #156]	@ (10004124 <stdio_put_string+0xe8>)
10004086:	681c      	ldr	r4, [r3, #0]
10004088:	2c00      	cmp	r4, #0
1000408a:	d018      	beq.n	100040be <stdio_put_string+0x82>
1000408c:	4643      	mov	r3, r8
1000408e:	2b00      	cmp	r3, #0
10004090:	d121      	bne.n	100040d6 <stdio_put_string+0x9a>
10004092:	4b25      	ldr	r3, [pc, #148]	@ (10004128 <stdio_put_string+0xec>)
10004094:	4698      	mov	r8, r3
10004096:	e002      	b.n	1000409e <stdio_put_string+0x62>
10004098:	6924      	ldr	r4, [r4, #16]
1000409a:	2c00      	cmp	r4, #0
1000409c:	d00f      	beq.n	100040be <stdio_put_string+0x82>
1000409e:	6823      	ldr	r3, [r4, #0]
100040a0:	2b00      	cmp	r3, #0
100040a2:	d0f9      	beq.n	10004098 <stdio_put_string+0x5c>
100040a4:	4643      	mov	r3, r8
100040a6:	681b      	ldr	r3, [r3, #0]
100040a8:	2b00      	cmp	r3, #0
100040aa:	d001      	beq.n	100040b0 <stdio_put_string+0x74>
100040ac:	429c      	cmp	r4, r3
100040ae:	d1f3      	bne.n	10004098 <stdio_put_string+0x5c>
100040b0:	0020      	movs	r0, r4
100040b2:	002a      	movs	r2, r5
100040b4:	0031      	movs	r1, r6
100040b6:	47b8      	blx	r7
100040b8:	6924      	ldr	r4, [r4, #16]
100040ba:	2c00      	cmp	r4, #0
100040bc:	d1ef      	bne.n	1000409e <stdio_put_string+0x62>
100040be:	464b      	mov	r3, r9
100040c0:	2b00      	cmp	r3, #0
100040c2:	d123      	bne.n	1000410c <stdio_put_string+0xd0>
100040c4:	0028      	movs	r0, r5
100040c6:	b002      	add	sp, #8
100040c8:	bce0      	pop	{r5, r6, r7}
100040ca:	46ba      	mov	sl, r7
100040cc:	46b1      	mov	r9, r6
100040ce:	46a8      	mov	r8, r5
100040d0:	bdf0      	pop	{r4, r5, r6, r7, pc}
100040d2:	4f16      	ldr	r7, [pc, #88]	@ (1000412c <stdio_put_string+0xf0>)
100040d4:	e7d6      	b.n	10004084 <stdio_put_string+0x48>
100040d6:	4b14      	ldr	r3, [pc, #80]	@ (10004128 <stdio_put_string+0xec>)
100040d8:	4698      	mov	r8, r3
100040da:	e002      	b.n	100040e2 <stdio_put_string+0xa6>
100040dc:	6924      	ldr	r4, [r4, #16]
100040de:	2c00      	cmp	r4, #0
100040e0:	d0ed      	beq.n	100040be <stdio_put_string+0x82>
100040e2:	6823      	ldr	r3, [r4, #0]
100040e4:	2b00      	cmp	r3, #0
100040e6:	d0f9      	beq.n	100040dc <stdio_put_string+0xa0>
100040e8:	4643      	mov	r3, r8
100040ea:	681b      	ldr	r3, [r3, #0]
100040ec:	2b00      	cmp	r3, #0
100040ee:	d001      	beq.n	100040f4 <stdio_put_string+0xb8>
100040f0:	42a3      	cmp	r3, r4
100040f2:	d1f3      	bne.n	100040dc <stdio_put_string+0xa0>
100040f4:	002a      	movs	r2, r5
100040f6:	0031      	movs	r1, r6
100040f8:	0020      	movs	r0, r4
100040fa:	47b8      	blx	r7
100040fc:	466b      	mov	r3, sp
100040fe:	220a      	movs	r2, #10
10004100:	0020      	movs	r0, r4
10004102:	71da      	strb	r2, [r3, #7]
10004104:	1dd9      	adds	r1, r3, #7
10004106:	3a09      	subs	r2, #9
10004108:	47b8      	blx	r7
1000410a:	e7e7      	b.n	100040dc <stdio_put_string+0xa0>
1000410c:	4650      	mov	r0, sl
1000410e:	f002 fac3 	bl	10006698 <__mutex_exit_veneer>
10004112:	e7d7      	b.n	100040c4 <stdio_put_string+0x88>
10004114:	000f4240 	.word	0x000f4240
10004118:	7fffffff 	.word	0x7fffffff
1000411c:	20001168 	.word	0x20001168
10004120:	10003f55 	.word	0x10003f55
10004124:	20001924 	.word	0x20001924
10004128:	2000192c 	.word	0x2000192c
1000412c:	10003f45 	.word	0x10003f45

10004130 <stdio_set_driver_enabled>:
10004130:	4a0a      	ldr	r2, [pc, #40]	@ (1000415c <stdio_set_driver_enabled+0x2c>)
10004132:	6813      	ldr	r3, [r2, #0]
10004134:	2b00      	cmp	r3, #0
10004136:	d105      	bne.n	10004144 <stdio_set_driver_enabled+0x14>
10004138:	e00c      	b.n	10004154 <stdio_set_driver_enabled+0x24>
1000413a:	001a      	movs	r2, r3
1000413c:	691b      	ldr	r3, [r3, #16]
1000413e:	3210      	adds	r2, #16
10004140:	2b00      	cmp	r3, #0
10004142:	d007      	beq.n	10004154 <stdio_set_driver_enabled+0x24>
10004144:	4298      	cmp	r0, r3
10004146:	d1f8      	bne.n	1000413a <stdio_set_driver_enabled+0xa>
10004148:	2900      	cmp	r1, #0
1000414a:	d102      	bne.n	10004152 <stdio_set_driver_enabled+0x22>
1000414c:	6903      	ldr	r3, [r0, #16]
1000414e:	6013      	str	r3, [r2, #0]
10004150:	6101      	str	r1, [r0, #16]
10004152:	4770      	bx	lr
10004154:	2900      	cmp	r1, #0
10004156:	d0fc      	beq.n	10004152 <stdio_set_driver_enabled+0x22>
10004158:	6010      	str	r0, [r2, #0]
1000415a:	e7fa      	b.n	10004152 <stdio_set_driver_enabled+0x22>
1000415c:	20001924 	.word	0x20001924

10004160 <stdio_init_all>:
10004160:	b510      	push	{r4, lr}
10004162:	f000 fa69 	bl	10004638 <stdio_usb_init>
10004166:	bd10      	pop	{r4, pc}

10004168 <__wrap_putchar>:
10004168:	b5f0      	push	{r4, r5, r6, r7, lr}
1000416a:	46ce      	mov	lr, r9
1000416c:	4647      	mov	r7, r8
1000416e:	b580      	push	{r7, lr}
10004170:	b083      	sub	sp, #12
10004172:	466b      	mov	r3, sp
10004174:	0006      	movs	r6, r0
10004176:	1ddd      	adds	r5, r3, #7
10004178:	7028      	strb	r0, [r5, #0]
1000417a:	f7fc ffbb 	bl	100010f4 <time_us_64>
1000417e:	2300      	movs	r3, #0
10004180:	4a19      	ldr	r2, [pc, #100]	@ (100041e8 <__wrap_putchar+0x80>)
10004182:	1812      	adds	r2, r2, r0
10004184:	414b      	adcs	r3, r1
10004186:	2b00      	cmp	r3, #0
10004188:	da02      	bge.n	10004190 <__wrap_putchar+0x28>
1000418a:	2201      	movs	r2, #1
1000418c:	4b17      	ldr	r3, [pc, #92]	@ (100041ec <__wrap_putchar+0x84>)
1000418e:	4252      	negs	r2, r2
10004190:	4917      	ldr	r1, [pc, #92]	@ (100041f0 <__wrap_putchar+0x88>)
10004192:	0008      	movs	r0, r1
10004194:	4689      	mov	r9, r1
10004196:	f002 fa5f 	bl	10006658 <__mutex_try_enter_block_until_veneer>
1000419a:	4b16      	ldr	r3, [pc, #88]	@ (100041f4 <__wrap_putchar+0x8c>)
1000419c:	4680      	mov	r8, r0
1000419e:	681c      	ldr	r4, [r3, #0]
100041a0:	2c00      	cmp	r4, #0
100041a2:	d014      	beq.n	100041ce <__wrap_putchar+0x66>
100041a4:	4f14      	ldr	r7, [pc, #80]	@ (100041f8 <__wrap_putchar+0x90>)
100041a6:	e002      	b.n	100041ae <__wrap_putchar+0x46>
100041a8:	6924      	ldr	r4, [r4, #16]
100041aa:	2c00      	cmp	r4, #0
100041ac:	d00f      	beq.n	100041ce <__wrap_putchar+0x66>
100041ae:	6823      	ldr	r3, [r4, #0]
100041b0:	2b00      	cmp	r3, #0
100041b2:	d0f9      	beq.n	100041a8 <__wrap_putchar+0x40>
100041b4:	683b      	ldr	r3, [r7, #0]
100041b6:	2b00      	cmp	r3, #0
100041b8:	d001      	beq.n	100041be <__wrap_putchar+0x56>
100041ba:	429c      	cmp	r4, r3
100041bc:	d1f4      	bne.n	100041a8 <__wrap_putchar+0x40>
100041be:	0020      	movs	r0, r4
100041c0:	2201      	movs	r2, #1
100041c2:	0029      	movs	r1, r5
100041c4:	f7ff fec6 	bl	10003f54 <stdio_out_chars_crlf>
100041c8:	6924      	ldr	r4, [r4, #16]
100041ca:	2c00      	cmp	r4, #0
100041cc:	d1ef      	bne.n	100041ae <__wrap_putchar+0x46>
100041ce:	4643      	mov	r3, r8
100041d0:	2b00      	cmp	r3, #0
100041d2:	d105      	bne.n	100041e0 <__wrap_putchar+0x78>
100041d4:	0030      	movs	r0, r6
100041d6:	b003      	add	sp, #12
100041d8:	bcc0      	pop	{r6, r7}
100041da:	46b9      	mov	r9, r7
100041dc:	46b0      	mov	r8, r6
100041de:	bdf0      	pop	{r4, r5, r6, r7, pc}
100041e0:	4648      	mov	r0, r9
100041e2:	f002 fa59 	bl	10006698 <__mutex_exit_veneer>
100041e6:	e7f5      	b.n	100041d4 <__wrap_putchar+0x6c>
100041e8:	000f4240 	.word	0x000f4240
100041ec:	7fffffff 	.word	0x7fffffff
100041f0:	20001168 	.word	0x20001168
100041f4:	20001924 	.word	0x20001924
100041f8:	2000192c 	.word	0x2000192c

100041fc <__wrap_puts>:
100041fc:	b570      	push	{r4, r5, r6, lr}
100041fe:	0004      	movs	r4, r0
10004200:	f002 f9d8 	bl	100065b4 <strlen>
10004204:	2301      	movs	r3, #1
10004206:	0001      	movs	r1, r0
10004208:	0005      	movs	r5, r0
1000420a:	2201      	movs	r2, #1
1000420c:	0020      	movs	r0, r4
1000420e:	f7ff ff15 	bl	1000403c <stdio_put_string>
10004212:	4b08      	ldr	r3, [pc, #32]	@ (10004234 <__wrap_puts+0x38>)
10004214:	681c      	ldr	r4, [r3, #0]
10004216:	2c00      	cmp	r4, #0
10004218:	d006      	beq.n	10004228 <__wrap_puts+0x2c>
1000421a:	6863      	ldr	r3, [r4, #4]
1000421c:	2b00      	cmp	r3, #0
1000421e:	d005      	beq.n	1000422c <__wrap_puts+0x30>
10004220:	4798      	blx	r3
10004222:	6924      	ldr	r4, [r4, #16]
10004224:	2c00      	cmp	r4, #0
10004226:	d1f8      	bne.n	1000421a <__wrap_puts+0x1e>
10004228:	0028      	movs	r0, r5
1000422a:	bd70      	pop	{r4, r5, r6, pc}
1000422c:	6924      	ldr	r4, [r4, #16]
1000422e:	2c00      	cmp	r4, #0
10004230:	d1f3      	bne.n	1000421a <__wrap_puts+0x1e>
10004232:	e7f9      	b.n	10004228 <__wrap_puts+0x2c>
10004234:	20001924 	.word	0x20001924

10004238 <__wrap_vprintf>:
10004238:	b5f0      	push	{r4, r5, r6, r7, lr}
1000423a:	46ce      	mov	lr, r9
1000423c:	4647      	mov	r7, r8
1000423e:	b580      	push	{r7, lr}
10004240:	b0a3      	sub	sp, #140	@ 0x8c
10004242:	0004      	movs	r4, r0
10004244:	000e      	movs	r6, r1
10004246:	f7fc ff55 	bl	100010f4 <time_us_64>
1000424a:	2300      	movs	r3, #0
1000424c:	4a26      	ldr	r2, [pc, #152]	@ (100042e8 <__wrap_vprintf+0xb0>)
1000424e:	1812      	adds	r2, r2, r0
10004250:	414b      	adcs	r3, r1
10004252:	2b00      	cmp	r3, #0
10004254:	da02      	bge.n	1000425c <__wrap_vprintf+0x24>
10004256:	2201      	movs	r2, #1
10004258:	4b24      	ldr	r3, [pc, #144]	@ (100042ec <__wrap_vprintf+0xb4>)
1000425a:	4252      	negs	r2, r2
1000425c:	4824      	ldr	r0, [pc, #144]	@ (100042f0 <__wrap_vprintf+0xb8>)
1000425e:	f002 f9fb 	bl	10006658 <__mutex_try_enter_block_until_veneer>
10004262:	2300      	movs	r3, #0
10004264:	0022      	movs	r2, r4
10004266:	9301      	str	r3, [sp, #4]
10004268:	4680      	mov	r8, r0
1000426a:	0033      	movs	r3, r6
1000426c:	4821      	ldr	r0, [pc, #132]	@ (100042f4 <__wrap_vprintf+0xbc>)
1000426e:	a901      	add	r1, sp, #4
10004270:	f7ff fe22 	bl	10003eb8 <vfctprintf>
10004274:	4f20      	ldr	r7, [pc, #128]	@ (100042f8 <__wrap_vprintf+0xc0>)
10004276:	9b01      	ldr	r3, [sp, #4]
10004278:	4681      	mov	r9, r0
1000427a:	683c      	ldr	r4, [r7, #0]
1000427c:	2b00      	cmp	r3, #0
1000427e:	d019      	beq.n	100042b4 <__wrap_vprintf+0x7c>
10004280:	2c00      	cmp	r4, #0
10004282:	d02f      	beq.n	100042e4 <__wrap_vprintf+0xac>
10004284:	4e1d      	ldr	r6, [pc, #116]	@ (100042fc <__wrap_vprintf+0xc4>)
10004286:	e002      	b.n	1000428e <__wrap_vprintf+0x56>
10004288:	6924      	ldr	r4, [r4, #16]
1000428a:	2c00      	cmp	r4, #0
1000428c:	d00f      	beq.n	100042ae <__wrap_vprintf+0x76>
1000428e:	6823      	ldr	r3, [r4, #0]
10004290:	2b00      	cmp	r3, #0
10004292:	d0f9      	beq.n	10004288 <__wrap_vprintf+0x50>
10004294:	6833      	ldr	r3, [r6, #0]
10004296:	2b00      	cmp	r3, #0
10004298:	d001      	beq.n	1000429e <__wrap_vprintf+0x66>
1000429a:	42a3      	cmp	r3, r4
1000429c:	d1f4      	bne.n	10004288 <__wrap_vprintf+0x50>
1000429e:	0020      	movs	r0, r4
100042a0:	9a01      	ldr	r2, [sp, #4]
100042a2:	a902      	add	r1, sp, #8
100042a4:	f7ff fe56 	bl	10003f54 <stdio_out_chars_crlf>
100042a8:	6924      	ldr	r4, [r4, #16]
100042aa:	2c00      	cmp	r4, #0
100042ac:	d1ef      	bne.n	1000428e <__wrap_vprintf+0x56>
100042ae:	2300      	movs	r3, #0
100042b0:	683c      	ldr	r4, [r7, #0]
100042b2:	9301      	str	r3, [sp, #4]
100042b4:	2c00      	cmp	r4, #0
100042b6:	d006      	beq.n	100042c6 <__wrap_vprintf+0x8e>
100042b8:	6863      	ldr	r3, [r4, #4]
100042ba:	2b00      	cmp	r3, #0
100042bc:	d00c      	beq.n	100042d8 <__wrap_vprintf+0xa0>
100042be:	4798      	blx	r3
100042c0:	6924      	ldr	r4, [r4, #16]
100042c2:	2c00      	cmp	r4, #0
100042c4:	d1f8      	bne.n	100042b8 <__wrap_vprintf+0x80>
100042c6:	4643      	mov	r3, r8
100042c8:	2b00      	cmp	r3, #0
100042ca:	d107      	bne.n	100042dc <__wrap_vprintf+0xa4>
100042cc:	4648      	mov	r0, r9
100042ce:	b023      	add	sp, #140	@ 0x8c
100042d0:	bcc0      	pop	{r6, r7}
100042d2:	46b9      	mov	r9, r7
100042d4:	46b0      	mov	r8, r6
100042d6:	bdf0      	pop	{r4, r5, r6, r7, pc}
100042d8:	6924      	ldr	r4, [r4, #16]
100042da:	e7eb      	b.n	100042b4 <__wrap_vprintf+0x7c>
100042dc:	4804      	ldr	r0, [pc, #16]	@ (100042f0 <__wrap_vprintf+0xb8>)
100042de:	f002 f9db 	bl	10006698 <__mutex_exit_veneer>
100042e2:	e7f3      	b.n	100042cc <__wrap_vprintf+0x94>
100042e4:	9401      	str	r4, [sp, #4]
100042e6:	e7ee      	b.n	100042c6 <__wrap_vprintf+0x8e>
100042e8:	000f4240 	.word	0x000f4240
100042ec:	7fffffff 	.word	0x7fffffff
100042f0:	20001168 	.word	0x20001168
100042f4:	10003fe5 	.word	0x10003fe5
100042f8:	20001924 	.word	0x20001924
100042fc:	2000192c 	.word	0x2000192c

10004300 <__wrap_printf>:
10004300:	b40f      	push	{r0, r1, r2, r3}
10004302:	b500      	push	{lr}
10004304:	b083      	sub	sp, #12
10004306:	a904      	add	r1, sp, #16
10004308:	c901      	ldmia	r1!, {r0}
1000430a:	9101      	str	r1, [sp, #4]
1000430c:	f7ff ff94 	bl	10004238 <__wrap_vprintf>
10004310:	b003      	add	sp, #12
10004312:	bc08      	pop	{r3}
10004314:	b004      	add	sp, #16
10004316:	4718      	bx	r3

10004318 <stdio_usb_set_chars_available_callback>:
10004318:	4b02      	ldr	r3, [pc, #8]	@ (10004324 <stdio_usb_set_chars_available_callback+0xc>)
1000431a:	6018      	str	r0, [r3, #0]
1000431c:	4b02      	ldr	r3, [pc, #8]	@ (10004328 <stdio_usb_set_chars_available_callback+0x10>)
1000431e:	6019      	str	r1, [r3, #0]
10004320:	4770      	bx	lr
10004322:	46c0      	nop			@ (mov r8, r8)
10004324:	200018c4 	.word	0x200018c4
10004328:	200018c8 	.word	0x200018c8

1000432c <usb_irq>:
1000432c:	b510      	push	{r4, lr}
1000432e:	4b02      	ldr	r3, [pc, #8]	@ (10004338 <usb_irq+0xc>)
10004330:	7818      	ldrb	r0, [r3, #0]
10004332:	f7fc f957 	bl	100005e4 <irq_set_pending>
10004336:	bd10      	pop	{r4, pc}
10004338:	20001d87 	.word	0x20001d87

1000433c <timer_task>:
1000433c:	4b15      	ldr	r3, [pc, #84]	@ (10004394 <timer_task+0x58>)
1000433e:	b570      	push	{r4, r5, r6, lr}
10004340:	681a      	ldr	r2, [r3, #0]
10004342:	2a00      	cmp	r2, #0
10004344:	d022      	beq.n	1000438c <timer_task+0x50>
10004346:	f3ef 8110 	mrs	r1, PRIMASK
1000434a:	b672      	cpsid	i
1000434c:	6810      	ldr	r0, [r2, #0]
1000434e:	2800      	cmp	r0, #0
10004350:	d0fc      	beq.n	1000434c <timer_task+0x10>
10004352:	f3bf 8f5f 	dmb	sy
10004356:	2000      	movs	r0, #0
10004358:	4a0f      	ldr	r2, [pc, #60]	@ (10004398 <timer_task+0x5c>)
1000435a:	6059      	str	r1, [r3, #4]
1000435c:	7010      	strb	r0, [r2, #0]
1000435e:	681b      	ldr	r3, [r3, #0]
10004360:	f3bf 8f5f 	dmb	sy
10004364:	6018      	str	r0, [r3, #0]
10004366:	f381 8810 	msr	PRIMASK, r1
1000436a:	2400      	movs	r4, #0
1000436c:	2500      	movs	r5, #0
1000436e:	4e0b      	ldr	r6, [pc, #44]	@ (1000439c <timer_task+0x60>)
10004370:	7830      	ldrb	r0, [r6, #0]
10004372:	f7fc f92b 	bl	100005cc <irq_is_enabled>
10004376:	2800      	cmp	r0, #0
10004378:	d104      	bne.n	10004384 <timer_task+0x48>
1000437a:	2400      	movs	r4, #0
1000437c:	2500      	movs	r5, #0
1000437e:	0029      	movs	r1, r5
10004380:	0020      	movs	r0, r4
10004382:	bd70      	pop	{r4, r5, r6, pc}
10004384:	7830      	ldrb	r0, [r6, #0]
10004386:	f7fc f92d 	bl	100005e4 <irq_set_pending>
1000438a:	e7f8      	b.n	1000437e <timer_task+0x42>
1000438c:	24fa      	movs	r4, #250	@ 0xfa
1000438e:	2500      	movs	r5, #0
10004390:	00a4      	lsls	r4, r4, #2
10004392:	e7ec      	b.n	1000436e <timer_task+0x32>
10004394:	20001d3c 	.word	0x20001d3c
10004398:	20001d88 	.word	0x20001d88
1000439c:	20001d87 	.word	0x20001d87

100043a0 <stdio_usb_in_chars>:
100043a0:	b570      	push	{r4, r5, r6, lr}
100043a2:	0005      	movs	r5, r0
100043a4:	2000      	movs	r0, #0
100043a6:	000e      	movs	r6, r1
100043a8:	f001 fb76 	bl	10005a98 <tud_cdc_n_connected>
100043ac:	2800      	cmp	r0, #0
100043ae:	d035      	beq.n	1000441c <stdio_usb_in_chars+0x7c>
100043b0:	2000      	movs	r0, #0
100043b2:	f001 fb89 	bl	10005ac8 <tud_cdc_n_available>
100043b6:	2800      	cmp	r0, #0
100043b8:	d030      	beq.n	1000441c <stdio_usb_in_chars+0x7c>
100043ba:	f7fc fe9b 	bl	100010f4 <time_us_64>
100043be:	2300      	movs	r3, #0
100043c0:	4a18      	ldr	r2, [pc, #96]	@ (10004424 <stdio_usb_in_chars+0x84>)
100043c2:	1812      	adds	r2, r2, r0
100043c4:	414b      	adcs	r3, r1
100043c6:	2b00      	cmp	r3, #0
100043c8:	db16      	blt.n	100043f8 <stdio_usb_in_chars+0x58>
100043ca:	4c17      	ldr	r4, [pc, #92]	@ (10004428 <stdio_usb_in_chars+0x88>)
100043cc:	0020      	movs	r0, r4
100043ce:	f002 f943 	bl	10006658 <__mutex_try_enter_block_until_veneer>
100043d2:	2800      	cmp	r0, #0
100043d4:	d022      	beq.n	1000441c <stdio_usb_in_chars+0x7c>
100043d6:	2000      	movs	r0, #0
100043d8:	f001 fb5e 	bl	10005a98 <tud_cdc_n_connected>
100043dc:	2800      	cmp	r0, #0
100043de:	d10f      	bne.n	10004400 <stdio_usb_in_chars+0x60>
100043e0:	2001      	movs	r0, #1
100043e2:	2100      	movs	r1, #0
100043e4:	2503      	movs	r5, #3
100043e6:	4240      	negs	r0, r0
100043e8:	f000 fd92 	bl	10004f10 <tud_task_ext>
100043ec:	426d      	negs	r5, r5
100043ee:	0020      	movs	r0, r4
100043f0:	f002 f952 	bl	10006698 <__mutex_exit_veneer>
100043f4:	0028      	movs	r0, r5
100043f6:	bd70      	pop	{r4, r5, r6, pc}
100043f8:	2201      	movs	r2, #1
100043fa:	4b0c      	ldr	r3, [pc, #48]	@ (1000442c <stdio_usb_in_chars+0x8c>)
100043fc:	4252      	negs	r2, r2
100043fe:	e7e4      	b.n	100043ca <stdio_usb_in_chars+0x2a>
10004400:	2000      	movs	r0, #0
10004402:	f001 fb61 	bl	10005ac8 <tud_cdc_n_available>
10004406:	2800      	cmp	r0, #0
10004408:	d0ea      	beq.n	100043e0 <stdio_usb_in_chars+0x40>
1000440a:	0029      	movs	r1, r5
1000440c:	0032      	movs	r2, r6
1000440e:	2000      	movs	r0, #0
10004410:	f001 fb64 	bl	10005adc <tud_cdc_n_read>
10004414:	1e05      	subs	r5, r0, #0
10004416:	d1ea      	bne.n	100043ee <stdio_usb_in_chars+0x4e>
10004418:	3d03      	subs	r5, #3
1000441a:	e7e8      	b.n	100043ee <stdio_usb_in_chars+0x4e>
1000441c:	2503      	movs	r5, #3
1000441e:	426d      	negs	r5, r5
10004420:	e7e8      	b.n	100043f4 <stdio_usb_in_chars+0x54>
10004422:	46c0      	nop			@ (mov r8, r8)
10004424:	000f4240 	.word	0x000f4240
10004428:	20001d64 	.word	0x20001d64
1000442c:	7fffffff 	.word	0x7fffffff

10004430 <stdio_usb_out_flush>:
10004430:	b510      	push	{r4, lr}
10004432:	f7fc fe5f 	bl	100010f4 <time_us_64>
10004436:	2300      	movs	r3, #0
10004438:	4a0d      	ldr	r2, [pc, #52]	@ (10004470 <stdio_usb_out_flush+0x40>)
1000443a:	1812      	adds	r2, r2, r0
1000443c:	414b      	adcs	r3, r1
1000443e:	2b00      	cmp	r3, #0
10004440:	da02      	bge.n	10004448 <stdio_usb_out_flush+0x18>
10004442:	2201      	movs	r2, #1
10004444:	4b0b      	ldr	r3, [pc, #44]	@ (10004474 <stdio_usb_out_flush+0x44>)
10004446:	4252      	negs	r2, r2
10004448:	480b      	ldr	r0, [pc, #44]	@ (10004478 <stdio_usb_out_flush+0x48>)
1000444a:	f002 f905 	bl	10006658 <__mutex_try_enter_block_until_veneer>
1000444e:	2800      	cmp	r0, #0
10004450:	d00c      	beq.n	1000446c <stdio_usb_out_flush+0x3c>
10004452:	2001      	movs	r0, #1
10004454:	2100      	movs	r1, #0
10004456:	4240      	negs	r0, r0
10004458:	f000 fd5a 	bl	10004f10 <tud_task_ext>
1000445c:	2000      	movs	r0, #0
1000445e:	f001 fb81 	bl	10005b64 <tud_cdc_n_write_flush>
10004462:	2800      	cmp	r0, #0
10004464:	d1f5      	bne.n	10004452 <stdio_usb_out_flush+0x22>
10004466:	4804      	ldr	r0, [pc, #16]	@ (10004478 <stdio_usb_out_flush+0x48>)
10004468:	f002 f916 	bl	10006698 <__mutex_exit_veneer>
1000446c:	bd10      	pop	{r4, pc}
1000446e:	46c0      	nop			@ (mov r8, r8)
10004470:	000f4240 	.word	0x000f4240
10004474:	7fffffff 	.word	0x7fffffff
10004478:	20001d64 	.word	0x20001d64

1000447c <stdio_usb_out_chars>:
1000447c:	b5f8      	push	{r3, r4, r5, r6, r7, lr}
1000447e:	46ce      	mov	lr, r9
10004480:	4647      	mov	r7, r8
10004482:	b580      	push	{r7, lr}
10004484:	0005      	movs	r5, r0
10004486:	000c      	movs	r4, r1
10004488:	f7fc fe34 	bl	100010f4 <time_us_64>
1000448c:	2300      	movs	r3, #0
1000448e:	4a34      	ldr	r2, [pc, #208]	@ (10004560 <stdio_usb_out_chars+0xe4>)
10004490:	1812      	adds	r2, r2, r0
10004492:	414b      	adcs	r3, r1
10004494:	2b00      	cmp	r3, #0
10004496:	da02      	bge.n	1000449e <stdio_usb_out_chars+0x22>
10004498:	2201      	movs	r2, #1
1000449a:	4b32      	ldr	r3, [pc, #200]	@ (10004564 <stdio_usb_out_chars+0xe8>)
1000449c:	4252      	negs	r2, r2
1000449e:	4932      	ldr	r1, [pc, #200]	@ (10004568 <stdio_usb_out_chars+0xec>)
100044a0:	0008      	movs	r0, r1
100044a2:	4688      	mov	r8, r1
100044a4:	f002 f8d8 	bl	10006658 <__mutex_try_enter_block_until_veneer>
100044a8:	2800      	cmp	r0, #0
100044aa:	d103      	bne.n	100044b4 <stdio_usb_out_chars+0x38>
100044ac:	bcc0      	pop	{r6, r7}
100044ae:	46b9      	mov	r9, r7
100044b0:	46b0      	mov	r8, r6
100044b2:	bdf8      	pop	{r3, r4, r5, r6, r7, pc}
100044b4:	2000      	movs	r0, #0
100044b6:	f001 faef 	bl	10005a98 <tud_cdc_n_connected>
100044ba:	2800      	cmp	r0, #0
100044bc:	d048      	beq.n	10004550 <stdio_usb_out_chars+0xd4>
100044be:	2c00      	cmp	r4, #0
100044c0:	dd42      	ble.n	10004548 <stdio_usb_out_chars+0xcc>
100044c2:	4b2a      	ldr	r3, [pc, #168]	@ (1000456c <stdio_usb_out_chars+0xf0>)
100044c4:	2600      	movs	r6, #0
100044c6:	4699      	mov	r9, r3
100044c8:	e013      	b.n	100044f2 <stdio_usb_out_chars+0x76>
100044ca:	19a9      	adds	r1, r5, r6
100044cc:	2000      	movs	r0, #0
100044ce:	f001 fb85 	bl	10005bdc <tud_cdc_n_write>
100044d2:	0007      	movs	r7, r0
100044d4:	2001      	movs	r0, #1
100044d6:	2100      	movs	r1, #0
100044d8:	4240      	negs	r0, r0
100044da:	f000 fd19 	bl	10004f10 <tud_task_ext>
100044de:	2000      	movs	r0, #0
100044e0:	f001 fb40 	bl	10005b64 <tud_cdc_n_write_flush>
100044e4:	f7fc fe06 	bl	100010f4 <time_us_64>
100044e8:	4b20      	ldr	r3, [pc, #128]	@ (1000456c <stdio_usb_out_chars+0xf0>)
100044ea:	19f6      	adds	r6, r6, r7
100044ec:	c303      	stmia	r3!, {r0, r1}
100044ee:	42b4      	cmp	r4, r6
100044f0:	dd2a      	ble.n	10004548 <stdio_usb_out_chars+0xcc>
100044f2:	2000      	movs	r0, #0
100044f4:	f001 fb90 	bl	10005c18 <tud_cdc_n_write_available>
100044f8:	1ba7      	subs	r7, r4, r6
100044fa:	0002      	movs	r2, r0
100044fc:	42b8      	cmp	r0, r7
100044fe:	dd00      	ble.n	10004502 <stdio_usb_out_chars+0x86>
10004500:	003a      	movs	r2, r7
10004502:	2a00      	cmp	r2, #0
10004504:	d1e1      	bne.n	100044ca <stdio_usb_out_chars+0x4e>
10004506:	2001      	movs	r0, #1
10004508:	2100      	movs	r1, #0
1000450a:	4240      	negs	r0, r0
1000450c:	f000 fd00 	bl	10004f10 <tud_task_ext>
10004510:	2000      	movs	r0, #0
10004512:	f001 fb27 	bl	10005b64 <tud_cdc_n_write_flush>
10004516:	2000      	movs	r0, #0
10004518:	f001 fabe 	bl	10005a98 <tud_cdc_n_connected>
1000451c:	2800      	cmp	r0, #0
1000451e:	d013      	beq.n	10004548 <stdio_usb_out_chars+0xcc>
10004520:	2000      	movs	r0, #0
10004522:	f001 fb79 	bl	10005c18 <tud_cdc_n_write_available>
10004526:	2800      	cmp	r0, #0
10004528:	d1e1      	bne.n	100044ee <stdio_usb_out_chars+0x72>
1000452a:	f7fc fde3 	bl	100010f4 <time_us_64>
1000452e:	464b      	mov	r3, r9
10004530:	000f      	movs	r7, r1
10004532:	cb0c      	ldmia	r3, {r2, r3}
10004534:	2100      	movs	r1, #0
10004536:	4684      	mov	ip, r0
10004538:	480d      	ldr	r0, [pc, #52]	@ (10004570 <stdio_usb_out_chars+0xf4>)
1000453a:	1812      	adds	r2, r2, r0
1000453c:	414b      	adcs	r3, r1
1000453e:	429f      	cmp	r7, r3
10004540:	d802      	bhi.n	10004548 <stdio_usb_out_chars+0xcc>
10004542:	d1d4      	bne.n	100044ee <stdio_usb_out_chars+0x72>
10004544:	4594      	cmp	ip, r2
10004546:	d9d2      	bls.n	100044ee <stdio_usb_out_chars+0x72>
10004548:	4640      	mov	r0, r8
1000454a:	f002 f8a5 	bl	10006698 <__mutex_exit_veneer>
1000454e:	e7ad      	b.n	100044ac <stdio_usb_out_chars+0x30>
10004550:	2000      	movs	r0, #0
10004552:	2100      	movs	r1, #0
10004554:	4b05      	ldr	r3, [pc, #20]	@ (1000456c <stdio_usb_out_chars+0xf0>)
10004556:	c303      	stmia	r3!, {r0, r1}
10004558:	4640      	mov	r0, r8
1000455a:	f002 f89d 	bl	10006698 <__mutex_exit_veneer>
1000455e:	e7a5      	b.n	100044ac <stdio_usb_out_chars+0x30>
10004560:	000f4240 	.word	0x000f4240
10004564:	7fffffff 	.word	0x7fffffff
10004568:	20001d64 	.word	0x20001d64
1000456c:	200013b8 	.word	0x200013b8
10004570:	0007a120 	.word	0x0007a120

10004574 <low_priority_worker_irq>:
10004574:	b530      	push	{r4, r5, lr}
10004576:	2100      	movs	r1, #0
10004578:	b085      	sub	sp, #20
1000457a:	4828      	ldr	r0, [pc, #160]	@ (1000461c <low_priority_worker_irq+0xa8>)
1000457c:	f002 f864 	bl	10006648 <__mutex_try_enter_veneer>
10004580:	2800      	cmp	r0, #0
10004582:	d11b      	bne.n	100045bc <low_priority_worker_irq+0x48>
10004584:	4b26      	ldr	r3, [pc, #152]	@ (10004620 <low_priority_worker_irq+0xac>)
10004586:	681a      	ldr	r2, [r3, #0]
10004588:	2a00      	cmp	r2, #0
1000458a:	d015      	beq.n	100045b8 <low_priority_worker_irq+0x44>
1000458c:	f3ef 8110 	mrs	r1, PRIMASK
10004590:	b672      	cpsid	i
10004592:	6810      	ldr	r0, [r2, #0]
10004594:	2800      	cmp	r0, #0
10004596:	d0fc      	beq.n	10004592 <low_priority_worker_irq+0x1e>
10004598:	f3bf 8f5f 	dmb	sy
1000459c:	2401      	movs	r4, #1
1000459e:	4a21      	ldr	r2, [pc, #132]	@ (10004624 <low_priority_worker_irq+0xb0>)
100045a0:	6059      	str	r1, [r3, #4]
100045a2:	7810      	ldrb	r0, [r2, #0]
100045a4:	681b      	ldr	r3, [r3, #0]
100045a6:	7014      	strb	r4, [r2, #0]
100045a8:	f3bf 8f5f 	dmb	sy
100045ac:	2200      	movs	r2, #0
100045ae:	601a      	str	r2, [r3, #0]
100045b0:	f381 8810 	msr	PRIMASK, r1
100045b4:	2800      	cmp	r0, #0
100045b6:	d017      	beq.n	100045e8 <low_priority_worker_irq+0x74>
100045b8:	b005      	add	sp, #20
100045ba:	bd30      	pop	{r4, r5, pc}
100045bc:	2001      	movs	r0, #1
100045be:	2100      	movs	r1, #0
100045c0:	4240      	negs	r0, r0
100045c2:	f000 fca5 	bl	10004f10 <tud_task_ext>
100045c6:	2000      	movs	r0, #0
100045c8:	f001 fa7e 	bl	10005ac8 <tud_cdc_n_available>
100045cc:	0005      	movs	r5, r0
100045ce:	4813      	ldr	r0, [pc, #76]	@ (1000461c <low_priority_worker_irq+0xa8>)
100045d0:	f002 f862 	bl	10006698 <__mutex_exit_veneer>
100045d4:	2d00      	cmp	r5, #0
100045d6:	d0ef      	beq.n	100045b8 <low_priority_worker_irq+0x44>
100045d8:	4b13      	ldr	r3, [pc, #76]	@ (10004628 <low_priority_worker_irq+0xb4>)
100045da:	681b      	ldr	r3, [r3, #0]
100045dc:	2b00      	cmp	r3, #0
100045de:	d0eb      	beq.n	100045b8 <low_priority_worker_irq+0x44>
100045e0:	4a12      	ldr	r2, [pc, #72]	@ (1000462c <low_priority_worker_irq+0xb8>)
100045e2:	6810      	ldr	r0, [r2, #0]
100045e4:	4798      	blx	r3
100045e6:	e7e7      	b.n	100045b8 <low_priority_worker_irq+0x44>
100045e8:	f7fc fbfc 	bl	10000de4 <alarm_pool_get_default>
100045ec:	0004      	movs	r4, r0
100045ee:	f7fc fd81 	bl	100010f4 <time_us_64>
100045f2:	22fa      	movs	r2, #250	@ 0xfa
100045f4:	2300      	movs	r3, #0
100045f6:	0092      	lsls	r2, r2, #2
100045f8:	1812      	adds	r2, r2, r0
100045fa:	414b      	adcs	r3, r1
100045fc:	2b00      	cmp	r3, #0
100045fe:	da02      	bge.n	10004606 <low_priority_worker_irq+0x92>
10004600:	2201      	movs	r2, #1
10004602:	4b0b      	ldr	r3, [pc, #44]	@ (10004630 <low_priority_worker_irq+0xbc>)
10004604:	4252      	negs	r2, r2
10004606:	2101      	movs	r1, #1
10004608:	9102      	str	r1, [sp, #8]
1000460a:	2100      	movs	r1, #0
1000460c:	9101      	str	r1, [sp, #4]
1000460e:	4909      	ldr	r1, [pc, #36]	@ (10004634 <low_priority_worker_irq+0xc0>)
10004610:	0020      	movs	r0, r4
10004612:	9100      	str	r1, [sp, #0]
10004614:	f7fc fbea 	bl	10000dec <alarm_pool_add_alarm_at>
10004618:	e7ce      	b.n	100045b8 <low_priority_worker_irq+0x44>
1000461a:	46c0      	nop			@ (mov r8, r8)
1000461c:	20001d64 	.word	0x20001d64
10004620:	20001d3c 	.word	0x20001d3c
10004624:	20001d88 	.word	0x20001d88
10004628:	200018c4 	.word	0x200018c4
1000462c:	200018c8 	.word	0x200018c8
10004630:	7fffffff 	.word	0x7fffffff
10004634:	1000433d 	.word	0x1000433d

10004638 <stdio_usb_init>:
10004638:	23d0      	movs	r3, #208	@ 0xd0
1000463a:	b530      	push	{r4, r5, lr}
1000463c:	061b      	lsls	r3, r3, #24
1000463e:	b085      	sub	sp, #20
10004640:	681d      	ldr	r5, [r3, #0]
10004642:	f7fc fbcf 	bl	10000de4 <alarm_pool_get_default>
10004646:	f7fc fccd 	bl	10000fe4 <alarm_pool_core_num>
1000464a:	2400      	movs	r4, #0
1000464c:	42a8      	cmp	r0, r5
1000464e:	d002      	beq.n	10004656 <stdio_usb_init+0x1e>
10004650:	0020      	movs	r0, r4
10004652:	b005      	add	sp, #20
10004654:	bd30      	pop	{r4, r5, pc}
10004656:	4b29      	ldr	r3, [pc, #164]	@ (100046fc <stdio_usb_init+0xc4>)
10004658:	2100      	movs	r1, #0
1000465a:	2000      	movs	r0, #0
1000465c:	781b      	ldrb	r3, [r3, #0]
1000465e:	f001 fc97 	bl	10005f90 <tusb_rhport_init>
10004662:	4827      	ldr	r0, [pc, #156]	@ (10004700 <stdio_usb_init+0xc8>)
10004664:	6803      	ldr	r3, [r0, #0]
10004666:	2b00      	cmp	r3, #0
10004668:	d044      	beq.n	100046f4 <stdio_usb_init+0xbc>
1000466a:	2001      	movs	r0, #1
1000466c:	f7fc f93e 	bl	100008ec <user_irq_claim_unused>
10004670:	23ff      	movs	r3, #255	@ 0xff
10004672:	4c24      	ldr	r4, [pc, #144]	@ (10004704 <stdio_usb_init+0xcc>)
10004674:	4924      	ldr	r1, [pc, #144]	@ (10004708 <stdio_usb_init+0xd0>)
10004676:	7020      	strb	r0, [r4, #0]
10004678:	4018      	ands	r0, r3
1000467a:	f7fb ffcb 	bl	10000614 <irq_set_exclusive_handler>
1000467e:	7820      	ldrb	r0, [r4, #0]
10004680:	2101      	movs	r1, #1
10004682:	f7fb ff91 	bl	100005a8 <irq_set_enabled>
10004686:	2005      	movs	r0, #5
10004688:	f7fb ffb4 	bl	100005f4 <irq_has_shared_handler>
1000468c:	1e04      	subs	r4, r0, #0
1000468e:	d124      	bne.n	100046da <stdio_usb_init+0xa2>
10004690:	2208      	movs	r2, #8
10004692:	2100      	movs	r1, #0
10004694:	481d      	ldr	r0, [pc, #116]	@ (1000470c <stdio_usb_init+0xd4>)
10004696:	f7fd ffc3 	bl	10002620 <__wrap_memset>
1000469a:	f7fc fba3 	bl	10000de4 <alarm_pool_get_default>
1000469e:	0005      	movs	r5, r0
100046a0:	f7fc fd28 	bl	100010f4 <time_us_64>
100046a4:	22fa      	movs	r2, #250	@ 0xfa
100046a6:	2300      	movs	r3, #0
100046a8:	0092      	lsls	r2, r2, #2
100046aa:	1812      	adds	r2, r2, r0
100046ac:	414b      	adcs	r3, r1
100046ae:	2b00      	cmp	r3, #0
100046b0:	da02      	bge.n	100046b8 <stdio_usb_init+0x80>
100046b2:	2201      	movs	r2, #1
100046b4:	4b16      	ldr	r3, [pc, #88]	@ (10004710 <stdio_usb_init+0xd8>)
100046b6:	4252      	negs	r2, r2
100046b8:	2101      	movs	r1, #1
100046ba:	9102      	str	r1, [sp, #8]
100046bc:	2100      	movs	r1, #0
100046be:	9101      	str	r1, [sp, #4]
100046c0:	4914      	ldr	r1, [pc, #80]	@ (10004714 <stdio_usb_init+0xdc>)
100046c2:	0028      	movs	r0, r5
100046c4:	9100      	str	r1, [sp, #0]
100046c6:	f7fc fb91 	bl	10000dec <alarm_pool_add_alarm_at>
100046ca:	2800      	cmp	r0, #0
100046cc:	dbc0      	blt.n	10004650 <stdio_usb_init+0x18>
100046ce:	2101      	movs	r1, #1
100046d0:	4811      	ldr	r0, [pc, #68]	@ (10004718 <stdio_usb_init+0xe0>)
100046d2:	f7ff fd2d 	bl	10004130 <stdio_set_driver_enabled>
100046d6:	2401      	movs	r4, #1
100046d8:	e7ba      	b.n	10004650 <stdio_usb_init+0x18>
100046da:	2001      	movs	r0, #1
100046dc:	f7fb ff22 	bl	10000524 <spin_lock_claim_unused>
100046e0:	0001      	movs	r1, r0
100046e2:	480a      	ldr	r0, [pc, #40]	@ (1000470c <stdio_usb_init+0xd4>)
100046e4:	f7fc f968 	bl	100009b8 <critical_section_init_with_lock_num>
100046e8:	2200      	movs	r2, #0
100046ea:	2005      	movs	r0, #5
100046ec:	490b      	ldr	r1, [pc, #44]	@ (1000471c <stdio_usb_init+0xe4>)
100046ee:	f7fb ffbb 	bl	10000668 <irq_add_shared_handler>
100046f2:	e7ec      	b.n	100046ce <stdio_usb_init+0x96>
100046f4:	f7fc f944 	bl	10000980 <mutex_init>
100046f8:	e7b7      	b.n	1000466a <stdio_usb_init+0x32>
100046fa:	46c0      	nop			@ (mov r8, r8)
100046fc:	10006c3c 	.word	0x10006c3c
10004700:	20001d64 	.word	0x20001d64
10004704:	20001d87 	.word	0x20001d87
10004708:	10004575 	.word	0x10004575
1000470c:	20001d3c 	.word	0x20001d3c
10004710:	7fffffff 	.word	0x7fffffff
10004714:	1000433d 	.word	0x1000433d
10004718:	20001130 	.word	0x20001130
1000471c:	1000432d 	.word	0x1000432d

10004720 <tud_descriptor_device_cb>:
10004720:	4800      	ldr	r0, [pc, #0]	@ (10004724 <tud_descriptor_device_cb+0x4>)
10004722:	4770      	bx	lr
10004724:	10006a54 	.word	0x10006a54

10004728 <tud_descriptor_configuration_cb>:
10004728:	4800      	ldr	r0, [pc, #0]	@ (1000472c <tud_descriptor_configuration_cb+0x4>)
1000472a:	4770      	bx	lr
1000472c:	10006a00 	.word	0x10006a00

10004730 <tud_descriptor_string_cb>:
10004730:	b510      	push	{r4, lr}
10004732:	0004      	movs	r4, r0
10004734:	4816      	ldr	r0, [pc, #88]	@ (10004790 <tud_descriptor_string_cb+0x60>)
10004736:	7803      	ldrb	r3, [r0, #0]
10004738:	2b00      	cmp	r3, #0
1000473a:	d020      	beq.n	1000477e <tud_descriptor_string_cb+0x4e>
1000473c:	2c00      	cmp	r4, #0
1000473e:	d106      	bne.n	1000474e <tud_descriptor_string_cb+0x1e>
10004740:	4b14      	ldr	r3, [pc, #80]	@ (10004794 <tud_descriptor_string_cb+0x64>)
10004742:	4815      	ldr	r0, [pc, #84]	@ (10004798 <tud_descriptor_string_cb+0x68>)
10004744:	8043      	strh	r3, [r0, #2]
10004746:	3b06      	subs	r3, #6
10004748:	3bff      	subs	r3, #255	@ 0xff
1000474a:	8003      	strh	r3, [r0, #0]
1000474c:	bd10      	pop	{r4, pc}
1000474e:	2c05      	cmp	r4, #5
10004750:	d81c      	bhi.n	1000478c <tud_descriptor_string_cb+0x5c>
10004752:	4b12      	ldr	r3, [pc, #72]	@ (1000479c <tud_descriptor_string_cb+0x6c>)
10004754:	00a4      	lsls	r4, r4, #2
10004756:	58e4      	ldr	r4, [r4, r3]
10004758:	480f      	ldr	r0, [pc, #60]	@ (10004798 <tud_descriptor_string_cb+0x68>)
1000475a:	2301      	movs	r3, #1
1000475c:	1c81      	adds	r1, r0, #2
1000475e:	3c01      	subs	r4, #1
10004760:	e004      	b.n	1000476c <tud_descriptor_string_cb+0x3c>
10004762:	3301      	adds	r3, #1
10004764:	800a      	strh	r2, [r1, #0]
10004766:	3102      	adds	r1, #2
10004768:	2b14      	cmp	r3, #20
1000476a:	d00c      	beq.n	10004786 <tud_descriptor_string_cb+0x56>
1000476c:	5ce2      	ldrb	r2, [r4, r3]
1000476e:	2a00      	cmp	r2, #0
10004770:	d1f7      	bne.n	10004762 <tud_descriptor_string_cb+0x32>
10004772:	22c0      	movs	r2, #192	@ 0xc0
10004774:	b2db      	uxtb	r3, r3
10004776:	005b      	lsls	r3, r3, #1
10004778:	0092      	lsls	r2, r2, #2
1000477a:	4313      	orrs	r3, r2
1000477c:	e7e5      	b.n	1000474a <tud_descriptor_string_cb+0x1a>
1000477e:	2111      	movs	r1, #17
10004780:	f000 f816 	bl	100047b0 <pico_get_unique_board_id_string>
10004784:	e7da      	b.n	1000473c <tud_descriptor_string_cb+0xc>
10004786:	23ca      	movs	r3, #202	@ 0xca
10004788:	009b      	lsls	r3, r3, #2
1000478a:	e7de      	b.n	1000474a <tud_descriptor_string_cb+0x1a>
1000478c:	2000      	movs	r0, #0
1000478e:	e7dd      	b.n	1000474c <tud_descriptor_string_cb+0x1c>
10004790:	20001d70 	.word	0x20001d70
10004794:	00000409 	.word	0x00000409
10004798:	200018fc 	.word	0x200018fc
1000479c:	100069e8 	.word	0x100069e8

100047a0 <_retrieve_unique_id_on_boot>:
100047a0:	b510      	push	{r4, lr}
100047a2:	4802      	ldr	r0, [pc, #8]	@ (100047ac <_retrieve_unique_id_on_boot+0xc>)
100047a4:	f000 f8f4 	bl	10004990 <flash_get_unique_id>
100047a8:	bd10      	pop	{r4, pc}
100047aa:	46c0      	nop			@ (mov r8, r8)
100047ac:	20001d54 	.word	0x20001d54

100047b0 <pico_get_unique_board_id_string>:
100047b0:	b530      	push	{r4, r5, lr}
100047b2:	2901      	cmp	r1, #1
100047b4:	d100      	bne.n	100047b8 <pico_get_unique_board_id_string+0x8>
100047b6:	e0bb      	b.n	10004930 <pico_get_unique_board_id_string+0x180>
100047b8:	4b74      	ldr	r3, [pc, #464]	@ (1000498c <pico_get_unique_board_id_string+0x1dc>)
100047ba:	3901      	subs	r1, #1
100047bc:	781a      	ldrb	r2, [r3, #0]
100047be:	1112      	asrs	r2, r2, #4
100047c0:	0014      	movs	r4, r2
100047c2:	3430      	adds	r4, #48	@ 0x30
100047c4:	2a09      	cmp	r2, #9
100047c6:	dd00      	ble.n	100047ca <pico_get_unique_board_id_string+0x1a>
100047c8:	e0b5      	b.n	10004936 <pico_get_unique_board_id_string+0x186>
100047ca:	7004      	strb	r4, [r0, #0]
100047cc:	2901      	cmp	r1, #1
100047ce:	d100      	bne.n	100047d2 <pico_get_unique_board_id_string+0x22>
100047d0:	e0da      	b.n	10004988 <pico_get_unique_board_id_string+0x1d8>
100047d2:	220f      	movs	r2, #15
100047d4:	781c      	ldrb	r4, [r3, #0]
100047d6:	4022      	ands	r2, r4
100047d8:	0014      	movs	r4, r2
100047da:	3430      	adds	r4, #48	@ 0x30
100047dc:	2a09      	cmp	r2, #9
100047de:	d900      	bls.n	100047e2 <pico_get_unique_board_id_string+0x32>
100047e0:	e0ac      	b.n	1000493c <pico_get_unique_board_id_string+0x18c>
100047e2:	7044      	strb	r4, [r0, #1]
100047e4:	2902      	cmp	r1, #2
100047e6:	d100      	bne.n	100047ea <pico_get_unique_board_id_string+0x3a>
100047e8:	e0ce      	b.n	10004988 <pico_get_unique_board_id_string+0x1d8>
100047ea:	785a      	ldrb	r2, [r3, #1]
100047ec:	4694      	mov	ip, r2
100047ee:	1112      	asrs	r2, r2, #4
100047f0:	0014      	movs	r4, r2
100047f2:	3430      	adds	r4, #48	@ 0x30
100047f4:	2a09      	cmp	r2, #9
100047f6:	dd00      	ble.n	100047fa <pico_get_unique_board_id_string+0x4a>
100047f8:	e0a3      	b.n	10004942 <pico_get_unique_board_id_string+0x192>
100047fa:	7084      	strb	r4, [r0, #2]
100047fc:	2903      	cmp	r1, #3
100047fe:	d100      	bne.n	10004802 <pico_get_unique_board_id_string+0x52>
10004800:	e0c2      	b.n	10004988 <pico_get_unique_board_id_string+0x1d8>
10004802:	4664      	mov	r4, ip
10004804:	220f      	movs	r2, #15
10004806:	4022      	ands	r2, r4
10004808:	0014      	movs	r4, r2
1000480a:	3430      	adds	r4, #48	@ 0x30
1000480c:	2a09      	cmp	r2, #9
1000480e:	d900      	bls.n	10004812 <pico_get_unique_board_id_string+0x62>
10004810:	e09a      	b.n	10004948 <pico_get_unique_board_id_string+0x198>
10004812:	70c4      	strb	r4, [r0, #3]
10004814:	2904      	cmp	r1, #4
10004816:	d100      	bne.n	1000481a <pico_get_unique_board_id_string+0x6a>
10004818:	e0b6      	b.n	10004988 <pico_get_unique_board_id_string+0x1d8>
1000481a:	789a      	ldrb	r2, [r3, #2]
1000481c:	4694      	mov	ip, r2
1000481e:	1112      	asrs	r2, r2, #4
10004820:	0014      	movs	r4, r2
10004822:	3430      	adds	r4, #48	@ 0x30
10004824:	2a09      	cmp	r2, #9
10004826:	dd00      	ble.n	1000482a <pico_get_unique_board_id_string+0x7a>
10004828:	e091      	b.n	1000494e <pico_get_unique_board_id_string+0x19e>
1000482a:	7104      	strb	r4, [r0, #4]
1000482c:	2905      	cmp	r1, #5
1000482e:	d100      	bne.n	10004832 <pico_get_unique_board_id_string+0x82>
10004830:	e0aa      	b.n	10004988 <pico_get_unique_board_id_string+0x1d8>
10004832:	4664      	mov	r4, ip
10004834:	220f      	movs	r2, #15
10004836:	4022      	ands	r2, r4
10004838:	0014      	movs	r4, r2
1000483a:	3430      	adds	r4, #48	@ 0x30
1000483c:	2a09      	cmp	r2, #9
1000483e:	d900      	bls.n	10004842 <pico_get_unique_board_id_string+0x92>
10004840:	e088      	b.n	10004954 <pico_get_unique_board_id_string+0x1a4>
10004842:	7144      	strb	r4, [r0, #5]
10004844:	2906      	cmp	r1, #6
10004846:	d100      	bne.n	1000484a <pico_get_unique_board_id_string+0x9a>
10004848:	e09e      	b.n	10004988 <pico_get_unique_board_id_string+0x1d8>
1000484a:	2530      	movs	r5, #48	@ 0x30
1000484c:	46ac      	mov	ip, r5
1000484e:	78dc      	ldrb	r4, [r3, #3]
10004850:	1122      	asrs	r2, r4, #4
10004852:	4494      	add	ip, r2
10004854:	2a09      	cmp	r2, #9
10004856:	dd00      	ble.n	1000485a <pico_get_unique_board_id_string+0xaa>
10004858:	e07f      	b.n	1000495a <pico_get_unique_board_id_string+0x1aa>
1000485a:	4662      	mov	r2, ip
1000485c:	7182      	strb	r2, [r0, #6]
1000485e:	2907      	cmp	r1, #7
10004860:	d100      	bne.n	10004864 <pico_get_unique_board_id_string+0xb4>
10004862:	e091      	b.n	10004988 <pico_get_unique_board_id_string+0x1d8>
10004864:	220f      	movs	r2, #15
10004866:	4022      	ands	r2, r4
10004868:	0014      	movs	r4, r2
1000486a:	3430      	adds	r4, #48	@ 0x30
1000486c:	2a09      	cmp	r2, #9
1000486e:	d900      	bls.n	10004872 <pico_get_unique_board_id_string+0xc2>
10004870:	e077      	b.n	10004962 <pico_get_unique_board_id_string+0x1b2>
10004872:	71c4      	strb	r4, [r0, #7]
10004874:	2908      	cmp	r1, #8
10004876:	d100      	bne.n	1000487a <pico_get_unique_board_id_string+0xca>
10004878:	e086      	b.n	10004988 <pico_get_unique_board_id_string+0x1d8>
1000487a:	2530      	movs	r5, #48	@ 0x30
1000487c:	46ac      	mov	ip, r5
1000487e:	791c      	ldrb	r4, [r3, #4]
10004880:	1122      	asrs	r2, r4, #4
10004882:	4494      	add	ip, r2
10004884:	2a09      	cmp	r2, #9
10004886:	dd00      	ble.n	1000488a <pico_get_unique_board_id_string+0xda>
10004888:	e06e      	b.n	10004968 <pico_get_unique_board_id_string+0x1b8>
1000488a:	4662      	mov	r2, ip
1000488c:	7202      	strb	r2, [r0, #8]
1000488e:	2909      	cmp	r1, #9
10004890:	d100      	bne.n	10004894 <pico_get_unique_board_id_string+0xe4>
10004892:	e079      	b.n	10004988 <pico_get_unique_board_id_string+0x1d8>
10004894:	220f      	movs	r2, #15
10004896:	4022      	ands	r2, r4
10004898:	0014      	movs	r4, r2
1000489a:	3430      	adds	r4, #48	@ 0x30
1000489c:	2a09      	cmp	r2, #9
1000489e:	d867      	bhi.n	10004970 <pico_get_unique_board_id_string+0x1c0>
100048a0:	7244      	strb	r4, [r0, #9]
100048a2:	290a      	cmp	r1, #10
100048a4:	d100      	bne.n	100048a8 <pico_get_unique_board_id_string+0xf8>
100048a6:	e06f      	b.n	10004988 <pico_get_unique_board_id_string+0x1d8>
100048a8:	2530      	movs	r5, #48	@ 0x30
100048aa:	46ac      	mov	ip, r5
100048ac:	795c      	ldrb	r4, [r3, #5]
100048ae:	1122      	asrs	r2, r4, #4
100048b0:	4494      	add	ip, r2
100048b2:	2a09      	cmp	r2, #9
100048b4:	dc5f      	bgt.n	10004976 <pico_get_unique_board_id_string+0x1c6>
100048b6:	4662      	mov	r2, ip
100048b8:	7282      	strb	r2, [r0, #10]
100048ba:	290b      	cmp	r1, #11
100048bc:	d064      	beq.n	10004988 <pico_get_unique_board_id_string+0x1d8>
100048be:	220f      	movs	r2, #15
100048c0:	4022      	ands	r2, r4
100048c2:	0014      	movs	r4, r2
100048c4:	3430      	adds	r4, #48	@ 0x30
100048c6:	2a09      	cmp	r2, #9
100048c8:	d859      	bhi.n	1000497e <pico_get_unique_board_id_string+0x1ce>
100048ca:	72c4      	strb	r4, [r0, #11]
100048cc:	290c      	cmp	r1, #12
100048ce:	d05b      	beq.n	10004988 <pico_get_unique_board_id_string+0x1d8>
100048d0:	2530      	movs	r5, #48	@ 0x30
100048d2:	46ac      	mov	ip, r5
100048d4:	799c      	ldrb	r4, [r3, #6]
100048d6:	1122      	asrs	r2, r4, #4
100048d8:	4494      	add	ip, r2
100048da:	2a09      	cmp	r2, #9
100048dc:	dd02      	ble.n	100048e4 <pico_get_unique_board_id_string+0x134>
100048de:	3507      	adds	r5, #7
100048e0:	46ac      	mov	ip, r5
100048e2:	4494      	add	ip, r2
100048e4:	4662      	mov	r2, ip
100048e6:	7302      	strb	r2, [r0, #12]
100048e8:	290d      	cmp	r1, #13
100048ea:	d04d      	beq.n	10004988 <pico_get_unique_board_id_string+0x1d8>
100048ec:	220f      	movs	r2, #15
100048ee:	4022      	ands	r2, r4
100048f0:	0014      	movs	r4, r2
100048f2:	3430      	adds	r4, #48	@ 0x30
100048f4:	2a09      	cmp	r2, #9
100048f6:	d901      	bls.n	100048fc <pico_get_unique_board_id_string+0x14c>
100048f8:	3237      	adds	r2, #55	@ 0x37
100048fa:	0014      	movs	r4, r2
100048fc:	7344      	strb	r4, [r0, #13]
100048fe:	290e      	cmp	r1, #14
10004900:	d042      	beq.n	10004988 <pico_get_unique_board_id_string+0x1d8>
10004902:	79da      	ldrb	r2, [r3, #7]
10004904:	1113      	asrs	r3, r2, #4
10004906:	001c      	movs	r4, r3
10004908:	3430      	adds	r4, #48	@ 0x30
1000490a:	2b09      	cmp	r3, #9
1000490c:	dd01      	ble.n	10004912 <pico_get_unique_board_id_string+0x162>
1000490e:	3337      	adds	r3, #55	@ 0x37
10004910:	001c      	movs	r4, r3
10004912:	7384      	strb	r4, [r0, #14]
10004914:	290f      	cmp	r1, #15
10004916:	d037      	beq.n	10004988 <pico_get_unique_board_id_string+0x1d8>
10004918:	230f      	movs	r3, #15
1000491a:	4013      	ands	r3, r2
1000491c:	001a      	movs	r2, r3
1000491e:	3237      	adds	r2, #55	@ 0x37
10004920:	2b09      	cmp	r3, #9
10004922:	d801      	bhi.n	10004928 <pico_get_unique_board_id_string+0x178>
10004924:	3330      	adds	r3, #48	@ 0x30
10004926:	001a      	movs	r2, r3
10004928:	73c2      	strb	r2, [r0, #15]
1000492a:	2910      	cmp	r1, #16
1000492c:	d02c      	beq.n	10004988 <pico_get_unique_board_id_string+0x1d8>
1000492e:	3010      	adds	r0, #16
10004930:	2300      	movs	r3, #0
10004932:	7003      	strb	r3, [r0, #0]
10004934:	bd30      	pop	{r4, r5, pc}
10004936:	3237      	adds	r2, #55	@ 0x37
10004938:	0014      	movs	r4, r2
1000493a:	e746      	b.n	100047ca <pico_get_unique_board_id_string+0x1a>
1000493c:	3237      	adds	r2, #55	@ 0x37
1000493e:	0014      	movs	r4, r2
10004940:	e74f      	b.n	100047e2 <pico_get_unique_board_id_string+0x32>
10004942:	3237      	adds	r2, #55	@ 0x37
10004944:	0014      	movs	r4, r2
10004946:	e758      	b.n	100047fa <pico_get_unique_board_id_string+0x4a>
10004948:	3237      	adds	r2, #55	@ 0x37
1000494a:	0014      	movs	r4, r2
1000494c:	e761      	b.n	10004812 <pico_get_unique_board_id_string+0x62>
1000494e:	3237      	adds	r2, #55	@ 0x37
10004950:	0014      	movs	r4, r2
10004952:	e76a      	b.n	1000482a <pico_get_unique_board_id_string+0x7a>
10004954:	3237      	adds	r2, #55	@ 0x37
10004956:	0014      	movs	r4, r2
10004958:	e773      	b.n	10004842 <pico_get_unique_board_id_string+0x92>
1000495a:	3507      	adds	r5, #7
1000495c:	46ac      	mov	ip, r5
1000495e:	4494      	add	ip, r2
10004960:	e77b      	b.n	1000485a <pico_get_unique_board_id_string+0xaa>
10004962:	3237      	adds	r2, #55	@ 0x37
10004964:	0014      	movs	r4, r2
10004966:	e784      	b.n	10004872 <pico_get_unique_board_id_string+0xc2>
10004968:	3507      	adds	r5, #7
1000496a:	46ac      	mov	ip, r5
1000496c:	4494      	add	ip, r2
1000496e:	e78c      	b.n	1000488a <pico_get_unique_board_id_string+0xda>
10004970:	3237      	adds	r2, #55	@ 0x37
10004972:	0014      	movs	r4, r2
10004974:	e794      	b.n	100048a0 <pico_get_unique_board_id_string+0xf0>
10004976:	3507      	adds	r5, #7
10004978:	46ac      	mov	ip, r5
1000497a:	4494      	add	ip, r2
1000497c:	e79b      	b.n	100048b6 <pico_get_unique_board_id_string+0x106>
1000497e:	3237      	adds	r2, #55	@ 0x37
10004980:	0014      	movs	r4, r2
10004982:	72c4      	strb	r4, [r0, #11]
10004984:	290c      	cmp	r1, #12
10004986:	d1a3      	bne.n	100048d0 <pico_get_unique_board_id_string+0x120>
10004988:	1840      	adds	r0, r0, r1
1000498a:	e7d1      	b.n	10004930 <pico_get_unique_board_id_string+0x180>
1000498c:	20001d54 	.word	0x20001d54

10004990 <flash_get_unique_id>:
10004990:	b510      	push	{r4, lr}
10004992:	b088      	sub	sp, #32
10004994:	0004      	movs	r4, r0
10004996:	220d      	movs	r2, #13
10004998:	2100      	movs	r1, #0
1000499a:	4668      	mov	r0, sp
1000499c:	f7fd fe40 	bl	10002620 <__wrap_memset>
100049a0:	220d      	movs	r2, #13
100049a2:	2100      	movs	r1, #0
100049a4:	a804      	add	r0, sp, #16
100049a6:	f7fd fe3b 	bl	10002620 <__wrap_memset>
100049aa:	466a      	mov	r2, sp
100049ac:	234b      	movs	r3, #75	@ 0x4b
100049ae:	4668      	mov	r0, sp
100049b0:	7013      	strb	r3, [r2, #0]
100049b2:	a904      	add	r1, sp, #16
100049b4:	2300      	movs	r3, #0
100049b6:	220d      	movs	r2, #13
100049b8:	f001 fe86 	bl	100066c8 <__flash_do_cmd_cs_veneer>
100049bc:	2115      	movs	r1, #21
100049be:	2208      	movs	r2, #8
100049c0:	0020      	movs	r0, r4
100049c2:	4469      	add	r1, sp
100049c4:	f7fd fe32 	bl	1000262c <__wrap___aeabi_memcpy>
100049c8:	b008      	add	sp, #32
100049ca:	bd10      	pop	{r4, pc}

100049cc <usb_reset_interface_init>:
100049cc:	4770      	bx	lr
100049ce:	46c0      	nop			@ (mov r8, r8)

100049d0 <usb_reset_interface_reset>:
100049d0:	2200      	movs	r2, #0
100049d2:	4b01      	ldr	r3, [pc, #4]	@ (100049d8 <usb_reset_interface_reset+0x8>)
100049d4:	701a      	strb	r2, [r3, #0]
100049d6:	4770      	bx	lr
100049d8:	20001d86 	.word	0x20001d86

100049dc <usb_reset_interface_open>:
100049dc:	794b      	ldrb	r3, [r1, #5]
100049de:	2bff      	cmp	r3, #255	@ 0xff
100049e0:	d105      	bne.n	100049ee <usb_reset_interface_open+0x12>
100049e2:	798b      	ldrb	r3, [r1, #6]
100049e4:	2b00      	cmp	r3, #0
100049e6:	d102      	bne.n	100049ee <usb_reset_interface_open+0x12>
100049e8:	79cb      	ldrb	r3, [r1, #7]
100049ea:	2b01      	cmp	r3, #1
100049ec:	d001      	beq.n	100049f2 <usb_reset_interface_open+0x16>
100049ee:	2000      	movs	r0, #0
100049f0:	4770      	bx	lr
100049f2:	2a08      	cmp	r2, #8
100049f4:	d9fb      	bls.n	100049ee <usb_reset_interface_open+0x12>
100049f6:	4b02      	ldr	r3, [pc, #8]	@ (10004a00 <usb_reset_interface_open+0x24>)
100049f8:	788a      	ldrb	r2, [r1, #2]
100049fa:	2009      	movs	r0, #9
100049fc:	701a      	strb	r2, [r3, #0]
100049fe:	e7f7      	b.n	100049f0 <usb_reset_interface_open+0x14>
10004a00:	20001d86 	.word	0x20001d86

10004a04 <usb_reset_interface_xfer_cb>:
10004a04:	2001      	movs	r0, #1
10004a06:	4770      	bx	lr

10004a08 <usb_reset_interface_control_xfer_cb>:
10004a08:	b510      	push	{r4, lr}
10004a0a:	2901      	cmp	r1, #1
10004a0c:	d001      	beq.n	10004a12 <usb_reset_interface_control_xfer_cb+0xa>
10004a0e:	2001      	movs	r0, #1
10004a10:	bd10      	pop	{r4, pc}
10004a12:	4914      	ldr	r1, [pc, #80]	@ (10004a64 <usb_reset_interface_control_xfer_cb+0x5c>)
10004a14:	7953      	ldrb	r3, [r2, #5]
10004a16:	7910      	ldrb	r0, [r2, #4]
10004a18:	7809      	ldrb	r1, [r1, #0]
10004a1a:	021b      	lsls	r3, r3, #8
10004a1c:	4303      	orrs	r3, r0
10004a1e:	4299      	cmp	r1, r3
10004a20:	d001      	beq.n	10004a26 <usb_reset_interface_control_xfer_cb+0x1e>
10004a22:	2000      	movs	r0, #0
10004a24:	e7f4      	b.n	10004a10 <usb_reset_interface_control_xfer_cb+0x8>
10004a26:	7853      	ldrb	r3, [r2, #1]
10004a28:	2b01      	cmp	r3, #1
10004a2a:	d007      	beq.n	10004a3c <usb_reset_interface_control_xfer_cb+0x34>
10004a2c:	2b02      	cmp	r3, #2
10004a2e:	d1f8      	bne.n	10004a22 <usb_reset_interface_control_xfer_cb+0x1a>
10004a30:	2264      	movs	r2, #100	@ 0x64
10004a32:	2100      	movs	r1, #0
10004a34:	2000      	movs	r0, #0
10004a36:	f7fc fd63 	bl	10001500 <watchdog_reboot>
10004a3a:	e7e8      	b.n	10004a0e <usb_reset_interface_control_xfer_cb+0x6>
10004a3c:	78d1      	ldrb	r1, [r2, #3]
10004a3e:	7893      	ldrb	r3, [r2, #2]
10004a40:	0209      	lsls	r1, r1, #8
10004a42:	4319      	orrs	r1, r3
10004a44:	2380      	movs	r3, #128	@ 0x80
10004a46:	000a      	movs	r2, r1
10004a48:	005b      	lsls	r3, r3, #1
10004a4a:	401a      	ands	r2, r3
10004a4c:	4219      	tst	r1, r3
10004a4e:	d006      	beq.n	10004a5e <usb_reset_interface_control_xfer_cb+0x56>
10004a50:	060a      	lsls	r2, r1, #24
10004a52:	0fd2      	lsrs	r2, r2, #31
10004a54:	0a48      	lsrs	r0, r1, #9
10004a56:	2303      	movs	r3, #3
10004a58:	4019      	ands	r1, r3
10004a5a:	f7fc fdd7 	bl	1000160c <rom_reset_usb_boot_extra>
10004a5e:	2001      	movs	r0, #1
10004a60:	4240      	negs	r0, r0
10004a62:	e7f8      	b.n	10004a56 <usb_reset_interface_control_xfer_cb+0x4e>
10004a64:	20001d86 	.word	0x20001d86

10004a68 <tud_descriptor_bos_cb>:
10004a68:	4800      	ldr	r0, [pc, #0]	@ (10004a6c <tud_descriptor_bos_cb+0x4>)
10004a6a:	4770      	bx	lr
10004a6c:	10006b10 	.word	0x10006b10

10004a70 <tud_vendor_control_xfer_cb>:
10004a70:	4694      	mov	ip, r2
10004a72:	2301      	movs	r3, #1
10004a74:	b510      	push	{r4, lr}
10004a76:	2901      	cmp	r1, #1
10004a78:	d10a      	bne.n	10004a90 <tud_vendor_control_xfer_cb+0x20>
10004a7a:	7853      	ldrb	r3, [r2, #1]
10004a7c:	2b01      	cmp	r3, #1
10004a7e:	d106      	bne.n	10004a8e <tud_vendor_control_xfer_cb+0x1e>
10004a80:	0013      	movs	r3, r2
10004a82:	795b      	ldrb	r3, [r3, #5]
10004a84:	7912      	ldrb	r2, [r2, #4]
10004a86:	021b      	lsls	r3, r3, #8
10004a88:	4313      	orrs	r3, r2
10004a8a:	2b07      	cmp	r3, #7
10004a8c:	d002      	beq.n	10004a94 <tud_vendor_control_xfer_cb+0x24>
10004a8e:	2300      	movs	r3, #0
10004a90:	0018      	movs	r0, r3
10004a92:	bd10      	pop	{r4, pc}
10004a94:	339f      	adds	r3, #159	@ 0x9f
10004a96:	4661      	mov	r1, ip
10004a98:	4a02      	ldr	r2, [pc, #8]	@ (10004aa4 <tud_vendor_control_xfer_cb+0x34>)
10004a9a:	f000 fee7 	bl	1000586c <tud_control_xfer>
10004a9e:	0003      	movs	r3, r0
10004aa0:	e7f6      	b.n	10004a90 <tud_vendor_control_xfer_cb+0x20>
10004aa2:	46c0      	nop			@ (mov r8, r8)
10004aa4:	10006a68 	.word	0x10006a68

10004aa8 <usbd_app_driver_get_cb>:
10004aa8:	2301      	movs	r3, #1
10004aaa:	7003      	strb	r3, [r0, #0]
10004aac:	4800      	ldr	r0, [pc, #0]	@ (10004ab0 <usbd_app_driver_get_cb+0x8>)
10004aae:	4770      	bx	lr
10004ab0:	10006b34 	.word	0x10006b34

10004ab4 <tud_cdc_line_coding_cb>:
10004ab4:	784b      	ldrb	r3, [r1, #1]
10004ab6:	780a      	ldrb	r2, [r1, #0]
10004ab8:	021b      	lsls	r3, r3, #8
10004aba:	4313      	orrs	r3, r2
10004abc:	788a      	ldrb	r2, [r1, #2]
10004abe:	b510      	push	{r4, lr}
10004ac0:	0412      	lsls	r2, r2, #16
10004ac2:	431a      	orrs	r2, r3
10004ac4:	78cb      	ldrb	r3, [r1, #3]
10004ac6:	061b      	lsls	r3, r3, #24
10004ac8:	4313      	orrs	r3, r2
10004aca:	2296      	movs	r2, #150	@ 0x96
10004acc:	00d2      	lsls	r2, r2, #3
10004ace:	4293      	cmp	r3, r2
10004ad0:	d000      	beq.n	10004ad4 <tud_cdc_line_coding_cb+0x20>
10004ad2:	bd10      	pop	{r4, pc}
10004ad4:	2200      	movs	r2, #0
10004ad6:	2001      	movs	r0, #1
10004ad8:	0011      	movs	r1, r2
10004ada:	4240      	negs	r0, r0
10004adc:	f7fc fd96 	bl	1000160c <rom_reset_usb_boot_extra>

10004ae0 <dcd_init>:
10004ae0:	b5f8      	push	{r3, r4, r5, r6, r7, lr}
10004ae2:	f000 f93f 	bl	10004d64 <rp2040_usb_init>
10004ae6:	230c      	movs	r3, #12
10004ae8:	4d19      	ldr	r5, [pc, #100]	@ (10004b50 <dcd_init+0x70>)
10004aea:	22ff      	movs	r2, #255	@ 0xff
10004aec:	67ab      	str	r3, [r5, #120]	@ 0x78
10004aee:	2005      	movs	r0, #5
10004af0:	4918      	ldr	r1, [pc, #96]	@ (10004b54 <dcd_init+0x74>)
10004af2:	f7fb fdb9 	bl	10000668 <irq_add_shared_handler>
10004af6:	4c18      	ldr	r4, [pc, #96]	@ (10004b58 <dcd_init+0x78>)
10004af8:	2240      	movs	r2, #64	@ 0x40
10004afa:	2100      	movs	r1, #0
10004afc:	0020      	movs	r0, r4
10004afe:	f7fd fd8f 	bl	10002620 <__wrap_memset>
10004b02:	2740      	movs	r7, #64	@ 0x40
10004b04:	2300      	movs	r3, #0
10004b06:	2601      	movs	r6, #1
10004b08:	2121      	movs	r1, #33	@ 0x21
10004b0a:	4a14      	ldr	r2, [pc, #80]	@ (10004b5c <dcd_init+0x7c>)
10004b0c:	7066      	strb	r6, [r4, #1]
10004b0e:	8327      	strh	r7, [r4, #24]
10004b10:	60a2      	str	r2, [r4, #8]
10004b12:	6013      	str	r3, [r2, #0]
10004b14:	5463      	strb	r3, [r4, r1]
10004b16:	315f      	adds	r1, #95	@ 0x5f
10004b18:	8461      	strh	r1, [r4, #34]	@ 0x22
10004b1a:	3945      	subs	r1, #69	@ 0x45
10004b1c:	5463      	strb	r3, [r4, r1]
10004b1e:	4a10      	ldr	r2, [pc, #64]	@ (10004b60 <dcd_init+0x80>)
10004b20:	4910      	ldr	r1, [pc, #64]	@ (10004b64 <dcd_init+0x84>)
10004b22:	6063      	str	r3, [r4, #4]
10004b24:	60e2      	str	r2, [r4, #12]
10004b26:	8727      	strh	r7, [r4, #56]	@ 0x38
10004b28:	62a1      	str	r1, [r4, #40]	@ 0x28
10004b2a:	600b      	str	r3, [r1, #0]
10004b2c:	6263      	str	r3, [r4, #36]	@ 0x24
10004b2e:	62e2      	str	r2, [r4, #44]	@ 0x2c
10004b30:	f001 fd82 	bl	10006638 <__reset_non_control_endpoints_veneer>
10004b34:	2380      	movs	r3, #128	@ 0x80
10004b36:	059b      	lsls	r3, r3, #22
10004b38:	642e      	str	r6, [r5, #64]	@ 0x40
10004b3a:	64eb      	str	r3, [r5, #76]	@ 0x4c
10004b3c:	2390      	movs	r3, #144	@ 0x90
10004b3e:	4a0a      	ldr	r2, [pc, #40]	@ (10004b68 <dcd_init+0x88>)
10004b40:	2001      	movs	r0, #1
10004b42:	50ea      	str	r2, [r5, r3]
10004b44:	2280      	movs	r2, #128	@ 0x80
10004b46:	4b09      	ldr	r3, [pc, #36]	@ (10004b6c <dcd_init+0x8c>)
10004b48:	0252      	lsls	r2, r2, #9
10004b4a:	64da      	str	r2, [r3, #76]	@ 0x4c
10004b4c:	bdf8      	pop	{r3, r4, r5, r6, r7, pc}
10004b4e:	46c0      	nop			@ (mov r8, r8)
10004b50:	50110000 	.word	0x50110000
10004b54:	200004c9 	.word	0x200004c9
10004b58:	20001930 	.word	0x20001930
10004b5c:	50100084 	.word	0x50100084
10004b60:	50100100 	.word	0x50100100
10004b64:	50100080 	.word	0x50100080
10004b68:	0001d010 	.word	0x0001d010
10004b6c:	50112000 	.word	0x50112000

10004b70 <dcd_int_enable>:
10004b70:	b510      	push	{r4, lr}
10004b72:	2101      	movs	r1, #1
10004b74:	2005      	movs	r0, #5
10004b76:	f7fb fd17 	bl	100005a8 <irq_set_enabled>
10004b7a:	bd10      	pop	{r4, pc}

10004b7c <dcd_set_address>:
10004b7c:	b510      	push	{r4, lr}
10004b7e:	2200      	movs	r2, #0
10004b80:	2100      	movs	r1, #0
10004b82:	4802      	ldr	r0, [pc, #8]	@ (10004b8c <dcd_set_address+0x10>)
10004b84:	f000 f90e 	bl	10004da4 <hw_endpoint_xfer_start>
10004b88:	bd10      	pop	{r4, pc}
10004b8a:	46c0      	nop			@ (mov r8, r8)
10004b8c:	20001950 	.word	0x20001950

10004b90 <dcd_sof_enable>:
10004b90:	4b04      	ldr	r3, [pc, #16]	@ (10004ba4 <dcd_sof_enable+0x14>)
10004b92:	7019      	strb	r1, [r3, #0]
10004b94:	2900      	cmp	r1, #0
10004b96:	d004      	beq.n	10004ba2 <dcd_sof_enable+0x12>
10004b98:	2180      	movs	r1, #128	@ 0x80
10004b9a:	2390      	movs	r3, #144	@ 0x90
10004b9c:	4a02      	ldr	r2, [pc, #8]	@ (10004ba8 <dcd_sof_enable+0x18>)
10004b9e:	0289      	lsls	r1, r1, #10
10004ba0:	50d1      	str	r1, [r2, r3]
10004ba2:	4770      	bx	lr
10004ba4:	20001d82 	.word	0x20001d82
10004ba8:	50112000 	.word	0x50112000

10004bac <dcd_edpt0_status_complete>:
10004bac:	780b      	ldrb	r3, [r1, #0]
10004bae:	065b      	lsls	r3, r3, #25
10004bb0:	d000      	beq.n	10004bb4 <dcd_edpt0_status_complete+0x8>
10004bb2:	4770      	bx	lr
10004bb4:	784b      	ldrb	r3, [r1, #1]
10004bb6:	2b05      	cmp	r3, #5
10004bb8:	d1fb      	bne.n	10004bb2 <dcd_edpt0_status_complete+0x6>
10004bba:	788a      	ldrb	r2, [r1, #2]
10004bbc:	4b01      	ldr	r3, [pc, #4]	@ (10004bc4 <dcd_edpt0_status_complete+0x18>)
10004bbe:	601a      	str	r2, [r3, #0]
10004bc0:	e7f7      	b.n	10004bb2 <dcd_edpt0_status_complete+0x6>
10004bc2:	46c0      	nop			@ (mov r8, r8)
10004bc4:	50110000 	.word	0x50110000

10004bc8 <dcd_edpt_open>:
10004bc8:	b5f8      	push	{r3, r4, r5, r6, r7, lr}
10004bca:	46ce      	mov	lr, r9
10004bcc:	4647      	mov	r7, r8
10004bce:	78ca      	ldrb	r2, [r1, #3]
10004bd0:	b580      	push	{r7, lr}
10004bd2:	0792      	lsls	r2, r2, #30
10004bd4:	0f93      	lsrs	r3, r2, #30
10004bd6:	001a      	movs	r2, r3
10004bd8:	2b01      	cmp	r3, #1
10004bda:	d05c      	beq.n	10004c96 <dcd_edpt_open+0xce>
10004bdc:	794b      	ldrb	r3, [r1, #5]
10004bde:	790c      	ldrb	r4, [r1, #4]
10004be0:	021b      	lsls	r3, r3, #8
10004be2:	4323      	orrs	r3, r4
10004be4:	055b      	lsls	r3, r3, #21
10004be6:	0d5e      	lsrs	r6, r3, #21
10004be8:	237f      	movs	r3, #127	@ 0x7f
10004bea:	7888      	ldrb	r0, [r1, #2]
10004bec:	4d2f      	ldr	r5, [pc, #188]	@ (10004cac <dcd_edpt_open+0xe4>)
10004bee:	4003      	ands	r3, r0
10004bf0:	09c4      	lsrs	r4, r0, #7
10004bf2:	0059      	lsls	r1, r3, #1
10004bf4:	4689      	mov	r9, r1
10004bf6:	1909      	adds	r1, r1, r4
10004bf8:	0149      	lsls	r1, r1, #5
10004bfa:	1869      	adds	r1, r5, r1
10004bfc:	7088      	strb	r0, [r1, #2]
10004bfe:	43c0      	mvns	r0, r0
10004c00:	b2c0      	uxtb	r0, r0
10004c02:	09c0      	lsrs	r0, r0, #7
10004c04:	7048      	strb	r0, [r1, #1]
10004c06:	2000      	movs	r0, #0
10004c08:	830e      	strh	r6, [r1, #24]
10004c0a:	70c8      	strb	r0, [r1, #3]
10004c0c:	76ca      	strb	r2, [r1, #27]
10004c0e:	0037      	movs	r7, r6
10004c10:	00d9      	lsls	r1, r3, #3
10004c12:	2c01      	cmp	r4, #1
10004c14:	d02f      	beq.n	10004c76 <dcd_edpt_open+0xae>
10004c16:	4e26      	ldr	r6, [pc, #152]	@ (10004cb0 <dcd_edpt_open+0xe8>)
10004c18:	1989      	adds	r1, r1, r6
10004c1a:	019e      	lsls	r6, r3, #6
10004c1c:	46b4      	mov	ip, r6
10004c1e:	44ac      	add	ip, r5
10004c20:	4666      	mov	r6, ip
10004c22:	60b1      	str	r1, [r6, #8]
10004c24:	6008      	str	r0, [r1, #0]
10004c26:	2b00      	cmp	r3, #0
10004c28:	d02f      	beq.n	10004c8a <dcd_edpt_open+0xc2>
10004c2a:	00d9      	lsls	r1, r3, #3
10004c2c:	4b21      	ldr	r3, [pc, #132]	@ (10004cb4 <dcd_edpt_open+0xec>)
10004c2e:	18c9      	adds	r1, r1, r3
10004c30:	6071      	str	r1, [r6, #4]
10004c32:	003b      	movs	r3, r7
10004c34:	333f      	adds	r3, #63	@ 0x3f
10004c36:	099b      	lsrs	r3, r3, #6
10004c38:	2a02      	cmp	r2, #2
10004c3a:	d033      	beq.n	10004ca4 <dcd_edpt_open+0xdc>
10004c3c:	019b      	lsls	r3, r3, #6
10004c3e:	491e      	ldr	r1, [pc, #120]	@ (10004cb8 <dcd_edpt_open+0xf0>)
10004c40:	6808      	ldr	r0, [r1, #0]
10004c42:	468c      	mov	ip, r1
10004c44:	4649      	mov	r1, r9
10004c46:	1909      	adds	r1, r1, r4
10004c48:	0149      	lsls	r1, r1, #5
10004c4a:	186d      	adds	r5, r5, r1
10004c4c:	4661      	mov	r1, ip
10004c4e:	18c3      	adds	r3, r0, r3
10004c50:	600b      	str	r3, [r1, #0]
10004c52:	491a      	ldr	r1, [pc, #104]	@ (10004cbc <dcd_edpt_open+0xf4>)
10004c54:	60e8      	str	r0, [r5, #12]
10004c56:	428b      	cmp	r3, r1
10004c58:	d826      	bhi.n	10004ca8 <dcd_edpt_open+0xe0>
10004c5a:	4b19      	ldr	r3, [pc, #100]	@ (10004cc0 <dcd_edpt_open+0xf8>)
10004c5c:	0692      	lsls	r2, r2, #26
10004c5e:	4043      	eors	r3, r0
10004c60:	431a      	orrs	r2, r3
10004c62:	2380      	movs	r3, #128	@ 0x80
10004c64:	061b      	lsls	r3, r3, #24
10004c66:	4313      	orrs	r3, r2
10004c68:	686a      	ldr	r2, [r5, #4]
10004c6a:	6013      	str	r3, [r2, #0]
10004c6c:	2001      	movs	r0, #1
10004c6e:	bcc0      	pop	{r6, r7}
10004c70:	46b9      	mov	r9, r7
10004c72:	46b0      	mov	r8, r6
10004c74:	bdf8      	pop	{r3, r4, r5, r6, r7, pc}
10004c76:	4e13      	ldr	r6, [pc, #76]	@ (10004cc4 <dcd_edpt_open+0xfc>)
10004c78:	1989      	adds	r1, r1, r6
10004c7a:	019e      	lsls	r6, r3, #6
10004c7c:	46b4      	mov	ip, r6
10004c7e:	44ac      	add	ip, r5
10004c80:	4666      	mov	r6, ip
10004c82:	62b1      	str	r1, [r6, #40]	@ 0x28
10004c84:	6008      	str	r0, [r1, #0]
10004c86:	2b00      	cmp	r3, #0
10004c88:	d107      	bne.n	10004c9a <dcd_edpt_open+0xd2>
10004c8a:	0164      	lsls	r4, r4, #5
10004c8c:	192c      	adds	r4, r5, r4
10004c8e:	6063      	str	r3, [r4, #4]
10004c90:	4b0d      	ldr	r3, [pc, #52]	@ (10004cc8 <dcd_edpt_open+0x100>)
10004c92:	60e3      	str	r3, [r4, #12]
10004c94:	e7ea      	b.n	10004c6c <dcd_edpt_open+0xa4>
10004c96:	2000      	movs	r0, #0
10004c98:	e7e9      	b.n	10004c6e <dcd_edpt_open+0xa6>
10004c9a:	00d9      	lsls	r1, r3, #3
10004c9c:	4b08      	ldr	r3, [pc, #32]	@ (10004cc0 <dcd_edpt_open+0xf8>)
10004c9e:	18c9      	adds	r1, r1, r3
10004ca0:	6271      	str	r1, [r6, #36]	@ 0x24
10004ca2:	e7c6      	b.n	10004c32 <dcd_edpt_open+0x6a>
10004ca4:	01db      	lsls	r3, r3, #7
10004ca6:	e7ca      	b.n	10004c3e <dcd_edpt_open+0x76>
10004ca8:	f7fc fcd8 	bl	1000165c <hard_assertion_failure>
10004cac:	20001930 	.word	0x20001930
10004cb0:	50100084 	.word	0x50100084
10004cb4:	50100004 	.word	0x50100004
10004cb8:	20001d38 	.word	0x20001d38
10004cbc:	50100fff 	.word	0x50100fff
10004cc0:	50100000 	.word	0x50100000
10004cc4:	50100080 	.word	0x50100080
10004cc8:	50100100 	.word	0x50100100

10004ccc <dcd_edpt_close_all>:
10004ccc:	b510      	push	{r4, lr}
10004cce:	f001 fcb3 	bl	10006638 <__reset_non_control_endpoints_veneer>
10004cd2:	bd10      	pop	{r4, pc}

10004cd4 <dcd_edpt_xfer>:
10004cd4:	207f      	movs	r0, #127	@ 0x7f
10004cd6:	b510      	push	{r4, lr}
10004cd8:	4008      	ands	r0, r1
10004cda:	0040      	lsls	r0, r0, #1
10004cdc:	09c9      	lsrs	r1, r1, #7
10004cde:	1840      	adds	r0, r0, r1
10004ce0:	0011      	movs	r1, r2
10004ce2:	4a04      	ldr	r2, [pc, #16]	@ (10004cf4 <dcd_edpt_xfer+0x20>)
10004ce4:	0140      	lsls	r0, r0, #5
10004ce6:	1880      	adds	r0, r0, r2
10004ce8:	001a      	movs	r2, r3
10004cea:	f000 f85b 	bl	10004da4 <hw_endpoint_xfer_start>
10004cee:	2001      	movs	r0, #1
10004cf0:	bd10      	pop	{r4, pc}
10004cf2:	46c0      	nop			@ (mov r8, r8)
10004cf4:	20001930 	.word	0x20001930

10004cf8 <dcd_edpt_stall>:
10004cf8:	237f      	movs	r3, #127	@ 0x7f
10004cfa:	0018      	movs	r0, r3
10004cfc:	b500      	push	{lr}
10004cfe:	4008      	ands	r0, r1
10004d00:	b083      	sub	sp, #12
10004d02:	420b      	tst	r3, r1
10004d04:	d104      	bne.n	10004d10 <dcd_edpt_stall+0x18>
10004d06:	424b      	negs	r3, r1
10004d08:	414b      	adcs	r3, r1
10004d0a:	4a08      	ldr	r2, [pc, #32]	@ (10004d2c <dcd_edpt_stall+0x34>)
10004d0c:	3301      	adds	r3, #1
10004d0e:	6693      	str	r3, [r2, #104]	@ 0x68
10004d10:	2280      	movs	r2, #128	@ 0x80
10004d12:	09c9      	lsrs	r1, r1, #7
10004d14:	0040      	lsls	r0, r0, #1
10004d16:	4b06      	ldr	r3, [pc, #24]	@ (10004d30 <dcd_edpt_stall+0x38>)
10004d18:	1840      	adds	r0, r0, r1
10004d1a:	0140      	lsls	r0, r0, #5
10004d1c:	2100      	movs	r1, #0
10004d1e:	18c0      	adds	r0, r0, r3
10004d20:	0112      	lsls	r2, r2, #4
10004d22:	f001 fcb1 	bl	10006688 <___hw_endpoint_buffer_control_update32_veneer>
10004d26:	b003      	add	sp, #12
10004d28:	bd00      	pop	{pc}
10004d2a:	46c0      	nop			@ (mov r8, r8)
10004d2c:	50112000 	.word	0x50112000
10004d30:	20001930 	.word	0x20001930

10004d34 <dcd_edpt_clear_stall>:
10004d34:	227f      	movs	r2, #127	@ 0x7f
10004d36:	0013      	movs	r3, r2
10004d38:	b510      	push	{r4, lr}
10004d3a:	400b      	ands	r3, r1
10004d3c:	420a      	tst	r2, r1
10004d3e:	d100      	bne.n	10004d42 <dcd_edpt_clear_stall+0xe>
10004d40:	bd10      	pop	{r4, pc}
10004d42:	09c9      	lsrs	r1, r1, #7
10004d44:	005b      	lsls	r3, r3, #1
10004d46:	185b      	adds	r3, r3, r1
10004d48:	4804      	ldr	r0, [pc, #16]	@ (10004d5c <dcd_edpt_clear_stall+0x28>)
10004d4a:	015b      	lsls	r3, r3, #5
10004d4c:	18c0      	adds	r0, r0, r3
10004d4e:	2300      	movs	r3, #0
10004d50:	2200      	movs	r2, #0
10004d52:	4903      	ldr	r1, [pc, #12]	@ (10004d60 <dcd_edpt_clear_stall+0x2c>)
10004d54:	70c3      	strb	r3, [r0, #3]
10004d56:	f001 fc97 	bl	10006688 <___hw_endpoint_buffer_control_update32_veneer>
10004d5a:	e7f1      	b.n	10004d40 <dcd_edpt_clear_stall+0xc>
10004d5c:	20001930 	.word	0x20001930
10004d60:	fffff7ff 	.word	0xfffff7ff

10004d64 <rp2040_usb_init>:
10004d64:	2280      	movs	r2, #128	@ 0x80
10004d66:	4b0a      	ldr	r3, [pc, #40]	@ (10004d90 <rp2040_usb_init+0x2c>)
10004d68:	0452      	lsls	r2, r2, #17
10004d6a:	b510      	push	{r4, lr}
10004d6c:	601a      	str	r2, [r3, #0]
10004d6e:	4b09      	ldr	r3, [pc, #36]	@ (10004d94 <rp2040_usb_init+0x30>)
10004d70:	4909      	ldr	r1, [pc, #36]	@ (10004d98 <rp2040_usb_init+0x34>)
10004d72:	601a      	str	r2, [r3, #0]
10004d74:	0010      	movs	r0, r2
10004d76:	680b      	ldr	r3, [r1, #0]
10004d78:	4398      	bics	r0, r3
10004d7a:	d1fb      	bne.n	10004d74 <rp2040_usb_init+0x10>
10004d7c:	2280      	movs	r2, #128	@ 0x80
10004d7e:	2100      	movs	r1, #0
10004d80:	0152      	lsls	r2, r2, #5
10004d82:	4806      	ldr	r0, [pc, #24]	@ (10004d9c <rp2040_usb_init+0x38>)
10004d84:	f7fd fc4c 	bl	10002620 <__wrap_memset>
10004d88:	2209      	movs	r2, #9
10004d8a:	4b05      	ldr	r3, [pc, #20]	@ (10004da0 <rp2040_usb_init+0x3c>)
10004d8c:	675a      	str	r2, [r3, #116]	@ 0x74
10004d8e:	bd10      	pop	{r4, pc}
10004d90:	4000e000 	.word	0x4000e000
10004d94:	4000f000 	.word	0x4000f000
10004d98:	4000c008 	.word	0x4000c008
10004d9c:	50100000 	.word	0x50100000
10004da0:	50110000 	.word	0x50110000

10004da4 <hw_endpoint_xfer_start>:
10004da4:	2300      	movs	r3, #0
10004da6:	b510      	push	{r4, lr}
10004da8:	82c3      	strh	r3, [r0, #22]
10004daa:	3301      	adds	r3, #1
10004dac:	8282      	strh	r2, [r0, #20]
10004dae:	7683      	strb	r3, [r0, #26]
10004db0:	6101      	str	r1, [r0, #16]
10004db2:	0004      	movs	r4, r0
10004db4:	f001 fc80 	bl	100066b8 <__e15_is_bulkin_ep_veneer>
10004db8:	2800      	cmp	r0, #0
10004dba:	d004      	beq.n	10004dc6 <hw_endpoint_xfer_start+0x22>
10004dbc:	2180      	movs	r1, #128	@ 0x80
10004dbe:	2390      	movs	r3, #144	@ 0x90
10004dc0:	4a07      	ldr	r2, [pc, #28]	@ (10004de0 <hw_endpoint_xfer_start+0x3c>)
10004dc2:	0289      	lsls	r1, r1, #10
10004dc4:	50d1      	str	r1, [r2, r3]
10004dc6:	0020      	movs	r0, r4
10004dc8:	f001 fc56 	bl	10006678 <__e15_is_critical_frame_period_veneer>
10004dcc:	2800      	cmp	r0, #0
10004dce:	d002      	beq.n	10004dd6 <hw_endpoint_xfer_start+0x32>
10004dd0:	2301      	movs	r3, #1
10004dd2:	7723      	strb	r3, [r4, #28]
10004dd4:	bd10      	pop	{r4, pc}
10004dd6:	0020      	movs	r0, r4
10004dd8:	f001 fc66 	bl	100066a8 <__hw_endpoint_start_next_buffer_veneer>
10004ddc:	e7fa      	b.n	10004dd4 <hw_endpoint_xfer_start+0x30>
10004dde:	46c0      	nop			@ (mov r8, r8)
10004de0:	50112000 	.word	0x50112000

10004de4 <tud_event_hook_cb>:
10004de4:	4770      	bx	lr
10004de6:	46c0      	nop			@ (mov r8, r8)

10004de8 <tud_sof_cb>:
10004de8:	4770      	bx	lr
10004dea:	46c0      	nop			@ (mov r8, r8)

10004dec <tud_descriptor_device_qualifier_cb>:
10004dec:	2000      	movs	r0, #0
10004dee:	4770      	bx	lr

10004df0 <tud_descriptor_other_speed_configuration_cb>:
10004df0:	2000      	movs	r0, #0
10004df2:	4770      	bx	lr

10004df4 <tud_mount_cb>:
10004df4:	4770      	bx	lr
10004df6:	46c0      	nop			@ (mov r8, r8)

10004df8 <tud_umount_cb>:
10004df8:	4770      	bx	lr
10004dfa:	46c0      	nop			@ (mov r8, r8)

10004dfc <tud_suspend_cb>:
10004dfc:	4770      	bx	lr
10004dfe:	46c0      	nop			@ (mov r8, r8)

10004e00 <tud_resume_cb>:
10004e00:	4770      	bx	lr
10004e02:	46c0      	nop			@ (mov r8, r8)

10004e04 <tud_mounted>:
10004e04:	4b02      	ldr	r3, [pc, #8]	@ (10004e10 <tud_mounted+0xc>)
10004e06:	7858      	ldrb	r0, [r3, #1]
10004e08:	1e43      	subs	r3, r0, #1
10004e0a:	4198      	sbcs	r0, r3
10004e0c:	b2c0      	uxtb	r0, r0
10004e0e:	4770      	bx	lr
10004e10:	200016a8 	.word	0x200016a8

10004e14 <tud_suspended>:
10004e14:	4b02      	ldr	r3, [pc, #8]	@ (10004e20 <tud_suspended+0xc>)
10004e16:	7818      	ldrb	r0, [r3, #0]
10004e18:	0740      	lsls	r0, r0, #29
10004e1a:	0fc0      	lsrs	r0, r0, #31
10004e1c:	4770      	bx	lr
10004e1e:	46c0      	nop			@ (mov r8, r8)
10004e20:	200016a8 	.word	0x200016a8

10004e24 <tud_rhport_init>:
10004e24:	b5f0      	push	{r4, r5, r6, r7, lr}
10004e26:	46d6      	mov	lr, sl
10004e28:	464f      	mov	r7, r9
10004e2a:	4646      	mov	r6, r8
10004e2c:	b5c0      	push	{r6, r7, lr}
10004e2e:	4b2d      	ldr	r3, [pc, #180]	@ (10004ee4 <tud_rhport_init+0xc0>)
10004e30:	4681      	mov	r9, r0
10004e32:	4698      	mov	r8, r3
10004e34:	781b      	ldrb	r3, [r3, #0]
10004e36:	468a      	mov	sl, r1
10004e38:	2401      	movs	r4, #1
10004e3a:	2bff      	cmp	r3, #255	@ 0xff
10004e3c:	d13e      	bne.n	10004ebc <tud_rhport_init+0x98>
10004e3e:	2900      	cmp	r1, #0
10004e40:	d03b      	beq.n	10004eba <tud_rhport_init+0x96>
10004e42:	2100      	movs	r1, #0
10004e44:	2254      	movs	r2, #84	@ 0x54
10004e46:	4828      	ldr	r0, [pc, #160]	@ (10004ee8 <tud_rhport_init+0xc4>)
10004e48:	f7fd fbea 	bl	10002620 <__wrap_memset>
10004e4c:	2200      	movs	r2, #0
10004e4e:	4c27      	ldr	r4, [pc, #156]	@ (10004eec <tud_rhport_init+0xc8>)
10004e50:	4b27      	ldr	r3, [pc, #156]	@ (10004ef0 <tud_rhport_init+0xcc>)
10004e52:	0020      	movs	r0, r4
10004e54:	701a      	strb	r2, [r3, #0]
10004e56:	f7fb fd93 	bl	10000980 <mutex_init>
10004e5a:	4b26      	ldr	r3, [pc, #152]	@ (10004ef4 <tud_rhport_init+0xd0>)
10004e5c:	601c      	str	r4, [r3, #0]
10004e5e:	4c26      	ldr	r4, [pc, #152]	@ (10004ef8 <tud_rhport_init+0xd4>)
10004e60:	0020      	movs	r0, r4
10004e62:	3c14      	subs	r4, #20
10004e64:	f7fb fd9a 	bl	1000099c <critical_section_init>
10004e68:	0020      	movs	r0, r4
10004e6a:	f001 fb5f 	bl	1000652c <tu_fifo_clear>
10004e6e:	4b23      	ldr	r3, [pc, #140]	@ (10004efc <tud_rhport_init+0xd8>)
10004e70:	4d23      	ldr	r5, [pc, #140]	@ (10004f00 <tud_rhport_init+0xdc>)
10004e72:	601c      	str	r4, [r3, #0]
10004e74:	4b23      	ldr	r3, [pc, #140]	@ (10004f04 <tud_rhport_init+0xe0>)
10004e76:	2b00      	cmp	r3, #0
10004e78:	d004      	beq.n	10004e84 <tud_rhport_init+0x60>
10004e7a:	0028      	movs	r0, r5
10004e7c:	f7ff fe14 	bl	10004aa8 <usbd_app_driver_get_cb>
10004e80:	4b21      	ldr	r3, [pc, #132]	@ (10004f08 <tud_rhport_init+0xe4>)
10004e82:	6018      	str	r0, [r3, #0]
10004e84:	2400      	movs	r4, #0
10004e86:	782b      	ldrb	r3, [r5, #0]
10004e88:	4f20      	ldr	r7, [pc, #128]	@ (10004f0c <tud_rhport_init+0xe8>)
10004e8a:	4e1f      	ldr	r6, [pc, #124]	@ (10004f08 <tud_rhport_init+0xe4>)
10004e8c:	e00d      	b.n	10004eaa <tud_rhport_init+0x86>
10004e8e:	6833      	ldr	r3, [r6, #0]
10004e90:	0162      	lsls	r2, r4, #5
10004e92:	189b      	adds	r3, r3, r2
10004e94:	2b00      	cmp	r3, #0
10004e96:	d010      	beq.n	10004eba <tud_rhport_init+0x96>
10004e98:	685b      	ldr	r3, [r3, #4]
10004e9a:	2b00      	cmp	r3, #0
10004e9c:	d00d      	beq.n	10004eba <tud_rhport_init+0x96>
10004e9e:	4798      	blx	r3
10004ea0:	3401      	adds	r4, #1
10004ea2:	782b      	ldrb	r3, [r5, #0]
10004ea4:	b2e4      	uxtb	r4, r4
10004ea6:	42a3      	cmp	r3, r4
10004ea8:	d30e      	bcc.n	10004ec8 <tud_rhport_init+0xa4>
10004eaa:	42a3      	cmp	r3, r4
10004eac:	d8ef      	bhi.n	10004e8e <tud_rhport_init+0x6a>
10004eae:	1ae3      	subs	r3, r4, r3
10004eb0:	015b      	lsls	r3, r3, #5
10004eb2:	19db      	adds	r3, r3, r7
10004eb4:	685b      	ldr	r3, [r3, #4]
10004eb6:	2b00      	cmp	r3, #0
10004eb8:	d1f1      	bne.n	10004e9e <tud_rhport_init+0x7a>
10004eba:	2400      	movs	r4, #0
10004ebc:	0020      	movs	r0, r4
10004ebe:	bce0      	pop	{r5, r6, r7}
10004ec0:	46ba      	mov	sl, r7
10004ec2:	46b1      	mov	r9, r6
10004ec4:	46a8      	mov	r8, r5
10004ec6:	bdf0      	pop	{r4, r5, r6, r7, pc}
10004ec8:	4642      	mov	r2, r8
10004eca:	464b      	mov	r3, r9
10004ecc:	4651      	mov	r1, sl
10004ece:	4648      	mov	r0, r9
10004ed0:	7013      	strb	r3, [r2, #0]
10004ed2:	f7ff fe05 	bl	10004ae0 <dcd_init>
10004ed6:	1e04      	subs	r4, r0, #0
10004ed8:	d0f0      	beq.n	10004ebc <tud_rhport_init+0x98>
10004eda:	4648      	mov	r0, r9
10004edc:	f7ff fe48 	bl	10004b70 <dcd_int_enable>
10004ee0:	e7ec      	b.n	10004ebc <tud_rhport_init+0x98>
10004ee2:	46c0      	nop			@ (mov r8, r8)
10004ee4:	20001164 	.word	0x20001164
10004ee8:	200016a8 	.word	0x200016a8
10004eec:	200016a0 	.word	0x200016a0
10004ef0:	20001d83 	.word	0x20001d83
10004ef4:	200016fc 	.word	0x200016fc
10004ef8:	2000115c 	.word	0x2000115c
10004efc:	20001700 	.word	0x20001700
10004f00:	20001d81 	.word	0x20001d81
10004f04:	10004aa9 	.word	0x10004aa9
10004f08:	200015c0 	.word	0x200015c0
10004f0c:	10006bfc 	.word	0x10006bfc

10004f10 <tud_task_ext>:
10004f10:	b5f0      	push	{r4, r5, r6, r7, lr}
10004f12:	46de      	mov	lr, fp
10004f14:	4657      	mov	r7, sl
10004f16:	464e      	mov	r6, r9
10004f18:	4645      	mov	r5, r8
10004f1a:	b5e0      	push	{r5, r6, r7, lr}
10004f1c:	4bc1      	ldr	r3, [pc, #772]	@ (10005224 <tud_task_ext+0x314>)
10004f1e:	b091      	sub	sp, #68	@ 0x44
10004f20:	9303      	str	r3, [sp, #12]
10004f22:	781b      	ldrb	r3, [r3, #0]
10004f24:	2bff      	cmp	r3, #255	@ 0xff
10004f26:	d100      	bne.n	10004f2a <tud_task_ext+0x1a>
10004f28:	e137      	b.n	1000519a <tud_task_ext+0x28a>
10004f2a:	4bbf      	ldr	r3, [pc, #764]	@ (10005228 <tud_task_ext+0x318>)
10004f2c:	4ebf      	ldr	r6, [pc, #764]	@ (1000522c <tud_task_ext+0x31c>)
10004f2e:	4698      	mov	r8, r3
10004f30:	4bbf      	ldr	r3, [pc, #764]	@ (10005230 <tud_task_ext+0x320>)
10004f32:	ac0d      	add	r4, sp, #52	@ 0x34
10004f34:	9302      	str	r3, [sp, #8]
10004f36:	4bbf      	ldr	r3, [pc, #764]	@ (10005234 <tud_task_ext+0x324>)
10004f38:	9301      	str	r3, [sp, #4]
10004f3a:	6835      	ldr	r5, [r6, #0]
10004f3c:	696a      	ldr	r2, [r5, #20]
10004f3e:	f3ef 8110 	mrs	r1, PRIMASK
10004f42:	b672      	cpsid	i
10004f44:	6813      	ldr	r3, [r2, #0]
10004f46:	2b00      	cmp	r3, #0
10004f48:	d0fc      	beq.n	10004f44 <tud_task_ext+0x34>
10004f4a:	f3bf 8f5f 	dmb	sy
10004f4e:	61a9      	str	r1, [r5, #24]
10004f50:	0028      	movs	r0, r5
10004f52:	0021      	movs	r1, r4
10004f54:	f001 f93c 	bl	100061d0 <tu_fifo_read>
10004f58:	696a      	ldr	r2, [r5, #20]
10004f5a:	69ab      	ldr	r3, [r5, #24]
10004f5c:	f3bf 8f5f 	dmb	sy
10004f60:	2100      	movs	r1, #0
10004f62:	6011      	str	r1, [r2, #0]
10004f64:	f383 8810 	msr	PRIMASK, r3
10004f68:	2800      	cmp	r0, #0
10004f6a:	d100      	bne.n	10004f6e <tud_task_ext+0x5e>
10004f6c:	e115      	b.n	1000519a <tud_task_ext+0x28a>
10004f6e:	7863      	ldrb	r3, [r4, #1]
10004f70:	2b08      	cmp	r3, #8
10004f72:	d8e2      	bhi.n	10004f3a <tud_task_ext+0x2a>
10004f74:	4642      	mov	r2, r8
10004f76:	009b      	lsls	r3, r3, #2
10004f78:	58d3      	ldr	r3, [r2, r3]
10004f7a:	469f      	mov	pc, r3
10004f7c:	6863      	ldr	r3, [r4, #4]
10004f7e:	2b00      	cmp	r3, #0
10004f80:	d0db      	beq.n	10004f3a <tud_task_ext+0x2a>
10004f82:	68a0      	ldr	r0, [r4, #8]
10004f84:	4798      	blx	r3
10004f86:	e7d8      	b.n	10004f3a <tud_task_ext+0x2a>
10004f88:	227f      	movs	r2, #127	@ 0x7f
10004f8a:	7921      	ldrb	r1, [r4, #4]
10004f8c:	4da8      	ldr	r5, [pc, #672]	@ (10005230 <tud_task_ext+0x320>)
10004f8e:	400a      	ands	r2, r1
10004f90:	0053      	lsls	r3, r2, #1
10004f92:	09c8      	lsrs	r0, r1, #7
10004f94:	18eb      	adds	r3, r5, r3
10004f96:	181b      	adds	r3, r3, r0
10004f98:	0018      	movs	r0, r3
10004f9a:	2701      	movs	r7, #1
10004f9c:	3030      	adds	r0, #48	@ 0x30
10004f9e:	7905      	ldrb	r5, [r0, #4]
10004fa0:	43bd      	bics	r5, r7
10004fa2:	7105      	strb	r5, [r0, #4]
10004fa4:	7905      	ldrb	r5, [r0, #4]
10004fa6:	3703      	adds	r7, #3
10004fa8:	43bd      	bics	r5, r7
10004faa:	7105      	strb	r5, [r0, #4]
10004fac:	2a00      	cmp	r2, #0
10004fae:	d100      	bne.n	10004fb2 <tud_task_ext+0xa2>
10004fb0:	e0fa      	b.n	100051a8 <tud_task_ext+0x298>
10004fb2:	4aa1      	ldr	r2, [pc, #644]	@ (10005238 <tud_task_ext+0x328>)
10004fb4:	7d1b      	ldrb	r3, [r3, #20]
10004fb6:	7812      	ldrb	r2, [r2, #0]
10004fb8:	4293      	cmp	r3, r2
10004fba:	d300      	bcc.n	10004fbe <tud_task_ext+0xae>
10004fbc:	e0eb      	b.n	10005196 <tud_task_ext+0x286>
10004fbe:	4a9f      	ldr	r2, [pc, #636]	@ (1000523c <tud_task_ext+0x32c>)
10004fc0:	015b      	lsls	r3, r3, #5
10004fc2:	6815      	ldr	r5, [r2, #0]
10004fc4:	18ed      	adds	r5, r5, r3
10004fc6:	2d00      	cmp	r5, #0
10004fc8:	d100      	bne.n	10004fcc <tud_task_ext+0xbc>
10004fca:	e0e6      	b.n	1000519a <tud_task_ext+0x28a>
10004fcc:	68a3      	ldr	r3, [r4, #8]
10004fce:	7962      	ldrb	r2, [r4, #5]
10004fd0:	7820      	ldrb	r0, [r4, #0]
10004fd2:	69ad      	ldr	r5, [r5, #24]
10004fd4:	47a8      	blx	r5
10004fd6:	e7b0      	b.n	10004f3a <tud_task_ext+0x2a>
10004fd8:	4b99      	ldr	r3, [pc, #612]	@ (10005240 <tud_task_ext+0x330>)
10004fda:	781a      	ldrb	r2, [r3, #0]
10004fdc:	2a00      	cmp	r2, #0
10004fde:	d100      	bne.n	10004fe2 <tud_task_ext+0xd2>
10004fe0:	e0db      	b.n	1000519a <tud_task_ext+0x28a>
10004fe2:	781a      	ldrb	r2, [r3, #0]
10004fe4:	3a01      	subs	r2, #1
10004fe6:	701a      	strb	r2, [r3, #0]
10004fe8:	781b      	ldrb	r3, [r3, #0]
10004fea:	2b00      	cmp	r3, #0
10004fec:	d1a5      	bne.n	10004f3a <tud_task_ext+0x2a>
10004fee:	2201      	movs	r2, #1
10004ff0:	4d8f      	ldr	r5, [pc, #572]	@ (10005230 <tud_task_ext+0x320>)
10004ff2:	2101      	movs	r1, #1
10004ff4:	782b      	ldrb	r3, [r5, #0]
10004ff6:	2004      	movs	r0, #4
10004ff8:	4313      	orrs	r3, r2
10004ffa:	702b      	strb	r3, [r5, #0]
10004ffc:	2334      	movs	r3, #52	@ 0x34
10004ffe:	5cea      	ldrb	r2, [r5, r3]
10005000:	438a      	bics	r2, r1
10005002:	54ea      	strb	r2, [r5, r3]
10005004:	5cea      	ldrb	r2, [r5, r3]
10005006:	4382      	bics	r2, r0
10005008:	54ea      	strb	r2, [r5, r3]
1000500a:	3301      	adds	r3, #1
1000500c:	5cea      	ldrb	r2, [r5, r3]
1000500e:	438a      	bics	r2, r1
10005010:	54ea      	strb	r2, [r5, r3]
10005012:	5cea      	ldrb	r2, [r5, r3]
10005014:	4382      	bics	r2, r0
10005016:	54ea      	strb	r2, [r5, r3]
10005018:	7823      	ldrb	r3, [r4, #0]
1000501a:	2000      	movs	r0, #0
1000501c:	469b      	mov	fp, r3
1000501e:	f000 fc7f 	bl	10005920 <usbd_control_set_complete_callback>
10005022:	2260      	movs	r2, #96	@ 0x60
10005024:	7923      	ldrb	r3, [r4, #4]
10005026:	401a      	ands	r2, r3
10005028:	2a60      	cmp	r2, #96	@ 0x60
1000502a:	d100      	bne.n	1000502e <tud_task_ext+0x11e>
1000502c:	e0e4      	b.n	100051f8 <tud_task_ext+0x2e8>
1000502e:	2a40      	cmp	r2, #64	@ 0x40
10005030:	d100      	bne.n	10005034 <tud_task_ext+0x124>
10005032:	e0ea      	b.n	1000520a <tud_task_ext+0x2fa>
10005034:	06db      	lsls	r3, r3, #27
10005036:	0edb      	lsrs	r3, r3, #27
10005038:	2b01      	cmp	r3, #1
1000503a:	d100      	bne.n	1000503e <tud_task_ext+0x12e>
1000503c:	e108      	b.n	10005250 <tud_task_ext+0x340>
1000503e:	2b02      	cmp	r3, #2
10005040:	d100      	bne.n	10005044 <tud_task_ext+0x134>
10005042:	e0be      	b.n	100051c2 <tud_task_ext+0x2b2>
10005044:	2b00      	cmp	r3, #0
10005046:	d000      	beq.n	1000504a <tud_task_ext+0x13a>
10005048:	e0d6      	b.n	100051f8 <tud_task_ext+0x2e8>
1000504a:	2a20      	cmp	r2, #32
1000504c:	d100      	bne.n	10005050 <tud_task_ext+0x140>
1000504e:	e203      	b.n	10005458 <tud_task_ext+0x548>
10005050:	7963      	ldrb	r3, [r4, #5]
10005052:	2b09      	cmp	r3, #9
10005054:	d900      	bls.n	10005058 <tud_task_ext+0x148>
10005056:	e0cf      	b.n	100051f8 <tud_task_ext+0x2e8>
10005058:	4a7a      	ldr	r2, [pc, #488]	@ (10005244 <tud_task_ext+0x334>)
1000505a:	009b      	lsls	r3, r3, #2
1000505c:	58d3      	ldr	r3, [r2, r3]
1000505e:	469f      	mov	pc, r3
10005060:	4d73      	ldr	r5, [pc, #460]	@ (10005230 <tud_task_ext+0x320>)
10005062:	782b      	ldrb	r3, [r5, #0]
10005064:	07db      	lsls	r3, r3, #31
10005066:	d400      	bmi.n	1000506a <tud_task_ext+0x15a>
10005068:	e767      	b.n	10004f3a <tud_task_ext+0x2a>
1000506a:	f7ff fec9 	bl	10004e00 <tud_resume_cb>
1000506e:	e764      	b.n	10004f3a <tud_task_ext+0x2a>
10005070:	9b02      	ldr	r3, [sp, #8]
10005072:	78db      	ldrb	r3, [r3, #3]
10005074:	07db      	lsls	r3, r3, #31
10005076:	d400      	bmi.n	1000507a <tud_task_ext+0x16a>
10005078:	e75f      	b.n	10004f3a <tud_task_ext+0x2a>
1000507a:	6860      	ldr	r0, [r4, #4]
1000507c:	f7ff feb4 	bl	10004de8 <tud_sof_cb>
10005080:	e75b      	b.n	10004f3a <tud_task_ext+0x2a>
10005082:	4d6b      	ldr	r5, [pc, #428]	@ (10005230 <tud_task_ext+0x320>)
10005084:	782b      	ldrb	r3, [r5, #0]
10005086:	07db      	lsls	r3, r3, #31
10005088:	d400      	bmi.n	1000508c <tud_task_ext+0x17c>
1000508a:	e756      	b.n	10004f3a <tud_task_ext+0x2a>
1000508c:	7828      	ldrb	r0, [r5, #0]
1000508e:	0700      	lsls	r0, r0, #28
10005090:	0fc0      	lsrs	r0, r0, #31
10005092:	f7ff feb3 	bl	10004dfc <tud_suspend_cb>
10005096:	e750      	b.n	10004f3a <tud_task_ext+0x2a>
10005098:	4a66      	ldr	r2, [pc, #408]	@ (10005234 <tud_task_ext+0x324>)
1000509a:	4f67      	ldr	r7, [pc, #412]	@ (10005238 <tud_task_ext+0x328>)
1000509c:	7823      	ldrb	r3, [r4, #0]
1000509e:	4693      	mov	fp, r2
100050a0:	4a66      	ldr	r2, [pc, #408]	@ (1000523c <tud_task_ext+0x32c>)
100050a2:	4699      	mov	r9, r3
100050a4:	4692      	mov	sl, r2
100050a6:	003a      	movs	r2, r7
100050a8:	783b      	ldrb	r3, [r7, #0]
100050aa:	2500      	movs	r5, #0
100050ac:	464f      	mov	r7, r9
100050ae:	46b1      	mov	r9, r6
100050b0:	0016      	movs	r6, r2
100050b2:	e00e      	b.n	100050d2 <tud_task_ext+0x1c2>
100050b4:	4653      	mov	r3, sl
100050b6:	681b      	ldr	r3, [r3, #0]
100050b8:	016a      	lsls	r2, r5, #5
100050ba:	189b      	adds	r3, r3, r2
100050bc:	2b00      	cmp	r3, #0
100050be:	d100      	bne.n	100050c2 <tud_task_ext+0x1b2>
100050c0:	e07a      	b.n	100051b8 <tud_task_ext+0x2a8>
100050c2:	68db      	ldr	r3, [r3, #12]
100050c4:	0038      	movs	r0, r7
100050c6:	4798      	blx	r3
100050c8:	3501      	adds	r5, #1
100050ca:	7833      	ldrb	r3, [r6, #0]
100050cc:	b2ed      	uxtb	r5, r5
100050ce:	42ab      	cmp	r3, r5
100050d0:	d30c      	bcc.n	100050ec <tud_task_ext+0x1dc>
100050d2:	429d      	cmp	r5, r3
100050d4:	d3ee      	bcc.n	100050b4 <tud_task_ext+0x1a4>
100050d6:	1aeb      	subs	r3, r5, r3
100050d8:	015b      	lsls	r3, r3, #5
100050da:	445b      	add	r3, fp
100050dc:	68db      	ldr	r3, [r3, #12]
100050de:	0038      	movs	r0, r7
100050e0:	4798      	blx	r3
100050e2:	3501      	adds	r5, #1
100050e4:	7833      	ldrb	r3, [r6, #0]
100050e6:	b2ed      	uxtb	r5, r5
100050e8:	42ab      	cmp	r3, r5
100050ea:	d2f2      	bcs.n	100050d2 <tud_task_ext+0x1c2>
100050ec:	4d50      	ldr	r5, [pc, #320]	@ (10005230 <tud_task_ext+0x320>)
100050ee:	2254      	movs	r2, #84	@ 0x54
100050f0:	2100      	movs	r1, #0
100050f2:	0028      	movs	r0, r5
100050f4:	f7fd fa94 	bl	10002620 <__wrap_memset>
100050f8:	2210      	movs	r2, #16
100050fa:	21ff      	movs	r1, #255	@ 0xff
100050fc:	1d28      	adds	r0, r5, #4
100050fe:	f7fd fa8f 	bl	10002620 <__wrap_memset>
10005102:	0028      	movs	r0, r5
10005104:	2220      	movs	r2, #32
10005106:	21ff      	movs	r1, #255	@ 0xff
10005108:	3014      	adds	r0, #20
1000510a:	464e      	mov	r6, r9
1000510c:	f7fd fa88 	bl	10002620 <__wrap_memset>
10005110:	f000 fbfc 	bl	1000590c <usbd_control_reset>
10005114:	7923      	ldrb	r3, [r4, #4]
10005116:	70ab      	strb	r3, [r5, #2]
10005118:	e70f      	b.n	10004f3a <tud_task_ext+0x2a>
1000511a:	7823      	ldrb	r3, [r4, #0]
1000511c:	4f46      	ldr	r7, [pc, #280]	@ (10005238 <tud_task_ext+0x328>)
1000511e:	4699      	mov	r9, r3
10005120:	4a46      	ldr	r2, [pc, #280]	@ (1000523c <tud_task_ext+0x32c>)
10005122:	46b3      	mov	fp, r6
10005124:	783b      	ldrb	r3, [r7, #0]
10005126:	003e      	movs	r6, r7
10005128:	2500      	movs	r5, #0
1000512a:	4692      	mov	sl, r2
1000512c:	464f      	mov	r7, r9
1000512e:	e00d      	b.n	1000514c <tud_task_ext+0x23c>
10005130:	4653      	mov	r3, sl
10005132:	681b      	ldr	r3, [r3, #0]
10005134:	016a      	lsls	r2, r5, #5
10005136:	189b      	adds	r3, r3, r2
10005138:	2b00      	cmp	r3, #0
1000513a:	d03b      	beq.n	100051b4 <tud_task_ext+0x2a4>
1000513c:	68db      	ldr	r3, [r3, #12]
1000513e:	0038      	movs	r0, r7
10005140:	4798      	blx	r3
10005142:	3501      	adds	r5, #1
10005144:	7833      	ldrb	r3, [r6, #0]
10005146:	b2ed      	uxtb	r5, r5
10005148:	42ab      	cmp	r3, r5
1000514a:	d30d      	bcc.n	10005168 <tud_task_ext+0x258>
1000514c:	429d      	cmp	r5, r3
1000514e:	d3ef      	bcc.n	10005130 <tud_task_ext+0x220>
10005150:	9a01      	ldr	r2, [sp, #4]
10005152:	1aeb      	subs	r3, r5, r3
10005154:	015b      	lsls	r3, r3, #5
10005156:	18d3      	adds	r3, r2, r3
10005158:	68db      	ldr	r3, [r3, #12]
1000515a:	0038      	movs	r0, r7
1000515c:	4798      	blx	r3
1000515e:	3501      	adds	r5, #1
10005160:	7833      	ldrb	r3, [r6, #0]
10005162:	b2ed      	uxtb	r5, r5
10005164:	42ab      	cmp	r3, r5
10005166:	d2f1      	bcs.n	1000514c <tud_task_ext+0x23c>
10005168:	9d02      	ldr	r5, [sp, #8]
1000516a:	2254      	movs	r2, #84	@ 0x54
1000516c:	2100      	movs	r1, #0
1000516e:	0028      	movs	r0, r5
10005170:	f7fd fa56 	bl	10002620 <__wrap_memset>
10005174:	2210      	movs	r2, #16
10005176:	21ff      	movs	r1, #255	@ 0xff
10005178:	4833      	ldr	r0, [pc, #204]	@ (10005248 <tud_task_ext+0x338>)
1000517a:	f7fd fa51 	bl	10002620 <__wrap_memset>
1000517e:	0028      	movs	r0, r5
10005180:	2220      	movs	r2, #32
10005182:	21ff      	movs	r1, #255	@ 0xff
10005184:	3014      	adds	r0, #20
10005186:	465e      	mov	r6, fp
10005188:	f7fd fa4a 	bl	10002620 <__wrap_memset>
1000518c:	f000 fbbe 	bl	1000590c <usbd_control_reset>
10005190:	f7ff fe32 	bl	10004df8 <tud_umount_cb>
10005194:	e6d1      	b.n	10004f3a <tud_task_ext+0x2a>
10005196:	4293      	cmp	r3, r2
10005198:	d011      	beq.n	100051be <tud_task_ext+0x2ae>
1000519a:	b011      	add	sp, #68	@ 0x44
1000519c:	bcf0      	pop	{r4, r5, r6, r7}
1000519e:	46bb      	mov	fp, r7
100051a0:	46b2      	mov	sl, r6
100051a2:	46a9      	mov	r9, r5
100051a4:	46a0      	mov	r8, r4
100051a6:	bdf0      	pop	{r4, r5, r6, r7, pc}
100051a8:	68a3      	ldr	r3, [r4, #8]
100051aa:	7962      	ldrb	r2, [r4, #5]
100051ac:	7820      	ldrb	r0, [r4, #0]
100051ae:	f000 fbcb 	bl	10005948 <usbd_control_xfer_cb>
100051b2:	e6c2      	b.n	10004f3a <tud_task_ext+0x2a>
100051b4:	465e      	mov	r6, fp
100051b6:	e7e9      	b.n	1000518c <tud_task_ext+0x27c>
100051b8:	464e      	mov	r6, r9
100051ba:	4d1d      	ldr	r5, [pc, #116]	@ (10005230 <tud_task_ext+0x320>)
100051bc:	e7a8      	b.n	10005110 <tud_task_ext+0x200>
100051be:	4d1d      	ldr	r5, [pc, #116]	@ (10005234 <tud_task_ext+0x324>)
100051c0:	e704      	b.n	10004fcc <tud_task_ext+0xbc>
100051c2:	2370      	movs	r3, #112	@ 0x70
100051c4:	7a21      	ldrb	r1, [r4, #8]
100051c6:	420b      	tst	r3, r1
100051c8:	d116      	bne.n	100051f8 <tud_task_ext+0x2e8>
100051ca:	277f      	movs	r7, #127	@ 0x7f
100051cc:	09cb      	lsrs	r3, r1, #7
100051ce:	469a      	mov	sl, r3
100051d0:	400f      	ands	r7, r1
100051d2:	007f      	lsls	r7, r7, #1
100051d4:	4818      	ldr	r0, [pc, #96]	@ (10005238 <tud_task_ext+0x328>)
100051d6:	19eb      	adds	r3, r5, r7
100051d8:	4453      	add	r3, sl
100051da:	7d1b      	ldrb	r3, [r3, #20]
100051dc:	7800      	ldrb	r0, [r0, #0]
100051de:	4283      	cmp	r3, r0
100051e0:	d26b      	bcs.n	100052ba <tud_task_ext+0x3aa>
100051e2:	4816      	ldr	r0, [pc, #88]	@ (1000523c <tud_task_ext+0x32c>)
100051e4:	015b      	lsls	r3, r3, #5
100051e6:	6800      	ldr	r0, [r0, #0]
100051e8:	4681      	mov	r9, r0
100051ea:	4499      	add	r9, r3
100051ec:	2a00      	cmp	r2, #0
100051ee:	d100      	bne.n	100051f2 <tud_task_ext+0x2e2>
100051f0:	e154      	b.n	1000549c <tud_task_ext+0x58c>
100051f2:	464b      	mov	r3, r9
100051f4:	2b00      	cmp	r3, #0
100051f6:	d168      	bne.n	100052ca <tud_task_ext+0x3ba>
100051f8:	7820      	ldrb	r0, [r4, #0]
100051fa:	2100      	movs	r1, #0
100051fc:	f7ff fd7c 	bl	10004cf8 <dcd_edpt_stall>
10005200:	2180      	movs	r1, #128	@ 0x80
10005202:	7820      	ldrb	r0, [r4, #0]
10005204:	f7ff fd78 	bl	10004cf8 <dcd_edpt_stall>
10005208:	e697      	b.n	10004f3a <tud_task_ext+0x2a>
1000520a:	4810      	ldr	r0, [pc, #64]	@ (1000524c <tud_task_ext+0x33c>)
1000520c:	f000 fb88 	bl	10005920 <usbd_control_set_complete_callback>
10005210:	2101      	movs	r1, #1
10005212:	4658      	mov	r0, fp
10005214:	aa0e      	add	r2, sp, #56	@ 0x38
10005216:	f7ff fc2b 	bl	10004a70 <tud_vendor_control_xfer_cb>
1000521a:	2800      	cmp	r0, #0
1000521c:	d000      	beq.n	10005220 <tud_task_ext+0x310>
1000521e:	e68c      	b.n	10004f3a <tud_task_ext+0x2a>
10005220:	e7ea      	b.n	100051f8 <tud_task_ext+0x2e8>
10005222:	46c0      	nop			@ (mov r8, r8)
10005224:	20001164 	.word	0x20001164
10005228:	10006b54 	.word	0x10006b54
1000522c:	20001700 	.word	0x20001700
10005230:	200016a8 	.word	0x200016a8
10005234:	10006bfc 	.word	0x10006bfc
10005238:	20001d81 	.word	0x20001d81
1000523c:	200015c0 	.word	0x200015c0
10005240:	20001d83 	.word	0x20001d83
10005244:	10006b78 	.word	0x10006b78
10005248:	200016ac 	.word	0x200016ac
1000524c:	10004a71 	.word	0x10004a71
10005250:	7a23      	ldrb	r3, [r4, #8]
10005252:	8922      	ldrh	r2, [r4, #8]
10005254:	2b0f      	cmp	r3, #15
10005256:	d8cf      	bhi.n	100051f8 <tud_task_ext+0x2e8>
10005258:	23ff      	movs	r3, #255	@ 0xff
1000525a:	4013      	ands	r3, r2
1000525c:	4ace      	ldr	r2, [pc, #824]	@ (10005598 <tud_task_ext+0x688>)
1000525e:	18eb      	adds	r3, r5, r3
10005260:	791b      	ldrb	r3, [r3, #4]
10005262:	7812      	ldrb	r2, [r2, #0]
10005264:	4293      	cmp	r3, r2
10005266:	d321      	bcc.n	100052ac <tud_task_ext+0x39c>
10005268:	d1c6      	bne.n	100051f8 <tud_task_ext+0x2e8>
1000526a:	4dcc      	ldr	r5, [pc, #816]	@ (1000559c <tud_task_ext+0x68c>)
1000526c:	6968      	ldr	r0, [r5, #20]
1000526e:	f000 fb57 	bl	10005920 <usbd_control_set_complete_callback>
10005272:	2101      	movs	r1, #1
10005274:	4658      	mov	r0, fp
10005276:	696b      	ldr	r3, [r5, #20]
10005278:	aa0e      	add	r2, sp, #56	@ 0x38
1000527a:	4798      	blx	r3
1000527c:	2800      	cmp	r0, #0
1000527e:	d000      	beq.n	10005282 <tud_task_ext+0x372>
10005280:	e65b      	b.n	10004f3a <tud_task_ext+0x2a>
10005282:	2260      	movs	r2, #96	@ 0x60
10005284:	0015      	movs	r5, r2
10005286:	7923      	ldrb	r3, [r4, #4]
10005288:	401d      	ands	r5, r3
1000528a:	421a      	tst	r2, r3
1000528c:	d1b4      	bne.n	100051f8 <tud_task_ext+0x2e8>
1000528e:	7963      	ldrb	r3, [r4, #5]
10005290:	3b0a      	subs	r3, #10
10005292:	2b01      	cmp	r3, #1
10005294:	d8b0      	bhi.n	100051f8 <tud_task_ext+0x2e8>
10005296:	f000 fb43 	bl	10005920 <usbd_control_set_complete_callback>
1000529a:	7963      	ldrb	r3, [r4, #5]
1000529c:	2b0a      	cmp	r3, #10
1000529e:	d100      	bne.n	100052a2 <tud_task_ext+0x392>
100052a0:	e184      	b.n	100055ac <tud_task_ext+0x69c>
100052a2:	4658      	mov	r0, fp
100052a4:	a90e      	add	r1, sp, #56	@ 0x38
100052a6:	f000 facb 	bl	10005840 <tud_control_status>
100052aa:	e646      	b.n	10004f3a <tud_task_ext+0x2a>
100052ac:	4abc      	ldr	r2, [pc, #752]	@ (100055a0 <tud_task_ext+0x690>)
100052ae:	015b      	lsls	r3, r3, #5
100052b0:	6815      	ldr	r5, [r2, #0]
100052b2:	18ed      	adds	r5, r5, r3
100052b4:	2d00      	cmp	r5, #0
100052b6:	d1d9      	bne.n	1000526c <tud_task_ext+0x35c>
100052b8:	e79e      	b.n	100051f8 <tud_task_ext+0x2e8>
100052ba:	4283      	cmp	r3, r0
100052bc:	d000      	beq.n	100052c0 <tud_task_ext+0x3b0>
100052be:	e0e8      	b.n	10005492 <tud_task_ext+0x582>
100052c0:	4bb6      	ldr	r3, [pc, #728]	@ (1000559c <tud_task_ext+0x68c>)
100052c2:	4699      	mov	r9, r3
100052c4:	2a00      	cmp	r2, #0
100052c6:	d100      	bne.n	100052ca <tud_task_ext+0x3ba>
100052c8:	e0e8      	b.n	1000549c <tud_task_ext+0x58c>
100052ca:	464b      	mov	r3, r9
100052cc:	6958      	ldr	r0, [r3, #20]
100052ce:	f000 fb27 	bl	10005920 <usbd_control_set_complete_callback>
100052d2:	464b      	mov	r3, r9
100052d4:	2101      	movs	r1, #1
100052d6:	4658      	mov	r0, fp
100052d8:	695b      	ldr	r3, [r3, #20]
100052da:	aa0e      	add	r2, sp, #56	@ 0x38
100052dc:	4798      	blx	r3
100052de:	e79c      	b.n	1000521a <tud_task_ext+0x30a>
100052e0:	79a3      	ldrb	r3, [r4, #6]
100052e2:	4699      	mov	r9, r3
100052e4:	786b      	ldrb	r3, [r5, #1]
100052e6:	4599      	cmp	r9, r3
100052e8:	d0db      	beq.n	100052a2 <tud_task_ext+0x392>
100052ea:	786b      	ldrb	r3, [r5, #1]
100052ec:	2b00      	cmp	r3, #0
100052ee:	d000      	beq.n	100052f2 <tud_task_ext+0x3e2>
100052f0:	e16d      	b.n	100055ce <tud_task_ext+0x6be>
100052f2:	464b      	mov	r3, r9
100052f4:	706b      	strb	r3, [r5, #1]
100052f6:	2b00      	cmp	r3, #0
100052f8:	d100      	bne.n	100052fc <tud_task_ext+0x3ec>
100052fa:	e165      	b.n	100055c8 <tud_task_ext+0x6b8>
100052fc:	4648      	mov	r0, r9
100052fe:	3801      	subs	r0, #1
10005300:	b2c0      	uxtb	r0, r0
10005302:	f7ff fa11 	bl	10004728 <tud_descriptor_configuration_cb>
10005306:	2800      	cmp	r0, #0
10005308:	d100      	bne.n	1000530c <tud_task_ext+0x3fc>
1000530a:	e1b3      	b.n	10005674 <tud_task_ext+0x764>
1000530c:	7843      	ldrb	r3, [r0, #1]
1000530e:	9307      	str	r3, [sp, #28]
10005310:	2b02      	cmp	r3, #2
10005312:	d000      	beq.n	10005316 <tud_task_ext+0x406>
10005314:	e1ae      	b.n	10005674 <tud_task_ext+0x764>
10005316:	2201      	movs	r2, #1
10005318:	79c1      	ldrb	r1, [r0, #7]
1000531a:	46a9      	mov	r9, r5
1000531c:	118b      	asrs	r3, r1, #6
1000531e:	1149      	asrs	r1, r1, #5
10005320:	4013      	ands	r3, r2
10005322:	400a      	ands	r2, r1
10005324:	2130      	movs	r1, #48	@ 0x30
10005326:	0112      	lsls	r2, r2, #4
10005328:	015b      	lsls	r3, r3, #5
1000532a:	4313      	orrs	r3, r2
1000532c:	782a      	ldrb	r2, [r5, #0]
1000532e:	438a      	bics	r2, r1
10005330:	4313      	orrs	r3, r2
10005332:	702b      	strb	r3, [r5, #0]
10005334:	2309      	movs	r3, #9
10005336:	469a      	mov	sl, r3
10005338:	4482      	add	sl, r0
1000533a:	4655      	mov	r5, sl
1000533c:	46b2      	mov	sl, r6
1000533e:	78c3      	ldrb	r3, [r0, #3]
10005340:	7882      	ldrb	r2, [r0, #2]
10005342:	021b      	lsls	r3, r3, #8
10005344:	4313      	orrs	r3, r2
10005346:	18c3      	adds	r3, r0, r3
10005348:	9305      	str	r3, [sp, #20]
1000534a:	4b93      	ldr	r3, [pc, #588]	@ (10005598 <tud_task_ext+0x688>)
1000534c:	9304      	str	r3, [sp, #16]
1000534e:	4b93      	ldr	r3, [pc, #588]	@ (1000559c <tud_task_ext+0x68c>)
10005350:	9308      	str	r3, [sp, #32]
10005352:	4b93      	ldr	r3, [pc, #588]	@ (100055a0 <tud_task_ext+0x690>)
10005354:	9309      	str	r3, [sp, #36]	@ 0x24
10005356:	4b93      	ldr	r3, [pc, #588]	@ (100055a4 <tud_task_ext+0x694>)
10005358:	930a      	str	r3, [sp, #40]	@ 0x28
1000535a:	9b05      	ldr	r3, [sp, #20]
1000535c:	42ab      	cmp	r3, r5
1000535e:	d800      	bhi.n	10005362 <tud_task_ext+0x452>
10005360:	e18b      	b.n	1000567a <tud_task_ext+0x76a>
10005362:	786b      	ldrb	r3, [r5, #1]
10005364:	2201      	movs	r2, #1
10005366:	2b0b      	cmp	r3, #11
10005368:	d103      	bne.n	10005372 <tud_task_ext+0x462>
1000536a:	782b      	ldrb	r3, [r5, #0]
1000536c:	78ea      	ldrb	r2, [r5, #3]
1000536e:	18ed      	adds	r5, r5, r3
10005370:	786b      	ldrb	r3, [r5, #1]
10005372:	2b04      	cmp	r3, #4
10005374:	d000      	beq.n	10005378 <tud_task_ext+0x468>
10005376:	e17b      	b.n	10005670 <tud_task_ext+0x760>
10005378:	9b05      	ldr	r3, [sp, #20]
1000537a:	2600      	movs	r6, #0
1000537c:	1b5b      	subs	r3, r3, r5
1000537e:	b29b      	uxth	r3, r3
10005380:	9306      	str	r3, [sp, #24]
10005382:	9b04      	ldr	r3, [sp, #16]
10005384:	920b      	str	r2, [sp, #44]	@ 0x2c
10005386:	781f      	ldrb	r7, [r3, #0]
10005388:	e019      	b.n	100053be <tud_task_ext+0x4ae>
1000538a:	9a09      	ldr	r2, [sp, #36]	@ 0x24
1000538c:	0173      	lsls	r3, r6, #5
1000538e:	6817      	ldr	r7, [r2, #0]
10005390:	18ff      	adds	r7, r7, r3
10005392:	2f00      	cmp	r7, #0
10005394:	d100      	bne.n	10005398 <tud_task_ext+0x488>
10005396:	e16b      	b.n	10005670 <tud_task_ext+0x760>
10005398:	0029      	movs	r1, r5
1000539a:	4658      	mov	r0, fp
1000539c:	693b      	ldr	r3, [r7, #16]
1000539e:	9a06      	ldr	r2, [sp, #24]
100053a0:	4798      	blx	r3
100053a2:	4684      	mov	ip, r0
100053a4:	2808      	cmp	r0, #8
100053a6:	d903      	bls.n	100053b0 <tud_task_ext+0x4a0>
100053a8:	9a06      	ldr	r2, [sp, #24]
100053aa:	4282      	cmp	r2, r0
100053ac:	d300      	bcc.n	100053b0 <tud_task_ext+0x4a0>
100053ae:	e14c      	b.n	1000564a <tud_task_ext+0x73a>
100053b0:	9b04      	ldr	r3, [sp, #16]
100053b2:	3601      	adds	r6, #1
100053b4:	781f      	ldrb	r7, [r3, #0]
100053b6:	b2f6      	uxtb	r6, r6
100053b8:	42b7      	cmp	r7, r6
100053ba:	d200      	bcs.n	100053be <tud_task_ext+0x4ae>
100053bc:	e158      	b.n	10005670 <tud_task_ext+0x760>
100053be:	42be      	cmp	r6, r7
100053c0:	d3e3      	bcc.n	1000538a <tud_task_ext+0x47a>
100053c2:	9b08      	ldr	r3, [sp, #32]
100053c4:	1bf7      	subs	r7, r6, r7
100053c6:	017f      	lsls	r7, r7, #5
100053c8:	19df      	adds	r7, r3, r7
100053ca:	e7e5      	b.n	10005398 <tud_task_ext+0x488>
100053cc:	786b      	ldrb	r3, [r5, #1]
100053ce:	aa0c      	add	r2, sp, #48	@ 0x30
100053d0:	3202      	adds	r2, #2
100053d2:	7013      	strb	r3, [r2, #0]
100053d4:	4658      	mov	r0, fp
100053d6:	2301      	movs	r3, #1
100053d8:	a90e      	add	r1, sp, #56	@ 0x38
100053da:	f000 fa47 	bl	1000586c <tud_control_xfer>
100053de:	e5ac      	b.n	10004f3a <tud_task_ext+0x2a>
100053e0:	88e0      	ldrh	r0, [r4, #6]
100053e2:	0a03      	lsrs	r3, r0, #8
100053e4:	b2c0      	uxtb	r0, r0
100053e6:	2b0f      	cmp	r3, #15
100053e8:	d900      	bls.n	100053ec <tud_task_ext+0x4dc>
100053ea:	e705      	b.n	100051f8 <tud_task_ext+0x2e8>
100053ec:	496e      	ldr	r1, [pc, #440]	@ (100055a8 <tud_task_ext+0x698>)
100053ee:	009a      	lsls	r2, r3, #2
100053f0:	588a      	ldr	r2, [r1, r2]
100053f2:	4697      	mov	pc, r2
100053f4:	a80e      	add	r0, sp, #56	@ 0x38
100053f6:	f000 fa99 	bl	1000592c <usbd_control_set_request>
100053fa:	4658      	mov	r0, fp
100053fc:	79a1      	ldrb	r1, [r4, #6]
100053fe:	f7ff fbbd 	bl	10004b7c <dcd_set_address>
10005402:	2202      	movs	r2, #2
10005404:	782b      	ldrb	r3, [r5, #0]
10005406:	4313      	orrs	r3, r2
10005408:	702b      	strb	r3, [r5, #0]
1000540a:	e596      	b.n	10004f3a <tud_task_ext+0x2a>
1000540c:	88e3      	ldrh	r3, [r4, #6]
1000540e:	2b01      	cmp	r3, #1
10005410:	d000      	beq.n	10005414 <tud_task_ext+0x504>
10005412:	e6f1      	b.n	100051f8 <tud_task_ext+0x2e8>
10005414:	2208      	movs	r2, #8
10005416:	782b      	ldrb	r3, [r5, #0]
10005418:	4313      	orrs	r3, r2
1000541a:	702b      	strb	r3, [r5, #0]
1000541c:	e741      	b.n	100052a2 <tud_task_ext+0x392>
1000541e:	88e3      	ldrh	r3, [r4, #6]
10005420:	2b01      	cmp	r3, #1
10005422:	d000      	beq.n	10005426 <tud_task_ext+0x516>
10005424:	e6e8      	b.n	100051f8 <tud_task_ext+0x2e8>
10005426:	2208      	movs	r2, #8
10005428:	782b      	ldrb	r3, [r5, #0]
1000542a:	4658      	mov	r0, fp
1000542c:	4393      	bics	r3, r2
1000542e:	a90e      	add	r1, sp, #56	@ 0x38
10005430:	702b      	strb	r3, [r5, #0]
10005432:	f000 fa05 	bl	10005840 <tud_control_status>
10005436:	e580      	b.n	10004f3a <tud_task_ext+0x2a>
10005438:	2002      	movs	r0, #2
1000543a:	7829      	ldrb	r1, [r5, #0]
1000543c:	ab0c      	add	r3, sp, #48	@ 0x30
1000543e:	1c9a      	adds	r2, r3, #2
10005440:	068b      	lsls	r3, r1, #26
10005442:	0889      	lsrs	r1, r1, #2
10005444:	0fdb      	lsrs	r3, r3, #31
10005446:	4001      	ands	r1, r0
10005448:	430b      	orrs	r3, r1
1000544a:	8013      	strh	r3, [r2, #0]
1000544c:	4658      	mov	r0, fp
1000544e:	2302      	movs	r3, #2
10005450:	a90e      	add	r1, sp, #56	@ 0x38
10005452:	f000 fa0b 	bl	1000586c <tud_control_xfer>
10005456:	e570      	b.n	10004f3a <tud_task_ext+0x2a>
10005458:	7a23      	ldrb	r3, [r4, #8]
1000545a:	8922      	ldrh	r2, [r4, #8]
1000545c:	2b0f      	cmp	r3, #15
1000545e:	d900      	bls.n	10005462 <tud_task_ext+0x552>
10005460:	e6ca      	b.n	100051f8 <tud_task_ext+0x2e8>
10005462:	23ff      	movs	r3, #255	@ 0xff
10005464:	4013      	ands	r3, r2
10005466:	4a4c      	ldr	r2, [pc, #304]	@ (10005598 <tud_task_ext+0x688>)
10005468:	18eb      	adds	r3, r5, r3
1000546a:	791b      	ldrb	r3, [r3, #4]
1000546c:	7812      	ldrb	r2, [r2, #0]
1000546e:	4293      	cmp	r3, r2
10005470:	d227      	bcs.n	100054c2 <tud_task_ext+0x5b2>
10005472:	4a4b      	ldr	r2, [pc, #300]	@ (100055a0 <tud_task_ext+0x690>)
10005474:	015b      	lsls	r3, r3, #5
10005476:	6815      	ldr	r5, [r2, #0]
10005478:	18ed      	adds	r5, r5, r3
1000547a:	2d00      	cmp	r5, #0
1000547c:	d100      	bne.n	10005480 <tud_task_ext+0x570>
1000547e:	e6bb      	b.n	100051f8 <tud_task_ext+0x2e8>
10005480:	6968      	ldr	r0, [r5, #20]
10005482:	f000 fa4d 	bl	10005920 <usbd_control_set_complete_callback>
10005486:	2101      	movs	r1, #1
10005488:	4658      	mov	r0, fp
1000548a:	696b      	ldr	r3, [r5, #20]
1000548c:	aa0e      	add	r2, sp, #56	@ 0x38
1000548e:	4798      	blx	r3
10005490:	e6c3      	b.n	1000521a <tud_task_ext+0x30a>
10005492:	2a00      	cmp	r2, #0
10005494:	d000      	beq.n	10005498 <tud_task_ext+0x588>
10005496:	e6af      	b.n	100051f8 <tud_task_ext+0x2e8>
10005498:	2300      	movs	r3, #0
1000549a:	4699      	mov	r9, r3
1000549c:	7962      	ldrb	r2, [r4, #5]
1000549e:	2002      	movs	r0, #2
100054a0:	0013      	movs	r3, r2
100054a2:	9204      	str	r2, [sp, #16]
100054a4:	4383      	bics	r3, r0
100054a6:	2b01      	cmp	r3, #1
100054a8:	d010      	beq.n	100054cc <tud_task_ext+0x5bc>
100054aa:	2a00      	cmp	r2, #0
100054ac:	d000      	beq.n	100054b0 <tud_task_ext+0x5a0>
100054ae:	e6a3      	b.n	100051f8 <tud_task_ext+0x2e8>
100054b0:	19eb      	adds	r3, r5, r7
100054b2:	4453      	add	r3, sl
100054b4:	3330      	adds	r3, #48	@ 0x30
100054b6:	791b      	ldrb	r3, [r3, #4]
100054b8:	aa0c      	add	r2, sp, #48	@ 0x30
100054ba:	079b      	lsls	r3, r3, #30
100054bc:	0fdb      	lsrs	r3, r3, #31
100054be:	3202      	adds	r2, #2
100054c0:	e7c3      	b.n	1000544a <tud_task_ext+0x53a>
100054c2:	4293      	cmp	r3, r2
100054c4:	d000      	beq.n	100054c8 <tud_task_ext+0x5b8>
100054c6:	e697      	b.n	100051f8 <tud_task_ext+0x2e8>
100054c8:	4d34      	ldr	r5, [pc, #208]	@ (1000559c <tud_task_ext+0x68c>)
100054ca:	e7d9      	b.n	10005480 <tud_task_ext+0x570>
100054cc:	88e3      	ldrh	r3, [r4, #6]
100054ce:	2b00      	cmp	r3, #0
100054d0:	d111      	bne.n	100054f6 <tud_task_ext+0x5e6>
100054d2:	9b03      	ldr	r3, [sp, #12]
100054d4:	7818      	ldrb	r0, [r3, #0]
100054d6:	9b04      	ldr	r3, [sp, #16]
100054d8:	2b01      	cmp	r3, #1
100054da:	d022      	beq.n	10005522 <tud_task_ext+0x612>
100054dc:	f7ff fc0c 	bl	10004cf8 <dcd_edpt_stall>
100054e0:	2102      	movs	r1, #2
100054e2:	19eb      	adds	r3, r5, r7
100054e4:	4453      	add	r3, sl
100054e6:	3330      	adds	r3, #48	@ 0x30
100054e8:	791a      	ldrb	r2, [r3, #4]
100054ea:	430a      	orrs	r2, r1
100054ec:	2101      	movs	r1, #1
100054ee:	711a      	strb	r2, [r3, #4]
100054f0:	791a      	ldrb	r2, [r3, #4]
100054f2:	430a      	orrs	r2, r1
100054f4:	711a      	strb	r2, [r3, #4]
100054f6:	464b      	mov	r3, r9
100054f8:	2b00      	cmp	r3, #0
100054fa:	d100      	bne.n	100054fe <tud_task_ext+0x5ee>
100054fc:	e51d      	b.n	10004f3a <tud_task_ext+0x2a>
100054fe:	6958      	ldr	r0, [r3, #20]
10005500:	f000 fa0e 	bl	10005920 <usbd_control_set_complete_callback>
10005504:	464b      	mov	r3, r9
10005506:	2101      	movs	r1, #1
10005508:	695b      	ldr	r3, [r3, #20]
1000550a:	aa0e      	add	r2, sp, #56	@ 0x38
1000550c:	4658      	mov	r0, fp
1000550e:	4798      	blx	r3
10005510:	2000      	movs	r0, #0
10005512:	f000 fa05 	bl	10005920 <usbd_control_set_complete_callback>
10005516:	2335      	movs	r3, #53	@ 0x35
10005518:	5ceb      	ldrb	r3, [r5, r3]
1000551a:	07db      	lsls	r3, r3, #31
1000551c:	d500      	bpl.n	10005520 <tud_task_ext+0x610>
1000551e:	e50c      	b.n	10004f3a <tud_task_ext+0x2a>
10005520:	e6bf      	b.n	100052a2 <tud_task_ext+0x392>
10005522:	f7ff fc07 	bl	10004d34 <dcd_edpt_clear_stall>
10005526:	2102      	movs	r1, #2
10005528:	19eb      	adds	r3, r5, r7
1000552a:	4453      	add	r3, sl
1000552c:	3330      	adds	r3, #48	@ 0x30
1000552e:	791a      	ldrb	r2, [r3, #4]
10005530:	438a      	bics	r2, r1
10005532:	711a      	strb	r2, [r3, #4]
10005534:	791a      	ldrb	r2, [r3, #4]
10005536:	9904      	ldr	r1, [sp, #16]
10005538:	438a      	bics	r2, r1
1000553a:	711a      	strb	r2, [r3, #4]
1000553c:	e7db      	b.n	100054f6 <tud_task_ext+0x5e6>
1000553e:	f7ff fc55 	bl	10004dec <tud_descriptor_device_qualifier_cb>
10005542:	1e02      	subs	r2, r0, #0
10005544:	d100      	bne.n	10005548 <tud_task_ext+0x638>
10005546:	e657      	b.n	100051f8 <tud_task_ext+0x2e8>
10005548:	4658      	mov	r0, fp
1000554a:	7813      	ldrb	r3, [r2, #0]
1000554c:	a90e      	add	r1, sp, #56	@ 0x38
1000554e:	f000 f98d 	bl	1000586c <tud_control_xfer>
10005552:	e662      	b.n	1000521a <tud_task_ext+0x30a>
10005554:	8921      	ldrh	r1, [r4, #8]
10005556:	f7ff f8eb 	bl	10004730 <tud_descriptor_string_cb>
1000555a:	1e02      	subs	r2, r0, #0
1000555c:	d1f4      	bne.n	10005548 <tud_task_ext+0x638>
1000555e:	e64b      	b.n	100051f8 <tud_task_ext+0x2e8>
10005560:	2b02      	cmp	r3, #2
10005562:	d100      	bne.n	10005566 <tud_task_ext+0x656>
10005564:	e0a1      	b.n	100056aa <tud_task_ext+0x79a>
10005566:	f7ff fc43 	bl	10004df0 <tud_descriptor_other_speed_configuration_cb>
1000556a:	1e02      	subs	r2, r0, #0
1000556c:	d100      	bne.n	10005570 <tud_task_ext+0x660>
1000556e:	e643      	b.n	100051f8 <tud_task_ext+0x2e8>
10005570:	78d3      	ldrb	r3, [r2, #3]
10005572:	7891      	ldrb	r1, [r2, #2]
10005574:	021b      	lsls	r3, r3, #8
10005576:	430b      	orrs	r3, r1
10005578:	4658      	mov	r0, fp
1000557a:	a90e      	add	r1, sp, #56	@ 0x38
1000557c:	f000 f976 	bl	1000586c <tud_control_xfer>
10005580:	e64b      	b.n	1000521a <tud_task_ext+0x30a>
10005582:	f7ff f8cd 	bl	10004720 <tud_descriptor_device_cb>
10005586:	1e02      	subs	r2, r0, #0
10005588:	d100      	bne.n	1000558c <tud_task_ext+0x67c>
1000558a:	e635      	b.n	100051f8 <tud_task_ext+0x2e8>
1000558c:	2312      	movs	r3, #18
1000558e:	4658      	mov	r0, fp
10005590:	a90e      	add	r1, sp, #56	@ 0x38
10005592:	f000 f96b 	bl	1000586c <tud_control_xfer>
10005596:	e640      	b.n	1000521a <tud_task_ext+0x30a>
10005598:	20001d81 	.word	0x20001d81
1000559c:	10006bfc 	.word	0x10006bfc
100055a0:	200015c0 	.word	0x200015c0
100055a4:	200016bc 	.word	0x200016bc
100055a8:	10006ba0 	.word	0x10006ba0
100055ac:	ab0c      	add	r3, sp, #48	@ 0x30
100055ae:	1c9a      	adds	r2, r3, #2
100055b0:	4658      	mov	r0, fp
100055b2:	2301      	movs	r3, #1
100055b4:	a90e      	add	r1, sp, #56	@ 0x38
100055b6:	7015      	strb	r5, [r2, #0]
100055b8:	f000 f958 	bl	1000586c <tud_control_xfer>
100055bc:	e4bd      	b.n	10004f3a <tud_task_ext+0x2a>
100055be:	f7ff fa53 	bl	10004a68 <tud_descriptor_bos_cb>
100055c2:	1e02      	subs	r2, r0, #0
100055c4:	d1d4      	bne.n	10005570 <tud_task_ext+0x660>
100055c6:	e617      	b.n	100051f8 <tud_task_ext+0x2e8>
100055c8:	f7ff fc16 	bl	10004df8 <tud_umount_cb>
100055cc:	e669      	b.n	100052a2 <tud_task_ext+0x392>
100055ce:	2100      	movs	r1, #0
100055d0:	4658      	mov	r0, fp
100055d2:	f7ff fadd 	bl	10004b90 <dcd_sof_enable>
100055d6:	4658      	mov	r0, fp
100055d8:	f7ff fb78 	bl	10004ccc <dcd_edpt_close_all>
100055dc:	2200      	movs	r2, #0
100055de:	4692      	mov	sl, r2
100055e0:	4a36      	ldr	r2, [pc, #216]	@ (100056bc <tud_task_ext+0x7ac>)
100055e2:	78ab      	ldrb	r3, [r5, #2]
100055e4:	9205      	str	r2, [sp, #20]
100055e6:	4a36      	ldr	r2, [pc, #216]	@ (100056c0 <tud_task_ext+0x7b0>)
100055e8:	4f36      	ldr	r7, [pc, #216]	@ (100056c4 <tud_task_ext+0x7b4>)
100055ea:	9206      	str	r2, [sp, #24]
100055ec:	002a      	movs	r2, r5
100055ee:	9304      	str	r3, [sp, #16]
100055f0:	4655      	mov	r5, sl
100055f2:	783b      	ldrb	r3, [r7, #0]
100055f4:	4692      	mov	sl, r2
100055f6:	e00d      	b.n	10005614 <tud_task_ext+0x704>
100055f8:	9b06      	ldr	r3, [sp, #24]
100055fa:	016a      	lsls	r2, r5, #5
100055fc:	681b      	ldr	r3, [r3, #0]
100055fe:	189b      	adds	r3, r3, r2
10005600:	2b00      	cmp	r3, #0
10005602:	d058      	beq.n	100056b6 <tud_task_ext+0x7a6>
10005604:	68db      	ldr	r3, [r3, #12]
10005606:	4658      	mov	r0, fp
10005608:	4798      	blx	r3
1000560a:	3501      	adds	r5, #1
1000560c:	783b      	ldrb	r3, [r7, #0]
1000560e:	b2ed      	uxtb	r5, r5
10005610:	42ab      	cmp	r3, r5
10005612:	d306      	bcc.n	10005622 <tud_task_ext+0x712>
10005614:	429d      	cmp	r5, r3
10005616:	d3ef      	bcc.n	100055f8 <tud_task_ext+0x6e8>
10005618:	9a05      	ldr	r2, [sp, #20]
1000561a:	1aeb      	subs	r3, r5, r3
1000561c:	015b      	lsls	r3, r3, #5
1000561e:	18d3      	adds	r3, r2, r3
10005620:	e7f0      	b.n	10005604 <tud_task_ext+0x6f4>
10005622:	4655      	mov	r5, sl
10005624:	2254      	movs	r2, #84	@ 0x54
10005626:	2100      	movs	r1, #0
10005628:	0028      	movs	r0, r5
1000562a:	f7fc fff9 	bl	10002620 <__wrap_memset>
1000562e:	2210      	movs	r2, #16
10005630:	21ff      	movs	r1, #255	@ 0xff
10005632:	1d28      	adds	r0, r5, #4
10005634:	f7fc fff4 	bl	10002620 <__wrap_memset>
10005638:	0028      	movs	r0, r5
1000563a:	2220      	movs	r2, #32
1000563c:	21ff      	movs	r1, #255	@ 0xff
1000563e:	3014      	adds	r0, #20
10005640:	f7fc ffee 	bl	10002620 <__wrap_memset>
10005644:	9b04      	ldr	r3, [sp, #16]
10005646:	70ab      	strb	r3, [r5, #2]
10005648:	e653      	b.n	100052f2 <tud_task_ext+0x3e2>
1000564a:	9a0b      	ldr	r2, [sp, #44]	@ 0x2c
1000564c:	2a01      	cmp	r2, #1
1000564e:	d026      	beq.n	1000569e <tud_task_ext+0x78e>
10005650:	2a00      	cmp	r2, #0
10005652:	d016      	beq.n	10005682 <tud_task_ext+0x772>
10005654:	2300      	movs	r3, #0
10005656:	78a8      	ldrb	r0, [r5, #2]
10005658:	e004      	b.n	10005664 <tud_task_ext+0x754>
1000565a:	3301      	adds	r3, #1
1000565c:	b2db      	uxtb	r3, r3
1000565e:	710e      	strb	r6, [r1, #4]
10005660:	4293      	cmp	r3, r2
10005662:	d20e      	bcs.n	10005682 <tud_task_ext+0x772>
10005664:	18c1      	adds	r1, r0, r3
10005666:	b2c9      	uxtb	r1, r1
10005668:	4449      	add	r1, r9
1000566a:	790f      	ldrb	r7, [r1, #4]
1000566c:	2fff      	cmp	r7, #255	@ 0xff
1000566e:	d0f4      	beq.n	1000565a <tud_task_ext+0x74a>
10005670:	4656      	mov	r6, sl
10005672:	464d      	mov	r5, r9
10005674:	2300      	movs	r3, #0
10005676:	706b      	strb	r3, [r5, #1]
10005678:	e5be      	b.n	100051f8 <tud_task_ext+0x2e8>
1000567a:	4656      	mov	r6, sl
1000567c:	f7ff fbba 	bl	10004df4 <tud_mount_cb>
10005680:	e60f      	b.n	100052a2 <tud_task_ext+0x392>
10005682:	4667      	mov	r7, ip
10005684:	0033      	movs	r3, r6
10005686:	0029      	movs	r1, r5
10005688:	003a      	movs	r2, r7
1000568a:	980a      	ldr	r0, [sp, #40]	@ 0x28
1000568c:	f000 fd24 	bl	100060d8 <tu_edpt_bind_driver>
10005690:	9b04      	ldr	r3, [sp, #16]
10005692:	19ed      	adds	r5, r5, r7
10005694:	781b      	ldrb	r3, [r3, #0]
10005696:	42b3      	cmp	r3, r6
10005698:	d300      	bcc.n	1000569c <tud_task_ext+0x78c>
1000569a:	e65e      	b.n	1000535a <tud_task_ext+0x44a>
1000569c:	e7e8      	b.n	10005670 <tud_task_ext+0x760>
1000569e:	4b0a      	ldr	r3, [pc, #40]	@ (100056c8 <tud_task_ext+0x7b8>)
100056a0:	6939      	ldr	r1, [r7, #16]
100056a2:	4299      	cmp	r1, r3
100056a4:	d1d6      	bne.n	10005654 <tud_task_ext+0x744>
100056a6:	9a07      	ldr	r2, [sp, #28]
100056a8:	e7d4      	b.n	10005654 <tud_task_ext+0x744>
100056aa:	f7ff f83d 	bl	10004728 <tud_descriptor_configuration_cb>
100056ae:	1e02      	subs	r2, r0, #0
100056b0:	d000      	beq.n	100056b4 <tud_task_ext+0x7a4>
100056b2:	e75d      	b.n	10005570 <tud_task_ext+0x660>
100056b4:	e5a0      	b.n	100051f8 <tud_task_ext+0x2e8>
100056b6:	4655      	mov	r5, sl
100056b8:	e7c4      	b.n	10005644 <tud_task_ext+0x734>
100056ba:	46c0      	nop			@ (mov r8, r8)
100056bc:	10006bfc 	.word	0x10006bfc
100056c0:	200015c0 	.word	0x200015c0
100056c4:	20001d81 	.word	0x20001d81
100056c8:	10005d09 	.word	0x10005d09

100056cc <usbd_open_edpt_pair>:
100056cc:	b5f0      	push	{r4, r5, r6, r7, lr}
100056ce:	464f      	mov	r7, r9
100056d0:	4646      	mov	r6, r8
100056d2:	46d6      	mov	lr, sl
100056d4:	b5c0      	push	{r6, r7, lr}
100056d6:	000c      	movs	r4, r1
100056d8:	0016      	movs	r6, r2
100056da:	001f      	movs	r7, r3
100056dc:	b082      	sub	sp, #8
100056de:	2a00      	cmp	r2, #0
100056e0:	d03c      	beq.n	1000575c <usbd_open_edpt_pair+0x90>
100056e2:	2370      	movs	r3, #112	@ 0x70
100056e4:	4698      	mov	r8, r3
100056e6:	4b1e      	ldr	r3, [pc, #120]	@ (10005760 <usbd_open_edpt_pair+0x94>)
100056e8:	2500      	movs	r5, #0
100056ea:	4699      	mov	r9, r3
100056ec:	4b1d      	ldr	r3, [pc, #116]	@ (10005764 <usbd_open_edpt_pair+0x98>)
100056ee:	469a      	mov	sl, r3
100056f0:	7863      	ldrb	r3, [r4, #1]
100056f2:	2b05      	cmp	r3, #5
100056f4:	d118      	bne.n	10005728 <usbd_open_edpt_pair+0x5c>
100056f6:	78e3      	ldrb	r3, [r4, #3]
100056f8:	079b      	lsls	r3, r3, #30
100056fa:	0f9b      	lsrs	r3, r3, #30
100056fc:	42bb      	cmp	r3, r7
100056fe:	d113      	bne.n	10005728 <usbd_open_edpt_pair+0x5c>
10005700:	4642      	mov	r2, r8
10005702:	78a3      	ldrb	r3, [r4, #2]
10005704:	421a      	tst	r2, r3
10005706:	d10f      	bne.n	10005728 <usbd_open_edpt_pair+0x5c>
10005708:	464b      	mov	r3, r9
1000570a:	781b      	ldrb	r3, [r3, #0]
1000570c:	0020      	movs	r0, r4
1000570e:	9301      	str	r3, [sp, #4]
10005710:	4653      	mov	r3, sl
10005712:	7899      	ldrb	r1, [r3, #2]
10005714:	f000 fca6 	bl	10006064 <tu_edpt_validate>
10005718:	2800      	cmp	r0, #0
1000571a:	d107      	bne.n	1000572c <usbd_open_edpt_pair+0x60>
1000571c:	b002      	add	sp, #8
1000571e:	bce0      	pop	{r5, r6, r7}
10005720:	46ba      	mov	sl, r7
10005722:	46b1      	mov	r9, r6
10005724:	46a8      	mov	r8, r5
10005726:	bdf0      	pop	{r4, r5, r6, r7, pc}
10005728:	2000      	movs	r0, #0
1000572a:	e7f7      	b.n	1000571c <usbd_open_edpt_pair+0x50>
1000572c:	0021      	movs	r1, r4
1000572e:	9801      	ldr	r0, [sp, #4]
10005730:	f7ff fa4a 	bl	10004bc8 <dcd_edpt_open>
10005734:	2800      	cmp	r0, #0
10005736:	d0f1      	beq.n	1000571c <usbd_open_edpt_pair+0x50>
10005738:	78a3      	ldrb	r3, [r4, #2]
1000573a:	09da      	lsrs	r2, r3, #7
1000573c:	2a01      	cmp	r2, #1
1000573e:	d007      	beq.n	10005750 <usbd_open_edpt_pair+0x84>
10005740:	9a0a      	ldr	r2, [sp, #40]	@ 0x28
10005742:	3501      	adds	r5, #1
10005744:	7013      	strb	r3, [r2, #0]
10005746:	42b5      	cmp	r5, r6
10005748:	dae8      	bge.n	1000571c <usbd_open_edpt_pair+0x50>
1000574a:	7823      	ldrb	r3, [r4, #0]
1000574c:	18e4      	adds	r4, r4, r3
1000574e:	e7cf      	b.n	100056f0 <usbd_open_edpt_pair+0x24>
10005750:	9a0b      	ldr	r2, [sp, #44]	@ 0x2c
10005752:	3501      	adds	r5, #1
10005754:	7013      	strb	r3, [r2, #0]
10005756:	42b5      	cmp	r5, r6
10005758:	dbf7      	blt.n	1000574a <usbd_open_edpt_pair+0x7e>
1000575a:	e7df      	b.n	1000571c <usbd_open_edpt_pair+0x50>
1000575c:	2001      	movs	r0, #1
1000575e:	e7dd      	b.n	1000571c <usbd_open_edpt_pair+0x50>
10005760:	20001164 	.word	0x20001164
10005764:	200016a8 	.word	0x200016a8

10005768 <usbd_edpt_open>:
10005768:	2270      	movs	r2, #112	@ 0x70
1000576a:	b570      	push	{r4, r5, r6, lr}
1000576c:	788b      	ldrb	r3, [r1, #2]
1000576e:	000c      	movs	r4, r1
10005770:	2000      	movs	r0, #0
10005772:	421a      	tst	r2, r3
10005774:	d000      	beq.n	10005778 <usbd_edpt_open+0x10>
10005776:	bd70      	pop	{r4, r5, r6, pc}
10005778:	4b06      	ldr	r3, [pc, #24]	@ (10005794 <usbd_edpt_open+0x2c>)
1000577a:	0020      	movs	r0, r4
1000577c:	781d      	ldrb	r5, [r3, #0]
1000577e:	4b06      	ldr	r3, [pc, #24]	@ (10005798 <usbd_edpt_open+0x30>)
10005780:	7899      	ldrb	r1, [r3, #2]
10005782:	f000 fc6f 	bl	10006064 <tu_edpt_validate>
10005786:	2800      	cmp	r0, #0
10005788:	d0f5      	beq.n	10005776 <usbd_edpt_open+0xe>
1000578a:	0021      	movs	r1, r4
1000578c:	0028      	movs	r0, r5
1000578e:	f7ff fa1b 	bl	10004bc8 <dcd_edpt_open>
10005792:	e7f0      	b.n	10005776 <usbd_edpt_open+0xe>
10005794:	20001164 	.word	0x20001164
10005798:	200016a8 	.word	0x200016a8

1000579c <usbd_edpt_claim>:
1000579c:	207f      	movs	r0, #127	@ 0x7f
1000579e:	4b07      	ldr	r3, [pc, #28]	@ (100057bc <usbd_edpt_claim+0x20>)
100057a0:	b510      	push	{r4, lr}
100057a2:	681a      	ldr	r2, [r3, #0]
100057a4:	4008      	ands	r0, r1
100057a6:	09cb      	lsrs	r3, r1, #7
100057a8:	3334      	adds	r3, #52	@ 0x34
100057aa:	0040      	lsls	r0, r0, #1
100057ac:	18c0      	adds	r0, r0, r3
100057ae:	4b04      	ldr	r3, [pc, #16]	@ (100057c0 <usbd_edpt_claim+0x24>)
100057b0:	0011      	movs	r1, r2
100057b2:	18c0      	adds	r0, r0, r3
100057b4:	f000 fc12 	bl	10005fdc <tu_edpt_claim>
100057b8:	bd10      	pop	{r4, pc}
100057ba:	46c0      	nop			@ (mov r8, r8)
100057bc:	200016fc 	.word	0x200016fc
100057c0:	200016a8 	.word	0x200016a8

100057c4 <usbd_edpt_release>:
100057c4:	207f      	movs	r0, #127	@ 0x7f
100057c6:	4b07      	ldr	r3, [pc, #28]	@ (100057e4 <usbd_edpt_release+0x20>)
100057c8:	b510      	push	{r4, lr}
100057ca:	681a      	ldr	r2, [r3, #0]
100057cc:	4008      	ands	r0, r1
100057ce:	09cb      	lsrs	r3, r1, #7
100057d0:	3334      	adds	r3, #52	@ 0x34
100057d2:	0040      	lsls	r0, r0, #1
100057d4:	18c0      	adds	r0, r0, r3
100057d6:	4b04      	ldr	r3, [pc, #16]	@ (100057e8 <usbd_edpt_release+0x24>)
100057d8:	0011      	movs	r1, r2
100057da:	18c0      	adds	r0, r0, r3
100057dc:	f000 fc26 	bl	1000602c <tu_edpt_release>
100057e0:	bd10      	pop	{r4, pc}
100057e2:	46c0      	nop			@ (mov r8, r8)
100057e4:	200016fc 	.word	0x200016fc
100057e8:	200016a8 	.word	0x200016a8

100057ec <usbd_edpt_xfer>:
100057ec:	b570      	push	{r4, r5, r6, lr}
100057ee:	247f      	movs	r4, #127	@ 0x7f
100057f0:	09c8      	lsrs	r0, r1, #7
100057f2:	4684      	mov	ip, r0
100057f4:	400c      	ands	r4, r1
100057f6:	4810      	ldr	r0, [pc, #64]	@ (10005838 <usbd_edpt_xfer+0x4c>)
100057f8:	0064      	lsls	r4, r4, #1
100057fa:	1904      	adds	r4, r0, r4
100057fc:	4464      	add	r4, ip
100057fe:	3430      	adds	r4, #48	@ 0x30
10005800:	7920      	ldrb	r0, [r4, #4]
10005802:	0005      	movs	r5, r0
10005804:	2000      	movs	r0, #0
10005806:	07ed      	lsls	r5, r5, #31
10005808:	d500      	bpl.n	1000580c <usbd_edpt_xfer+0x20>
1000580a:	bd70      	pop	{r4, r5, r6, pc}
1000580c:	480b      	ldr	r0, [pc, #44]	@ (1000583c <usbd_edpt_xfer+0x50>)
1000580e:	2501      	movs	r5, #1
10005810:	7800      	ldrb	r0, [r0, #0]
10005812:	4684      	mov	ip, r0
10005814:	7920      	ldrb	r0, [r4, #4]
10005816:	4328      	orrs	r0, r5
10005818:	7120      	strb	r0, [r4, #4]
1000581a:	4660      	mov	r0, ip
1000581c:	f7ff fa5a 	bl	10004cd4 <dcd_edpt_xfer>
10005820:	2800      	cmp	r0, #0
10005822:	d1f2      	bne.n	1000580a <usbd_edpt_xfer+0x1e>
10005824:	2201      	movs	r2, #1
10005826:	7923      	ldrb	r3, [r4, #4]
10005828:	4393      	bics	r3, r2
1000582a:	7123      	strb	r3, [r4, #4]
1000582c:	7923      	ldrb	r3, [r4, #4]
1000582e:	3203      	adds	r2, #3
10005830:	4393      	bics	r3, r2
10005832:	7123      	strb	r3, [r4, #4]
10005834:	e7e9      	b.n	1000580a <usbd_edpt_xfer+0x1e>
10005836:	46c0      	nop			@ (mov r8, r8)
10005838:	200016a8 	.word	0x200016a8
1000583c:	20001164 	.word	0x20001164

10005840 <tud_control_status>:
10005840:	b570      	push	{r4, r5, r6, lr}
10005842:	4c09      	ldr	r4, [pc, #36]	@ (10005868 <tud_control_status+0x28>)
10005844:	0006      	movs	r6, r0
10005846:	2208      	movs	r2, #8
10005848:	0020      	movs	r0, r4
1000584a:	000d      	movs	r5, r1
1000584c:	f7fc feee 	bl	1000262c <__wrap___aeabi_memcpy>
10005850:	2300      	movs	r3, #0
10005852:	2180      	movs	r1, #128	@ 0x80
10005854:	60e3      	str	r3, [r4, #12]
10005856:	60a3      	str	r3, [r4, #8]
10005858:	782b      	ldrb	r3, [r5, #0]
1000585a:	0030      	movs	r0, r6
1000585c:	4399      	bics	r1, r3
1000585e:	2200      	movs	r2, #0
10005860:	2300      	movs	r3, #0
10005862:	f7ff ffc3 	bl	100057ec <usbd_edpt_xfer>
10005866:	bd70      	pop	{r4, r5, r6, pc}
10005868:	20001688 	.word	0x20001688

1000586c <tud_control_xfer>:
1000586c:	b5f0      	push	{r4, r5, r6, r7, lr}
1000586e:	46c6      	mov	lr, r8
10005870:	4c24      	ldr	r4, [pc, #144]	@ (10005904 <tud_control_xfer+0x98>)
10005872:	0017      	movs	r7, r2
10005874:	4680      	mov	r8, r0
10005876:	2208      	movs	r2, #8
10005878:	0020      	movs	r0, r4
1000587a:	b500      	push	{lr}
1000587c:	000d      	movs	r5, r1
1000587e:	001e      	movs	r6, r3
10005880:	f7fc fed4 	bl	1000262c <__wrap___aeabi_memcpy>
10005884:	2300      	movs	r3, #0
10005886:	60a7      	str	r7, [r4, #8]
10005888:	81e3      	strh	r3, [r4, #14]
1000588a:	79eb      	ldrb	r3, [r5, #7]
1000588c:	79aa      	ldrb	r2, [r5, #6]
1000588e:	021b      	lsls	r3, r3, #8
10005890:	4313      	orrs	r3, r2
10005892:	1c1a      	adds	r2, r3, #0
10005894:	42b3      	cmp	r3, r6
10005896:	d900      	bls.n	1000589a <tud_control_xfer+0x2e>
10005898:	1c32      	adds	r2, r6, #0
1000589a:	b296      	uxth	r6, r2
1000589c:	81a2      	strh	r2, [r4, #12]
1000589e:	2b00      	cmp	r3, #0
100058a0:	d00c      	beq.n	100058bc <tud_control_xfer+0x50>
100058a2:	2e00      	cmp	r6, #0
100058a4:	d015      	beq.n	100058d2 <tud_control_xfer+0x66>
100058a6:	2f00      	cmp	r7, #0
100058a8:	d02a      	beq.n	10005900 <tud_control_xfer+0x94>
100058aa:	2e40      	cmp	r6, #64	@ 0x40
100058ac:	d81a      	bhi.n	100058e4 <tud_control_xfer+0x78>
100058ae:	7823      	ldrb	r3, [r4, #0]
100058b0:	b296      	uxth	r6, r2
100058b2:	2b7f      	cmp	r3, #127	@ 0x7f
100058b4:	d81b      	bhi.n	100058ee <tud_control_xfer+0x82>
100058b6:	2100      	movs	r1, #0
100058b8:	4a13      	ldr	r2, [pc, #76]	@ (10005908 <tud_control_xfer+0x9c>)
100058ba:	e00e      	b.n	100058da <tud_control_xfer+0x6e>
100058bc:	2180      	movs	r1, #128	@ 0x80
100058be:	782b      	ldrb	r3, [r5, #0]
100058c0:	2200      	movs	r2, #0
100058c2:	4399      	bics	r1, r3
100058c4:	4640      	mov	r0, r8
100058c6:	2300      	movs	r3, #0
100058c8:	f7ff ff90 	bl	100057ec <usbd_edpt_xfer>
100058cc:	bc80      	pop	{r7}
100058ce:	46b8      	mov	r8, r7
100058d0:	bdf0      	pop	{r4, r5, r6, r7, pc}
100058d2:	237f      	movs	r3, #127	@ 0x7f
100058d4:	2200      	movs	r2, #0
100058d6:	7821      	ldrb	r1, [r4, #0]
100058d8:	4399      	bics	r1, r3
100058da:	0033      	movs	r3, r6
100058dc:	4640      	mov	r0, r8
100058de:	f7ff ff85 	bl	100057ec <usbd_edpt_xfer>
100058e2:	e7f3      	b.n	100058cc <tud_control_xfer+0x60>
100058e4:	2240      	movs	r2, #64	@ 0x40
100058e6:	7823      	ldrb	r3, [r4, #0]
100058e8:	b296      	uxth	r6, r2
100058ea:	2b7f      	cmp	r3, #127	@ 0x7f
100058ec:	d9e3      	bls.n	100058b6 <tud_control_xfer+0x4a>
100058ee:	4c06      	ldr	r4, [pc, #24]	@ (10005908 <tud_control_xfer+0x9c>)
100058f0:	0032      	movs	r2, r6
100058f2:	0039      	movs	r1, r7
100058f4:	0020      	movs	r0, r4
100058f6:	f7fc fe99 	bl	1000262c <__wrap___aeabi_memcpy>
100058fa:	2180      	movs	r1, #128	@ 0x80
100058fc:	0022      	movs	r2, r4
100058fe:	e7ec      	b.n	100058da <tud_control_xfer+0x6e>
10005900:	2000      	movs	r0, #0
10005902:	e7e3      	b.n	100058cc <tud_control_xfer+0x60>
10005904:	20001688 	.word	0x20001688
10005908:	20001648 	.word	0x20001648

1000590c <usbd_control_reset>:
1000590c:	b510      	push	{r4, lr}
1000590e:	2214      	movs	r2, #20
10005910:	2100      	movs	r1, #0
10005912:	4802      	ldr	r0, [pc, #8]	@ (1000591c <usbd_control_reset+0x10>)
10005914:	f7fc fe84 	bl	10002620 <__wrap_memset>
10005918:	bd10      	pop	{r4, pc}
1000591a:	46c0      	nop			@ (mov r8, r8)
1000591c:	20001688 	.word	0x20001688

10005920 <usbd_control_set_complete_callback>:
10005920:	4b01      	ldr	r3, [pc, #4]	@ (10005928 <usbd_control_set_complete_callback+0x8>)
10005922:	6118      	str	r0, [r3, #16]
10005924:	4770      	bx	lr
10005926:	46c0      	nop			@ (mov r8, r8)
10005928:	20001688 	.word	0x20001688

1000592c <usbd_control_set_request>:
1000592c:	b510      	push	{r4, lr}
1000592e:	4c05      	ldr	r4, [pc, #20]	@ (10005944 <usbd_control_set_request+0x18>)
10005930:	0001      	movs	r1, r0
10005932:	2208      	movs	r2, #8
10005934:	0020      	movs	r0, r4
10005936:	f7fc fe79 	bl	1000262c <__wrap___aeabi_memcpy>
1000593a:	2300      	movs	r3, #0
1000593c:	60a3      	str	r3, [r4, #8]
1000593e:	60e3      	str	r3, [r4, #12]
10005940:	bd10      	pop	{r4, pc}
10005942:	46c0      	nop			@ (mov r8, r8)
10005944:	20001688 	.word	0x20001688

10005948 <usbd_control_xfer_cb>:
10005948:	b570      	push	{r4, r5, r6, lr}
1000594a:	4c36      	ldr	r4, [pc, #216]	@ (10005a24 <usbd_control_xfer_cb+0xdc>)
1000594c:	001d      	movs	r5, r3
1000594e:	7823      	ldrb	r3, [r4, #0]
10005950:	0006      	movs	r6, r0
10005952:	09da      	lsrs	r2, r3, #7
10005954:	09c9      	lsrs	r1, r1, #7
10005956:	428a      	cmp	r2, r1
10005958:	d00f      	beq.n	1000597a <usbd_control_xfer_cb+0x32>
1000595a:	2d00      	cmp	r5, #0
1000595c:	d001      	beq.n	10005962 <usbd_control_xfer_cb+0x1a>
1000595e:	2000      	movs	r0, #0
10005960:	bd70      	pop	{r4, r5, r6, pc}
10005962:	0021      	movs	r1, r4
10005964:	f7ff f922 	bl	10004bac <dcd_edpt0_status_complete>
10005968:	6923      	ldr	r3, [r4, #16]
1000596a:	2b00      	cmp	r3, #0
1000596c:	d003      	beq.n	10005976 <usbd_control_xfer_cb+0x2e>
1000596e:	0022      	movs	r2, r4
10005970:	2103      	movs	r1, #3
10005972:	0030      	movs	r0, r6
10005974:	4798      	blx	r3
10005976:	2001      	movs	r0, #1
10005978:	e7f2      	b.n	10005960 <usbd_control_xfer_cb+0x18>
1000597a:	2b7f      	cmp	r3, #127	@ 0x7f
1000597c:	d806      	bhi.n	1000598c <usbd_control_xfer_cb+0x44>
1000597e:	68a0      	ldr	r0, [r4, #8]
10005980:	2800      	cmp	r0, #0
10005982:	d0ec      	beq.n	1000595e <usbd_control_xfer_cb+0x16>
10005984:	002a      	movs	r2, r5
10005986:	4928      	ldr	r1, [pc, #160]	@ (10005a28 <usbd_control_xfer_cb+0xe0>)
10005988:	f7fc fe50 	bl	1000262c <__wrap___aeabi_memcpy>
1000598c:	89e2      	ldrh	r2, [r4, #14]
1000598e:	68a1      	ldr	r1, [r4, #8]
10005990:	1952      	adds	r2, r2, r5
10005992:	88e3      	ldrh	r3, [r4, #6]
10005994:	b292      	uxth	r2, r2
10005996:	1949      	adds	r1, r1, r5
10005998:	81e2      	strh	r2, [r4, #14]
1000599a:	60a1      	str	r1, [r4, #8]
1000599c:	4293      	cmp	r3, r2
1000599e:	d014      	beq.n	100059ca <usbd_control_xfer_cb+0x82>
100059a0:	2d3f      	cmp	r5, #63	@ 0x3f
100059a2:	d912      	bls.n	100059ca <usbd_control_xfer_cb+0x82>
100059a4:	89a3      	ldrh	r3, [r4, #12]
100059a6:	1a98      	subs	r0, r3, r2
100059a8:	1c05      	adds	r5, r0, #0
100059aa:	b280      	uxth	r0, r0
100059ac:	2840      	cmp	r0, #64	@ 0x40
100059ae:	d828      	bhi.n	10005a02 <usbd_control_xfer_cb+0xba>
100059b0:	7820      	ldrb	r0, [r4, #0]
100059b2:	b2ad      	uxth	r5, r5
100059b4:	287f      	cmp	r0, #127	@ 0x7f
100059b6:	d826      	bhi.n	10005a06 <usbd_control_xfer_cb+0xbe>
100059b8:	2100      	movs	r1, #0
100059ba:	429a      	cmp	r2, r3
100059bc:	d030      	beq.n	10005a20 <usbd_control_xfer_cb+0xd8>
100059be:	4a1a      	ldr	r2, [pc, #104]	@ (10005a28 <usbd_control_xfer_cb+0xe0>)
100059c0:	002b      	movs	r3, r5
100059c2:	0030      	movs	r0, r6
100059c4:	f7ff ff12 	bl	100057ec <usbd_edpt_xfer>
100059c8:	e7ca      	b.n	10005960 <usbd_control_xfer_cb+0x18>
100059ca:	6923      	ldr	r3, [r4, #16]
100059cc:	2b00      	cmp	r3, #0
100059ce:	d005      	beq.n	100059dc <usbd_control_xfer_cb+0x94>
100059d0:	0022      	movs	r2, r4
100059d2:	2102      	movs	r1, #2
100059d4:	0030      	movs	r0, r6
100059d6:	4798      	blx	r3
100059d8:	2800      	cmp	r0, #0
100059da:	d008      	beq.n	100059ee <usbd_control_xfer_cb+0xa6>
100059dc:	2180      	movs	r1, #128	@ 0x80
100059de:	7823      	ldrb	r3, [r4, #0]
100059e0:	2200      	movs	r2, #0
100059e2:	4399      	bics	r1, r3
100059e4:	0030      	movs	r0, r6
100059e6:	2300      	movs	r3, #0
100059e8:	f7ff ff00 	bl	100057ec <usbd_edpt_xfer>
100059ec:	e7b8      	b.n	10005960 <usbd_control_xfer_cb+0x18>
100059ee:	2100      	movs	r1, #0
100059f0:	0030      	movs	r0, r6
100059f2:	f7ff f981 	bl	10004cf8 <dcd_edpt_stall>
100059f6:	0030      	movs	r0, r6
100059f8:	2180      	movs	r1, #128	@ 0x80
100059fa:	f7ff f97d 	bl	10004cf8 <dcd_edpt_stall>
100059fe:	2001      	movs	r0, #1
10005a00:	e7ae      	b.n	10005960 <usbd_control_xfer_cb+0x18>
10005a02:	2540      	movs	r5, #64	@ 0x40
10005a04:	e7d4      	b.n	100059b0 <usbd_control_xfer_cb+0x68>
10005a06:	429a      	cmp	r2, r3
10005a08:	d007      	beq.n	10005a1a <usbd_control_xfer_cb+0xd2>
10005a0a:	4c07      	ldr	r4, [pc, #28]	@ (10005a28 <usbd_control_xfer_cb+0xe0>)
10005a0c:	002a      	movs	r2, r5
10005a0e:	0020      	movs	r0, r4
10005a10:	f7fc fe0c 	bl	1000262c <__wrap___aeabi_memcpy>
10005a14:	2180      	movs	r1, #128	@ 0x80
10005a16:	0022      	movs	r2, r4
10005a18:	e7d2      	b.n	100059c0 <usbd_control_xfer_cb+0x78>
10005a1a:	2180      	movs	r1, #128	@ 0x80
10005a1c:	2200      	movs	r2, #0
10005a1e:	e7cf      	b.n	100059c0 <usbd_control_xfer_cb+0x78>
10005a20:	2200      	movs	r2, #0
10005a22:	e7cd      	b.n	100059c0 <usbd_control_xfer_cb+0x78>
10005a24:	20001688 	.word	0x20001688
10005a28:	20001648 	.word	0x20001648

10005a2c <_prep_out_transaction.isra.0>:
10005a2c:	b570      	push	{r4, r5, r6, lr}
10005a2e:	0004      	movs	r4, r0
10005a30:	f7ff f9e8 	bl	10004e04 <tud_mounted>
10005a34:	2800      	cmp	r0, #0
10005a36:	d100      	bne.n	10005a3a <_prep_out_transaction.isra.0+0xe>
10005a38:	bd70      	pop	{r4, r5, r6, pc}
10005a3a:	f7ff f9eb 	bl	10004e14 <tud_suspended>
10005a3e:	2800      	cmp	r0, #0
10005a40:	d1fa      	bne.n	10005a38 <_prep_out_transaction.isra.0+0xc>
10005a42:	23c8      	movs	r3, #200	@ 0xc8
10005a44:	4363      	muls	r3, r4
10005a46:	4a12      	ldr	r2, [pc, #72]	@ (10005a90 <_prep_out_transaction.isra.0+0x64>)
10005a48:	0025      	movs	r5, r4
10005a4a:	18d4      	adds	r4, r2, r3
10005a4c:	78e1      	ldrb	r1, [r4, #3]
10005a4e:	2900      	cmp	r1, #0
10005a50:	d0f2      	beq.n	10005a38 <_prep_out_transaction.isra.0+0xc>
10005a52:	3310      	adds	r3, #16
10005a54:	189e      	adds	r6, r3, r2
10005a56:	0030      	movs	r0, r6
10005a58:	f000 fba8 	bl	100061ac <tu_fifo_remaining>
10005a5c:	283f      	cmp	r0, #63	@ 0x3f
10005a5e:	d9eb      	bls.n	10005a38 <_prep_out_transaction.isra.0+0xc>
10005a60:	2000      	movs	r0, #0
10005a62:	78e1      	ldrb	r1, [r4, #3]
10005a64:	f7ff fe9a 	bl	1000579c <usbd_edpt_claim>
10005a68:	2800      	cmp	r0, #0
10005a6a:	d0e5      	beq.n	10005a38 <_prep_out_transaction.isra.0+0xc>
10005a6c:	0030      	movs	r0, r6
10005a6e:	f000 fb9d 	bl	100061ac <tu_fifo_remaining>
10005a72:	78e1      	ldrb	r1, [r4, #3]
10005a74:	283f      	cmp	r0, #63	@ 0x3f
10005a76:	d907      	bls.n	10005a88 <_prep_out_transaction.isra.0+0x5c>
10005a78:	4b06      	ldr	r3, [pc, #24]	@ (10005a94 <_prep_out_transaction.isra.0+0x68>)
10005a7a:	01ea      	lsls	r2, r5, #7
10005a7c:	18d2      	adds	r2, r2, r3
10005a7e:	2000      	movs	r0, #0
10005a80:	2340      	movs	r3, #64	@ 0x40
10005a82:	f7ff feb3 	bl	100057ec <usbd_edpt_xfer>
10005a86:	e7d7      	b.n	10005a38 <_prep_out_transaction.isra.0+0xc>
10005a88:	2000      	movs	r0, #0
10005a8a:	f7ff fe9b 	bl	100057c4 <usbd_edpt_release>
10005a8e:	e7d3      	b.n	10005a38 <_prep_out_transaction.isra.0+0xc>
10005a90:	20001170 	.word	0x20001170
10005a94:	200015c4 	.word	0x200015c4

10005a98 <tud_cdc_n_connected>:
10005a98:	b510      	push	{r4, lr}
10005a9a:	0004      	movs	r4, r0
10005a9c:	f7ff f9b2 	bl	10004e04 <tud_mounted>
10005aa0:	2800      	cmp	r0, #0
10005aa2:	d100      	bne.n	10005aa6 <tud_cdc_n_connected+0xe>
10005aa4:	bd10      	pop	{r4, pc}
10005aa6:	f7ff f9b5 	bl	10004e14 <tud_suspended>
10005aaa:	0003      	movs	r3, r0
10005aac:	2000      	movs	r0, #0
10005aae:	2b00      	cmp	r3, #0
10005ab0:	d1f8      	bne.n	10005aa4 <tud_cdc_n_connected+0xc>
10005ab2:	22c8      	movs	r2, #200	@ 0xc8
10005ab4:	4362      	muls	r2, r4
10005ab6:	4b03      	ldr	r3, [pc, #12]	@ (10005ac4 <tud_cdc_n_connected+0x2c>)
10005ab8:	3001      	adds	r0, #1
10005aba:	189b      	adds	r3, r3, r2
10005abc:	791b      	ldrb	r3, [r3, #4]
10005abe:	4018      	ands	r0, r3
10005ac0:	e7f0      	b.n	10005aa4 <tud_cdc_n_connected+0xc>
10005ac2:	46c0      	nop			@ (mov r8, r8)
10005ac4:	20001170 	.word	0x20001170

10005ac8 <tud_cdc_n_available>:
10005ac8:	23c8      	movs	r3, #200	@ 0xc8
10005aca:	b510      	push	{r4, lr}
10005acc:	4343      	muls	r3, r0
10005ace:	4802      	ldr	r0, [pc, #8]	@ (10005ad8 <tud_cdc_n_available+0x10>)
10005ad0:	1818      	adds	r0, r3, r0
10005ad2:	f000 fb51 	bl	10006178 <tu_fifo_count>
10005ad6:	bd10      	pop	{r4, pc}
10005ad8:	20001180 	.word	0x20001180

10005adc <tud_cdc_n_read>:
10005adc:	b5f8      	push	{r3, r4, r5, r6, r7, lr}
10005ade:	23c8      	movs	r3, #200	@ 0xc8
10005ae0:	4343      	muls	r3, r0
10005ae2:	4d1d      	ldr	r5, [pc, #116]	@ (10005b58 <tud_cdc_n_read+0x7c>)
10005ae4:	3310      	adds	r3, #16
10005ae6:	18ee      	adds	r6, r5, r3
10005ae8:	4b1c      	ldr	r3, [pc, #112]	@ (10005b5c <tud_cdc_n_read+0x80>)
10005aea:	0004      	movs	r4, r0
10005aec:	429a      	cmp	r2, r3
10005aee:	d900      	bls.n	10005af2 <tud_cdc_n_read+0x16>
10005af0:	001a      	movs	r2, r3
10005af2:	0030      	movs	r0, r6
10005af4:	b292      	uxth	r2, r2
10005af6:	f000 fbb5 	bl	10006264 <tu_fifo_read_n>
10005afa:	0007      	movs	r7, r0
10005afc:	f7ff f982 	bl	10004e04 <tud_mounted>
10005b00:	2800      	cmp	r0, #0
10005b02:	d101      	bne.n	10005b08 <tud_cdc_n_read+0x2c>
10005b04:	0038      	movs	r0, r7
10005b06:	bdf8      	pop	{r3, r4, r5, r6, r7, pc}
10005b08:	f7ff f984 	bl	10004e14 <tud_suspended>
10005b0c:	2800      	cmp	r0, #0
10005b0e:	d1f9      	bne.n	10005b04 <tud_cdc_n_read+0x28>
10005b10:	23c8      	movs	r3, #200	@ 0xc8
10005b12:	4363      	muls	r3, r4
10005b14:	18ed      	adds	r5, r5, r3
10005b16:	78eb      	ldrb	r3, [r5, #3]
10005b18:	2b00      	cmp	r3, #0
10005b1a:	d0f3      	beq.n	10005b04 <tud_cdc_n_read+0x28>
10005b1c:	0030      	movs	r0, r6
10005b1e:	f000 fb45 	bl	100061ac <tu_fifo_remaining>
10005b22:	283f      	cmp	r0, #63	@ 0x3f
10005b24:	d9ee      	bls.n	10005b04 <tud_cdc_n_read+0x28>
10005b26:	2000      	movs	r0, #0
10005b28:	78e9      	ldrb	r1, [r5, #3]
10005b2a:	f7ff fe37 	bl	1000579c <usbd_edpt_claim>
10005b2e:	2800      	cmp	r0, #0
10005b30:	d0e8      	beq.n	10005b04 <tud_cdc_n_read+0x28>
10005b32:	0030      	movs	r0, r6
10005b34:	f000 fb3a 	bl	100061ac <tu_fifo_remaining>
10005b38:	78e9      	ldrb	r1, [r5, #3]
10005b3a:	283f      	cmp	r0, #63	@ 0x3f
10005b3c:	d907      	bls.n	10005b4e <tud_cdc_n_read+0x72>
10005b3e:	4b08      	ldr	r3, [pc, #32]	@ (10005b60 <tud_cdc_n_read+0x84>)
10005b40:	01e2      	lsls	r2, r4, #7
10005b42:	18d2      	adds	r2, r2, r3
10005b44:	2000      	movs	r0, #0
10005b46:	2340      	movs	r3, #64	@ 0x40
10005b48:	f7ff fe50 	bl	100057ec <usbd_edpt_xfer>
10005b4c:	e7da      	b.n	10005b04 <tud_cdc_n_read+0x28>
10005b4e:	2000      	movs	r0, #0
10005b50:	f7ff fe38 	bl	100057c4 <usbd_edpt_release>
10005b54:	e7d6      	b.n	10005b04 <tud_cdc_n_read+0x28>
10005b56:	46c0      	nop			@ (mov r8, r8)
10005b58:	20001170 	.word	0x20001170
10005b5c:	0000ffff 	.word	0x0000ffff
10005b60:	200015c4 	.word	0x200015c4

10005b64 <tud_cdc_n_write_flush>:
10005b64:	b5f8      	push	{r3, r4, r5, r6, r7, lr}
10005b66:	0004      	movs	r4, r0
10005b68:	f7ff f94c 	bl	10004e04 <tud_mounted>
10005b6c:	2800      	cmp	r0, #0
10005b6e:	d101      	bne.n	10005b74 <tud_cdc_n_write_flush+0x10>
10005b70:	2000      	movs	r0, #0
10005b72:	bdf8      	pop	{r3, r4, r5, r6, r7, pc}
10005b74:	f7ff f94e 	bl	10004e14 <tud_suspended>
10005b78:	2800      	cmp	r0, #0
10005b7a:	d1f9      	bne.n	10005b70 <tud_cdc_n_write_flush+0xc>
10005b7c:	23c8      	movs	r3, #200	@ 0xc8
10005b7e:	0025      	movs	r5, r4
10005b80:	435d      	muls	r5, r3
10005b82:	002b      	movs	r3, r5
10005b84:	4e13      	ldr	r6, [pc, #76]	@ (10005bd4 <tud_cdc_n_write_flush+0x70>)
10005b86:	3324      	adds	r3, #36	@ 0x24
10005b88:	18f7      	adds	r7, r6, r3
10005b8a:	0038      	movs	r0, r7
10005b8c:	f000 faf4 	bl	10006178 <tu_fifo_count>
10005b90:	2800      	cmp	r0, #0
10005b92:	d0ed      	beq.n	10005b70 <tud_cdc_n_write_flush+0xc>
10005b94:	1975      	adds	r5, r6, r5
10005b96:	2000      	movs	r0, #0
10005b98:	78a9      	ldrb	r1, [r5, #2]
10005b9a:	f7ff fdff 	bl	1000579c <usbd_edpt_claim>
10005b9e:	2800      	cmp	r0, #0
10005ba0:	d0e6      	beq.n	10005b70 <tud_cdc_n_write_flush+0xc>
10005ba2:	4a0d      	ldr	r2, [pc, #52]	@ (10005bd8 <tud_cdc_n_write_flush+0x74>)
10005ba4:	01e3      	lsls	r3, r4, #7
10005ba6:	189c      	adds	r4, r3, r2
10005ba8:	0021      	movs	r1, r4
10005baa:	2240      	movs	r2, #64	@ 0x40
10005bac:	0038      	movs	r0, r7
10005bae:	f000 fb59 	bl	10006264 <tu_fifo_read_n>
10005bb2:	78a9      	ldrb	r1, [r5, #2]
10005bb4:	0003      	movs	r3, r0
10005bb6:	1e05      	subs	r5, r0, #0
10005bb8:	d007      	beq.n	10005bca <tud_cdc_n_write_flush+0x66>
10005bba:	0022      	movs	r2, r4
10005bbc:	2000      	movs	r0, #0
10005bbe:	f7ff fe15 	bl	100057ec <usbd_edpt_xfer>
10005bc2:	2800      	cmp	r0, #0
10005bc4:	d0d4      	beq.n	10005b70 <tud_cdc_n_write_flush+0xc>
10005bc6:	0028      	movs	r0, r5
10005bc8:	e7d3      	b.n	10005b72 <tud_cdc_n_write_flush+0xe>
10005bca:	2000      	movs	r0, #0
10005bcc:	f7ff fdfa 	bl	100057c4 <usbd_edpt_release>
10005bd0:	e7ce      	b.n	10005b70 <tud_cdc_n_write_flush+0xc>
10005bd2:	46c0      	nop			@ (mov r8, r8)
10005bd4:	20001170 	.word	0x20001170
10005bd8:	20001604 	.word	0x20001604

10005bdc <tud_cdc_n_write>:
10005bdc:	b570      	push	{r4, r5, r6, lr}
10005bde:	24c8      	movs	r4, #200	@ 0xc8
10005be0:	4344      	muls	r4, r0
10005be2:	4b0b      	ldr	r3, [pc, #44]	@ (10005c10 <tud_cdc_n_write+0x34>)
10005be4:	0005      	movs	r5, r0
10005be6:	18e4      	adds	r4, r4, r3
10005be8:	4b0a      	ldr	r3, [pc, #40]	@ (10005c14 <tud_cdc_n_write+0x38>)
10005bea:	429a      	cmp	r2, r3
10005bec:	d900      	bls.n	10005bf0 <tud_cdc_n_write+0x14>
10005bee:	001a      	movs	r2, r3
10005bf0:	0020      	movs	r0, r4
10005bf2:	b292      	uxth	r2, r2
10005bf4:	f000 fbf8 	bl	100063e8 <tu_fifo_write_n>
10005bf8:	0006      	movs	r6, r0
10005bfa:	0020      	movs	r0, r4
10005bfc:	f000 fabc 	bl	10006178 <tu_fifo_count>
10005c00:	283f      	cmp	r0, #63	@ 0x3f
10005c02:	d801      	bhi.n	10005c08 <tud_cdc_n_write+0x2c>
10005c04:	0030      	movs	r0, r6
10005c06:	bd70      	pop	{r4, r5, r6, pc}
10005c08:	0028      	movs	r0, r5
10005c0a:	f7ff ffab 	bl	10005b64 <tud_cdc_n_write_flush>
10005c0e:	e7f9      	b.n	10005c04 <tud_cdc_n_write+0x28>
10005c10:	20001194 	.word	0x20001194
10005c14:	0000ffff 	.word	0x0000ffff

10005c18 <tud_cdc_n_write_available>:
10005c18:	23c8      	movs	r3, #200	@ 0xc8
10005c1a:	b510      	push	{r4, lr}
10005c1c:	4343      	muls	r3, r0
10005c1e:	4802      	ldr	r0, [pc, #8]	@ (10005c28 <tud_cdc_n_write_available+0x10>)
10005c20:	1818      	adds	r0, r3, r0
10005c22:	f000 fac3 	bl	100061ac <tu_fifo_remaining>
10005c26:	bd10      	pop	{r4, pc}
10005c28:	20001194 	.word	0x20001194

10005c2c <cdcd_init>:
10005c2c:	b5f0      	push	{r4, r5, r6, r7, lr}
10005c2e:	2500      	movs	r5, #0
10005c30:	4c18      	ldr	r4, [pc, #96]	@ (10005c94 <cdcd_init+0x68>)
10005c32:	b083      	sub	sp, #12
10005c34:	22c8      	movs	r2, #200	@ 0xc8
10005c36:	2100      	movs	r1, #0
10005c38:	0020      	movs	r0, r4
10005c3a:	f7fc fcf1 	bl	10002620 <__wrap_memset>
10005c3e:	4b16      	ldr	r3, [pc, #88]	@ (10005c98 <cdcd_init+0x6c>)
10005c40:	0021      	movs	r1, r4
10005c42:	701d      	strb	r5, [r3, #0]
10005c44:	23ff      	movs	r3, #255	@ 0xff
10005c46:	7163      	strb	r3, [r4, #5]
10005c48:	23e1      	movs	r3, #225	@ 0xe1
10005c4a:	025b      	lsls	r3, r3, #9
10005c4c:	60a3      	str	r3, [r4, #8]
10005c4e:	0020      	movs	r0, r4
10005c50:	2308      	movs	r3, #8
10005c52:	2240      	movs	r2, #64	@ 0x40
10005c54:	73a3      	strb	r3, [r4, #14]
10005c56:	3138      	adds	r1, #56	@ 0x38
10005c58:	9500      	str	r5, [sp, #0]
10005c5a:	3b07      	subs	r3, #7
10005c5c:	3010      	adds	r0, #16
10005c5e:	f000 fa55 	bl	1000610c <tu_fifo_config>
10005c62:	0027      	movs	r7, r4
10005c64:	2301      	movs	r3, #1
10005c66:	0021      	movs	r1, r4
10005c68:	0020      	movs	r0, r4
10005c6a:	0026      	movs	r6, r4
10005c6c:	2240      	movs	r2, #64	@ 0x40
10005c6e:	3178      	adds	r1, #120	@ 0x78
10005c70:	9300      	str	r3, [sp, #0]
10005c72:	37b8      	adds	r7, #184	@ 0xb8
10005c74:	3024      	adds	r0, #36	@ 0x24
10005c76:	f000 fa49 	bl	1000610c <tu_fifo_config>
10005c7a:	36c0      	adds	r6, #192	@ 0xc0
10005c7c:	0038      	movs	r0, r7
10005c7e:	f7fa fe7f 	bl	10000980 <mutex_init>
10005c82:	0030      	movs	r0, r6
10005c84:	f7fa fe7c 	bl	10000980 <mutex_init>
10005c88:	61e5      	str	r5, [r4, #28]
10005c8a:	6227      	str	r7, [r4, #32]
10005c8c:	6326      	str	r6, [r4, #48]	@ 0x30
10005c8e:	6365      	str	r5, [r4, #52]	@ 0x34
10005c90:	b003      	add	sp, #12
10005c92:	bdf0      	pop	{r4, r5, r6, r7, pc}
10005c94:	20001170 	.word	0x20001170
10005c98:	20001644 	.word	0x20001644

10005c9c <cdcd_deinit>:
10005c9c:	4b07      	ldr	r3, [pc, #28]	@ (10005cbc <cdcd_deinit+0x20>)
10005c9e:	6a1a      	ldr	r2, [r3, #32]
10005ca0:	6b19      	ldr	r1, [r3, #48]	@ 0x30
10005ca2:	2a00      	cmp	r2, #0
10005ca4:	d002      	beq.n	10005cac <cdcd_deinit+0x10>
10005ca6:	2200      	movs	r2, #0
10005ca8:	61da      	str	r2, [r3, #28]
10005caa:	621a      	str	r2, [r3, #32]
10005cac:	2900      	cmp	r1, #0
10005cae:	d003      	beq.n	10005cb8 <cdcd_deinit+0x1c>
10005cb0:	2000      	movs	r0, #0
10005cb2:	2100      	movs	r1, #0
10005cb4:	6318      	str	r0, [r3, #48]	@ 0x30
10005cb6:	6359      	str	r1, [r3, #52]	@ 0x34
10005cb8:	2001      	movs	r0, #1
10005cba:	4770      	bx	lr
10005cbc:	20001170 	.word	0x20001170

10005cc0 <cdcd_reset>:
10005cc0:	b570      	push	{r4, r5, r6, lr}
10005cc2:	2205      	movs	r2, #5
10005cc4:	2100      	movs	r1, #0
10005cc6:	480d      	ldr	r0, [pc, #52]	@ (10005cfc <cdcd_reset+0x3c>)
10005cc8:	f7fc fcaa 	bl	10002620 <__wrap_memset>
10005ccc:	4d0c      	ldr	r5, [pc, #48]	@ (10005d00 <cdcd_reset+0x40>)
10005cce:	782b      	ldrb	r3, [r5, #0]
10005cd0:	07da      	lsls	r2, r3, #31
10005cd2:	d507      	bpl.n	10005ce4 <cdcd_reset+0x24>
10005cd4:	4c0b      	ldr	r4, [pc, #44]	@ (10005d04 <cdcd_reset+0x44>)
10005cd6:	079b      	lsls	r3, r3, #30
10005cd8:	d50c      	bpl.n	10005cf4 <cdcd_reset+0x34>
10005cda:	2101      	movs	r1, #1
10005cdc:	0020      	movs	r0, r4
10005cde:	f000 fc45 	bl	1000656c <tu_fifo_set_overwritable>
10005ce2:	bd70      	pop	{r4, r5, r6, pc}
10005ce4:	4805      	ldr	r0, [pc, #20]	@ (10005cfc <cdcd_reset+0x3c>)
10005ce6:	3010      	adds	r0, #16
10005ce8:	f000 fc20 	bl	1000652c <tu_fifo_clear>
10005cec:	782b      	ldrb	r3, [r5, #0]
10005cee:	4c05      	ldr	r4, [pc, #20]	@ (10005d04 <cdcd_reset+0x44>)
10005cf0:	079b      	lsls	r3, r3, #30
10005cf2:	d4f2      	bmi.n	10005cda <cdcd_reset+0x1a>
10005cf4:	0020      	movs	r0, r4
10005cf6:	f000 fc19 	bl	1000652c <tu_fifo_clear>
10005cfa:	e7ee      	b.n	10005cda <cdcd_reset+0x1a>
10005cfc:	20001170 	.word	0x20001170
10005d00:	20001644 	.word	0x20001644
10005d04:	20001194 	.word	0x20001194

10005d08 <cdcd_open>:
10005d08:	b5f0      	push	{r4, r5, r6, r7, lr}
10005d0a:	794b      	ldrb	r3, [r1, #5]
10005d0c:	0007      	movs	r7, r0
10005d0e:	b083      	sub	sp, #12
10005d10:	2b02      	cmp	r3, #2
10005d12:	d102      	bne.n	10005d1a <cdcd_open+0x12>
10005d14:	798b      	ldrb	r3, [r1, #6]
10005d16:	2b02      	cmp	r3, #2
10005d18:	d003      	beq.n	10005d22 <cdcd_open+0x1a>
10005d1a:	2400      	movs	r4, #0
10005d1c:	0020      	movs	r0, r4
10005d1e:	b003      	add	sp, #12
10005d20:	bdf0      	pop	{r4, r5, r6, r7, pc}
10005d22:	4b21      	ldr	r3, [pc, #132]	@ (10005da8 <cdcd_open+0xa0>)
10005d24:	001e      	movs	r6, r3
10005d26:	789b      	ldrb	r3, [r3, #2]
10005d28:	2b00      	cmp	r3, #0
10005d2a:	d1f6      	bne.n	10005d1a <cdcd_open+0x12>
10005d2c:	788b      	ldrb	r3, [r1, #2]
10005d2e:	2409      	movs	r4, #9
10005d30:	7033      	strb	r3, [r6, #0]
10005d32:	780d      	ldrb	r5, [r1, #0]
10005d34:	194d      	adds	r5, r1, r5
10005d36:	7869      	ldrb	r1, [r5, #1]
10005d38:	000b      	movs	r3, r1
10005d3a:	2924      	cmp	r1, #36	@ 0x24
10005d3c:	d007      	beq.n	10005d4e <cdcd_open+0x46>
10005d3e:	e00d      	b.n	10005d5c <cdcd_open+0x54>
10005d40:	782b      	ldrb	r3, [r5, #0]
10005d42:	18ed      	adds	r5, r5, r3
10005d44:	191c      	adds	r4, r3, r4
10005d46:	786b      	ldrb	r3, [r5, #1]
10005d48:	b2a4      	uxth	r4, r4
10005d4a:	2b24      	cmp	r3, #36	@ 0x24
10005d4c:	d105      	bne.n	10005d5a <cdcd_open+0x52>
10005d4e:	42a2      	cmp	r2, r4
10005d50:	d2f6      	bcs.n	10005d40 <cdcd_open+0x38>
10005d52:	2000      	movs	r0, #0
10005d54:	f7ff fe6a 	bl	10005a2c <_prep_out_transaction.isra.0>
10005d58:	e7e0      	b.n	10005d1c <cdcd_open+0x14>
10005d5a:	0019      	movs	r1, r3
10005d5c:	2b05      	cmp	r3, #5
10005d5e:	d015      	beq.n	10005d8c <cdcd_open+0x84>
10005d60:	2904      	cmp	r1, #4
10005d62:	d1f6      	bne.n	10005d52 <cdcd_open+0x4a>
10005d64:	796b      	ldrb	r3, [r5, #5]
10005d66:	2b0a      	cmp	r3, #10
10005d68:	d1f3      	bne.n	10005d52 <cdcd_open+0x4a>
10005d6a:	4b10      	ldr	r3, [pc, #64]	@ (10005dac <cdcd_open+0xa4>)
10005d6c:	782e      	ldrb	r6, [r5, #0]
10005d6e:	9301      	str	r3, [sp, #4]
10005d70:	3301      	adds	r3, #1
10005d72:	9300      	str	r3, [sp, #0]
10005d74:	2202      	movs	r2, #2
10005d76:	2302      	movs	r3, #2
10005d78:	0038      	movs	r0, r7
10005d7a:	19a9      	adds	r1, r5, r6
10005d7c:	f7ff fca6 	bl	100056cc <usbd_open_edpt_pair>
10005d80:	2800      	cmp	r0, #0
10005d82:	d0ca      	beq.n	10005d1a <cdcd_open+0x12>
10005d84:	340e      	adds	r4, #14
10005d86:	19a4      	adds	r4, r4, r6
10005d88:	b2a4      	uxth	r4, r4
10005d8a:	e7e2      	b.n	10005d52 <cdcd_open+0x4a>
10005d8c:	0029      	movs	r1, r5
10005d8e:	0038      	movs	r0, r7
10005d90:	f7ff fcea 	bl	10005768 <usbd_edpt_open>
10005d94:	2800      	cmp	r0, #0
10005d96:	d0c0      	beq.n	10005d1a <cdcd_open+0x12>
10005d98:	78ab      	ldrb	r3, [r5, #2]
10005d9a:	7073      	strb	r3, [r6, #1]
10005d9c:	782b      	ldrb	r3, [r5, #0]
10005d9e:	191c      	adds	r4, r3, r4
10005da0:	18ed      	adds	r5, r5, r3
10005da2:	7869      	ldrb	r1, [r5, #1]
10005da4:	b2a4      	uxth	r4, r4
10005da6:	e7db      	b.n	10005d60 <cdcd_open+0x58>
10005da8:	20001170 	.word	0x20001170
10005dac:	20001172 	.word	0x20001172

10005db0 <cdcd_control_xfer_cb>:
10005db0:	2360      	movs	r3, #96	@ 0x60
10005db2:	468c      	mov	ip, r1
10005db4:	0011      	movs	r1, r2
10005db6:	7812      	ldrb	r2, [r2, #0]
10005db8:	b570      	push	{r4, r5, r6, lr}
10005dba:	4013      	ands	r3, r2
10005dbc:	2b20      	cmp	r3, #32
10005dbe:	d107      	bne.n	10005dd0 <cdcd_control_xfer_cb+0x20>
10005dc0:	4a30      	ldr	r2, [pc, #192]	@ (10005e84 <cdcd_control_xfer_cb+0xd4>)
10005dc2:	794b      	ldrb	r3, [r1, #5]
10005dc4:	790c      	ldrb	r4, [r1, #4]
10005dc6:	7815      	ldrb	r5, [r2, #0]
10005dc8:	021b      	lsls	r3, r3, #8
10005dca:	4323      	orrs	r3, r4
10005dcc:	429d      	cmp	r5, r3
10005dce:	d001      	beq.n	10005dd4 <cdcd_control_xfer_cb+0x24>
10005dd0:	2000      	movs	r0, #0
10005dd2:	bd70      	pop	{r4, r5, r6, pc}
10005dd4:	784b      	ldrb	r3, [r1, #1]
10005dd6:	2b22      	cmp	r3, #34	@ 0x22
10005dd8:	d01c      	beq.n	10005e14 <cdcd_control_xfer_cb+0x64>
10005dda:	d808      	bhi.n	10005dee <cdcd_control_xfer_cb+0x3e>
10005ddc:	2b20      	cmp	r3, #32
10005dde:	d038      	beq.n	10005e52 <cdcd_control_xfer_cb+0xa2>
10005de0:	2b21      	cmp	r3, #33	@ 0x21
10005de2:	d1f5      	bne.n	10005dd0 <cdcd_control_xfer_cb+0x20>
10005de4:	4663      	mov	r3, ip
10005de6:	2b01      	cmp	r3, #1
10005de8:	d042      	beq.n	10005e70 <cdcd_control_xfer_cb+0xc0>
10005dea:	2001      	movs	r0, #1
10005dec:	e7f1      	b.n	10005dd2 <cdcd_control_xfer_cb+0x22>
10005dee:	2b23      	cmp	r3, #35	@ 0x23
10005df0:	d1ee      	bne.n	10005dd0 <cdcd_control_xfer_cb+0x20>
10005df2:	4663      	mov	r3, ip
10005df4:	2b01      	cmp	r3, #1
10005df6:	d041      	beq.n	10005e7c <cdcd_control_xfer_cb+0xcc>
10005df8:	2b03      	cmp	r3, #3
10005dfa:	d1f6      	bne.n	10005dea <cdcd_control_xfer_cb+0x3a>
10005dfc:	4b22      	ldr	r3, [pc, #136]	@ (10005e88 <cdcd_control_xfer_cb+0xd8>)
10005dfe:	2b00      	cmp	r3, #0
10005e00:	d0f3      	beq.n	10005dea <cdcd_control_xfer_cb+0x3a>
10005e02:	788b      	ldrb	r3, [r1, #2]
10005e04:	78c9      	ldrb	r1, [r1, #3]
10005e06:	2000      	movs	r0, #0
10005e08:	0209      	lsls	r1, r1, #8
10005e0a:	4319      	orrs	r1, r3
10005e0c:	e000      	b.n	10005e10 <cdcd_control_xfer_cb+0x60>
10005e0e:	bf00      	nop
10005e10:	2001      	movs	r0, #1
10005e12:	e7de      	b.n	10005dd2 <cdcd_control_xfer_cb+0x22>
10005e14:	4663      	mov	r3, ip
10005e16:	2b01      	cmp	r3, #1
10005e18:	d030      	beq.n	10005e7c <cdcd_control_xfer_cb+0xcc>
10005e1a:	2b03      	cmp	r3, #3
10005e1c:	d1e5      	bne.n	10005dea <cdcd_control_xfer_cb+0x3a>
10005e1e:	2501      	movs	r5, #1
10005e20:	7888      	ldrb	r0, [r1, #2]
10005e22:	78cb      	ldrb	r3, [r1, #3]
10005e24:	2101      	movs	r1, #1
10005e26:	021b      	lsls	r3, r3, #8
10005e28:	4303      	orrs	r3, r0
10005e2a:	401d      	ands	r5, r3
10005e2c:	7113      	strb	r3, [r2, #4]
10005e2e:	3224      	adds	r2, #36	@ 0x24
10005e30:	0010      	movs	r0, r2
10005e32:	4069      	eors	r1, r5
10005e34:	001c      	movs	r4, r3
10005e36:	f000 fb99 	bl	1000656c <tu_fifo_set_overwritable>
10005e3a:	4b14      	ldr	r3, [pc, #80]	@ (10005e8c <cdcd_control_xfer_cb+0xdc>)
10005e3c:	2b00      	cmp	r3, #0
10005e3e:	d0d4      	beq.n	10005dea <cdcd_control_xfer_cb+0x3a>
10005e40:	2301      	movs	r3, #1
10005e42:	0862      	lsrs	r2, r4, #1
10005e44:	2000      	movs	r0, #0
10005e46:	0029      	movs	r1, r5
10005e48:	401a      	ands	r2, r3
10005e4a:	e000      	b.n	10005e4e <cdcd_control_xfer_cb+0x9e>
10005e4c:	bf00      	nop
10005e4e:	2001      	movs	r0, #1
10005e50:	e7bf      	b.n	10005dd2 <cdcd_control_xfer_cb+0x22>
10005e52:	4663      	mov	r3, ip
10005e54:	2b01      	cmp	r3, #1
10005e56:	d00b      	beq.n	10005e70 <cdcd_control_xfer_cb+0xc0>
10005e58:	2b03      	cmp	r3, #3
10005e5a:	d1c6      	bne.n	10005dea <cdcd_control_xfer_cb+0x3a>
10005e5c:	4b0c      	ldr	r3, [pc, #48]	@ (10005e90 <cdcd_control_xfer_cb+0xe0>)
10005e5e:	2b00      	cmp	r3, #0
10005e60:	d0c3      	beq.n	10005dea <cdcd_control_xfer_cb+0x3a>
10005e62:	3208      	adds	r2, #8
10005e64:	2000      	movs	r0, #0
10005e66:	0011      	movs	r1, r2
10005e68:	f7fe fe24 	bl	10004ab4 <tud_cdc_line_coding_cb>
10005e6c:	2001      	movs	r0, #1
10005e6e:	e7b0      	b.n	10005dd2 <cdcd_control_xfer_cb+0x22>
10005e70:	2307      	movs	r3, #7
10005e72:	4a08      	ldr	r2, [pc, #32]	@ (10005e94 <cdcd_control_xfer_cb+0xe4>)
10005e74:	f7ff fcfa 	bl	1000586c <tud_control_xfer>
10005e78:	2001      	movs	r0, #1
10005e7a:	e7aa      	b.n	10005dd2 <cdcd_control_xfer_cb+0x22>
10005e7c:	f7ff fce0 	bl	10005840 <tud_control_status>
10005e80:	2001      	movs	r0, #1
10005e82:	e7a6      	b.n	10005dd2 <cdcd_control_xfer_cb+0x22>
10005e84:	20001170 	.word	0x20001170
	...
10005e90:	10004ab5 	.word	0x10004ab5
10005e94:	20001178 	.word	0x20001178

10005e98 <cdcd_xfer_cb>:
10005e98:	b5f8      	push	{r3, r4, r5, r6, r7, lr}
10005e9a:	4647      	mov	r7, r8
10005e9c:	46ce      	mov	lr, r9
10005e9e:	b580      	push	{r7, lr}
10005ea0:	4c34      	ldr	r4, [pc, #208]	@ (10005f74 <cdcd_xfer_cb+0xdc>)
10005ea2:	001f      	movs	r7, r3
10005ea4:	78e3      	ldrb	r3, [r4, #3]
10005ea6:	4680      	mov	r8, r0
10005ea8:	000d      	movs	r5, r1
10005eaa:	428b      	cmp	r3, r1
10005eac:	d03b      	beq.n	10005f26 <cdcd_xfer_cb+0x8e>
10005eae:	78a3      	ldrb	r3, [r4, #2]
10005eb0:	428b      	cmp	r3, r1
10005eb2:	d013      	beq.n	10005edc <cdcd_xfer_cb+0x44>
10005eb4:	2400      	movs	r4, #0
10005eb6:	0020      	movs	r0, r4
10005eb8:	bcc0      	pop	{r6, r7}
10005eba:	46b9      	mov	r9, r7
10005ebc:	46b0      	mov	r8, r6
10005ebe:	bdf8      	pop	{r3, r4, r5, r6, r7, pc}
10005ec0:	4b2d      	ldr	r3, [pc, #180]	@ (10005f78 <cdcd_xfer_cb+0xe0>)
10005ec2:	2b00      	cmp	r3, #0
10005ec4:	d004      	beq.n	10005ed0 <cdcd_xfer_cb+0x38>
10005ec6:	482d      	ldr	r0, [pc, #180]	@ (10005f7c <cdcd_xfer_cb+0xe4>)
10005ec8:	f000 f968 	bl	1000619c <tu_fifo_empty>
10005ecc:	2800      	cmp	r0, #0
10005ece:	d04e      	beq.n	10005f6e <cdcd_xfer_cb+0xd6>
10005ed0:	2000      	movs	r0, #0
10005ed2:	f7ff fdab 	bl	10005a2c <_prep_out_transaction.isra.0>
10005ed6:	78a3      	ldrb	r3, [r4, #2]
10005ed8:	42ab      	cmp	r3, r5
10005eda:	d10a      	bne.n	10005ef2 <cdcd_xfer_cb+0x5a>
10005edc:	4b28      	ldr	r3, [pc, #160]	@ (10005f80 <cdcd_xfer_cb+0xe8>)
10005ede:	2b00      	cmp	r3, #0
10005ee0:	d002      	beq.n	10005ee8 <cdcd_xfer_cb+0x50>
10005ee2:	2000      	movs	r0, #0
10005ee4:	e000      	b.n	10005ee8 <cdcd_xfer_cb+0x50>
10005ee6:	bf00      	nop
10005ee8:	2000      	movs	r0, #0
10005eea:	f7ff fe3b 	bl	10005b64 <tud_cdc_n_write_flush>
10005eee:	2800      	cmp	r0, #0
10005ef0:	d001      	beq.n	10005ef6 <cdcd_xfer_cb+0x5e>
10005ef2:	2401      	movs	r4, #1
10005ef4:	e7df      	b.n	10005eb6 <cdcd_xfer_cb+0x1e>
10005ef6:	4d23      	ldr	r5, [pc, #140]	@ (10005f84 <cdcd_xfer_cb+0xec>)
10005ef8:	0028      	movs	r0, r5
10005efa:	f000 f93d 	bl	10006178 <tu_fifo_count>
10005efe:	2800      	cmp	r0, #0
10005f00:	d1f7      	bne.n	10005ef2 <cdcd_xfer_cb+0x5a>
10005f02:	2f00      	cmp	r7, #0
10005f04:	d0f5      	beq.n	10005ef2 <cdcd_xfer_cb+0x5a>
10005f06:	06bb      	lsls	r3, r7, #26
10005f08:	d1f3      	bne.n	10005ef2 <cdcd_xfer_cb+0x5a>
10005f0a:	3d24      	subs	r5, #36	@ 0x24
10005f0c:	4640      	mov	r0, r8
10005f0e:	78a9      	ldrb	r1, [r5, #2]
10005f10:	f7ff fc44 	bl	1000579c <usbd_edpt_claim>
10005f14:	1e04      	subs	r4, r0, #0
10005f16:	d0ec      	beq.n	10005ef2 <cdcd_xfer_cb+0x5a>
10005f18:	2300      	movs	r3, #0
10005f1a:	2200      	movs	r2, #0
10005f1c:	4640      	mov	r0, r8
10005f1e:	78a9      	ldrb	r1, [r5, #2]
10005f20:	f7ff fc64 	bl	100057ec <usbd_edpt_xfer>
10005f24:	e7c7      	b.n	10005eb6 <cdcd_xfer_cb+0x1e>
10005f26:	4e18      	ldr	r6, [pc, #96]	@ (10005f88 <cdcd_xfer_cb+0xf0>)
10005f28:	4814      	ldr	r0, [pc, #80]	@ (10005f7c <cdcd_xfer_cb+0xe4>)
10005f2a:	0031      	movs	r1, r6
10005f2c:	b2ba      	uxth	r2, r7
10005f2e:	f000 fa5b 	bl	100063e8 <tu_fifo_write_n>
10005f32:	4b16      	ldr	r3, [pc, #88]	@ (10005f8c <cdcd_xfer_cb+0xf4>)
10005f34:	2b00      	cmp	r3, #0
10005f36:	d0c3      	beq.n	10005ec0 <cdcd_xfer_cb+0x28>
10005f38:	7963      	ldrb	r3, [r4, #5]
10005f3a:	2bff      	cmp	r3, #255	@ 0xff
10005f3c:	d0c0      	beq.n	10005ec0 <cdcd_xfer_cb+0x28>
10005f3e:	2f00      	cmp	r7, #0
10005f40:	d0be      	beq.n	10005ec0 <cdcd_xfer_cb+0x28>
10005f42:	46bc      	mov	ip, r7
10005f44:	44b4      	add	ip, r6
10005f46:	46e1      	mov	r9, ip
10005f48:	e003      	b.n	10005f52 <cdcd_xfer_cb+0xba>
10005f4a:	3601      	adds	r6, #1
10005f4c:	45b1      	cmp	r9, r6
10005f4e:	d0b7      	beq.n	10005ec0 <cdcd_xfer_cb+0x28>
10005f50:	7963      	ldrb	r3, [r4, #5]
10005f52:	7832      	ldrb	r2, [r6, #0]
10005f54:	429a      	cmp	r2, r3
10005f56:	d1f8      	bne.n	10005f4a <cdcd_xfer_cb+0xb2>
10005f58:	4808      	ldr	r0, [pc, #32]	@ (10005f7c <cdcd_xfer_cb+0xe4>)
10005f5a:	f000 f91f 	bl	1000619c <tu_fifo_empty>
10005f5e:	2800      	cmp	r0, #0
10005f60:	d1f3      	bne.n	10005f4a <cdcd_xfer_cb+0xb2>
10005f62:	4b06      	ldr	r3, [pc, #24]	@ (10005f7c <cdcd_xfer_cb+0xe4>)
10005f64:	3b10      	subs	r3, #16
10005f66:	7959      	ldrb	r1, [r3, #5]
10005f68:	e000      	b.n	10005f6c <cdcd_xfer_cb+0xd4>
10005f6a:	bf00      	nop
10005f6c:	e7ed      	b.n	10005f4a <cdcd_xfer_cb+0xb2>
10005f6e:	e000      	b.n	10005f72 <cdcd_xfer_cb+0xda>
10005f70:	bf00      	nop
10005f72:	e7ad      	b.n	10005ed0 <cdcd_xfer_cb+0x38>
10005f74:	20001170 	.word	0x20001170
10005f78:	00000000 	.word	0x00000000
10005f7c:	20001180 	.word	0x20001180
10005f80:	00000000 	.word	0x00000000
10005f84:	20001194 	.word	0x20001194
10005f88:	200015c4 	.word	0x200015c4
10005f8c:	00000000 	.word	0x00000000

10005f90 <tusb_rhport_init>:
10005f90:	b500      	push	{lr}
10005f92:	0003      	movs	r3, r0
10005f94:	b083      	sub	sp, #12
10005f96:	2900      	cmp	r1, #0
10005f98:	d010      	beq.n	10005fbc <tusb_rhport_init+0x2c>
10005f9a:	2801      	cmp	r0, #1
10005f9c:	d80b      	bhi.n	10005fb6 <tusb_rhport_init+0x26>
10005f9e:	780a      	ldrb	r2, [r1, #0]
10005fa0:	2a00      	cmp	r2, #0
10005fa2:	d008      	beq.n	10005fb6 <tusb_rhport_init+0x26>
10005fa4:	480c      	ldr	r0, [pc, #48]	@ (10005fd8 <tusb_rhport_init+0x48>)
10005fa6:	54c2      	strb	r2, [r0, r3]
10005fa8:	2001      	movs	r0, #1
10005faa:	2a01      	cmp	r2, #1
10005fac:	d104      	bne.n	10005fb8 <tusb_rhport_init+0x28>
10005fae:	0018      	movs	r0, r3
10005fb0:	f7fe ff38 	bl	10004e24 <tud_rhport_init>
10005fb4:	e000      	b.n	10005fb8 <tusb_rhport_init+0x28>
10005fb6:	2000      	movs	r0, #0
10005fb8:	b003      	add	sp, #12
10005fba:	bd00      	pop	{pc}
10005fbc:	2301      	movs	r3, #1
10005fbe:	466a      	mov	r2, sp
10005fc0:	2000      	movs	r0, #0
10005fc2:	a901      	add	r1, sp, #4
10005fc4:	8093      	strh	r3, [r2, #4]
10005fc6:	f7fe ff2d 	bl	10004e24 <tud_rhport_init>
10005fca:	2800      	cmp	r0, #0
10005fcc:	d0f4      	beq.n	10005fb8 <tusb_rhport_init+0x28>
10005fce:	2201      	movs	r2, #1
10005fd0:	4b01      	ldr	r3, [pc, #4]	@ (10005fd8 <tusb_rhport_init+0x48>)
10005fd2:	701a      	strb	r2, [r3, #0]
10005fd4:	e7f0      	b.n	10005fb8 <tusb_rhport_init+0x28>
10005fd6:	46c0      	nop			@ (mov r8, r8)
10005fd8:	2000169c 	.word	0x2000169c

10005fdc <tu_edpt_claim>:
10005fdc:	b570      	push	{r4, r5, r6, lr}
10005fde:	0004      	movs	r4, r0
10005fe0:	7823      	ldrb	r3, [r4, #0]
10005fe2:	0008      	movs	r0, r1
10005fe4:	07db      	lsls	r3, r3, #31
10005fe6:	000e      	movs	r6, r1
10005fe8:	0fdd      	lsrs	r5, r3, #31
10005fea:	2b00      	cmp	r3, #0
10005fec:	d116      	bne.n	1000601c <tu_edpt_claim+0x40>
10005fee:	7823      	ldrb	r3, [r4, #0]
10005ff0:	075b      	lsls	r3, r3, #29
10005ff2:	d501      	bpl.n	10005ff8 <tu_edpt_claim+0x1c>
10005ff4:	0028      	movs	r0, r5
10005ff6:	bd70      	pop	{r4, r5, r6, pc}
10005ff8:	2101      	movs	r1, #1
10005ffa:	4249      	negs	r1, r1
10005ffc:	f000 fb0c 	bl	10006618 <__mutex_enter_timeout_ms_veneer>
10006000:	7823      	ldrb	r3, [r4, #0]
10006002:	07db      	lsls	r3, r3, #31
10006004:	0fdd      	lsrs	r5, r3, #31
10006006:	2b00      	cmp	r3, #0
10006008:	d10a      	bne.n	10006020 <tu_edpt_claim+0x44>
1000600a:	7823      	ldrb	r3, [r4, #0]
1000600c:	075b      	lsls	r3, r3, #29
1000600e:	d408      	bmi.n	10006022 <tu_edpt_claim+0x46>
10006010:	2204      	movs	r2, #4
10006012:	7823      	ldrb	r3, [r4, #0]
10006014:	2501      	movs	r5, #1
10006016:	4313      	orrs	r3, r2
10006018:	7023      	strb	r3, [r4, #0]
1000601a:	e002      	b.n	10006022 <tu_edpt_claim+0x46>
1000601c:	2500      	movs	r5, #0
1000601e:	e7e9      	b.n	10005ff4 <tu_edpt_claim+0x18>
10006020:	2500      	movs	r5, #0
10006022:	0030      	movs	r0, r6
10006024:	f000 fb38 	bl	10006698 <__mutex_exit_veneer>
10006028:	e7e4      	b.n	10005ff4 <tu_edpt_claim+0x18>
1000602a:	46c0      	nop			@ (mov r8, r8)

1000602c <tu_edpt_release>:
1000602c:	b570      	push	{r4, r5, r6, lr}
1000602e:	000c      	movs	r4, r1
10006030:	2101      	movs	r1, #1
10006032:	0005      	movs	r5, r0
10006034:	4249      	negs	r1, r1
10006036:	0020      	movs	r0, r4
10006038:	f000 faee 	bl	10006618 <__mutex_enter_timeout_ms_veneer>
1000603c:	782b      	ldrb	r3, [r5, #0]
1000603e:	075b      	lsls	r3, r3, #29
10006040:	0fde      	lsrs	r6, r3, #31
10006042:	2b00      	cmp	r3, #0
10006044:	db04      	blt.n	10006050 <tu_edpt_release+0x24>
10006046:	0020      	movs	r0, r4
10006048:	f000 fb26 	bl	10006698 <__mutex_exit_veneer>
1000604c:	0030      	movs	r0, r6
1000604e:	bd70      	pop	{r4, r5, r6, pc}
10006050:	782b      	ldrb	r3, [r5, #0]
10006052:	07db      	lsls	r3, r3, #31
10006054:	d404      	bmi.n	10006060 <tu_edpt_release+0x34>
10006056:	2204      	movs	r2, #4
10006058:	782b      	ldrb	r3, [r5, #0]
1000605a:	4393      	bics	r3, r2
1000605c:	702b      	strb	r3, [r5, #0]
1000605e:	e7f2      	b.n	10006046 <tu_edpt_release+0x1a>
10006060:	2600      	movs	r6, #0
10006062:	e7f0      	b.n	10006046 <tu_edpt_release+0x1a>

10006064 <tu_edpt_validate>:
10006064:	7943      	ldrb	r3, [r0, #5]
10006066:	7902      	ldrb	r2, [r0, #4]
10006068:	021b      	lsls	r3, r3, #8
1000606a:	4313      	orrs	r3, r2
1000606c:	78c2      	ldrb	r2, [r0, #3]
1000606e:	055b      	lsls	r3, r3, #21
10006070:	0792      	lsls	r2, r2, #30
10006072:	0d5b      	lsrs	r3, r3, #21
10006074:	0f92      	lsrs	r2, r2, #30
10006076:	2a02      	cmp	r2, #2
10006078:	d01a      	beq.n	100060b0 <tu_edpt_validate+0x4c>
1000607a:	2a03      	cmp	r2, #3
1000607c:	d00b      	beq.n	10006096 <tu_edpt_validate+0x32>
1000607e:	2000      	movs	r0, #0
10006080:	2a01      	cmp	r2, #1
10006082:	d107      	bne.n	10006094 <tu_edpt_validate+0x30>
10006084:	3902      	subs	r1, #2
10006086:	424a      	negs	r2, r1
10006088:	4151      	adcs	r1, r2
1000608a:	4a10      	ldr	r2, [pc, #64]	@ (100060cc <tu_edpt_validate+0x68>)
1000608c:	1889      	adds	r1, r1, r2
1000608e:	4299      	cmp	r1, r3
10006090:	4140      	adcs	r0, r0
10006092:	b2c0      	uxtb	r0, r0
10006094:	4770      	bx	lr
10006096:	3902      	subs	r1, #2
10006098:	1e4a      	subs	r2, r1, #1
1000609a:	4191      	sbcs	r1, r2
1000609c:	4a0c      	ldr	r2, [pc, #48]	@ (100060d0 <tu_edpt_validate+0x6c>)
1000609e:	4249      	negs	r1, r1
100060a0:	4011      	ands	r1, r2
100060a2:	2280      	movs	r2, #128	@ 0x80
100060a4:	2000      	movs	r0, #0
100060a6:	00d2      	lsls	r2, r2, #3
100060a8:	1889      	adds	r1, r1, r2
100060aa:	4299      	cmp	r1, r3
100060ac:	4140      	adcs	r0, r0
100060ae:	e7f1      	b.n	10006094 <tu_edpt_validate+0x30>
100060b0:	2902      	cmp	r1, #2
100060b2:	d004      	beq.n	100060be <tu_edpt_validate+0x5a>
100060b4:	2000      	movs	r0, #0
100060b6:	2240      	movs	r2, #64	@ 0x40
100060b8:	429a      	cmp	r2, r3
100060ba:	4140      	adcs	r0, r0
100060bc:	e7ea      	b.n	10006094 <tu_edpt_validate+0x30>
100060be:	4a05      	ldr	r2, [pc, #20]	@ (100060d4 <tu_edpt_validate+0x70>)
100060c0:	1898      	adds	r0, r3, r2
100060c2:	4243      	negs	r3, r0
100060c4:	4158      	adcs	r0, r3
100060c6:	b2c0      	uxtb	r0, r0
100060c8:	e7e4      	b.n	10006094 <tu_edpt_validate+0x30>
100060ca:	46c0      	nop			@ (mov r8, r8)
100060cc:	000003ff 	.word	0x000003ff
100060d0:	fffffc40 	.word	0xfffffc40
100060d4:	fffffe00 	.word	0xfffffe00

100060d8 <tu_edpt_bind_driver>:
100060d8:	4684      	mov	ip, r0
100060da:	1888      	adds	r0, r1, r2
100060dc:	b530      	push	{r4, r5, lr}
100060de:	001c      	movs	r4, r3
100060e0:	4281      	cmp	r1, r0
100060e2:	d206      	bcs.n	100060f2 <tu_edpt_bind_driver+0x1a>
100060e4:	784a      	ldrb	r2, [r1, #1]
100060e6:	2a05      	cmp	r2, #5
100060e8:	d004      	beq.n	100060f4 <tu_edpt_bind_driver+0x1c>
100060ea:	780a      	ldrb	r2, [r1, #0]
100060ec:	1889      	adds	r1, r1, r2
100060ee:	4288      	cmp	r0, r1
100060f0:	d8f8      	bhi.n	100060e4 <tu_edpt_bind_driver+0xc>
100060f2:	bd30      	pop	{r4, r5, pc}
100060f4:	227f      	movs	r2, #127	@ 0x7f
100060f6:	788b      	ldrb	r3, [r1, #2]
100060f8:	401a      	ands	r2, r3
100060fa:	0052      	lsls	r2, r2, #1
100060fc:	4462      	add	r2, ip
100060fe:	09db      	lsrs	r3, r3, #7
10006100:	54d4      	strb	r4, [r2, r3]
10006102:	780a      	ldrb	r2, [r1, #0]
10006104:	1889      	adds	r1, r1, r2
10006106:	4288      	cmp	r0, r1
10006108:	d8ec      	bhi.n	100060e4 <tu_edpt_bind_driver+0xc>
1000610a:	e7f2      	b.n	100060f2 <tu_edpt_bind_driver+0x1a>

1000610c <tu_fifo_config>:
1000610c:	b5f0      	push	{r4, r5, r6, r7, lr}
1000610e:	46c6      	mov	lr, r8
10006110:	b500      	push	{lr}
10006112:	4698      	mov	r8, r3
10006114:	466b      	mov	r3, sp
10006116:	7e1e      	ldrb	r6, [r3, #24]
10006118:	2380      	movs	r3, #128	@ 0x80
1000611a:	0004      	movs	r4, r0
1000611c:	000f      	movs	r7, r1
1000611e:	0015      	movs	r5, r2
10006120:	021b      	lsls	r3, r3, #8
10006122:	429a      	cmp	r2, r3
10006124:	d826      	bhi.n	10006174 <tu_fifo_config+0x68>
10006126:	68c0      	ldr	r0, [r0, #12]
10006128:	2800      	cmp	r0, #0
1000612a:	d003      	beq.n	10006134 <tu_fifo_config+0x28>
1000612c:	2101      	movs	r1, #1
1000612e:	4249      	negs	r1, r1
10006130:	f000 fa72 	bl	10006618 <__mutex_enter_timeout_ms_veneer>
10006134:	6920      	ldr	r0, [r4, #16]
10006136:	2800      	cmp	r0, #0
10006138:	d003      	beq.n	10006142 <tu_fifo_config+0x36>
1000613a:	2101      	movs	r1, #1
1000613c:	4249      	negs	r1, r1
1000613e:	f000 fa6b 	bl	10006618 <__mutex_enter_timeout_ms_veneer>
10006142:	4642      	mov	r2, r8
10006144:	0452      	lsls	r2, r2, #17
10006146:	03f3      	lsls	r3, r6, #15
10006148:	0c52      	lsrs	r2, r2, #17
1000614a:	4313      	orrs	r3, r2
1000614c:	80e3      	strh	r3, [r4, #6]
1000614e:	2300      	movs	r3, #0
10006150:	68e0      	ldr	r0, [r4, #12]
10006152:	8163      	strh	r3, [r4, #10]
10006154:	6027      	str	r7, [r4, #0]
10006156:	80a5      	strh	r5, [r4, #4]
10006158:	8123      	strh	r3, [r4, #8]
1000615a:	2800      	cmp	r0, #0
1000615c:	d001      	beq.n	10006162 <tu_fifo_config+0x56>
1000615e:	f000 fa9b 	bl	10006698 <__mutex_exit_veneer>
10006162:	6920      	ldr	r0, [r4, #16]
10006164:	2800      	cmp	r0, #0
10006166:	d001      	beq.n	1000616c <tu_fifo_config+0x60>
10006168:	f000 fa96 	bl	10006698 <__mutex_exit_veneer>
1000616c:	2001      	movs	r0, #1
1000616e:	bc80      	pop	{r7}
10006170:	46b8      	mov	r8, r7
10006172:	bdf0      	pop	{r4, r5, r6, r7, pc}
10006174:	2000      	movs	r0, #0
10006176:	e7fa      	b.n	1000616e <tu_fifo_config+0x62>

10006178 <tu_fifo_count>:
10006178:	8903      	ldrh	r3, [r0, #8]
1000617a:	8941      	ldrh	r1, [r0, #10]
1000617c:	8882      	ldrh	r2, [r0, #4]
1000617e:	428b      	cmp	r3, r1
10006180:	d307      	bcc.n	10006192 <tu_fifo_count+0x1a>
10006182:	1a5b      	subs	r3, r3, r1
10006184:	b29b      	uxth	r3, r3
10006186:	1c10      	adds	r0, r2, #0
10006188:	429a      	cmp	r2, r3
1000618a:	d900      	bls.n	1000618e <tu_fifo_count+0x16>
1000618c:	1c18      	adds	r0, r3, #0
1000618e:	b280      	uxth	r0, r0
10006190:	4770      	bx	lr
10006192:	0050      	lsls	r0, r2, #1
10006194:	1a41      	subs	r1, r0, r1
10006196:	185b      	adds	r3, r3, r1
10006198:	b29b      	uxth	r3, r3
1000619a:	e7f4      	b.n	10006186 <tu_fifo_count+0xe>

1000619c <tu_fifo_empty>:
1000619c:	8903      	ldrh	r3, [r0, #8]
1000619e:	8940      	ldrh	r0, [r0, #10]
100061a0:	1a18      	subs	r0, r3, r0
100061a2:	4242      	negs	r2, r0
100061a4:	4150      	adcs	r0, r2
100061a6:	b2c0      	uxtb	r0, r0
100061a8:	4770      	bx	lr
100061aa:	46c0      	nop			@ (mov r8, r8)

100061ac <tu_fifo_remaining>:
100061ac:	8903      	ldrh	r3, [r0, #8]
100061ae:	8941      	ldrh	r1, [r0, #10]
100061b0:	8882      	ldrh	r2, [r0, #4]
100061b2:	428b      	cmp	r3, r1
100061b4:	d307      	bcc.n	100061c6 <tu_fifo_remaining+0x1a>
100061b6:	1a5b      	subs	r3, r3, r1
100061b8:	b29b      	uxth	r3, r3
100061ba:	2000      	movs	r0, #0
100061bc:	429a      	cmp	r2, r3
100061be:	d901      	bls.n	100061c4 <tu_fifo_remaining+0x18>
100061c0:	1ad2      	subs	r2, r2, r3
100061c2:	b290      	uxth	r0, r2
100061c4:	4770      	bx	lr
100061c6:	0050      	lsls	r0, r2, #1
100061c8:	1a41      	subs	r1, r0, r1
100061ca:	185b      	adds	r3, r3, r1
100061cc:	b29b      	uxth	r3, r3
100061ce:	e7f4      	b.n	100061ba <tu_fifo_remaining+0xe>

100061d0 <tu_fifo_read>:
100061d0:	b570      	push	{r4, r5, r6, lr}
100061d2:	0004      	movs	r4, r0
100061d4:	6900      	ldr	r0, [r0, #16]
100061d6:	000d      	movs	r5, r1
100061d8:	2800      	cmp	r0, #0
100061da:	d003      	beq.n	100061e4 <tu_fifo_read+0x14>
100061dc:	2101      	movs	r1, #1
100061de:	4249      	negs	r1, r1
100061e0:	f000 fa1a 	bl	10006618 <__mutex_enter_timeout_ms_veneer>
100061e4:	8920      	ldrh	r0, [r4, #8]
100061e6:	8961      	ldrh	r1, [r4, #10]
100061e8:	88a3      	ldrh	r3, [r4, #4]
100061ea:	4288      	cmp	r0, r1
100061ec:	d331      	bcc.n	10006252 <tu_fifo_read+0x82>
100061ee:	1a42      	subs	r2, r0, r1
100061f0:	b292      	uxth	r2, r2
100061f2:	2a00      	cmp	r2, #0
100061f4:	d027      	beq.n	10006246 <tu_fifo_read+0x76>
100061f6:	4293      	cmp	r3, r2
100061f8:	d208      	bcs.n	1000620c <tu_fifo_read+0x3c>
100061fa:	4298      	cmp	r0, r3
100061fc:	d32e      	bcc.n	1000625c <tu_fifo_read+0x8c>
100061fe:	1ac0      	subs	r0, r0, r3
10006200:	b281      	uxth	r1, r0
10006202:	8161      	strh	r1, [r4, #10]
10006204:	428b      	cmp	r3, r1
10006206:	d803      	bhi.n	10006210 <tu_fifo_read+0x40>
10006208:	1ac9      	subs	r1, r1, r3
1000620a:	b289      	uxth	r1, r1
1000620c:	428b      	cmp	r3, r1
1000620e:	d9fb      	bls.n	10006208 <tu_fifo_read+0x38>
10006210:	88e2      	ldrh	r2, [r4, #6]
10006212:	6823      	ldr	r3, [r4, #0]
10006214:	0452      	lsls	r2, r2, #17
10006216:	0c52      	lsrs	r2, r2, #17
10006218:	4351      	muls	r1, r2
1000621a:	0028      	movs	r0, r5
1000621c:	1859      	adds	r1, r3, r1
1000621e:	f7fc fa05 	bl	1000262c <__wrap___aeabi_memcpy>
10006222:	8961      	ldrh	r1, [r4, #10]
10006224:	2501      	movs	r5, #1
10006226:	1c4a      	adds	r2, r1, #1
10006228:	b292      	uxth	r2, r2
1000622a:	88a3      	ldrh	r3, [r4, #4]
1000622c:	4291      	cmp	r1, r2
1000622e:	d90c      	bls.n	1000624a <tu_fifo_read+0x7a>
10006230:	2200      	movs	r2, #0
10006232:	005b      	lsls	r3, r3, #1
10006234:	1ad2      	subs	r2, r2, r3
10006236:	6920      	ldr	r0, [r4, #16]
10006238:	8162      	strh	r2, [r4, #10]
1000623a:	2800      	cmp	r0, #0
1000623c:	d001      	beq.n	10006242 <tu_fifo_read+0x72>
1000623e:	f000 fa2b 	bl	10006698 <__mutex_exit_veneer>
10006242:	0028      	movs	r0, r5
10006244:	bd70      	pop	{r4, r5, r6, pc}
10006246:	2500      	movs	r5, #0
10006248:	8962      	ldrh	r2, [r4, #10]
1000624a:	005b      	lsls	r3, r3, #1
1000624c:	429a      	cmp	r2, r3
1000624e:	dbf2      	blt.n	10006236 <tu_fifo_read+0x66>
10006250:	e7f0      	b.n	10006234 <tu_fifo_read+0x64>
10006252:	005a      	lsls	r2, r3, #1
10006254:	1a52      	subs	r2, r2, r1
10006256:	1882      	adds	r2, r0, r2
10006258:	b292      	uxth	r2, r2
1000625a:	e7ca      	b.n	100061f2 <tu_fifo_read+0x22>
1000625c:	18c0      	adds	r0, r0, r3
1000625e:	b281      	uxth	r1, r0
10006260:	8161      	strh	r1, [r4, #10]
10006262:	e7cf      	b.n	10006204 <tu_fifo_read+0x34>

10006264 <tu_fifo_read_n>:
10006264:	b5f0      	push	{r4, r5, r6, r7, lr}
10006266:	46d6      	mov	lr, sl
10006268:	464f      	mov	r7, r9
1000626a:	4646      	mov	r6, r8
1000626c:	b5c0      	push	{r6, r7, lr}
1000626e:	0007      	movs	r7, r0
10006270:	6900      	ldr	r0, [r0, #16]
10006272:	468a      	mov	sl, r1
10006274:	4690      	mov	r8, r2
10006276:	b082      	sub	sp, #8
10006278:	2800      	cmp	r0, #0
1000627a:	d003      	beq.n	10006284 <tu_fifo_read_n+0x20>
1000627c:	2101      	movs	r1, #1
1000627e:	4249      	negs	r1, r1
10006280:	f000 f9ca 	bl	10006618 <__mutex_enter_timeout_ms_veneer>
10006284:	893b      	ldrh	r3, [r7, #8]
10006286:	897c      	ldrh	r4, [r7, #10]
10006288:	88bd      	ldrh	r5, [r7, #4]
1000628a:	42a3      	cmp	r3, r4
1000628c:	d354      	bcc.n	10006338 <tu_fifo_read_n+0xd4>
1000628e:	1b1e      	subs	r6, r3, r4
10006290:	b2b6      	uxth	r6, r6
10006292:	2e00      	cmp	r6, #0
10006294:	d04b      	beq.n	1000632e <tu_fifo_read_n+0xca>
10006296:	42b5      	cmp	r5, r6
10006298:	d205      	bcs.n	100062a6 <tu_fifo_read_n+0x42>
1000629a:	42ab      	cmp	r3, r5
1000629c:	d251      	bcs.n	10006342 <tu_fifo_read_n+0xde>
1000629e:	195b      	adds	r3, r3, r5
100062a0:	b29c      	uxth	r4, r3
100062a2:	002e      	movs	r6, r5
100062a4:	817c      	strh	r4, [r7, #10]
100062a6:	4643      	mov	r3, r8
100062a8:	45b0      	cmp	r8, r6
100062aa:	d83e      	bhi.n	1000632a <tu_fifo_read_n+0xc6>
100062ac:	b29e      	uxth	r6, r3
100062ae:	42a5      	cmp	r5, r4
100062b0:	d803      	bhi.n	100062ba <tu_fifo_read_n+0x56>
100062b2:	1b64      	subs	r4, r4, r5
100062b4:	b2a4      	uxth	r4, r4
100062b6:	42a5      	cmp	r5, r4
100062b8:	d9fb      	bls.n	100062b2 <tu_fifo_read_n+0x4e>
100062ba:	88fa      	ldrh	r2, [r7, #6]
100062bc:	6839      	ldr	r1, [r7, #0]
100062be:	0452      	lsls	r2, r2, #17
100062c0:	0c50      	lsrs	r0, r2, #17
100062c2:	0002      	movs	r2, r0
100062c4:	4362      	muls	r2, r4
100062c6:	1b2b      	subs	r3, r5, r4
100062c8:	b29b      	uxth	r3, r3
100062ca:	1889      	adds	r1, r1, r2
100062cc:	9001      	str	r0, [sp, #4]
100062ce:	0002      	movs	r2, r0
100062d0:	429e      	cmp	r6, r3
100062d2:	d925      	bls.n	10006320 <tu_fifo_read_n+0xbc>
100062d4:	4343      	muls	r3, r0
100062d6:	b29b      	uxth	r3, r3
100062d8:	001a      	movs	r2, r3
100062da:	4650      	mov	r0, sl
100062dc:	4699      	mov	r9, r3
100062de:	f7fc f9a5 	bl	1000262c <__wrap___aeabi_memcpy>
100062e2:	4650      	mov	r0, sl
100062e4:	9a01      	ldr	r2, [sp, #4]
100062e6:	1b75      	subs	r5, r6, r5
100062e8:	1964      	adds	r4, r4, r5
100062ea:	4354      	muls	r4, r2
100062ec:	6839      	ldr	r1, [r7, #0]
100062ee:	4448      	add	r0, r9
100062f0:	b2a2      	uxth	r2, r4
100062f2:	f7fc f99b 	bl	1000262c <__wrap___aeabi_memcpy>
100062f6:	8979      	ldrh	r1, [r7, #10]
100062f8:	88bd      	ldrh	r5, [r7, #4]
100062fa:	198b      	adds	r3, r1, r6
100062fc:	b29b      	uxth	r3, r3
100062fe:	006a      	lsls	r2, r5, #1
10006300:	4299      	cmp	r1, r3
10006302:	d915      	bls.n	10006330 <tu_fifo_read_n+0xcc>
10006304:	1a9b      	subs	r3, r3, r2
10006306:	6938      	ldr	r0, [r7, #16]
10006308:	817b      	strh	r3, [r7, #10]
1000630a:	2800      	cmp	r0, #0
1000630c:	d001      	beq.n	10006312 <tu_fifo_read_n+0xae>
1000630e:	f000 f9c3 	bl	10006698 <__mutex_exit_veneer>
10006312:	0030      	movs	r0, r6
10006314:	b002      	add	sp, #8
10006316:	bce0      	pop	{r5, r6, r7}
10006318:	46ba      	mov	sl, r7
1000631a:	46b1      	mov	r9, r6
1000631c:	46a8      	mov	r8, r5
1000631e:	bdf0      	pop	{r4, r5, r6, r7, pc}
10006320:	4650      	mov	r0, sl
10006322:	4372      	muls	r2, r6
10006324:	f7fc f982 	bl	1000262c <__wrap___aeabi_memcpy>
10006328:	e7e5      	b.n	100062f6 <tu_fifo_read_n+0x92>
1000632a:	1c33      	adds	r3, r6, #0
1000632c:	e7be      	b.n	100062ac <tu_fifo_read_n+0x48>
1000632e:	897b      	ldrh	r3, [r7, #10]
10006330:	006a      	lsls	r2, r5, #1
10006332:	4293      	cmp	r3, r2
10006334:	dbe7      	blt.n	10006306 <tu_fifo_read_n+0xa2>
10006336:	e7e5      	b.n	10006304 <tu_fifo_read_n+0xa0>
10006338:	006e      	lsls	r6, r5, #1
1000633a:	1b36      	subs	r6, r6, r4
1000633c:	199e      	adds	r6, r3, r6
1000633e:	b2b6      	uxth	r6, r6
10006340:	e7a7      	b.n	10006292 <tu_fifo_read_n+0x2e>
10006342:	1b5b      	subs	r3, r3, r5
10006344:	b29c      	uxth	r4, r3
10006346:	e7ac      	b.n	100062a2 <tu_fifo_read_n+0x3e>

10006348 <tu_fifo_write>:
10006348:	b5f8      	push	{r3, r4, r5, r6, r7, lr}
1000634a:	0004      	movs	r4, r0
1000634c:	68c0      	ldr	r0, [r0, #12]
1000634e:	000f      	movs	r7, r1
10006350:	2800      	cmp	r0, #0
10006352:	d003      	beq.n	1000635c <tu_fifo_write+0x14>
10006354:	2101      	movs	r1, #1
10006356:	4249      	negs	r1, r1
10006358:	f000 f95e 	bl	10006618 <__mutex_enter_timeout_ms_veneer>
1000635c:	8925      	ldrh	r5, [r4, #8]
1000635e:	8922      	ldrh	r2, [r4, #8]
10006360:	8961      	ldrh	r1, [r4, #10]
10006362:	88a3      	ldrh	r3, [r4, #4]
10006364:	428a      	cmp	r2, r1
10006366:	d328      	bcc.n	100063ba <tu_fifo_write+0x72>
10006368:	1a52      	subs	r2, r2, r1
1000636a:	b292      	uxth	r2, r2
1000636c:	4293      	cmp	r3, r2
1000636e:	d809      	bhi.n	10006384 <tu_fifo_write+0x3c>
10006370:	79e6      	ldrb	r6, [r4, #7]
10006372:	09f6      	lsrs	r6, r6, #7
10006374:	d106      	bne.n	10006384 <tu_fifo_write+0x3c>
10006376:	68e0      	ldr	r0, [r4, #12]
10006378:	2800      	cmp	r0, #0
1000637a:	d001      	beq.n	10006380 <tu_fifo_write+0x38>
1000637c:	f000 f98c 	bl	10006698 <__mutex_exit_veneer>
10006380:	0030      	movs	r0, r6
10006382:	bdf8      	pop	{r3, r4, r5, r6, r7, pc}
10006384:	429d      	cmp	r5, r3
10006386:	d31d      	bcc.n	100063c4 <tu_fifo_write+0x7c>
10006388:	0028      	movs	r0, r5
1000638a:	1ac0      	subs	r0, r0, r3
1000638c:	b280      	uxth	r0, r0
1000638e:	4298      	cmp	r0, r3
10006390:	d2fb      	bcs.n	1000638a <tu_fifo_write+0x42>
10006392:	88e2      	ldrh	r2, [r4, #6]
10006394:	6823      	ldr	r3, [r4, #0]
10006396:	0452      	lsls	r2, r2, #17
10006398:	0c52      	lsrs	r2, r2, #17
1000639a:	4350      	muls	r0, r2
1000639c:	0039      	movs	r1, r7
1000639e:	1818      	adds	r0, r3, r0
100063a0:	f7fc f944 	bl	1000262c <__wrap___aeabi_memcpy>
100063a4:	1c6b      	adds	r3, r5, #1
100063a6:	b29b      	uxth	r3, r3
100063a8:	88a2      	ldrh	r2, [r4, #4]
100063aa:	429d      	cmp	r5, r3
100063ac:	d917      	bls.n	100063de <tu_fifo_write+0x96>
100063ae:	2300      	movs	r3, #0
100063b0:	0052      	lsls	r2, r2, #1
100063b2:	1a9b      	subs	r3, r3, r2
100063b4:	2601      	movs	r6, #1
100063b6:	8123      	strh	r3, [r4, #8]
100063b8:	e7dd      	b.n	10006376 <tu_fifo_write+0x2e>
100063ba:	0058      	lsls	r0, r3, #1
100063bc:	1a41      	subs	r1, r0, r1
100063be:	1852      	adds	r2, r2, r1
100063c0:	b292      	uxth	r2, r2
100063c2:	e7d3      	b.n	1000636c <tu_fifo_write+0x24>
100063c4:	002b      	movs	r3, r5
100063c6:	88e2      	ldrh	r2, [r4, #6]
100063c8:	6820      	ldr	r0, [r4, #0]
100063ca:	0452      	lsls	r2, r2, #17
100063cc:	0c52      	lsrs	r2, r2, #17
100063ce:	4353      	muls	r3, r2
100063d0:	0039      	movs	r1, r7
100063d2:	18c0      	adds	r0, r0, r3
100063d4:	f7fc f92a 	bl	1000262c <__wrap___aeabi_memcpy>
100063d8:	3501      	adds	r5, #1
100063da:	88a2      	ldrh	r2, [r4, #4]
100063dc:	b2ab      	uxth	r3, r5
100063de:	0052      	lsls	r2, r2, #1
100063e0:	4293      	cmp	r3, r2
100063e2:	dbe7      	blt.n	100063b4 <tu_fifo_write+0x6c>
100063e4:	e7e5      	b.n	100063b2 <tu_fifo_write+0x6a>
100063e6:	46c0      	nop			@ (mov r8, r8)

100063e8 <tu_fifo_write_n>:
100063e8:	b5f0      	push	{r4, r5, r6, r7, lr}
100063ea:	4646      	mov	r6, r8
100063ec:	464f      	mov	r7, r9
100063ee:	46d6      	mov	lr, sl
100063f0:	b5c0      	push	{r6, r7, lr}
100063f2:	4688      	mov	r8, r1
100063f4:	0007      	movs	r7, r0
100063f6:	0016      	movs	r6, r2
100063f8:	b082      	sub	sp, #8
100063fa:	2a00      	cmp	r2, #0
100063fc:	d05a      	beq.n	100064b4 <tu_fifo_write_n+0xcc>
100063fe:	68c0      	ldr	r0, [r0, #12]
10006400:	2800      	cmp	r0, #0
10006402:	d003      	beq.n	1000640c <tu_fifo_write_n+0x24>
10006404:	2101      	movs	r1, #1
10006406:	4249      	negs	r1, r1
10006408:	f000 f906 	bl	10006618 <__mutex_enter_timeout_ms_veneer>
1000640c:	8939      	ldrh	r1, [r7, #8]
1000640e:	79fb      	ldrb	r3, [r7, #7]
10006410:	4689      	mov	r9, r1
10006412:	897a      	ldrh	r2, [r7, #10]
10006414:	88bd      	ldrh	r5, [r7, #4]
10006416:	09db      	lsrs	r3, r3, #7
10006418:	d134      	bne.n	10006484 <tu_fifo_write_n+0x9c>
1000641a:	4291      	cmp	r1, r2
1000641c:	d252      	bcs.n	100064c4 <tu_fifo_write_n+0xdc>
1000641e:	006b      	lsls	r3, r5, #1
10006420:	1a9b      	subs	r3, r3, r2
10006422:	444b      	add	r3, r9
10006424:	b29b      	uxth	r3, r3
10006426:	42ab      	cmp	r3, r5
10006428:	d250      	bcs.n	100064cc <tu_fifo_write_n+0xe4>
1000642a:	1aeb      	subs	r3, r5, r3
1000642c:	1c1a      	adds	r2, r3, #0
1000642e:	b29b      	uxth	r3, r3
10006430:	42b3      	cmp	r3, r6
10006432:	d900      	bls.n	10006436 <tu_fifo_write_n+0x4e>
10006434:	1c32      	adds	r2, r6, #0
10006436:	b296      	uxth	r6, r2
10006438:	1b73      	subs	r3, r6, r5
1000643a:	469a      	mov	sl, r3
1000643c:	88fb      	ldrh	r3, [r7, #6]
1000643e:	464c      	mov	r4, r9
10006440:	42ac      	cmp	r4, r5
10006442:	d303      	bcc.n	1000644c <tu_fifo_write_n+0x64>
10006444:	1b64      	subs	r4, r4, r5
10006446:	b2a4      	uxth	r4, r4
10006448:	42ac      	cmp	r4, r5
1000644a:	d2fb      	bcs.n	10006444 <tu_fifo_write_n+0x5c>
1000644c:	045b      	lsls	r3, r3, #17
1000644e:	0c5a      	lsrs	r2, r3, #17
10006450:	0013      	movs	r3, r2
10006452:	4363      	muls	r3, r4
10006454:	6838      	ldr	r0, [r7, #0]
10006456:	1b2d      	subs	r5, r5, r4
10006458:	b2ad      	uxth	r5, r5
1000645a:	9201      	str	r2, [sp, #4]
1000645c:	18c0      	adds	r0, r0, r3
1000645e:	42b5      	cmp	r5, r6
10006460:	d33e      	bcc.n	100064e0 <tu_fifo_write_n+0xf8>
10006462:	4641      	mov	r1, r8
10006464:	4372      	muls	r2, r6
10006466:	f7fc f8e1 	bl	1000262c <__wrap___aeabi_memcpy>
1000646a:	4649      	mov	r1, r9
1000646c:	88ba      	ldrh	r2, [r7, #4]
1000646e:	1873      	adds	r3, r6, r1
10006470:	b29b      	uxth	r3, r3
10006472:	0052      	lsls	r2, r2, #1
10006474:	454b      	cmp	r3, r9
10006476:	d301      	bcc.n	1000647c <tu_fifo_write_n+0x94>
10006478:	4293      	cmp	r3, r2
1000647a:	db00      	blt.n	1000647e <tu_fifo_write_n+0x96>
1000647c:	1a9b      	subs	r3, r3, r2
1000647e:	0035      	movs	r5, r6
10006480:	813b      	strh	r3, [r7, #8]
10006482:	e027      	b.n	100064d4 <tu_fifo_write_n+0xec>
10006484:	42ae      	cmp	r6, r5
10006486:	d223      	bcs.n	100064d0 <tu_fifo_write_n+0xe8>
10006488:	4291      	cmp	r1, r2
1000648a:	d339      	bcc.n	10006500 <tu_fifo_write_n+0x118>
1000648c:	1a8b      	subs	r3, r1, r2
1000648e:	b29b      	uxth	r3, r3
10006490:	0069      	lsls	r1, r5, #1
10006492:	1b70      	subs	r0, r6, r5
10006494:	199b      	adds	r3, r3, r6
10006496:	4682      	mov	sl, r0
10006498:	428b      	cmp	r3, r1
1000649a:	db09      	blt.n	100064b0 <tu_fifo_write_n+0xc8>
1000649c:	1953      	adds	r3, r2, r5
1000649e:	1b9b      	subs	r3, r3, r6
100064a0:	b29b      	uxth	r3, r3
100064a2:	4699      	mov	r9, r3
100064a4:	429a      	cmp	r2, r3
100064a6:	d930      	bls.n	1000650a <tu_fifo_write_n+0x122>
100064a8:	464b      	mov	r3, r9
100064aa:	1a59      	subs	r1, r3, r1
100064ac:	b28b      	uxth	r3, r1
100064ae:	4699      	mov	r9, r3
100064b0:	88fb      	ldrh	r3, [r7, #6]
100064b2:	e7c4      	b.n	1000643e <tu_fifo_write_n+0x56>
100064b4:	2500      	movs	r5, #0
100064b6:	0028      	movs	r0, r5
100064b8:	b002      	add	sp, #8
100064ba:	bce0      	pop	{r5, r6, r7}
100064bc:	46ba      	mov	sl, r7
100064be:	46b1      	mov	r9, r6
100064c0:	46a8      	mov	r8, r5
100064c2:	bdf0      	pop	{r4, r5, r6, r7, pc}
100064c4:	1a8b      	subs	r3, r1, r2
100064c6:	b29b      	uxth	r3, r3
100064c8:	42ab      	cmp	r3, r5
100064ca:	d3ae      	bcc.n	1000642a <tu_fifo_write_n+0x42>
100064cc:	2500      	movs	r5, #0
100064ce:	e001      	b.n	100064d4 <tu_fifo_write_n+0xec>
100064d0:	2d00      	cmp	r5, #0
100064d2:	d11d      	bne.n	10006510 <tu_fifo_write_n+0x128>
100064d4:	68f8      	ldr	r0, [r7, #12]
100064d6:	2800      	cmp	r0, #0
100064d8:	d0ed      	beq.n	100064b6 <tu_fifo_write_n+0xce>
100064da:	f000 f8dd 	bl	10006698 <__mutex_exit_veneer>
100064de:	e7ea      	b.n	100064b6 <tu_fifo_write_n+0xce>
100064e0:	4355      	muls	r5, r2
100064e2:	b2ad      	uxth	r5, r5
100064e4:	002a      	movs	r2, r5
100064e6:	4641      	mov	r1, r8
100064e8:	f7fc f8a0 	bl	1000262c <__wrap___aeabi_memcpy>
100064ec:	9b01      	ldr	r3, [sp, #4]
100064ee:	4454      	add	r4, sl
100064f0:	435c      	muls	r4, r3
100064f2:	4643      	mov	r3, r8
100064f4:	6838      	ldr	r0, [r7, #0]
100064f6:	b2a2      	uxth	r2, r4
100064f8:	1959      	adds	r1, r3, r5
100064fa:	f7fc f897 	bl	1000262c <__wrap___aeabi_memcpy>
100064fe:	e7b4      	b.n	1000646a <tu_fifo_write_n+0x82>
10006500:	0069      	lsls	r1, r5, #1
10006502:	1a8b      	subs	r3, r1, r2
10006504:	444b      	add	r3, r9
10006506:	b29b      	uxth	r3, r3
10006508:	e7c3      	b.n	10006492 <tu_fifo_write_n+0xaa>
1000650a:	4299      	cmp	r1, r3
1000650c:	ddcc      	ble.n	100064a8 <tu_fifo_write_n+0xc0>
1000650e:	e7cf      	b.n	100064b0 <tu_fifo_write_n+0xc8>
10006510:	46c4      	mov	ip, r8
10006512:	4691      	mov	r9, r2
10006514:	2200      	movs	r2, #0
10006516:	88fb      	ldrh	r3, [r7, #6]
10006518:	1b76      	subs	r6, r6, r5
1000651a:	0459      	lsls	r1, r3, #17
1000651c:	0c49      	lsrs	r1, r1, #17
1000651e:	4371      	muls	r1, r6
10006520:	448c      	add	ip, r1
10006522:	46e0      	mov	r8, ip
10006524:	002e      	movs	r6, r5
10006526:	4692      	mov	sl, r2
10006528:	e789      	b.n	1000643e <tu_fifo_write_n+0x56>
1000652a:	46c0      	nop			@ (mov r8, r8)

1000652c <tu_fifo_clear>:
1000652c:	b510      	push	{r4, lr}
1000652e:	0004      	movs	r4, r0
10006530:	68c0      	ldr	r0, [r0, #12]
10006532:	2800      	cmp	r0, #0
10006534:	d003      	beq.n	1000653e <tu_fifo_clear+0x12>
10006536:	2101      	movs	r1, #1
10006538:	4249      	negs	r1, r1
1000653a:	f000 f86d 	bl	10006618 <__mutex_enter_timeout_ms_veneer>
1000653e:	6920      	ldr	r0, [r4, #16]
10006540:	2800      	cmp	r0, #0
10006542:	d003      	beq.n	1000654c <tu_fifo_clear+0x20>
10006544:	2101      	movs	r1, #1
10006546:	4249      	negs	r1, r1
10006548:	f000 f866 	bl	10006618 <__mutex_enter_timeout_ms_veneer>
1000654c:	2300      	movs	r3, #0
1000654e:	68e0      	ldr	r0, [r4, #12]
10006550:	8163      	strh	r3, [r4, #10]
10006552:	8123      	strh	r3, [r4, #8]
10006554:	2800      	cmp	r0, #0
10006556:	d001      	beq.n	1000655c <tu_fifo_clear+0x30>
10006558:	f000 f89e 	bl	10006698 <__mutex_exit_veneer>
1000655c:	6920      	ldr	r0, [r4, #16]
1000655e:	2800      	cmp	r0, #0
10006560:	d001      	beq.n	10006566 <tu_fifo_clear+0x3a>
10006562:	f000 f899 	bl	10006698 <__mutex_exit_veneer>
10006566:	2001      	movs	r0, #1
10006568:	bd10      	pop	{r4, pc}
1000656a:	46c0      	nop			@ (mov r8, r8)

1000656c <tu_fifo_set_overwritable>:
1000656c:	b570      	push	{r4, r5, r6, lr}
1000656e:	0004      	movs	r4, r0
10006570:	68c0      	ldr	r0, [r0, #12]
10006572:	000d      	movs	r5, r1
10006574:	2800      	cmp	r0, #0
10006576:	d003      	beq.n	10006580 <tu_fifo_set_overwritable+0x14>
10006578:	2101      	movs	r1, #1
1000657a:	4249      	negs	r1, r1
1000657c:	f000 f84c 	bl	10006618 <__mutex_enter_timeout_ms_veneer>
10006580:	6920      	ldr	r0, [r4, #16]
10006582:	2800      	cmp	r0, #0
10006584:	d003      	beq.n	1000658e <tu_fifo_set_overwritable+0x22>
10006586:	2101      	movs	r1, #1
10006588:	4249      	negs	r1, r1
1000658a:	f000 f845 	bl	10006618 <__mutex_enter_timeout_ms_veneer>
1000658e:	217f      	movs	r1, #127	@ 0x7f
10006590:	79e2      	ldrb	r2, [r4, #7]
10006592:	01eb      	lsls	r3, r5, #7
10006594:	4011      	ands	r1, r2
10006596:	68e0      	ldr	r0, [r4, #12]
10006598:	4319      	orrs	r1, r3
1000659a:	71e1      	strb	r1, [r4, #7]
1000659c:	2800      	cmp	r0, #0
1000659e:	d001      	beq.n	100065a4 <tu_fifo_set_overwritable+0x38>
100065a0:	f000 f87a 	bl	10006698 <__mutex_exit_veneer>
100065a4:	6920      	ldr	r0, [r4, #16]
100065a6:	2800      	cmp	r0, #0
100065a8:	d001      	beq.n	100065ae <tu_fifo_set_overwritable+0x42>
100065aa:	f000 f875 	bl	10006698 <__mutex_exit_veneer>
100065ae:	2001      	movs	r0, #1
100065b0:	bd70      	pop	{r4, r5, r6, pc}
100065b2:	46c0      	nop			@ (mov r8, r8)

100065b4 <strlen>:
100065b4:	0003      	movs	r3, r0
100065b6:	4684      	mov	ip, r0
100065b8:	079b      	lsls	r3, r3, #30
100065ba:	d00b      	beq.n	100065d4 <strlen+0x20>
100065bc:	0003      	movs	r3, r0
100065be:	2103      	movs	r1, #3
100065c0:	e002      	b.n	100065c8 <strlen+0x14>
100065c2:	3301      	adds	r3, #1
100065c4:	420b      	tst	r3, r1
100065c6:	d006      	beq.n	100065d6 <strlen+0x22>
100065c8:	781a      	ldrb	r2, [r3, #0]
100065ca:	2a00      	cmp	r2, #0
100065cc:	d1f9      	bne.n	100065c2 <strlen+0xe>
100065ce:	4662      	mov	r2, ip
100065d0:	1a98      	subs	r0, r3, r2
100065d2:	4770      	bx	lr
100065d4:	0003      	movs	r3, r0
100065d6:	6819      	ldr	r1, [r3, #0]
100065d8:	4a0c      	ldr	r2, [pc, #48]	@ (1000660c <strlen+0x58>)
100065da:	480d      	ldr	r0, [pc, #52]	@ (10006610 <strlen+0x5c>)
100065dc:	188a      	adds	r2, r1, r2
100065de:	438a      	bics	r2, r1
100065e0:	4202      	tst	r2, r0
100065e2:	d10f      	bne.n	10006604 <strlen+0x50>
100065e4:	6859      	ldr	r1, [r3, #4]
100065e6:	4a09      	ldr	r2, [pc, #36]	@ (1000660c <strlen+0x58>)
100065e8:	3304      	adds	r3, #4
100065ea:	188a      	adds	r2, r1, r2
100065ec:	438a      	bics	r2, r1
100065ee:	4202      	tst	r2, r0
100065f0:	d108      	bne.n	10006604 <strlen+0x50>
100065f2:	6859      	ldr	r1, [r3, #4]
100065f4:	4a05      	ldr	r2, [pc, #20]	@ (1000660c <strlen+0x58>)
100065f6:	3304      	adds	r3, #4
100065f8:	188a      	adds	r2, r1, r2
100065fa:	438a      	bics	r2, r1
100065fc:	4202      	tst	r2, r0
100065fe:	d0f1      	beq.n	100065e4 <strlen+0x30>
10006600:	e000      	b.n	10006604 <strlen+0x50>
10006602:	3301      	adds	r3, #1
10006604:	781a      	ldrb	r2, [r3, #0]
10006606:	2a00      	cmp	r2, #0
10006608:	d1fb      	bne.n	10006602 <strlen+0x4e>
1000660a:	e7e0      	b.n	100065ce <strlen+0x1a>
1000660c:	fefefeff 	.word	0xfefefeff
10006610:	80808080 	.word	0x80808080
10006614:	00000000 	.word	0x00000000

10006618 <__mutex_enter_timeout_ms_veneer>:
10006618:	b401      	push	{r0}
1000661a:	4802      	ldr	r0, [pc, #8]	@ (10006624 <__mutex_enter_timeout_ms_veneer+0xc>)
1000661c:	4684      	mov	ip, r0
1000661e:	bc01      	pop	{r0}
10006620:	4760      	bx	ip
10006622:	bf00      	nop
10006624:	20000199 	.word	0x20000199

10006628 <____aeabi_ldiv0_veneer>:
10006628:	b401      	push	{r0}
1000662a:	4802      	ldr	r0, [pc, #8]	@ (10006634 <____aeabi_ldiv0_veneer+0xc>)
1000662c:	4684      	mov	ip, r0
1000662e:	bc01      	pop	{r0}
10006630:	4760      	bx	ip
10006632:	bf00      	nop
10006634:	20000ff9 	.word	0x20000ff9

10006638 <__reset_non_control_endpoints_veneer>:
10006638:	b401      	push	{r0}
1000663a:	4802      	ldr	r0, [pc, #8]	@ (10006644 <__reset_non_control_endpoints_veneer+0xc>)
1000663c:	4684      	mov	ip, r0
1000663e:	bc01      	pop	{r0}
10006640:	4760      	bx	ip
10006642:	bf00      	nop
10006644:	200003d9 	.word	0x200003d9

10006648 <__mutex_try_enter_veneer>:
10006648:	b401      	push	{r0}
1000664a:	4802      	ldr	r0, [pc, #8]	@ (10006654 <__mutex_try_enter_veneer+0xc>)
1000664c:	4684      	mov	ip, r0
1000664e:	bc01      	pop	{r0}
10006650:	4760      	bx	ip
10006652:	bf00      	nop
10006654:	200000c1 	.word	0x200000c1

10006658 <__mutex_try_enter_block_until_veneer>:
10006658:	b401      	push	{r0}
1000665a:	4802      	ldr	r0, [pc, #8]	@ (10006664 <__mutex_try_enter_block_until_veneer+0xc>)
1000665c:	4684      	mov	ip, r0
1000665e:	bc01      	pop	{r0}
10006660:	4760      	bx	ip
10006662:	bf00      	nop
10006664:	20000165 	.word	0x20000165

10006668 <____aeabi_idiv0_veneer>:
10006668:	b401      	push	{r0}
1000666a:	4802      	ldr	r0, [pc, #8]	@ (10006674 <____aeabi_idiv0_veneer+0xc>)
1000666c:	4684      	mov	ip, r0
1000666e:	bc01      	pop	{r0}
10006670:	4760      	bx	ip
10006672:	bf00      	nop
10006674:	20000ff9 	.word	0x20000ff9

10006678 <__e15_is_critical_frame_period_veneer>:
10006678:	b401      	push	{r0}
1000667a:	4802      	ldr	r0, [pc, #8]	@ (10006684 <__e15_is_critical_frame_period_veneer+0xc>)
1000667c:	4684      	mov	ip, r0
1000667e:	bc01      	pop	{r0}
10006680:	4760      	bx	ip
10006682:	bf00      	nop
10006684:	20000ced 	.word	0x20000ced

10006688 <___hw_endpoint_buffer_control_update32_veneer>:
10006688:	b401      	push	{r0}
1000668a:	4802      	ldr	r0, [pc, #8]	@ (10006694 <___hw_endpoint_buffer_control_update32_veneer+0xc>)
1000668c:	4684      	mov	ip, r0
1000668e:	bc01      	pop	{r0}
10006690:	4760      	bx	ip
10006692:	bf00      	nop
10006694:	20000d29 	.word	0x20000d29

10006698 <__mutex_exit_veneer>:
10006698:	b401      	push	{r0}
1000669a:	4802      	ldr	r0, [pc, #8]	@ (100066a4 <__mutex_exit_veneer+0xc>)
1000669c:	4684      	mov	ip, r0
1000669e:	bc01      	pop	{r0}
100066a0:	4760      	bx	ip
100066a2:	bf00      	nop
100066a4:	200001d5 	.word	0x200001d5

100066a8 <__hw_endpoint_start_next_buffer_veneer>:
100066a8:	b401      	push	{r0}
100066aa:	4802      	ldr	r0, [pc, #8]	@ (100066b4 <__hw_endpoint_start_next_buffer_veneer+0xc>)
100066ac:	4684      	mov	ip, r0
100066ae:	bc01      	pop	{r0}
100066b0:	4760      	bx	ip
100066b2:	bf00      	nop
100066b4:	20000d79 	.word	0x20000d79

100066b8 <__e15_is_bulkin_ep_veneer>:
100066b8:	b401      	push	{r0}
100066ba:	4802      	ldr	r0, [pc, #8]	@ (100066c4 <__e15_is_bulkin_ep_veneer+0xc>)
100066bc:	4684      	mov	ip, r0
100066be:	bc01      	pop	{r0}
100066c0:	4760      	bx	ip
100066c2:	bf00      	nop
100066c4:	20000cc9 	.word	0x20000cc9

100066c8 <__flash_do_cmd_cs_veneer>:
100066c8:	b401      	push	{r0}
100066ca:	4802      	ldr	r0, [pc, #8]	@ (100066d4 <__flash_do_cmd_cs_veneer+0xc>)
100066cc:	4684      	mov	ip, r0
100066ce:	bc01      	pop	{r0}
100066d0:	4760      	bx	ip
100066d2:	bf00      	nop
100066d4:	20000289 	.word	0x20000289

100066d8 <__pre_init_runtime_init_early_resets>:
100066d8:	10001691                                ....

100066dc <__pre_init_runtime_init_usb_power_down>:
100066dc:	100016bd 100018a1 10002611 10001f45     .........&..E...
100066ec:	1000257d                                }%..

100066f0 <__pre_init_runtime_init_clocks>:
100066f0:	100017c9                                ....

100066f4 <__pre_init_runtime_init_post_clock_resets>:
100066f4:	100016d9                                ....

100066f8 <__pre_init_runtime_init_rp2040_gpio_ie_disable>:
100066f8:	100016f9                                ....

100066fc <__pre_init_runtime_init_spin_locks_reset>:
100066fc:	1000170d                                ....

10006700 <__pre_init_runtime_init_mutex>:
10006700:	10000925                                %...

10006704 <__pre_init_runtime_init_install_ram_vector_table>:
10006704:	10001715                                ....

10006708 <__pre_init_runtime_init_default_alarm_pool>:
10006708:	10000d0d                                ....

1000670c <__pre_init_first_per_core_initializer>:
1000670c:	10001659                                Y...

10006710 <__pre_init_runtime_init_per_core_irq_priorities>:
10006710:	10000561                                a...

10006714 <__init_array_start>:
10006714:	100047a1 	.word	0x100047a1

Disassembly of section .data:

200000c0 <mutex_try_enter>:
200000c0:	0003      	movs	r3, r0
200000c2:	6800      	ldr	r0, [r0, #0]
200000c4:	f3ef 8c10 	mrs	ip, PRIMASK
200000c8:	b672      	cpsid	i
200000ca:	6802      	ldr	r2, [r0, #0]
200000cc:	2a00      	cmp	r2, #0
200000ce:	d0fc      	beq.n	200000ca <mutex_try_enter+0xa>
200000d0:	f3bf 8f5f 	dmb	sy
200000d4:	2204      	movs	r2, #4
200000d6:	569a      	ldrsb	r2, [r3, r2]
200000d8:	2a00      	cmp	r2, #0
200000da:	db0b      	blt.n	200000f4 <mutex_try_enter+0x34>
200000dc:	2900      	cmp	r1, #0
200000de:	d000      	beq.n	200000e2 <mutex_try_enter+0x22>
200000e0:	600a      	str	r2, [r1, #0]
200000e2:	2000      	movs	r0, #0
200000e4:	681b      	ldr	r3, [r3, #0]
200000e6:	f3bf 8f5f 	dmb	sy
200000ea:	2200      	movs	r2, #0
200000ec:	601a      	str	r2, [r3, #0]
200000ee:	f38c 8810 	msr	PRIMASK, ip
200000f2:	4770      	bx	lr
200000f4:	22d0      	movs	r2, #208	@ 0xd0
200000f6:	0612      	lsls	r2, r2, #24
200000f8:	6812      	ldr	r2, [r2, #0]
200000fa:	2001      	movs	r0, #1
200000fc:	711a      	strb	r2, [r3, #4]
200000fe:	e7f1      	b.n	200000e4 <mutex_try_enter+0x24>

20000100 <mutex_enter_block_until>:
20000100:	b5f0      	push	{r4, r5, r6, r7, lr}
20000102:	001f      	movs	r7, r3
20000104:	23d0      	movs	r3, #208	@ 0xd0
20000106:	46c6      	mov	lr, r8
20000108:	061b      	lsls	r3, r3, #24
2000010a:	681b      	ldr	r3, [r3, #0]
2000010c:	0004      	movs	r4, r0
2000010e:	0016      	movs	r6, r2
20000110:	4698      	mov	r8, r3
20000112:	2500      	movs	r5, #0
20000114:	b500      	push	{lr}
20000116:	e00a      	b.n	2000012e <mutex_enter_block_until+0x2e>
20000118:	f3bf 8f5f 	dmb	sy
2000011c:	6015      	str	r5, [r2, #0]
2000011e:	f381 8810 	msr	PRIMASK, r1
20000122:	0030      	movs	r0, r6
20000124:	0039      	movs	r1, r7
20000126:	f000 ff6b 	bl	20001000 <__best_effort_wfe_or_timeout_veneer>
2000012a:	2800      	cmp	r0, #0
2000012c:	d118      	bne.n	20000160 <mutex_enter_block_until+0x60>
2000012e:	6822      	ldr	r2, [r4, #0]
20000130:	f3ef 8110 	mrs	r1, PRIMASK
20000134:	b672      	cpsid	i
20000136:	6813      	ldr	r3, [r2, #0]
20000138:	2b00      	cmp	r3, #0
2000013a:	d0fc      	beq.n	20000136 <mutex_enter_block_until+0x36>
2000013c:	f3bf 8f5f 	dmb	sy
20000140:	7923      	ldrb	r3, [r4, #4]
20000142:	6822      	ldr	r2, [r4, #0]
20000144:	2b7f      	cmp	r3, #127	@ 0x7f
20000146:	d9e7      	bls.n	20000118 <mutex_enter_block_until+0x18>
20000148:	4643      	mov	r3, r8
2000014a:	7123      	strb	r3, [r4, #4]
2000014c:	f3bf 8f5f 	dmb	sy
20000150:	2300      	movs	r3, #0
20000152:	6013      	str	r3, [r2, #0]
20000154:	f381 8810 	msr	PRIMASK, r1
20000158:	2001      	movs	r0, #1
2000015a:	bc80      	pop	{r7}
2000015c:	46b8      	mov	r8, r7
2000015e:	bdf0      	pop	{r4, r5, r6, r7, pc}
20000160:	2000      	movs	r0, #0
20000162:	e7fa      	b.n	2000015a <mutex_enter_block_until+0x5a>

20000164 <mutex_try_enter_block_until>:
20000164:	b570      	push	{r4, r5, r6, lr}
20000166:	b082      	sub	sp, #8
20000168:	a901      	add	r1, sp, #4
2000016a:	0006      	movs	r6, r0
2000016c:	0014      	movs	r4, r2
2000016e:	001d      	movs	r5, r3
20000170:	f7ff ffa6 	bl	200000c0 <mutex_try_enter>
20000174:	2800      	cmp	r0, #0
20000176:	d107      	bne.n	20000188 <mutex_try_enter_block_until+0x24>
20000178:	22d0      	movs	r2, #208	@ 0xd0
2000017a:	0612      	lsls	r2, r2, #24
2000017c:	9b01      	ldr	r3, [sp, #4]
2000017e:	7812      	ldrb	r2, [r2, #0]
20000180:	b25b      	sxtb	r3, r3
20000182:	b252      	sxtb	r2, r2
20000184:	4293      	cmp	r3, r2
20000186:	d101      	bne.n	2000018c <mutex_try_enter_block_until+0x28>
20000188:	b002      	add	sp, #8
2000018a:	bd70      	pop	{r4, r5, r6, pc}
2000018c:	0022      	movs	r2, r4
2000018e:	002b      	movs	r3, r5
20000190:	0030      	movs	r0, r6
20000192:	f7ff ffb5 	bl	20000100 <mutex_enter_block_until>
20000196:	e7f7      	b.n	20000188 <mutex_try_enter_block_until+0x24>

20000198 <mutex_enter_timeout_ms>:
20000198:	b5f8      	push	{r3, r4, r5, r6, r7, lr}
2000019a:	000e      	movs	r6, r1
2000019c:	0007      	movs	r7, r0
2000019e:	f000 ff37 	bl	20001010 <__time_us_64_veneer>
200001a2:	22fa      	movs	r2, #250	@ 0xfa
200001a4:	0004      	movs	r4, r0
200001a6:	000d      	movs	r5, r1
200001a8:	2300      	movs	r3, #0
200001aa:	0092      	lsls	r2, r2, #2
200001ac:	0030      	movs	r0, r6
200001ae:	2100      	movs	r1, #0
200001b0:	f000 ff3e 	bl	20001030 <____wrap___aeabi_lmul_veneer>
200001b4:	0022      	movs	r2, r4
200001b6:	002b      	movs	r3, r5
200001b8:	1812      	adds	r2, r2, r0
200001ba:	414b      	adcs	r3, r1
200001bc:	2b00      	cmp	r3, #0
200001be:	da02      	bge.n	200001c6 <mutex_enter_timeout_ms+0x2e>
200001c0:	2201      	movs	r2, #1
200001c2:	4b03      	ldr	r3, [pc, #12]	@ (200001d0 <mutex_enter_timeout_ms+0x38>)
200001c4:	4252      	negs	r2, r2
200001c6:	0038      	movs	r0, r7
200001c8:	f7ff ff9a 	bl	20000100 <mutex_enter_block_until>
200001cc:	bdf8      	pop	{r3, r4, r5, r6, r7, pc}
200001ce:	46c0      	nop			@ (mov r8, r8)
200001d0:	7fffffff 	.word	0x7fffffff

200001d4 <mutex_exit>:
200001d4:	6802      	ldr	r2, [r0, #0]
200001d6:	f3ef 8110 	mrs	r1, PRIMASK
200001da:	b672      	cpsid	i
200001dc:	6813      	ldr	r3, [r2, #0]
200001de:	2b00      	cmp	r3, #0
200001e0:	d0fc      	beq.n	200001dc <mutex_exit+0x8>
200001e2:	f3bf 8f5f 	dmb	sy
200001e6:	23ff      	movs	r3, #255	@ 0xff
200001e8:	7103      	strb	r3, [r0, #4]
200001ea:	6803      	ldr	r3, [r0, #0]
200001ec:	f3bf 8f5f 	dmb	sy
200001f0:	2200      	movs	r2, #0
200001f2:	601a      	str	r2, [r3, #0]
200001f4:	f381 8810 	msr	PRIMASK, r1
200001f8:	bf40      	sev
200001fa:	4770      	bx	lr

200001fc <flash_init_boot2_copyout>:
200001fc:	4b08      	ldr	r3, [pc, #32]	@ (20000220 <flash_init_boot2_copyout+0x24>)
200001fe:	469c      	mov	ip, r3
20000200:	781b      	ldrb	r3, [r3, #0]
20000202:	2b00      	cmp	r3, #0
20000204:	d10b      	bne.n	2000021e <flash_init_boot2_copyout+0x22>
20000206:	2380      	movs	r3, #128	@ 0x80
20000208:	4806      	ldr	r0, [pc, #24]	@ (20000224 <flash_init_boot2_copyout+0x28>)
2000020a:	4907      	ldr	r1, [pc, #28]	@ (20000228 <flash_init_boot2_copyout+0x2c>)
2000020c:	055b      	lsls	r3, r3, #21
2000020e:	681a      	ldr	r2, [r3, #0]
20000210:	50c2      	str	r2, [r0, r3]
20000212:	3304      	adds	r3, #4
20000214:	428b      	cmp	r3, r1
20000216:	d1fa      	bne.n	2000020e <flash_init_boot2_copyout+0x12>
20000218:	2301      	movs	r3, #1
2000021a:	4662      	mov	r2, ip
2000021c:	7013      	strb	r3, [r2, #0]
2000021e:	4770      	bx	lr
20000220:	20001d84 	.word	0x20001d84
20000224:	100017c4 	.word	0x100017c4
20000228:	10000100 	.word	0x10000100

2000022c <flash_enable_xip_via_boot2>:
2000022c:	b510      	push	{r4, lr}
2000022e:	4b01      	ldr	r3, [pc, #4]	@ (20000234 <flash_enable_xip_via_boot2+0x8>)
20000230:	4798      	blx	r3
20000232:	bd10      	pop	{r4, pc}
20000234:	200017c5 	.word	0x200017c5

20000238 <flash_save_hardware_state>:
20000238:	4b08      	ldr	r3, [pc, #32]	@ (2000025c <flash_save_hardware_state+0x24>)
2000023a:	685a      	ldr	r2, [r3, #4]
2000023c:	6042      	str	r2, [r0, #4]
2000023e:	689a      	ldr	r2, [r3, #8]
20000240:	6082      	str	r2, [r0, #8]
20000242:	68da      	ldr	r2, [r3, #12]
20000244:	60c2      	str	r2, [r0, #12]
20000246:	691a      	ldr	r2, [r3, #16]
20000248:	6102      	str	r2, [r0, #16]
2000024a:	695a      	ldr	r2, [r3, #20]
2000024c:	6142      	str	r2, [r0, #20]
2000024e:	699b      	ldr	r3, [r3, #24]
20000250:	6183      	str	r3, [r0, #24]
20000252:	23a0      	movs	r3, #160	@ 0xa0
20000254:	055b      	lsls	r3, r3, #21
20000256:	681b      	ldr	r3, [r3, #0]
20000258:	6003      	str	r3, [r0, #0]
2000025a:	4770      	bx	lr
2000025c:	40020000 	.word	0x40020000

20000260 <flash_restore_hardware_state>:
20000260:	6842      	ldr	r2, [r0, #4]
20000262:	4b08      	ldr	r3, [pc, #32]	@ (20000284 <flash_restore_hardware_state+0x24>)
20000264:	605a      	str	r2, [r3, #4]
20000266:	6882      	ldr	r2, [r0, #8]
20000268:	609a      	str	r2, [r3, #8]
2000026a:	68c2      	ldr	r2, [r0, #12]
2000026c:	60da      	str	r2, [r3, #12]
2000026e:	6902      	ldr	r2, [r0, #16]
20000270:	611a      	str	r2, [r3, #16]
20000272:	6942      	ldr	r2, [r0, #20]
20000274:	615a      	str	r2, [r3, #20]
20000276:	6982      	ldr	r2, [r0, #24]
20000278:	619a      	str	r2, [r3, #24]
2000027a:	23a0      	movs	r3, #160	@ 0xa0
2000027c:	6802      	ldr	r2, [r0, #0]
2000027e:	055b      	lsls	r3, r3, #21
20000280:	601a      	str	r2, [r3, #0]
20000282:	4770      	bx	lr
20000284:	40020000 	.word	0x40020000

20000288 <flash_do_cmd_cs>:
20000288:	b5f0      	push	{r4, r5, r6, r7, lr}
2000028a:	46d6      	mov	lr, sl
2000028c:	464f      	mov	r7, r9
2000028e:	4646      	mov	r6, r8
20000290:	2300      	movs	r3, #0
20000292:	b5c0      	push	{r6, r7, lr}
20000294:	2718      	movs	r7, #24
20000296:	b08a      	sub	sp, #40	@ 0x28
20000298:	001e      	movs	r6, r3
2000029a:	4681      	mov	r9, r0
2000029c:	000d      	movs	r5, r1
2000029e:	8a98      	ldrh	r0, [r3, #20]
200002a0:	4948      	ldr	r1, [pc, #288]	@ (200003c4 <flash_do_cmd_cs+0x13c>)
200002a2:	883b      	ldrh	r3, [r7, #0]
200002a4:	0014      	movs	r4, r2
200002a6:	4798      	blx	r3
200002a8:	883b      	ldrh	r3, [r7, #0]
200002aa:	4680      	mov	r8, r0
200002ac:	4946      	ldr	r1, [pc, #280]	@ (200003c8 <flash_do_cmd_cs+0x140>)
200002ae:	8ab0      	ldrh	r0, [r6, #20]
200002b0:	4798      	blx	r3
200002b2:	2300      	movs	r3, #0
200002b4:	4945      	ldr	r1, [pc, #276]	@ (200003cc <flash_do_cmd_cs+0x144>)
200002b6:	0006      	movs	r6, r0
200002b8:	8a98      	ldrh	r0, [r3, #20]
200002ba:	883b      	ldrh	r3, [r7, #0]
200002bc:	4798      	blx	r3
200002be:	4682      	mov	sl, r0
200002c0:	f7ff ff9c 	bl	200001fc <flash_init_boot2_copyout>
200002c4:	a803      	add	r0, sp, #12
200002c6:	f7ff ffb7 	bl	20000238 <flash_save_hardware_state>
200002ca:	47c0      	blx	r8
200002cc:	47b0      	blx	r6
200002ce:	4b40      	ldr	r3, [pc, #256]	@ (200003d0 <flash_do_cmd_cs+0x148>)
200002d0:	681a      	ldr	r2, [r3, #0]
200002d2:	2380      	movs	r3, #128	@ 0x80
200002d4:	009b      	lsls	r3, r3, #2
200002d6:	4053      	eors	r3, r2
200002d8:	22c0      	movs	r2, #192	@ 0xc0
200002da:	0092      	lsls	r2, r2, #2
200002dc:	4013      	ands	r3, r2
200002de:	4a3d      	ldr	r2, [pc, #244]	@ (200003d4 <flash_do_cmd_cs+0x14c>)
200002e0:	6013      	str	r3, [r2, #0]
200002e2:	2c00      	cmp	r4, #0
200002e4:	d01f      	beq.n	20000326 <flash_do_cmd_cs+0x9e>
200002e6:	2308      	movs	r3, #8
200002e8:	20c0      	movs	r0, #192	@ 0xc0
200002ea:	0022      	movs	r2, r4
200002ec:	469c      	mov	ip, r3
200002ee:	0540      	lsls	r0, r0, #21
200002f0:	3f16      	subs	r7, #22
200002f2:	4661      	mov	r1, ip
200002f4:	6a83      	ldr	r3, [r0, #40]	@ 0x28
200002f6:	4019      	ands	r1, r3
200002f8:	421f      	tst	r7, r3
200002fa:	d03b      	beq.n	20000374 <flash_do_cmd_cs+0xec>
200002fc:	1aa3      	subs	r3, r4, r2
200002fe:	2a00      	cmp	r2, #0
20000300:	d12d      	bne.n	2000035e <flash_do_cmd_cs+0xd6>
20000302:	2900      	cmp	r1, #0
20000304:	d10d      	bne.n	20000322 <flash_do_cmd_cs+0x9a>
20000306:	2c00      	cmp	r4, #0
20000308:	d00d      	beq.n	20000326 <flash_do_cmd_cs+0x9e>
2000030a:	21c0      	movs	r1, #192	@ 0xc0
2000030c:	0549      	lsls	r1, r1, #21
2000030e:	2608      	movs	r6, #8
20000310:	6a8b      	ldr	r3, [r1, #40]	@ 0x28
20000312:	401e      	ands	r6, r3
20000314:	9601      	str	r6, [sp, #4]
20000316:	2602      	movs	r6, #2
20000318:	421e      	tst	r6, r3
2000031a:	d043      	beq.n	200003a4 <flash_do_cmd_cs+0x11c>
2000031c:	9e01      	ldr	r6, [sp, #4]
2000031e:	2e00      	cmp	r6, #0
20000320:	d0f5      	beq.n	2000030e <flash_do_cmd_cs+0x86>
20000322:	2c00      	cmp	r4, #0
20000324:	d130      	bne.n	20000388 <flash_do_cmd_cs+0x100>
20000326:	4b2a      	ldr	r3, [pc, #168]	@ (200003d0 <flash_do_cmd_cs+0x148>)
20000328:	681a      	ldr	r2, [r3, #0]
2000032a:	23c0      	movs	r3, #192	@ 0xc0
2000032c:	009b      	lsls	r3, r3, #2
2000032e:	4393      	bics	r3, r2
20000330:	4a28      	ldr	r2, [pc, #160]	@ (200003d4 <flash_do_cmd_cs+0x14c>)
20000332:	6013      	str	r3, [r2, #0]
20000334:	47d0      	blx	sl
20000336:	f7ff ff79 	bl	2000022c <flash_enable_xip_via_boot2>
2000033a:	a803      	add	r0, sp, #12
2000033c:	f7ff ff90 	bl	20000260 <flash_restore_hardware_state>
20000340:	b00a      	add	sp, #40	@ 0x28
20000342:	bce0      	pop	{r5, r6, r7}
20000344:	46ba      	mov	sl, r7
20000346:	46b1      	mov	r9, r6
20000348:	46a8      	mov	r8, r5
2000034a:	bdf0      	pop	{r4, r5, r6, r7, pc}
2000034c:	2c00      	cmp	r4, #0
2000034e:	d12e      	bne.n	200003ae <flash_do_cmd_cs+0x126>
20000350:	21c0      	movs	r1, #192	@ 0xc0
20000352:	0549      	lsls	r1, r1, #21
20000354:	6a8e      	ldr	r6, [r1, #40]	@ 0x28
20000356:	2108      	movs	r1, #8
20000358:	4031      	ands	r1, r6
2000035a:	07b6      	lsls	r6, r6, #30
2000035c:	d52e      	bpl.n	200003bc <flash_do_cmd_cs+0x134>
2000035e:	2b0d      	cmp	r3, #13
20000360:	d919      	bls.n	20000396 <flash_do_cmd_cs+0x10e>
20000362:	2900      	cmp	r1, #0
20000364:	d1f2      	bne.n	2000034c <flash_do_cmd_cs+0xc4>
20000366:	21c0      	movs	r1, #192	@ 0xc0
20000368:	0549      	lsls	r1, r1, #21
2000036a:	6a8e      	ldr	r6, [r1, #40]	@ 0x28
2000036c:	2108      	movs	r1, #8
2000036e:	4031      	ands	r1, r6
20000370:	07b6      	lsls	r6, r6, #30
20000372:	d4f4      	bmi.n	2000035e <flash_do_cmd_cs+0xd6>
20000374:	2900      	cmp	r1, #0
20000376:	d104      	bne.n	20000382 <flash_do_cmd_cs+0xfa>
20000378:	0023      	movs	r3, r4
2000037a:	4313      	orrs	r3, r2
2000037c:	2b00      	cmp	r3, #0
2000037e:	d1b8      	bne.n	200002f2 <flash_do_cmd_cs+0x6a>
20000380:	e7d1      	b.n	20000326 <flash_do_cmd_cs+0x9e>
20000382:	0013      	movs	r3, r2
20000384:	2c00      	cmp	r4, #0
20000386:	d0f9      	beq.n	2000037c <flash_do_cmd_cs+0xf4>
20000388:	6e03      	ldr	r3, [r0, #96]	@ 0x60
2000038a:	3c01      	subs	r4, #1
2000038c:	702b      	strb	r3, [r5, #0]
2000038e:	0023      	movs	r3, r4
20000390:	3501      	adds	r5, #1
20000392:	4313      	orrs	r3, r2
20000394:	e7f2      	b.n	2000037c <flash_do_cmd_cs+0xf4>
20000396:	464b      	mov	r3, r9
20000398:	781b      	ldrb	r3, [r3, #0]
2000039a:	3a01      	subs	r2, #1
2000039c:	6603      	str	r3, [r0, #96]	@ 0x60
2000039e:	2301      	movs	r3, #1
200003a0:	4499      	add	r9, r3
200003a2:	e7e7      	b.n	20000374 <flash_do_cmd_cs+0xec>
200003a4:	9b01      	ldr	r3, [sp, #4]
200003a6:	2200      	movs	r2, #0
200003a8:	2b00      	cmp	r3, #0
200003aa:	d0a2      	beq.n	200002f2 <flash_do_cmd_cs+0x6a>
200003ac:	e7ec      	b.n	20000388 <flash_do_cmd_cs+0x100>
200003ae:	23c0      	movs	r3, #192	@ 0xc0
200003b0:	055b      	lsls	r3, r3, #21
200003b2:	6e1b      	ldr	r3, [r3, #96]	@ 0x60
200003b4:	3c01      	subs	r4, #1
200003b6:	702b      	strb	r3, [r5, #0]
200003b8:	3501      	adds	r5, #1
200003ba:	e79a      	b.n	200002f2 <flash_do_cmd_cs+0x6a>
200003bc:	0013      	movs	r3, r2
200003be:	2900      	cmp	r1, #0
200003c0:	d1dc      	bne.n	2000037c <flash_do_cmd_cs+0xf4>
200003c2:	e7d9      	b.n	20000378 <flash_do_cmd_cs+0xf0>
200003c4:	00004649 	.word	0x00004649
200003c8:	00005845 	.word	0x00005845
200003cc:	00004346 	.word	0x00004346
200003d0:	4001800c 	.word	0x4001800c
200003d4:	4001900c 	.word	0x4001900c

200003d8 <reset_non_control_endpoints>:
200003d8:	2200      	movs	r2, #0
200003da:	4b15      	ldr	r3, [pc, #84]	@ (20000430 <reset_non_control_endpoints+0x58>)
200003dc:	b510      	push	{r4, lr}
200003de:	609a      	str	r2, [r3, #8]
200003e0:	60da      	str	r2, [r3, #12]
200003e2:	611a      	str	r2, [r3, #16]
200003e4:	615a      	str	r2, [r3, #20]
200003e6:	619a      	str	r2, [r3, #24]
200003e8:	61da      	str	r2, [r3, #28]
200003ea:	621a      	str	r2, [r3, #32]
200003ec:	625a      	str	r2, [r3, #36]	@ 0x24
200003ee:	629a      	str	r2, [r3, #40]	@ 0x28
200003f0:	62da      	str	r2, [r3, #44]	@ 0x2c
200003f2:	631a      	str	r2, [r3, #48]	@ 0x30
200003f4:	635a      	str	r2, [r3, #52]	@ 0x34
200003f6:	639a      	str	r2, [r3, #56]	@ 0x38
200003f8:	63da      	str	r2, [r3, #60]	@ 0x3c
200003fa:	641a      	str	r2, [r3, #64]	@ 0x40
200003fc:	645a      	str	r2, [r3, #68]	@ 0x44
200003fe:	649a      	str	r2, [r3, #72]	@ 0x48
20000400:	64da      	str	r2, [r3, #76]	@ 0x4c
20000402:	651a      	str	r2, [r3, #80]	@ 0x50
20000404:	655a      	str	r2, [r3, #84]	@ 0x54
20000406:	659a      	str	r2, [r3, #88]	@ 0x58
20000408:	65da      	str	r2, [r3, #92]	@ 0x5c
2000040a:	661a      	str	r2, [r3, #96]	@ 0x60
2000040c:	665a      	str	r2, [r3, #100]	@ 0x64
2000040e:	669a      	str	r2, [r3, #104]	@ 0x68
20000410:	66da      	str	r2, [r3, #108]	@ 0x6c
20000412:	671a      	str	r2, [r3, #112]	@ 0x70
20000414:	675a      	str	r2, [r3, #116]	@ 0x74
20000416:	679a      	str	r2, [r3, #120]	@ 0x78
20000418:	67da      	str	r2, [r3, #124]	@ 0x7c
2000041a:	32f0      	adds	r2, #240	@ 0xf0
2000041c:	0092      	lsls	r2, r2, #2
2000041e:	2100      	movs	r1, #0
20000420:	4804      	ldr	r0, [pc, #16]	@ (20000434 <reset_non_control_endpoints+0x5c>)
20000422:	f000 fdfd 	bl	20001020 <____wrap_memset_veneer>
20000426:	4b04      	ldr	r3, [pc, #16]	@ (20000438 <reset_non_control_endpoints+0x60>)
20000428:	4a04      	ldr	r2, [pc, #16]	@ (2000043c <reset_non_control_endpoints+0x64>)
2000042a:	601a      	str	r2, [r3, #0]
2000042c:	bd10      	pop	{r4, pc}
2000042e:	46c0      	nop			@ (mov r8, r8)
20000430:	50100000 	.word	0x50100000
20000434:	20001970 	.word	0x20001970
20000438:	20001d38 	.word	0x20001d38
2000043c:	50100180 	.word	0x50100180

20000440 <hw_handle_buff_status>:
20000440:	b5f0      	push	{r4, r5, r6, r7, lr}
20000442:	4647      	mov	r7, r8
20000444:	46ce      	mov	lr, r9
20000446:	b580      	push	{r7, lr}
20000448:	4b1c      	ldr	r3, [pc, #112]	@ (200004bc <hw_handle_buff_status+0x7c>)
2000044a:	b085      	sub	sp, #20
2000044c:	6d9f      	ldr	r7, [r3, #88]	@ 0x58
2000044e:	2f00      	cmp	r7, #0
20000450:	d01d      	beq.n	2000048e <hw_handle_buff_status+0x4e>
20000452:	4b1b      	ldr	r3, [pc, #108]	@ (200004c0 <hw_handle_buff_status+0x80>)
20000454:	2400      	movs	r4, #0
20000456:	4698      	mov	r8, r3
20000458:	4b1a      	ldr	r3, [pc, #104]	@ (200004c4 <hw_handle_buff_status+0x84>)
2000045a:	2601      	movs	r6, #1
2000045c:	4699      	mov	r9, r3
2000045e:	e004      	b.n	2000046a <hw_handle_buff_status+0x2a>
20000460:	3401      	adds	r4, #1
20000462:	b2e4      	uxtb	r4, r4
20000464:	0076      	lsls	r6, r6, #1
20000466:	2c20      	cmp	r4, #32
20000468:	d011      	beq.n	2000048e <hw_handle_buff_status+0x4e>
2000046a:	423e      	tst	r6, r7
2000046c:	d0f8      	beq.n	20000460 <hw_handle_buff_status+0x20>
2000046e:	4643      	mov	r3, r8
20000470:	659e      	str	r6, [r3, #88]	@ 0x58
20000472:	2301      	movs	r3, #1
20000474:	0865      	lsrs	r5, r4, #1
20000476:	006d      	lsls	r5, r5, #1
20000478:	43a3      	bics	r3, r4
2000047a:	18ed      	adds	r5, r5, r3
2000047c:	016d      	lsls	r5, r5, #5
2000047e:	444d      	add	r5, r9
20000480:	0028      	movs	r0, r5
20000482:	f000 fcaf 	bl	20000de4 <hw_endpoint_xfer_continue>
20000486:	2800      	cmp	r0, #0
20000488:	d106      	bne.n	20000498 <hw_handle_buff_status+0x58>
2000048a:	43b7      	bics	r7, r6
2000048c:	d1e8      	bne.n	20000460 <hw_handle_buff_status+0x20>
2000048e:	b005      	add	sp, #20
20000490:	bcc0      	pop	{r6, r7}
20000492:	46b9      	mov	r9, r7
20000494:	46b0      	mov	r8, r6
20000496:	bdf0      	pop	{r4, r5, r6, r7, pc}
20000498:	8aeb      	ldrh	r3, [r5, #22]
2000049a:	21e0      	movs	r1, #224	@ 0xe0
2000049c:	9303      	str	r3, [sp, #12]
2000049e:	2300      	movs	r3, #0
200004a0:	a801      	add	r0, sp, #4
200004a2:	78aa      	ldrb	r2, [r5, #2]
200004a4:	00c9      	lsls	r1, r1, #3
200004a6:	8001      	strh	r1, [r0, #0]
200004a8:	2101      	movs	r1, #1
200004aa:	7102      	strb	r2, [r0, #4]
200004ac:	7143      	strb	r3, [r0, #5]
200004ae:	f000 fcb9 	bl	20000e24 <dcd_event_handler>
200004b2:	0028      	movs	r0, r5
200004b4:	f000 fc32 	bl	20000d1c <hw_endpoint_reset_transfer>
200004b8:	e7e7      	b.n	2000048a <hw_handle_buff_status+0x4a>
200004ba:	46c0      	nop			@ (mov r8, r8)
200004bc:	50110000 	.word	0x50110000
200004c0:	50113000 	.word	0x50113000
200004c4:	20001930 	.word	0x20001930

200004c8 <dcd_rp2040_irq>:
200004c8:	2398      	movs	r3, #152	@ 0x98
200004ca:	4ac6      	ldr	r2, [pc, #792]	@ (200007e4 <dcd_rp2040_irq+0x31c>)
200004cc:	b5f0      	push	{r4, r5, r6, r7, lr}
200004ce:	58d5      	ldr	r5, [r2, r3]
200004d0:	2380      	movs	r3, #128	@ 0x80
200004d2:	002e      	movs	r6, r5
200004d4:	029b      	lsls	r3, r3, #10
200004d6:	2410      	movs	r4, #16
200004d8:	b085      	sub	sp, #20
200004da:	401e      	ands	r6, r3
200004dc:	421d      	tst	r5, r3
200004de:	d074      	beq.n	200005ca <dcd_rp2040_irq+0x102>
200004e0:	4bc1      	ldr	r3, [pc, #772]	@ (200007e8 <dcd_rp2040_irq+0x320>)
200004e2:	4cc2      	ldr	r4, [pc, #776]	@ (200007ec <dcd_rp2040_irq+0x324>)
200004e4:	6a9a      	ldr	r2, [r3, #40]	@ 0x28
200004e6:	4bc2      	ldr	r3, [pc, #776]	@ (200007f0 <dcd_rp2040_irq+0x328>)
200004e8:	2600      	movs	r6, #0
200004ea:	601a      	str	r2, [r3, #0]
200004ec:	233b      	movs	r3, #59	@ 0x3b
200004ee:	5ce3      	ldrb	r3, [r4, r3]
200004f0:	2b02      	cmp	r3, #2
200004f2:	d100      	bne.n	200004f6 <dcd_rp2040_irq+0x2e>
200004f4:	e14b      	b.n	2000078e <dcd_rp2040_irq+0x2c6>
200004f6:	237b      	movs	r3, #123	@ 0x7b
200004f8:	5ce3      	ldrb	r3, [r4, r3]
200004fa:	2b02      	cmp	r3, #2
200004fc:	d100      	bne.n	20000500 <dcd_rp2040_irq+0x38>
200004fe:	e0ef      	b.n	200006e0 <dcd_rp2040_irq+0x218>
20000500:	23bb      	movs	r3, #187	@ 0xbb
20000502:	5ce3      	ldrb	r3, [r4, r3]
20000504:	2b02      	cmp	r3, #2
20000506:	d100      	bne.n	2000050a <dcd_rp2040_irq+0x42>
20000508:	e0f6      	b.n	200006f8 <dcd_rp2040_irq+0x230>
2000050a:	23fb      	movs	r3, #251	@ 0xfb
2000050c:	5ce3      	ldrb	r3, [r4, r3]
2000050e:	2b02      	cmp	r3, #2
20000510:	d100      	bne.n	20000514 <dcd_rp2040_irq+0x4c>
20000512:	e0fd      	b.n	20000710 <dcd_rp2040_irq+0x248>
20000514:	233c      	movs	r3, #60	@ 0x3c
20000516:	33ff      	adds	r3, #255	@ 0xff
20000518:	5ce3      	ldrb	r3, [r4, r3]
2000051a:	2b02      	cmp	r3, #2
2000051c:	d100      	bne.n	20000520 <dcd_rp2040_irq+0x58>
2000051e:	e129      	b.n	20000774 <dcd_rp2040_irq+0x2ac>
20000520:	237c      	movs	r3, #124	@ 0x7c
20000522:	33ff      	adds	r3, #255	@ 0xff
20000524:	5ce3      	ldrb	r3, [r4, r3]
20000526:	2b02      	cmp	r3, #2
20000528:	d100      	bne.n	2000052c <dcd_rp2040_irq+0x64>
2000052a:	e10a      	b.n	20000742 <dcd_rp2040_irq+0x27a>
2000052c:	23bc      	movs	r3, #188	@ 0xbc
2000052e:	33ff      	adds	r3, #255	@ 0xff
20000530:	5ce3      	ldrb	r3, [r4, r3]
20000532:	2b02      	cmp	r3, #2
20000534:	d100      	bne.n	20000538 <dcd_rp2040_irq+0x70>
20000536:	e13b      	b.n	200007b0 <dcd_rp2040_irq+0x2e8>
20000538:	23fc      	movs	r3, #252	@ 0xfc
2000053a:	33ff      	adds	r3, #255	@ 0xff
2000053c:	5ce3      	ldrb	r3, [r4, r3]
2000053e:	2b02      	cmp	r3, #2
20000540:	d100      	bne.n	20000544 <dcd_rp2040_irq+0x7c>
20000542:	e0f1      	b.n	20000728 <dcd_rp2040_irq+0x260>
20000544:	4bab      	ldr	r3, [pc, #684]	@ (200007f4 <dcd_rp2040_irq+0x32c>)
20000546:	5ce3      	ldrb	r3, [r4, r3]
20000548:	2b02      	cmp	r3, #2
2000054a:	d100      	bne.n	2000054e <dcd_rp2040_irq+0x86>
2000054c:	e170      	b.n	20000830 <dcd_rp2040_irq+0x368>
2000054e:	4baa      	ldr	r3, [pc, #680]	@ (200007f8 <dcd_rp2040_irq+0x330>)
20000550:	5ce3      	ldrb	r3, [r4, r3]
20000552:	2b02      	cmp	r3, #2
20000554:	d100      	bne.n	20000558 <dcd_rp2040_irq+0x90>
20000556:	e101      	b.n	2000075c <dcd_rp2040_irq+0x294>
20000558:	4ba8      	ldr	r3, [pc, #672]	@ (200007fc <dcd_rp2040_irq+0x334>)
2000055a:	5ce3      	ldrb	r3, [r4, r3]
2000055c:	2b02      	cmp	r3, #2
2000055e:	d100      	bne.n	20000562 <dcd_rp2040_irq+0x9a>
20000560:	e171      	b.n	20000846 <dcd_rp2040_irq+0x37e>
20000562:	4ba7      	ldr	r3, [pc, #668]	@ (20000800 <dcd_rp2040_irq+0x338>)
20000564:	5ce3      	ldrb	r3, [r4, r3]
20000566:	2b02      	cmp	r3, #2
20000568:	d100      	bne.n	2000056c <dcd_rp2040_irq+0xa4>
2000056a:	e12e      	b.n	200007ca <dcd_rp2040_irq+0x302>
2000056c:	4ba5      	ldr	r3, [pc, #660]	@ (20000804 <dcd_rp2040_irq+0x33c>)
2000056e:	5ce3      	ldrb	r3, [r4, r3]
20000570:	2b02      	cmp	r3, #2
20000572:	d100      	bne.n	20000576 <dcd_rp2040_irq+0xae>
20000574:	e189      	b.n	2000088a <dcd_rp2040_irq+0x3c2>
20000576:	4ba4      	ldr	r3, [pc, #656]	@ (20000808 <dcd_rp2040_irq+0x340>)
20000578:	5ce3      	ldrb	r3, [r4, r3]
2000057a:	2b02      	cmp	r3, #2
2000057c:	d100      	bne.n	20000580 <dcd_rp2040_irq+0xb8>
2000057e:	e16d      	b.n	2000085c <dcd_rp2040_irq+0x394>
20000580:	4ba2      	ldr	r3, [pc, #648]	@ (2000080c <dcd_rp2040_irq+0x344>)
20000582:	5ce3      	ldrb	r3, [r4, r3]
20000584:	2b02      	cmp	r3, #2
20000586:	d100      	bne.n	2000058a <dcd_rp2040_irq+0xc2>
20000588:	e18a      	b.n	200008a0 <dcd_rp2040_irq+0x3d8>
2000058a:	4ba1      	ldr	r3, [pc, #644]	@ (20000810 <dcd_rp2040_irq+0x348>)
2000058c:	5ce3      	ldrb	r3, [r4, r3]
2000058e:	2b02      	cmp	r3, #2
20000590:	d100      	bne.n	20000594 <dcd_rp2040_irq+0xcc>
20000592:	e1ab      	b.n	200008ec <dcd_rp2040_irq+0x424>
20000594:	2e00      	cmp	r6, #0
20000596:	d108      	bne.n	200005aa <dcd_rp2040_irq+0xe2>
20000598:	4b9e      	ldr	r3, [pc, #632]	@ (20000814 <dcd_rp2040_irq+0x34c>)
2000059a:	781b      	ldrb	r3, [r3, #0]
2000059c:	2b00      	cmp	r3, #0
2000059e:	d104      	bne.n	200005aa <dcd_rp2040_irq+0xe2>
200005a0:	2180      	movs	r1, #128	@ 0x80
200005a2:	4a9d      	ldr	r2, [pc, #628]	@ (20000818 <dcd_rp2040_irq+0x350>)
200005a4:	3390      	adds	r3, #144	@ 0x90
200005a6:	0289      	lsls	r1, r1, #10
200005a8:	50d1      	str	r1, [r2, r3]
200005aa:	22c0      	movs	r2, #192	@ 0xc0
200005ac:	4669      	mov	r1, sp
200005ae:	4b8d      	ldr	r3, [pc, #564]	@ (200007e4 <dcd_rp2040_irq+0x31c>)
200005b0:	0092      	lsls	r2, r2, #2
200005b2:	6c9b      	ldr	r3, [r3, #72]	@ 0x48
200005b4:	2680      	movs	r6, #128	@ 0x80
200005b6:	055b      	lsls	r3, r3, #21
200005b8:	808a      	strh	r2, [r1, #4]
200005ba:	0d5b      	lsrs	r3, r3, #21
200005bc:	2101      	movs	r1, #1
200005be:	a801      	add	r0, sp, #4
200005c0:	9302      	str	r3, [sp, #8]
200005c2:	f000 fc2f 	bl	20000e24 <dcd_event_handler>
200005c6:	4c95      	ldr	r4, [pc, #596]	@ (2000081c <dcd_rp2040_irq+0x354>)
200005c8:	02b6      	lsls	r6, r6, #10
200005ca:	06eb      	lsls	r3, r5, #27
200005cc:	d500      	bpl.n	200005d0 <dcd_rp2040_irq+0x108>
200005ce:	e07b      	b.n	200006c8 <dcd_rp2040_irq+0x200>
200005d0:	2380      	movs	r3, #128	@ 0x80
200005d2:	025b      	lsls	r3, r3, #9
200005d4:	421d      	tst	r5, r3
200005d6:	d02f      	beq.n	20000638 <dcd_rp2040_irq+0x170>
200005d8:	2402      	movs	r4, #2
200005da:	4f84      	ldr	r7, [pc, #528]	@ (200007ec <dcd_rp2040_irq+0x324>)
200005dc:	431e      	orrs	r6, r3
200005de:	7ebb      	ldrb	r3, [r7, #26]
200005e0:	2b00      	cmp	r3, #0
200005e2:	d014      	beq.n	2000060e <dcd_rp2040_irq+0x146>
200005e4:	f000 fd34 	bl	20001050 <__rp2040_chip_version_veneer>
200005e8:	2801      	cmp	r0, #1
200005ea:	d900      	bls.n	200005ee <dcd_rp2040_irq+0x126>
200005ec:	e070      	b.n	200006d0 <dcd_rp2040_irq+0x208>
200005ee:	22c0      	movs	r2, #192	@ 0xc0
200005f0:	2100      	movs	r1, #0
200005f2:	0038      	movs	r0, r7
200005f4:	0192      	lsls	r2, r2, #6
200005f6:	f000 fb97 	bl	20000d28 <_hw_endpoint_buffer_control_update32>
200005fa:	0038      	movs	r0, r7
200005fc:	f000 fb8e 	bl	20000d1c <hw_endpoint_reset_transfer>
20000600:	f000 fd26 	bl	20001050 <__rp2040_chip_version_veneer>
20000604:	2801      	cmp	r0, #1
20000606:	d902      	bls.n	2000060e <dcd_rp2040_irq+0x146>
20000608:	4b83      	ldr	r3, [pc, #524]	@ (20000818 <dcd_rp2040_irq+0x350>)
2000060a:	665c      	str	r4, [r3, #100]	@ 0x64
2000060c:	661c      	str	r4, [r3, #96]	@ 0x60
2000060e:	2301      	movs	r3, #1
20000610:	70fb      	strb	r3, [r7, #3]
20000612:	3720      	adds	r7, #32
20000614:	2c01      	cmp	r4, #1
20000616:	d120      	bne.n	2000065a <dcd_rp2040_irq+0x192>
20000618:	23c0      	movs	r3, #192	@ 0xc0
2000061a:	466a      	mov	r2, sp
2000061c:	00db      	lsls	r3, r3, #3
2000061e:	8093      	strh	r3, [r2, #4]
20000620:	4a7f      	ldr	r2, [pc, #508]	@ (20000820 <dcd_rp2040_irq+0x358>)
20000622:	ab02      	add	r3, sp, #8
20000624:	ca03      	ldmia	r2!, {r0, r1}
20000626:	c303      	stmia	r3!, {r0, r1}
20000628:	2101      	movs	r1, #1
2000062a:	a801      	add	r0, sp, #4
2000062c:	f000 fbfa 	bl	20000e24 <dcd_event_handler>
20000630:	2280      	movs	r2, #128	@ 0x80
20000632:	4b79      	ldr	r3, [pc, #484]	@ (20000818 <dcd_rp2040_irq+0x350>)
20000634:	0292      	lsls	r2, r2, #10
20000636:	651a      	str	r2, [r3, #80]	@ 0x50
20000638:	2380      	movs	r3, #128	@ 0x80
2000063a:	015b      	lsls	r3, r3, #5
2000063c:	421d      	tst	r5, r3
2000063e:	d10e      	bne.n	2000065e <dcd_rp2040_irq+0x196>
20000640:	2380      	movs	r3, #128	@ 0x80
20000642:	01db      	lsls	r3, r3, #7
20000644:	421d      	tst	r5, r3
20000646:	d121      	bne.n	2000068c <dcd_rp2040_irq+0x1c4>
20000648:	2380      	movs	r3, #128	@ 0x80
2000064a:	021b      	lsls	r3, r3, #8
2000064c:	421d      	tst	r5, r3
2000064e:	d12d      	bne.n	200006ac <dcd_rp2040_irq+0x1e4>
20000650:	42ae      	cmp	r6, r5
20000652:	d000      	beq.n	20000656 <dcd_rp2040_irq+0x18e>
20000654:	e1c0      	b.n	200009d8 <dcd_rp2040_irq+0x510>
20000656:	b005      	add	sp, #20
20000658:	bdf0      	pop	{r4, r5, r6, r7, pc}
2000065a:	2401      	movs	r4, #1
2000065c:	e7bf      	b.n	200005de <dcd_rp2040_irq+0x116>
2000065e:	2400      	movs	r4, #0
20000660:	431e      	orrs	r6, r3
20000662:	4b60      	ldr	r3, [pc, #384]	@ (200007e4 <dcd_rp2040_irq+0x31c>)
20000664:	601c      	str	r4, [r3, #0]
20000666:	f7ff feb7 	bl	200003d8 <reset_non_control_endpoints>
2000066a:	2380      	movs	r3, #128	@ 0x80
2000066c:	466a      	mov	r2, sp
2000066e:	005b      	lsls	r3, r3, #1
20000670:	8093      	strh	r3, [r2, #4]
20000672:	7214      	strb	r4, [r2, #8]
20000674:	2101      	movs	r1, #1
20000676:	a801      	add	r0, sp, #4
20000678:	f000 fbd4 	bl	20000e24 <dcd_event_handler>
2000067c:	2280      	movs	r2, #128	@ 0x80
2000067e:	4b66      	ldr	r3, [pc, #408]	@ (20000818 <dcd_rp2040_irq+0x350>)
20000680:	0312      	lsls	r2, r2, #12
20000682:	651a      	str	r2, [r3, #80]	@ 0x50
20000684:	2380      	movs	r3, #128	@ 0x80
20000686:	01db      	lsls	r3, r3, #7
20000688:	421d      	tst	r5, r3
2000068a:	d0dd      	beq.n	20000648 <dcd_rp2040_irq+0x180>
2000068c:	431e      	orrs	r6, r3
2000068e:	2380      	movs	r3, #128	@ 0x80
20000690:	466a      	mov	r2, sp
20000692:	00db      	lsls	r3, r3, #3
20000694:	8093      	strh	r3, [r2, #4]
20000696:	2101      	movs	r1, #1
20000698:	a801      	add	r0, sp, #4
2000069a:	f000 fbc3 	bl	20000e24 <dcd_event_handler>
2000069e:	2210      	movs	r2, #16
200006a0:	4b5d      	ldr	r3, [pc, #372]	@ (20000818 <dcd_rp2040_irq+0x350>)
200006a2:	651a      	str	r2, [r3, #80]	@ 0x50
200006a4:	2380      	movs	r3, #128	@ 0x80
200006a6:	021b      	lsls	r3, r3, #8
200006a8:	421d      	tst	r5, r3
200006aa:	d0d1      	beq.n	20000650 <dcd_rp2040_irq+0x188>
200006ac:	431e      	orrs	r6, r3
200006ae:	23a0      	movs	r3, #160	@ 0xa0
200006b0:	466a      	mov	r2, sp
200006b2:	00db      	lsls	r3, r3, #3
200006b4:	8093      	strh	r3, [r2, #4]
200006b6:	2101      	movs	r1, #1
200006b8:	a801      	add	r0, sp, #4
200006ba:	f000 fbb3 	bl	20000e24 <dcd_event_handler>
200006be:	2280      	movs	r2, #128	@ 0x80
200006c0:	4b55      	ldr	r3, [pc, #340]	@ (20000818 <dcd_rp2040_irq+0x350>)
200006c2:	0112      	lsls	r2, r2, #4
200006c4:	651a      	str	r2, [r3, #80]	@ 0x50
200006c6:	e7c3      	b.n	20000650 <dcd_rp2040_irq+0x188>
200006c8:	f7ff feba 	bl	20000440 <hw_handle_buff_status>
200006cc:	0026      	movs	r6, r4
200006ce:	e77f      	b.n	200005d0 <dcd_rp2040_irq+0x108>
200006d0:	4b54      	ldr	r3, [pc, #336]	@ (20000824 <dcd_rp2040_irq+0x35c>)
200006d2:	4a44      	ldr	r2, [pc, #272]	@ (200007e4 <dcd_rp2040_irq+0x31c>)
200006d4:	661c      	str	r4, [r3, #96]	@ 0x60
200006d6:	6e53      	ldr	r3, [r2, #100]	@ 0x64
200006d8:	4023      	ands	r3, r4
200006da:	42a3      	cmp	r3, r4
200006dc:	d1fb      	bne.n	200006d6 <dcd_rp2040_irq+0x20e>
200006de:	e786      	b.n	200005ee <dcd_rp2040_irq+0x126>
200006e0:	3378      	adds	r3, #120	@ 0x78
200006e2:	5ce7      	ldrb	r7, [r4, r3]
200006e4:	2f00      	cmp	r7, #0
200006e6:	d100      	bne.n	200006ea <dcd_rp2040_irq+0x222>
200006e8:	e70a      	b.n	20000500 <dcd_rp2040_irq+0x38>
200006ea:	3302      	adds	r3, #2
200006ec:	5ce2      	ldrb	r2, [r4, r3]
200006ee:	2a00      	cmp	r2, #0
200006f0:	d000      	beq.n	200006f4 <dcd_rp2040_irq+0x22c>
200006f2:	e169      	b.n	200009c8 <dcd_rp2040_irq+0x500>
200006f4:	003e      	movs	r6, r7
200006f6:	e703      	b.n	20000500 <dcd_rp2040_irq+0x38>
200006f8:	33b8      	adds	r3, #184	@ 0xb8
200006fa:	5ce7      	ldrb	r7, [r4, r3]
200006fc:	2f00      	cmp	r7, #0
200006fe:	d100      	bne.n	20000702 <dcd_rp2040_irq+0x23a>
20000700:	e703      	b.n	2000050a <dcd_rp2040_irq+0x42>
20000702:	3302      	adds	r3, #2
20000704:	5ce2      	ldrb	r2, [r4, r3]
20000706:	2a00      	cmp	r2, #0
20000708:	d000      	beq.n	2000070c <dcd_rp2040_irq+0x244>
2000070a:	e155      	b.n	200009b8 <dcd_rp2040_irq+0x4f0>
2000070c:	003e      	movs	r6, r7
2000070e:	e6fc      	b.n	2000050a <dcd_rp2040_irq+0x42>
20000710:	33f8      	adds	r3, #248	@ 0xf8
20000712:	5ce7      	ldrb	r7, [r4, r3]
20000714:	2f00      	cmp	r7, #0
20000716:	d100      	bne.n	2000071a <dcd_rp2040_irq+0x252>
20000718:	e6fc      	b.n	20000514 <dcd_rp2040_irq+0x4c>
2000071a:	3302      	adds	r3, #2
2000071c:	5ce2      	ldrb	r2, [r4, r3]
2000071e:	2a00      	cmp	r2, #0
20000720:	d000      	beq.n	20000724 <dcd_rp2040_irq+0x25c>
20000722:	e141      	b.n	200009a8 <dcd_rp2040_irq+0x4e0>
20000724:	003e      	movs	r6, r7
20000726:	e6f5      	b.n	20000514 <dcd_rp2040_irq+0x4c>
20000728:	33f9      	adds	r3, #249	@ 0xf9
2000072a:	33ff      	adds	r3, #255	@ 0xff
2000072c:	5ce7      	ldrb	r7, [r4, r3]
2000072e:	2f00      	cmp	r7, #0
20000730:	d100      	bne.n	20000734 <dcd_rp2040_irq+0x26c>
20000732:	e707      	b.n	20000544 <dcd_rp2040_irq+0x7c>
20000734:	3302      	adds	r3, #2
20000736:	5ce2      	ldrb	r2, [r4, r3]
20000738:	2a00      	cmp	r2, #0
2000073a:	d000      	beq.n	2000073e <dcd_rp2040_irq+0x276>
2000073c:	e12b      	b.n	20000996 <dcd_rp2040_irq+0x4ce>
2000073e:	003e      	movs	r6, r7
20000740:	e700      	b.n	20000544 <dcd_rp2040_irq+0x7c>
20000742:	3379      	adds	r3, #121	@ 0x79
20000744:	33ff      	adds	r3, #255	@ 0xff
20000746:	5ce7      	ldrb	r7, [r4, r3]
20000748:	2f00      	cmp	r7, #0
2000074a:	d100      	bne.n	2000074e <dcd_rp2040_irq+0x286>
2000074c:	e6ee      	b.n	2000052c <dcd_rp2040_irq+0x64>
2000074e:	3302      	adds	r3, #2
20000750:	5ce2      	ldrb	r2, [r4, r3]
20000752:	2a00      	cmp	r2, #0
20000754:	d000      	beq.n	20000758 <dcd_rp2040_irq+0x290>
20000756:	e115      	b.n	20000984 <dcd_rp2040_irq+0x4bc>
20000758:	003e      	movs	r6, r7
2000075a:	e6e7      	b.n	2000052c <dcd_rp2040_irq+0x64>
2000075c:	4b32      	ldr	r3, [pc, #200]	@ (20000828 <dcd_rp2040_irq+0x360>)
2000075e:	5ce7      	ldrb	r7, [r4, r3]
20000760:	2f00      	cmp	r7, #0
20000762:	d100      	bne.n	20000766 <dcd_rp2040_irq+0x29e>
20000764:	e6f8      	b.n	20000558 <dcd_rp2040_irq+0x90>
20000766:	3302      	adds	r3, #2
20000768:	5ce2      	ldrb	r2, [r4, r3]
2000076a:	2a00      	cmp	r2, #0
2000076c:	d000      	beq.n	20000770 <dcd_rp2040_irq+0x2a8>
2000076e:	e101      	b.n	20000974 <dcd_rp2040_irq+0x4ac>
20000770:	003e      	movs	r6, r7
20000772:	e6f1      	b.n	20000558 <dcd_rp2040_irq+0x90>
20000774:	3339      	adds	r3, #57	@ 0x39
20000776:	33ff      	adds	r3, #255	@ 0xff
20000778:	5ce7      	ldrb	r7, [r4, r3]
2000077a:	2f00      	cmp	r7, #0
2000077c:	d100      	bne.n	20000780 <dcd_rp2040_irq+0x2b8>
2000077e:	e6cf      	b.n	20000520 <dcd_rp2040_irq+0x58>
20000780:	3302      	adds	r3, #2
20000782:	5ce2      	ldrb	r2, [r4, r3]
20000784:	2a00      	cmp	r2, #0
20000786:	d000      	beq.n	2000078a <dcd_rp2040_irq+0x2c2>
20000788:	e0eb      	b.n	20000962 <dcd_rp2040_irq+0x49a>
2000078a:	003e      	movs	r6, r7
2000078c:	e6c8      	b.n	20000520 <dcd_rp2040_irq+0x58>
2000078e:	3338      	adds	r3, #56	@ 0x38
20000790:	5ce6      	ldrb	r6, [r4, r3]
20000792:	2e00      	cmp	r6, #0
20000794:	d100      	bne.n	20000798 <dcd_rp2040_irq+0x2d0>
20000796:	e6ae      	b.n	200004f6 <dcd_rp2040_irq+0x2e>
20000798:	3302      	adds	r3, #2
2000079a:	5ce2      	ldrb	r2, [r4, r3]
2000079c:	2a00      	cmp	r2, #0
2000079e:	d100      	bne.n	200007a2 <dcd_rp2040_irq+0x2da>
200007a0:	e6a9      	b.n	200004f6 <dcd_rp2040_irq+0x2e>
200007a2:	0020      	movs	r0, r4
200007a4:	2200      	movs	r2, #0
200007a6:	3020      	adds	r0, #32
200007a8:	54e2      	strb	r2, [r4, r3]
200007aa:	f000 fae5 	bl	20000d78 <hw_endpoint_start_next_buffer>
200007ae:	e6a2      	b.n	200004f6 <dcd_rp2040_irq+0x2e>
200007b0:	33b9      	adds	r3, #185	@ 0xb9
200007b2:	33ff      	adds	r3, #255	@ 0xff
200007b4:	5ce7      	ldrb	r7, [r4, r3]
200007b6:	2f00      	cmp	r7, #0
200007b8:	d100      	bne.n	200007bc <dcd_rp2040_irq+0x2f4>
200007ba:	e6bd      	b.n	20000538 <dcd_rp2040_irq+0x70>
200007bc:	3302      	adds	r3, #2
200007be:	5ce2      	ldrb	r2, [r4, r3]
200007c0:	2a00      	cmp	r2, #0
200007c2:	d000      	beq.n	200007c6 <dcd_rp2040_irq+0x2fe>
200007c4:	e0c4      	b.n	20000950 <dcd_rp2040_irq+0x488>
200007c6:	003e      	movs	r6, r7
200007c8:	e6b6      	b.n	20000538 <dcd_rp2040_irq+0x70>
200007ca:	4b18      	ldr	r3, [pc, #96]	@ (2000082c <dcd_rp2040_irq+0x364>)
200007cc:	5ce7      	ldrb	r7, [r4, r3]
200007ce:	2f00      	cmp	r7, #0
200007d0:	d100      	bne.n	200007d4 <dcd_rp2040_irq+0x30c>
200007d2:	e6cb      	b.n	2000056c <dcd_rp2040_irq+0xa4>
200007d4:	3302      	adds	r3, #2
200007d6:	5ce2      	ldrb	r2, [r4, r3]
200007d8:	2a00      	cmp	r2, #0
200007da:	d000      	beq.n	200007de <dcd_rp2040_irq+0x316>
200007dc:	e0b0      	b.n	20000940 <dcd_rp2040_irq+0x478>
200007de:	003e      	movs	r6, r7
200007e0:	e6c4      	b.n	2000056c <dcd_rp2040_irq+0xa4>
200007e2:	46c0      	nop			@ (mov r8, r8)
200007e4:	50110000 	.word	0x50110000
200007e8:	40054000 	.word	0x40054000
200007ec:	20001930 	.word	0x20001930
200007f0:	20001928 	.word	0x20001928
200007f4:	0000023b 	.word	0x0000023b
200007f8:	0000027b 	.word	0x0000027b
200007fc:	000002bb 	.word	0x000002bb
20000800:	000002fb 	.word	0x000002fb
20000804:	0000033b 	.word	0x0000033b
20000808:	0000037b 	.word	0x0000037b
2000080c:	000003bb 	.word	0x000003bb
20000810:	000003fb 	.word	0x000003fb
20000814:	20001d82 	.word	0x20001d82
20000818:	50113000 	.word	0x50113000
2000081c:	00020010 	.word	0x00020010
20000820:	50100000 	.word	0x50100000
20000824:	50112000 	.word	0x50112000
20000828:	0000027a 	.word	0x0000027a
2000082c:	000002fa 	.word	0x000002fa
20000830:	4b6c      	ldr	r3, [pc, #432]	@ (200009e4 <dcd_rp2040_irq+0x51c>)
20000832:	5ce7      	ldrb	r7, [r4, r3]
20000834:	2f00      	cmp	r7, #0
20000836:	d100      	bne.n	2000083a <dcd_rp2040_irq+0x372>
20000838:	e689      	b.n	2000054e <dcd_rp2040_irq+0x86>
2000083a:	3302      	adds	r3, #2
2000083c:	5ce2      	ldrb	r2, [r4, r3]
2000083e:	2a00      	cmp	r2, #0
20000840:	d176      	bne.n	20000930 <dcd_rp2040_irq+0x468>
20000842:	003e      	movs	r6, r7
20000844:	e683      	b.n	2000054e <dcd_rp2040_irq+0x86>
20000846:	4b68      	ldr	r3, [pc, #416]	@ (200009e8 <dcd_rp2040_irq+0x520>)
20000848:	5ce7      	ldrb	r7, [r4, r3]
2000084a:	2f00      	cmp	r7, #0
2000084c:	d100      	bne.n	20000850 <dcd_rp2040_irq+0x388>
2000084e:	e688      	b.n	20000562 <dcd_rp2040_irq+0x9a>
20000850:	3302      	adds	r3, #2
20000852:	5ce2      	ldrb	r2, [r4, r3]
20000854:	2a00      	cmp	r2, #0
20000856:	d163      	bne.n	20000920 <dcd_rp2040_irq+0x458>
20000858:	003e      	movs	r6, r7
2000085a:	e682      	b.n	20000562 <dcd_rp2040_irq+0x9a>
2000085c:	4b63      	ldr	r3, [pc, #396]	@ (200009ec <dcd_rp2040_irq+0x524>)
2000085e:	5ce7      	ldrb	r7, [r4, r3]
20000860:	2f00      	cmp	r7, #0
20000862:	d100      	bne.n	20000866 <dcd_rp2040_irq+0x39e>
20000864:	e68c      	b.n	20000580 <dcd_rp2040_irq+0xb8>
20000866:	3302      	adds	r3, #2
20000868:	5ce2      	ldrb	r2, [r4, r3]
2000086a:	2a00      	cmp	r2, #0
2000086c:	d12a      	bne.n	200008c4 <dcd_rp2040_irq+0x3fc>
2000086e:	4b60      	ldr	r3, [pc, #384]	@ (200009f0 <dcd_rp2040_irq+0x528>)
20000870:	5ce3      	ldrb	r3, [r4, r3]
20000872:	2b02      	cmp	r3, #2
20000874:	d030      	beq.n	200008d8 <dcd_rp2040_irq+0x410>
20000876:	4b5f      	ldr	r3, [pc, #380]	@ (200009f4 <dcd_rp2040_irq+0x52c>)
20000878:	5ce3      	ldrb	r3, [r4, r3]
2000087a:	2b02      	cmp	r3, #2
2000087c:	d000      	beq.n	20000880 <dcd_rp2040_irq+0x3b8>
2000087e:	e694      	b.n	200005aa <dcd_rp2040_irq+0xe2>
20000880:	4b5d      	ldr	r3, [pc, #372]	@ (200009f8 <dcd_rp2040_irq+0x530>)
20000882:	5ce3      	ldrb	r3, [r4, r3]
20000884:	2b00      	cmp	r3, #0
20000886:	d136      	bne.n	200008f6 <dcd_rp2040_irq+0x42e>
20000888:	e68f      	b.n	200005aa <dcd_rp2040_irq+0xe2>
2000088a:	4b5c      	ldr	r3, [pc, #368]	@ (200009fc <dcd_rp2040_irq+0x534>)
2000088c:	5ce7      	ldrb	r7, [r4, r3]
2000088e:	2f00      	cmp	r7, #0
20000890:	d100      	bne.n	20000894 <dcd_rp2040_irq+0x3cc>
20000892:	e670      	b.n	20000576 <dcd_rp2040_irq+0xae>
20000894:	3302      	adds	r3, #2
20000896:	5ce2      	ldrb	r2, [r4, r3]
20000898:	2a00      	cmp	r2, #0
2000089a:	d139      	bne.n	20000910 <dcd_rp2040_irq+0x448>
2000089c:	003e      	movs	r6, r7
2000089e:	e66a      	b.n	20000576 <dcd_rp2040_irq+0xae>
200008a0:	4b57      	ldr	r3, [pc, #348]	@ (20000a00 <dcd_rp2040_irq+0x538>)
200008a2:	5ce3      	ldrb	r3, [r4, r3]
200008a4:	2b00      	cmp	r3, #0
200008a6:	d100      	bne.n	200008aa <dcd_rp2040_irq+0x3e2>
200008a8:	e66f      	b.n	2000058a <dcd_rp2040_irq+0xc2>
200008aa:	23ef      	movs	r3, #239	@ 0xef
200008ac:	009b      	lsls	r3, r3, #2
200008ae:	5ce2      	ldrb	r2, [r4, r3]
200008b0:	2a00      	cmp	r2, #0
200008b2:	d0e0      	beq.n	20000876 <dcd_rp2040_irq+0x3ae>
200008b4:	2200      	movs	r2, #0
200008b6:	54e2      	strb	r2, [r4, r3]
200008b8:	23e8      	movs	r3, #232	@ 0xe8
200008ba:	009b      	lsls	r3, r3, #2
200008bc:	18e0      	adds	r0, r4, r3
200008be:	f000 fa5b 	bl	20000d78 <hw_endpoint_start_next_buffer>
200008c2:	e7d8      	b.n	20000876 <dcd_rp2040_irq+0x3ae>
200008c4:	2200      	movs	r2, #0
200008c6:	54e2      	strb	r2, [r4, r3]
200008c8:	3b1c      	subs	r3, #28
200008ca:	18e0      	adds	r0, r4, r3
200008cc:	f000 fa54 	bl	20000d78 <hw_endpoint_start_next_buffer>
200008d0:	4b47      	ldr	r3, [pc, #284]	@ (200009f0 <dcd_rp2040_irq+0x528>)
200008d2:	5ce3      	ldrb	r3, [r4, r3]
200008d4:	2b02      	cmp	r3, #2
200008d6:	d1ce      	bne.n	20000876 <dcd_rp2040_irq+0x3ae>
200008d8:	4b49      	ldr	r3, [pc, #292]	@ (20000a00 <dcd_rp2040_irq+0x538>)
200008da:	5ce3      	ldrb	r3, [r4, r3]
200008dc:	2b00      	cmp	r3, #0
200008de:	d1e4      	bne.n	200008aa <dcd_rp2040_irq+0x3e2>
200008e0:	4b44      	ldr	r3, [pc, #272]	@ (200009f4 <dcd_rp2040_irq+0x52c>)
200008e2:	003e      	movs	r6, r7
200008e4:	5ce3      	ldrb	r3, [r4, r3]
200008e6:	2b02      	cmp	r3, #2
200008e8:	d000      	beq.n	200008ec <dcd_rp2040_irq+0x424>
200008ea:	e65e      	b.n	200005aa <dcd_rp2040_irq+0xe2>
200008ec:	4b42      	ldr	r3, [pc, #264]	@ (200009f8 <dcd_rp2040_irq+0x530>)
200008ee:	5ce3      	ldrb	r3, [r4, r3]
200008f0:	2b00      	cmp	r3, #0
200008f2:	d100      	bne.n	200008f6 <dcd_rp2040_irq+0x42e>
200008f4:	e64e      	b.n	20000594 <dcd_rp2040_irq+0xcc>
200008f6:	23ff      	movs	r3, #255	@ 0xff
200008f8:	009b      	lsls	r3, r3, #2
200008fa:	5ce2      	ldrb	r2, [r4, r3]
200008fc:	2a00      	cmp	r2, #0
200008fe:	d100      	bne.n	20000902 <dcd_rp2040_irq+0x43a>
20000900:	e653      	b.n	200005aa <dcd_rp2040_irq+0xe2>
20000902:	2200      	movs	r2, #0
20000904:	54e2      	strb	r2, [r4, r3]
20000906:	3b1c      	subs	r3, #28
20000908:	18e0      	adds	r0, r4, r3
2000090a:	f000 fa35 	bl	20000d78 <hw_endpoint_start_next_buffer>
2000090e:	e64c      	b.n	200005aa <dcd_rp2040_irq+0xe2>
20000910:	2200      	movs	r2, #0
20000912:	54e2      	strb	r2, [r4, r3]
20000914:	3b1c      	subs	r3, #28
20000916:	18e0      	adds	r0, r4, r3
20000918:	f000 fa2e 	bl	20000d78 <hw_endpoint_start_next_buffer>
2000091c:	003e      	movs	r6, r7
2000091e:	e62a      	b.n	20000576 <dcd_rp2040_irq+0xae>
20000920:	2200      	movs	r2, #0
20000922:	54e2      	strb	r2, [r4, r3]
20000924:	3b1c      	subs	r3, #28
20000926:	18e0      	adds	r0, r4, r3
20000928:	f000 fa26 	bl	20000d78 <hw_endpoint_start_next_buffer>
2000092c:	003e      	movs	r6, r7
2000092e:	e618      	b.n	20000562 <dcd_rp2040_irq+0x9a>
20000930:	2200      	movs	r2, #0
20000932:	54e2      	strb	r2, [r4, r3]
20000934:	3b1c      	subs	r3, #28
20000936:	18e0      	adds	r0, r4, r3
20000938:	f000 fa1e 	bl	20000d78 <hw_endpoint_start_next_buffer>
2000093c:	003e      	movs	r6, r7
2000093e:	e606      	b.n	2000054e <dcd_rp2040_irq+0x86>
20000940:	2200      	movs	r2, #0
20000942:	54e2      	strb	r2, [r4, r3]
20000944:	3b1c      	subs	r3, #28
20000946:	18e0      	adds	r0, r4, r3
20000948:	f000 fa16 	bl	20000d78 <hw_endpoint_start_next_buffer>
2000094c:	003e      	movs	r6, r7
2000094e:	e60d      	b.n	2000056c <dcd_rp2040_irq+0xa4>
20000950:	0020      	movs	r0, r4
20000952:	2200      	movs	r2, #0
20000954:	30a1      	adds	r0, #161	@ 0xa1
20000956:	30ff      	adds	r0, #255	@ 0xff
20000958:	54e2      	strb	r2, [r4, r3]
2000095a:	003e      	movs	r6, r7
2000095c:	f000 fa0c 	bl	20000d78 <hw_endpoint_start_next_buffer>
20000960:	e5ea      	b.n	20000538 <dcd_rp2040_irq+0x70>
20000962:	0020      	movs	r0, r4
20000964:	2200      	movs	r2, #0
20000966:	3021      	adds	r0, #33	@ 0x21
20000968:	30ff      	adds	r0, #255	@ 0xff
2000096a:	54e2      	strb	r2, [r4, r3]
2000096c:	003e      	movs	r6, r7
2000096e:	f000 fa03 	bl	20000d78 <hw_endpoint_start_next_buffer>
20000972:	e5d5      	b.n	20000520 <dcd_rp2040_irq+0x58>
20000974:	2200      	movs	r2, #0
20000976:	54e2      	strb	r2, [r4, r3]
20000978:	3b1c      	subs	r3, #28
2000097a:	18e0      	adds	r0, r4, r3
2000097c:	f000 f9fc 	bl	20000d78 <hw_endpoint_start_next_buffer>
20000980:	003e      	movs	r6, r7
20000982:	e5e9      	b.n	20000558 <dcd_rp2040_irq+0x90>
20000984:	0020      	movs	r0, r4
20000986:	2200      	movs	r2, #0
20000988:	3061      	adds	r0, #97	@ 0x61
2000098a:	30ff      	adds	r0, #255	@ 0xff
2000098c:	54e2      	strb	r2, [r4, r3]
2000098e:	003e      	movs	r6, r7
20000990:	f000 f9f2 	bl	20000d78 <hw_endpoint_start_next_buffer>
20000994:	e5ca      	b.n	2000052c <dcd_rp2040_irq+0x64>
20000996:	0020      	movs	r0, r4
20000998:	2200      	movs	r2, #0
2000099a:	30e1      	adds	r0, #225	@ 0xe1
2000099c:	30ff      	adds	r0, #255	@ 0xff
2000099e:	54e2      	strb	r2, [r4, r3]
200009a0:	003e      	movs	r6, r7
200009a2:	f000 f9e9 	bl	20000d78 <hw_endpoint_start_next_buffer>
200009a6:	e5cd      	b.n	20000544 <dcd_rp2040_irq+0x7c>
200009a8:	0020      	movs	r0, r4
200009aa:	2200      	movs	r2, #0
200009ac:	30e0      	adds	r0, #224	@ 0xe0
200009ae:	54e2      	strb	r2, [r4, r3]
200009b0:	003e      	movs	r6, r7
200009b2:	f000 f9e1 	bl	20000d78 <hw_endpoint_start_next_buffer>
200009b6:	e5ad      	b.n	20000514 <dcd_rp2040_irq+0x4c>
200009b8:	0020      	movs	r0, r4
200009ba:	2200      	movs	r2, #0
200009bc:	30a0      	adds	r0, #160	@ 0xa0
200009be:	54e2      	strb	r2, [r4, r3]
200009c0:	003e      	movs	r6, r7
200009c2:	f000 f9d9 	bl	20000d78 <hw_endpoint_start_next_buffer>
200009c6:	e5a0      	b.n	2000050a <dcd_rp2040_irq+0x42>
200009c8:	0020      	movs	r0, r4
200009ca:	2200      	movs	r2, #0
200009cc:	3060      	adds	r0, #96	@ 0x60
200009ce:	54e2      	strb	r2, [r4, r3]
200009d0:	003e      	movs	r6, r7
200009d2:	f000 f9d1 	bl	20000d78 <hw_endpoint_start_next_buffer>
200009d6:	e593      	b.n	20000500 <dcd_rp2040_irq+0x38>
200009d8:	0031      	movs	r1, r6
200009da:	480a      	ldr	r0, [pc, #40]	@ (20000a04 <dcd_rp2040_irq+0x53c>)
200009dc:	4069      	eors	r1, r5
200009de:	f000 fb3f 	bl	20001060 <__panic_veneer>
200009e2:	46c0      	nop			@ (mov r8, r8)
200009e4:	0000023a 	.word	0x0000023a
200009e8:	000002ba 	.word	0x000002ba
200009ec:	0000037a 	.word	0x0000037a
200009f0:	000003bb 	.word	0x000003bb
200009f4:	000003fb 	.word	0x000003fb
200009f8:	000003fa 	.word	0x000003fa
200009fc:	0000033a 	.word	0x0000033a
20000a00:	000003ba 	.word	0x000003ba
20000a04:	10006834 	.word	0x10006834

20000a08 <prepare_ep_buffer>:
20000a08:	b5f0      	push	{r4, r5, r6, r7, lr}
20000a0a:	4645      	mov	r5, r8
20000a0c:	46de      	mov	lr, fp
20000a0e:	4657      	mov	r7, sl
20000a10:	464e      	mov	r6, r9
20000a12:	b5e0      	push	{r5, r6, r7, lr}
20000a14:	0003      	movs	r3, r0
20000a16:	8a82      	ldrh	r2, [r0, #20]
20000a18:	8b00      	ldrh	r0, [r0, #24]
20000a1a:	4688      	mov	r8, r1
20000a1c:	b085      	sub	sp, #20
20000a1e:	1c01      	adds	r1, r0, #0
20000a20:	4290      	cmp	r0, r2
20000a22:	d900      	bls.n	20000a26 <prepare_ep_buffer+0x1e>
20000a24:	1c11      	adds	r1, r2, #0
20000a26:	b289      	uxth	r1, r1
20000a28:	1a52      	subs	r2, r2, r1
20000a2a:	b294      	uxth	r4, r2
20000a2c:	78da      	ldrb	r2, [r3, #3]
20000a2e:	2680      	movs	r6, #128	@ 0x80
20000a30:	0010      	movs	r0, r2
20000a32:	1e47      	subs	r7, r0, #1
20000a34:	41b8      	sbcs	r0, r7
20000a36:	00f6      	lsls	r6, r6, #3
20000a38:	430e      	orrs	r6, r1
20000a3a:	0340      	lsls	r0, r0, #13
20000a3c:	4330      	orrs	r0, r6
20000a3e:	2601      	movs	r6, #1
20000a40:	4072      	eors	r2, r6
20000a42:	70da      	strb	r2, [r3, #3]
20000a44:	785a      	ldrb	r2, [r3, #1]
20000a46:	829c      	strh	r4, [r3, #20]
20000a48:	2a00      	cmp	r2, #0
20000a4a:	d172      	bne.n	20000b32 <prepare_ep_buffer+0x12a>
20000a4c:	691a      	ldr	r2, [r3, #16]
20000a4e:	2900      	cmp	r1, #0
20000a50:	d06a      	beq.n	20000b28 <prepare_ep_buffer+0x120>
20000a52:	4645      	mov	r5, r8
20000a54:	68dc      	ldr	r4, [r3, #12]
20000a56:	01ae      	lsls	r6, r5, #6
20000a58:	46a1      	mov	r9, r4
20000a5a:	46b2      	mov	sl, r6
20000a5c:	19a4      	adds	r4, r4, r6
20000a5e:	1e4e      	subs	r6, r1, #1
20000a60:	9601      	str	r6, [sp, #4]
20000a62:	2e0b      	cmp	r6, #11
20000a64:	d800      	bhi.n	20000a68 <prepare_ep_buffer+0x60>
20000a66:	e07a      	b.n	20000b5e <prepare_ep_buffer+0x156>
20000a68:	0026      	movs	r6, r4
20000a6a:	2503      	movs	r5, #3
20000a6c:	4056      	eors	r6, r2
20000a6e:	46ac      	mov	ip, r5
20000a70:	4235      	tst	r5, r6
20000a72:	d000      	beq.n	20000a76 <prepare_ep_buffer+0x6e>
20000a74:	e073      	b.n	20000b5e <prepare_ep_buffer+0x156>
20000a76:	1aa6      	subs	r6, r4, r2
20000a78:	3e01      	subs	r6, #1
20000a7a:	3d01      	subs	r5, #1
20000a7c:	42b5      	cmp	r5, r6
20000a7e:	d26e      	bcs.n	20000b5e <prepare_ep_buffer+0x156>
20000a80:	4667      	mov	r7, ip
20000a82:	4665      	mov	r5, ip
20000a84:	4256      	negs	r6, r2
20000a86:	4693      	mov	fp, r2
20000a88:	4037      	ands	r7, r6
20000a8a:	4235      	tst	r5, r6
20000a8c:	d00f      	beq.n	20000aae <prepare_ep_buffer+0xa6>
20000a8e:	7815      	ldrb	r5, [r2, #0]
20000a90:	7025      	strb	r5, [r4, #0]
20000a92:	2502      	movs	r5, #2
20000a94:	4235      	tst	r5, r6
20000a96:	d05c      	beq.n	20000b52 <prepare_ep_buffer+0x14a>
20000a98:	7856      	ldrb	r6, [r2, #1]
20000a9a:	7066      	strb	r6, [r4, #1]
20000a9c:	2f03      	cmp	r7, #3
20000a9e:	d167      	bne.n	20000b70 <prepare_ep_buffer+0x168>
20000aa0:	1cd5      	adds	r5, r2, #3
20000aa2:	7896      	ldrb	r6, [r2, #2]
20000aa4:	46ab      	mov	fp, r5
20000aa6:	1f0d      	subs	r5, r1, #4
20000aa8:	70a6      	strb	r6, [r4, #2]
20000aaa:	9501      	str	r5, [sp, #4]
20000aac:	3403      	adds	r4, #3
20000aae:	4655      	mov	r5, sl
20000ab0:	46cc      	mov	ip, r9
20000ab2:	1bce      	subs	r6, r1, r7
20000ab4:	9602      	str	r6, [sp, #8]
20000ab6:	19d6      	adds	r6, r2, r7
20000ab8:	19ea      	adds	r2, r5, r7
20000aba:	4494      	add	ip, r2
20000abc:	4665      	mov	r5, ip
20000abe:	9a02      	ldr	r2, [sp, #8]
20000ac0:	9503      	str	r5, [sp, #12]
20000ac2:	0897      	lsrs	r7, r2, #2
20000ac4:	001d      	movs	r5, r3
20000ac6:	2200      	movs	r2, #0
20000ac8:	0033      	movs	r3, r6
20000aca:	468c      	mov	ip, r1
20000acc:	9903      	ldr	r1, [sp, #12]
20000ace:	00bf      	lsls	r7, r7, #2
20000ad0:	589e      	ldr	r6, [r3, r2]
20000ad2:	508e      	str	r6, [r1, r2]
20000ad4:	3204      	adds	r2, #4
20000ad6:	4297      	cmp	r7, r2
20000ad8:	d1fa      	bne.n	20000ad0 <prepare_ep_buffer+0xc8>
20000ada:	9a02      	ldr	r2, [sp, #8]
20000adc:	4661      	mov	r1, ip
20000ade:	002b      	movs	r3, r5
20000ae0:	4297      	cmp	r7, r2
20000ae2:	d01f      	beq.n	20000b24 <prepare_ep_buffer+0x11c>
20000ae4:	465d      	mov	r5, fp
20000ae6:	19ea      	adds	r2, r5, r7
20000ae8:	5ded      	ldrb	r5, [r5, r7]
20000aea:	19e4      	adds	r4, r4, r7
20000aec:	9e01      	ldr	r6, [sp, #4]
20000aee:	7025      	strb	r5, [r4, #0]
20000af0:	9d01      	ldr	r5, [sp, #4]
20000af2:	1bf6      	subs	r6, r6, r7
20000af4:	42bd      	cmp	r5, r7
20000af6:	d015      	beq.n	20000b24 <prepare_ep_buffer+0x11c>
20000af8:	7857      	ldrb	r7, [r2, #1]
20000afa:	7067      	strb	r7, [r4, #1]
20000afc:	2e01      	cmp	r6, #1
20000afe:	d011      	beq.n	20000b24 <prepare_ep_buffer+0x11c>
20000b00:	7897      	ldrb	r7, [r2, #2]
20000b02:	70a7      	strb	r7, [r4, #2]
20000b04:	2e02      	cmp	r6, #2
20000b06:	d00d      	beq.n	20000b24 <prepare_ep_buffer+0x11c>
20000b08:	78d7      	ldrb	r7, [r2, #3]
20000b0a:	70e7      	strb	r7, [r4, #3]
20000b0c:	2e03      	cmp	r6, #3
20000b0e:	d009      	beq.n	20000b24 <prepare_ep_buffer+0x11c>
20000b10:	7917      	ldrb	r7, [r2, #4]
20000b12:	7127      	strb	r7, [r4, #4]
20000b14:	2e04      	cmp	r6, #4
20000b16:	d005      	beq.n	20000b24 <prepare_ep_buffer+0x11c>
20000b18:	7957      	ldrb	r7, [r2, #5]
20000b1a:	7167      	strb	r7, [r4, #5]
20000b1c:	2e05      	cmp	r6, #5
20000b1e:	d001      	beq.n	20000b24 <prepare_ep_buffer+0x11c>
20000b20:	7992      	ldrb	r2, [r2, #6]
20000b22:	71a2      	strb	r2, [r4, #6]
20000b24:	691a      	ldr	r2, [r3, #16]
20000b26:	8a9c      	ldrh	r4, [r3, #20]
20000b28:	1852      	adds	r2, r2, r1
20000b2a:	611a      	str	r2, [r3, #16]
20000b2c:	2380      	movs	r3, #128	@ 0x80
20000b2e:	021b      	lsls	r3, r3, #8
20000b30:	4318      	orrs	r0, r3
20000b32:	2c00      	cmp	r4, #0
20000b34:	d102      	bne.n	20000b3c <prepare_ep_buffer+0x134>
20000b36:	2380      	movs	r3, #128	@ 0x80
20000b38:	01db      	lsls	r3, r3, #7
20000b3a:	4318      	orrs	r0, r3
20000b3c:	4643      	mov	r3, r8
20000b3e:	2b00      	cmp	r3, #0
20000b40:	d000      	beq.n	20000b44 <prepare_ep_buffer+0x13c>
20000b42:	0400      	lsls	r0, r0, #16
20000b44:	b005      	add	sp, #20
20000b46:	bcf0      	pop	{r4, r5, r6, r7}
20000b48:	46bb      	mov	fp, r7
20000b4a:	46b2      	mov	sl, r6
20000b4c:	46a9      	mov	r9, r5
20000b4e:	46a0      	mov	r8, r4
20000b50:	bdf0      	pop	{r4, r5, r6, r7, pc}
20000b52:	1c55      	adds	r5, r2, #1
20000b54:	46ab      	mov	fp, r5
20000b56:	1e8d      	subs	r5, r1, #2
20000b58:	3401      	adds	r4, #1
20000b5a:	9501      	str	r5, [sp, #4]
20000b5c:	e7a7      	b.n	20000aae <prepare_ep_buffer+0xa6>
20000b5e:	2600      	movs	r6, #0
20000b60:	4645      	mov	r5, r8
20000b62:	5d97      	ldrb	r7, [r2, r6]
20000b64:	55a7      	strb	r7, [r4, r6]
20000b66:	3601      	adds	r6, #1
20000b68:	42b1      	cmp	r1, r6
20000b6a:	d1fa      	bne.n	20000b62 <prepare_ep_buffer+0x15a>
20000b6c:	46a8      	mov	r8, r5
20000b6e:	e7d9      	b.n	20000b24 <prepare_ep_buffer+0x11c>
20000b70:	1c95      	adds	r5, r2, #2
20000b72:	46ab      	mov	fp, r5
20000b74:	1ecd      	subs	r5, r1, #3
20000b76:	3402      	adds	r4, #2
20000b78:	9501      	str	r5, [sp, #4]
20000b7a:	e798      	b.n	20000aae <prepare_ep_buffer+0xa6>

20000b7c <sync_ep_buffer>:
20000b7c:	b5f0      	push	{r4, r5, r6, r7, lr}
20000b7e:	46ce      	mov	lr, r9
20000b80:	4647      	mov	r7, r8
20000b82:	6883      	ldr	r3, [r0, #8]
20000b84:	0004      	movs	r4, r0
20000b86:	b580      	push	{r7, lr}
20000b88:	681b      	ldr	r3, [r3, #0]
20000b8a:	2900      	cmp	r1, #0
20000b8c:	d000      	beq.n	20000b90 <sync_ep_buffer+0x14>
20000b8e:	0c1b      	lsrs	r3, r3, #16
20000b90:	059b      	lsls	r3, r3, #22
20000b92:	0d98      	lsrs	r0, r3, #22
20000b94:	7863      	ldrb	r3, [r4, #1]
20000b96:	2b00      	cmp	r3, #0
20000b98:	d10b      	bne.n	20000bb2 <sync_ep_buffer+0x36>
20000b9a:	8ae3      	ldrh	r3, [r4, #22]
20000b9c:	18c3      	adds	r3, r0, r3
20000b9e:	82e3      	strh	r3, [r4, #22]
20000ba0:	8b23      	ldrh	r3, [r4, #24]
20000ba2:	4283      	cmp	r3, r0
20000ba4:	d901      	bls.n	20000baa <sync_ep_buffer+0x2e>
20000ba6:	2300      	movs	r3, #0
20000ba8:	82a3      	strh	r3, [r4, #20]
20000baa:	bcc0      	pop	{r6, r7}
20000bac:	46b9      	mov	r9, r7
20000bae:	46b0      	mov	r8, r6
20000bb0:	bdf0      	pop	{r4, r5, r6, r7, pc}
20000bb2:	6923      	ldr	r3, [r4, #16]
20000bb4:	2800      	cmp	r0, #0
20000bb6:	d058      	beq.n	20000c6a <sync_ep_buffer+0xee>
20000bb8:	68e2      	ldr	r2, [r4, #12]
20000bba:	0189      	lsls	r1, r1, #6
20000bbc:	4694      	mov	ip, r2
20000bbe:	1856      	adds	r6, r2, r1
20000bc0:	1e42      	subs	r2, r0, #1
20000bc2:	4690      	mov	r8, r2
20000bc4:	2a0b      	cmp	r2, #11
20000bc6:	d95c      	bls.n	20000c82 <sync_ep_buffer+0x106>
20000bc8:	001a      	movs	r2, r3
20000bca:	2703      	movs	r7, #3
20000bcc:	4072      	eors	r2, r6
20000bce:	4217      	tst	r7, r2
20000bd0:	d157      	bne.n	20000c82 <sync_ep_buffer+0x106>
20000bd2:	2202      	movs	r2, #2
20000bd4:	1c4d      	adds	r5, r1, #1
20000bd6:	4465      	add	r5, ip
20000bd8:	1b5d      	subs	r5, r3, r5
20000bda:	42aa      	cmp	r2, r5
20000bdc:	d251      	bcs.n	20000c82 <sync_ep_buffer+0x106>
20000bde:	2503      	movs	r5, #3
20000be0:	425a      	negs	r2, r3
20000be2:	4699      	mov	r9, r3
20000be4:	4015      	ands	r5, r2
20000be6:	4217      	tst	r7, r2
20000be8:	d00f      	beq.n	20000c0a <sync_ep_buffer+0x8e>
20000bea:	7837      	ldrb	r7, [r6, #0]
20000bec:	701f      	strb	r7, [r3, #0]
20000bee:	2702      	movs	r7, #2
20000bf0:	4217      	tst	r7, r2
20000bf2:	d040      	beq.n	20000c76 <sync_ep_buffer+0xfa>
20000bf4:	7872      	ldrb	r2, [r6, #1]
20000bf6:	705a      	strb	r2, [r3, #1]
20000bf8:	2d03      	cmp	r5, #3
20000bfa:	d14a      	bne.n	20000c92 <sync_ep_buffer+0x116>
20000bfc:	1cda      	adds	r2, r3, #3
20000bfe:	4691      	mov	r9, r2
20000c00:	78b2      	ldrb	r2, [r6, #2]
20000c02:	3603      	adds	r6, #3
20000c04:	709a      	strb	r2, [r3, #2]
20000c06:	1f02      	subs	r2, r0, #4
20000c08:	4690      	mov	r8, r2
20000c0a:	1b42      	subs	r2, r0, r5
20000c0c:	1949      	adds	r1, r1, r5
20000c0e:	0017      	movs	r7, r2
20000c10:	195d      	adds	r5, r3, r5
20000c12:	2300      	movs	r3, #0
20000c14:	448c      	add	ip, r1
20000c16:	0891      	lsrs	r1, r2, #2
20000c18:	0089      	lsls	r1, r1, #2
20000c1a:	4662      	mov	r2, ip
20000c1c:	58d2      	ldr	r2, [r2, r3]
20000c1e:	50ea      	str	r2, [r5, r3]
20000c20:	3304      	adds	r3, #4
20000c22:	4299      	cmp	r1, r3
20000c24:	d1f9      	bne.n	20000c1a <sync_ep_buffer+0x9e>
20000c26:	42b9      	cmp	r1, r7
20000c28:	d01e      	beq.n	20000c68 <sync_ep_buffer+0xec>
20000c2a:	464b      	mov	r3, r9
20000c2c:	4647      	mov	r7, r8
20000c2e:	1872      	adds	r2, r6, r1
20000c30:	5c76      	ldrb	r6, [r6, r1]
20000c32:	185b      	adds	r3, r3, r1
20000c34:	1a7d      	subs	r5, r7, r1
20000c36:	701e      	strb	r6, [r3, #0]
20000c38:	428f      	cmp	r7, r1
20000c3a:	d015      	beq.n	20000c68 <sync_ep_buffer+0xec>
20000c3c:	7851      	ldrb	r1, [r2, #1]
20000c3e:	7059      	strb	r1, [r3, #1]
20000c40:	2d01      	cmp	r5, #1
20000c42:	d011      	beq.n	20000c68 <sync_ep_buffer+0xec>
20000c44:	7891      	ldrb	r1, [r2, #2]
20000c46:	7099      	strb	r1, [r3, #2]
20000c48:	2d02      	cmp	r5, #2
20000c4a:	d00d      	beq.n	20000c68 <sync_ep_buffer+0xec>
20000c4c:	78d1      	ldrb	r1, [r2, #3]
20000c4e:	70d9      	strb	r1, [r3, #3]
20000c50:	2d03      	cmp	r5, #3
20000c52:	d009      	beq.n	20000c68 <sync_ep_buffer+0xec>
20000c54:	7911      	ldrb	r1, [r2, #4]
20000c56:	7119      	strb	r1, [r3, #4]
20000c58:	2d04      	cmp	r5, #4
20000c5a:	d005      	beq.n	20000c68 <sync_ep_buffer+0xec>
20000c5c:	7951      	ldrb	r1, [r2, #5]
20000c5e:	7159      	strb	r1, [r3, #5]
20000c60:	2d05      	cmp	r5, #5
20000c62:	d001      	beq.n	20000c68 <sync_ep_buffer+0xec>
20000c64:	7992      	ldrb	r2, [r2, #6]
20000c66:	719a      	strb	r2, [r3, #6]
20000c68:	6923      	ldr	r3, [r4, #16]
20000c6a:	8ae2      	ldrh	r2, [r4, #22]
20000c6c:	181b      	adds	r3, r3, r0
20000c6e:	1882      	adds	r2, r0, r2
20000c70:	82e2      	strh	r2, [r4, #22]
20000c72:	6123      	str	r3, [r4, #16]
20000c74:	e794      	b.n	20000ba0 <sync_ep_buffer+0x24>
20000c76:	1c5a      	adds	r2, r3, #1
20000c78:	4691      	mov	r9, r2
20000c7a:	1e82      	subs	r2, r0, #2
20000c7c:	4690      	mov	r8, r2
20000c7e:	3601      	adds	r6, #1
20000c80:	e7c3      	b.n	20000c0a <sync_ep_buffer+0x8e>
20000c82:	2200      	movs	r2, #0
20000c84:	5cb1      	ldrb	r1, [r6, r2]
20000c86:	5499      	strb	r1, [r3, r2]
20000c88:	3201      	adds	r2, #1
20000c8a:	4290      	cmp	r0, r2
20000c8c:	d1fa      	bne.n	20000c84 <sync_ep_buffer+0x108>
20000c8e:	6923      	ldr	r3, [r4, #16]
20000c90:	e7eb      	b.n	20000c6a <sync_ep_buffer+0xee>
20000c92:	1c9a      	adds	r2, r3, #2
20000c94:	4691      	mov	r9, r2
20000c96:	1ec2      	subs	r2, r0, #3
20000c98:	4690      	mov	r8, r2
20000c9a:	3602      	adds	r6, #2
20000c9c:	e7b5      	b.n	20000c0a <sync_ep_buffer+0x8e>
20000c9e:	46c0      	nop			@ (mov r8, r8)

20000ca0 <_hw_endpoint_xfer_sync>:
20000ca0:	b510      	push	{r4, lr}
20000ca2:	0004      	movs	r4, r0
20000ca4:	6883      	ldr	r3, [r0, #8]
20000ca6:	2100      	movs	r1, #0
20000ca8:	681b      	ldr	r3, [r3, #0]
20000caa:	f7ff ff67 	bl	20000b7c <sync_ep_buffer>
20000cae:	6863      	ldr	r3, [r4, #4]
20000cb0:	681b      	ldr	r3, [r3, #0]
20000cb2:	005b      	lsls	r3, r3, #1
20000cb4:	d502      	bpl.n	20000cbc <_hw_endpoint_xfer_sync+0x1c>
20000cb6:	8b23      	ldrh	r3, [r4, #24]
20000cb8:	4283      	cmp	r3, r0
20000cba:	d000      	beq.n	20000cbe <_hw_endpoint_xfer_sync+0x1e>
20000cbc:	bd10      	pop	{r4, pc}
20000cbe:	2101      	movs	r1, #1
20000cc0:	0020      	movs	r0, r4
20000cc2:	f7ff ff5b 	bl	20000b7c <sync_ep_buffer>
20000cc6:	e7f9      	b.n	20000cbc <_hw_endpoint_xfer_sync+0x1c>

20000cc8 <e15_is_bulkin_ep>:
20000cc8:	4b07      	ldr	r3, [pc, #28]	@ (20000ce8 <e15_is_bulkin_ep+0x20>)
20000cca:	6c1b      	ldr	r3, [r3, #64]	@ 0x40
20000ccc:	079b      	lsls	r3, r3, #30
20000cce:	d403      	bmi.n	20000cd8 <e15_is_bulkin_ep+0x10>
20000cd0:	7883      	ldrb	r3, [r0, #2]
20000cd2:	09db      	lsrs	r3, r3, #7
20000cd4:	2b01      	cmp	r3, #1
20000cd6:	d001      	beq.n	20000cdc <e15_is_bulkin_ep+0x14>
20000cd8:	2000      	movs	r0, #0
20000cda:	4770      	bx	lr
20000cdc:	7ec0      	ldrb	r0, [r0, #27]
20000cde:	3802      	subs	r0, #2
20000ce0:	4243      	negs	r3, r0
20000ce2:	4158      	adcs	r0, r3
20000ce4:	b2c0      	uxtb	r0, r0
20000ce6:	e7f8      	b.n	20000cda <e15_is_bulkin_ep+0x12>
20000ce8:	50110000 	.word	0x50110000

20000cec <e15_is_critical_frame_period>:
20000cec:	b510      	push	{r4, lr}
20000cee:	f7ff ffeb 	bl	20000cc8 <e15_is_bulkin_ep>
20000cf2:	2800      	cmp	r0, #0
20000cf4:	d00a      	beq.n	20000d0c <e15_is_critical_frame_period+0x20>
20000cf6:	4b06      	ldr	r3, [pc, #24]	@ (20000d10 <e15_is_critical_frame_period+0x24>)
20000cf8:	4a06      	ldr	r2, [pc, #24]	@ (20000d14 <e15_is_critical_frame_period+0x28>)
20000cfa:	6a9b      	ldr	r3, [r3, #40]	@ 0x28
20000cfc:	4906      	ldr	r1, [pc, #24]	@ (20000d18 <e15_is_critical_frame_period+0x2c>)
20000cfe:	6812      	ldr	r2, [r2, #0]
20000d00:	185b      	adds	r3, r3, r1
20000d02:	1a9b      	subs	r3, r3, r2
20000d04:	2000      	movs	r0, #0
20000d06:	22c6      	movs	r2, #198	@ 0xc6
20000d08:	429a      	cmp	r2, r3
20000d0a:	4140      	adcs	r0, r0
20000d0c:	bd10      	pop	{r4, pc}
20000d0e:	46c0      	nop			@ (mov r8, r8)
20000d10:	40054000 	.word	0x40054000
20000d14:	20001928 	.word	0x20001928
20000d18:	fffffce0 	.word	0xfffffce0

20000d1c <hw_endpoint_reset_transfer>:
20000d1c:	2300      	movs	r3, #0
20000d1e:	7683      	strb	r3, [r0, #26]
20000d20:	6143      	str	r3, [r0, #20]
20000d22:	6103      	str	r3, [r0, #16]
20000d24:	4770      	bx	lr
20000d26:	46c0      	nop			@ (mov r8, r8)

20000d28 <_hw_endpoint_buffer_control_update32>:
20000d28:	b510      	push	{r4, lr}
20000d2a:	6883      	ldr	r3, [r0, #8]
20000d2c:	2900      	cmp	r1, #0
20000d2e:	d001      	beq.n	20000d34 <_hw_endpoint_buffer_control_update32+0xc>
20000d30:	681c      	ldr	r4, [r3, #0]
20000d32:	4021      	ands	r1, r4
20000d34:	2a00      	cmp	r2, #0
20000d36:	d012      	beq.n	20000d5e <_hw_endpoint_buffer_control_update32+0x36>
20000d38:	2480      	movs	r4, #128	@ 0x80
20000d3a:	00e4      	lsls	r4, r4, #3
20000d3c:	4311      	orrs	r1, r2
20000d3e:	4222      	tst	r2, r4
20000d40:	d00d      	beq.n	20000d5e <_hw_endpoint_buffer_control_update32+0x36>
20000d42:	681a      	ldr	r2, [r3, #0]
20000d44:	4222      	tst	r2, r4
20000d46:	d10c      	bne.n	20000d62 <_hw_endpoint_buffer_control_update32+0x3a>
20000d48:	4a08      	ldr	r2, [pc, #32]	@ (20000d6c <_hw_endpoint_buffer_control_update32+0x44>)
20000d4a:	400a      	ands	r2, r1
20000d4c:	601a      	str	r2, [r3, #0]
20000d4e:	4a08      	ldr	r2, [pc, #32]	@ (20000d70 <_hw_endpoint_buffer_control_update32+0x48>)
20000d50:	6c12      	ldr	r2, [r2, #64]	@ 0x40
20000d52:	0792      	lsls	r2, r2, #30
20000d54:	d403      	bmi.n	20000d5e <_hw_endpoint_buffer_control_update32+0x36>
20000d56:	230c      	movs	r3, #12
20000d58:	3b03      	subs	r3, #3
20000d5a:	d2fd      	bcs.n	20000d58 <_hw_endpoint_buffer_control_update32+0x30>
20000d5c:	6883      	ldr	r3, [r0, #8]
20000d5e:	6019      	str	r1, [r3, #0]
20000d60:	bd10      	pop	{r4, pc}
20000d62:	7881      	ldrb	r1, [r0, #2]
20000d64:	4803      	ldr	r0, [pc, #12]	@ (20000d74 <_hw_endpoint_buffer_control_update32+0x4c>)
20000d66:	f000 f97b 	bl	20001060 <__panic_veneer>
20000d6a:	46c0      	nop			@ (mov r8, r8)
20000d6c:	fffffbff 	.word	0xfffffbff
20000d70:	50110000 	.word	0x50110000
20000d74:	10006848 	.word	0x10006848

20000d78 <hw_endpoint_start_next_buffer>:
20000d78:	6843      	ldr	r3, [r0, #4]
20000d7a:	b570      	push	{r4, r5, r6, lr}
20000d7c:	2100      	movs	r1, #0
20000d7e:	2580      	movs	r5, #128	@ 0x80
20000d80:	0004      	movs	r4, r0
20000d82:	681e      	ldr	r6, [r3, #0]
20000d84:	f7ff fe40 	bl	20000a08 <prepare_ep_buffer>
20000d88:	4b13      	ldr	r3, [pc, #76]	@ (20000dd8 <hw_endpoint_start_next_buffer+0x60>)
20000d8a:	016d      	lsls	r5, r5, #5
20000d8c:	6c1a      	ldr	r2, [r3, #64]	@ 0x40
20000d8e:	4305      	orrs	r5, r0
20000d90:	78a3      	ldrb	r3, [r4, #2]
20000d92:	0792      	lsls	r2, r2, #30
20000d94:	d40f      	bmi.n	20000db6 <hw_endpoint_start_next_buffer+0x3e>
20000d96:	b25b      	sxtb	r3, r3
20000d98:	2b00      	cmp	r3, #0
20000d9a:	db0e      	blt.n	20000dba <hw_endpoint_start_next_buffer+0x42>
20000d9c:	4b0f      	ldr	r3, [pc, #60]	@ (20000ddc <hw_endpoint_start_next_buffer+0x64>)
20000d9e:	401e      	ands	r6, r3
20000da0:	2380      	movs	r3, #128	@ 0x80
20000da2:	059b      	lsls	r3, r3, #22
20000da4:	4333      	orrs	r3, r6
20000da6:	6862      	ldr	r2, [r4, #4]
20000da8:	2100      	movs	r1, #0
20000daa:	6013      	str	r3, [r2, #0]
20000dac:	0020      	movs	r0, r4
20000dae:	002a      	movs	r2, r5
20000db0:	f7ff ffba 	bl	20000d28 <_hw_endpoint_buffer_control_update32>
20000db4:	bd70      	pop	{r4, r5, r6, pc}
20000db6:	065b      	lsls	r3, r3, #25
20000db8:	d1f0      	bne.n	20000d9c <hw_endpoint_start_next_buffer+0x24>
20000dba:	8aa3      	ldrh	r3, [r4, #20]
20000dbc:	2b00      	cmp	r3, #0
20000dbe:	d0ed      	beq.n	20000d9c <hw_endpoint_start_next_buffer+0x24>
20000dc0:	2101      	movs	r1, #1
20000dc2:	0020      	movs	r0, r4
20000dc4:	f7ff fe20 	bl	20000a08 <prepare_ep_buffer>
20000dc8:	23a0      	movs	r3, #160	@ 0xa0
20000dca:	4a05      	ldr	r2, [pc, #20]	@ (20000de0 <hw_endpoint_start_next_buffer+0x68>)
20000dcc:	05db      	lsls	r3, r3, #23
20000dce:	4032      	ands	r2, r6
20000dd0:	4305      	orrs	r5, r0
20000dd2:	4313      	orrs	r3, r2
20000dd4:	e7e7      	b.n	20000da6 <hw_endpoint_start_next_buffer+0x2e>
20000dd6:	46c0      	nop			@ (mov r8, r8)
20000dd8:	50110000 	.word	0x50110000
20000ddc:	afffffff 	.word	0xafffffff
20000de0:	dfffffff 	.word	0xdfffffff

20000de4 <hw_endpoint_xfer_continue>:
20000de4:	b570      	push	{r4, r5, r6, lr}
20000de6:	7e84      	ldrb	r4, [r0, #26]
20000de8:	0005      	movs	r5, r0
20000dea:	2c00      	cmp	r4, #0
20000dec:	d013      	beq.n	20000e16 <hw_endpoint_xfer_continue+0x32>
20000dee:	f7ff ff57 	bl	20000ca0 <_hw_endpoint_xfer_sync>
20000df2:	8aab      	ldrh	r3, [r5, #20]
20000df4:	2b00      	cmp	r3, #0
20000df6:	d101      	bne.n	20000dfc <hw_endpoint_xfer_continue+0x18>
20000df8:	0020      	movs	r0, r4
20000dfa:	bd70      	pop	{r4, r5, r6, pc}
20000dfc:	0028      	movs	r0, r5
20000dfe:	f7ff ff75 	bl	20000cec <e15_is_critical_frame_period>
20000e02:	1e04      	subs	r4, r0, #0
20000e04:	d003      	beq.n	20000e0e <hw_endpoint_xfer_continue+0x2a>
20000e06:	2301      	movs	r3, #1
20000e08:	2400      	movs	r4, #0
20000e0a:	772b      	strb	r3, [r5, #28]
20000e0c:	e7f4      	b.n	20000df8 <hw_endpoint_xfer_continue+0x14>
20000e0e:	0028      	movs	r0, r5
20000e10:	f7ff ffb2 	bl	20000d78 <hw_endpoint_start_next_buffer>
20000e14:	e7f0      	b.n	20000df8 <hw_endpoint_xfer_continue+0x14>
20000e16:	7881      	ldrb	r1, [r0, #2]
20000e18:	4801      	ldr	r0, [pc, #4]	@ (20000e20 <hw_endpoint_xfer_continue+0x3c>)
20000e1a:	f000 f921 	bl	20001060 <__panic_veneer>
20000e1e:	46c0      	nop			@ (mov r8, r8)
20000e20:	10006868 	.word	0x10006868

20000e24 <dcd_event_handler>:
20000e24:	b5f0      	push	{r4, r5, r6, r7, lr}
20000e26:	4647      	mov	r7, r8
20000e28:	46ce      	mov	lr, r9
20000e2a:	b580      	push	{r7, lr}
20000e2c:	7843      	ldrb	r3, [r0, #1]
20000e2e:	0005      	movs	r5, r0
20000e30:	000f      	movs	r7, r1
20000e32:	b085      	sub	sp, #20
20000e34:	2b06      	cmp	r3, #6
20000e36:	d807      	bhi.n	20000e48 <dcd_event_handler+0x24>
20000e38:	4a68      	ldr	r2, [pc, #416]	@ (20000fdc <dcd_event_handler+0x1b8>)
20000e3a:	009b      	lsls	r3, r3, #2
20000e3c:	58d3      	ldr	r3, [r2, r3]
20000e3e:	469f      	mov	pc, r3
20000e40:	4a67      	ldr	r2, [pc, #412]	@ (20000fe0 <dcd_event_handler+0x1bc>)
20000e42:	7813      	ldrb	r3, [r2, #0]
20000e44:	3301      	adds	r3, #1
20000e46:	7013      	strb	r3, [r2, #0]
20000e48:	4b66      	ldr	r3, [pc, #408]	@ (20000fe4 <dcd_event_handler+0x1c0>)
20000e4a:	681c      	ldr	r4, [r3, #0]
20000e4c:	6962      	ldr	r2, [r4, #20]
20000e4e:	f3ef 8110 	mrs	r1, PRIMASK
20000e52:	b672      	cpsid	i
20000e54:	6813      	ldr	r3, [r2, #0]
20000e56:	2b00      	cmp	r3, #0
20000e58:	d0fc      	beq.n	20000e54 <dcd_event_handler+0x30>
20000e5a:	f3bf 8f5f 	dmb	sy
20000e5e:	61a1      	str	r1, [r4, #24]
20000e60:	0020      	movs	r0, r4
20000e62:	0029      	movs	r1, r5
20000e64:	f000 f904 	bl	20001070 <__tu_fifo_write_veneer>
20000e68:	6962      	ldr	r2, [r4, #20]
20000e6a:	69a3      	ldr	r3, [r4, #24]
20000e6c:	f3bf 8f5f 	dmb	sy
20000e70:	2100      	movs	r1, #0
20000e72:	6011      	str	r1, [r2, #0]
20000e74:	f383 8810 	msr	PRIMASK, r3
20000e78:	2800      	cmp	r0, #0
20000e7a:	d104      	bne.n	20000e86 <dcd_event_handler+0x62>
20000e7c:	b005      	add	sp, #20
20000e7e:	bcc0      	pop	{r6, r7}
20000e80:	46b9      	mov	r9, r7
20000e82:	46b0      	mov	r8, r6
20000e84:	bdf0      	pop	{r4, r5, r6, r7, pc}
20000e86:	003a      	movs	r2, r7
20000e88:	7869      	ldrb	r1, [r5, #1]
20000e8a:	7828      	ldrb	r0, [r5, #0]
20000e8c:	f000 f8d8 	bl	20001040 <__tud_event_hook_cb_veneer>
20000e90:	e7f4      	b.n	20000e7c <dcd_event_handler+0x58>
20000e92:	2101      	movs	r1, #1
20000e94:	4b54      	ldr	r3, [pc, #336]	@ (20000fe8 <dcd_event_handler+0x1c4>)
20000e96:	781a      	ldrb	r2, [r3, #0]
20000e98:	438a      	bics	r2, r1
20000e9a:	701a      	strb	r2, [r3, #0]
20000e9c:	781a      	ldrb	r2, [r3, #0]
20000e9e:	3101      	adds	r1, #1
20000ea0:	438a      	bics	r2, r1
20000ea2:	701a      	strb	r2, [r3, #0]
20000ea4:	2200      	movs	r2, #0
20000ea6:	705a      	strb	r2, [r3, #1]
20000ea8:	781a      	ldrb	r2, [r3, #0]
20000eaa:	3102      	adds	r1, #2
20000eac:	438a      	bics	r2, r1
20000eae:	701a      	strb	r2, [r3, #0]
20000eb0:	e7ca      	b.n	20000e48 <dcd_event_handler+0x24>
20000eb2:	4b4e      	ldr	r3, [pc, #312]	@ (20000fec <dcd_event_handler+0x1c8>)
20000eb4:	2400      	movs	r4, #0
20000eb6:	001e      	movs	r6, r3
20000eb8:	781a      	ldrb	r2, [r3, #0]
20000eba:	4b4d      	ldr	r3, [pc, #308]	@ (20000ff0 <dcd_event_handler+0x1cc>)
20000ebc:	4698      	mov	r8, r3
20000ebe:	4b4d      	ldr	r3, [pc, #308]	@ (20000ff4 <dcd_event_handler+0x1d0>)
20000ec0:	4699      	mov	r9, r3
20000ec2:	e010      	b.n	20000ee6 <dcd_event_handler+0xc2>
20000ec4:	464b      	mov	r3, r9
20000ec6:	681b      	ldr	r3, [r3, #0]
20000ec8:	0161      	lsls	r1, r4, #5
20000eca:	185b      	adds	r3, r3, r1
20000ecc:	2b00      	cmp	r3, #0
20000ece:	d006      	beq.n	20000ede <dcd_event_handler+0xba>
20000ed0:	69db      	ldr	r3, [r3, #28]
20000ed2:	2b00      	cmp	r3, #0
20000ed4:	d003      	beq.n	20000ede <dcd_event_handler+0xba>
20000ed6:	6869      	ldr	r1, [r5, #4]
20000ed8:	7828      	ldrb	r0, [r5, #0]
20000eda:	4798      	blx	r3
20000edc:	7832      	ldrb	r2, [r6, #0]
20000ede:	3401      	adds	r4, #1
20000ee0:	b2e4      	uxtb	r4, r4
20000ee2:	4294      	cmp	r4, r2
20000ee4:	d817      	bhi.n	20000f16 <dcd_event_handler+0xf2>
20000ee6:	42a2      	cmp	r2, r4
20000ee8:	d8ec      	bhi.n	20000ec4 <dcd_event_handler+0xa0>
20000eea:	1aa3      	subs	r3, r4, r2
20000eec:	015b      	lsls	r3, r3, #5
20000eee:	4443      	add	r3, r8
20000ef0:	e7ee      	b.n	20000ed0 <dcd_event_handler+0xac>
20000ef2:	4b3d      	ldr	r3, [pc, #244]	@ (20000fe8 <dcd_event_handler+0x1c4>)
20000ef4:	781a      	ldrb	r2, [r3, #0]
20000ef6:	07d2      	lsls	r2, r2, #31
20000ef8:	d5c0      	bpl.n	20000e7c <dcd_event_handler+0x58>
20000efa:	2104      	movs	r1, #4
20000efc:	781a      	ldrb	r2, [r3, #0]
20000efe:	430a      	orrs	r2, r1
20000f00:	701a      	strb	r2, [r3, #0]
20000f02:	e7a1      	b.n	20000e48 <dcd_event_handler+0x24>
20000f04:	4b38      	ldr	r3, [pc, #224]	@ (20000fe8 <dcd_event_handler+0x1c4>)
20000f06:	781a      	ldrb	r2, [r3, #0]
20000f08:	07d2      	lsls	r2, r2, #31
20000f0a:	d5b7      	bpl.n	20000e7c <dcd_event_handler+0x58>
20000f0c:	2104      	movs	r1, #4
20000f0e:	781a      	ldrb	r2, [r3, #0]
20000f10:	438a      	bics	r2, r1
20000f12:	701a      	strb	r2, [r3, #0]
20000f14:	e798      	b.n	20000e48 <dcd_event_handler+0x24>
20000f16:	4a34      	ldr	r2, [pc, #208]	@ (20000fe8 <dcd_event_handler+0x1c4>)
20000f18:	7813      	ldrb	r3, [r2, #0]
20000f1a:	4690      	mov	r8, r2
20000f1c:	0011      	movs	r1, r2
20000f1e:	075b      	lsls	r3, r3, #29
20000f20:	d528      	bpl.n	20000f74 <dcd_event_handler+0x150>
20000f22:	7813      	ldrb	r3, [r2, #0]
20000f24:	2204      	movs	r2, #4
20000f26:	ac01      	add	r4, sp, #4
20000f28:	4393      	bics	r3, r2
20000f2a:	700b      	strb	r3, [r1, #0]
20000f2c:	0020      	movs	r0, r4
20000f2e:	2100      	movs	r1, #0
20000f30:	3208      	adds	r2, #8
20000f32:	f000 f875 	bl	20001020 <____wrap_memset_veneer>
20000f36:	782b      	ldrb	r3, [r5, #0]
20000f38:	7023      	strb	r3, [r4, #0]
20000f3a:	2305      	movs	r3, #5
20000f3c:	7063      	strb	r3, [r4, #1]
20000f3e:	4b29      	ldr	r3, [pc, #164]	@ (20000fe4 <dcd_event_handler+0x1c0>)
20000f40:	681b      	ldr	r3, [r3, #0]
20000f42:	0018      	movs	r0, r3
20000f44:	695a      	ldr	r2, [r3, #20]
20000f46:	f3ef 8110 	mrs	r1, PRIMASK
20000f4a:	b672      	cpsid	i
20000f4c:	6813      	ldr	r3, [r2, #0]
20000f4e:	2b00      	cmp	r3, #0
20000f50:	d0fc      	beq.n	20000f4c <dcd_event_handler+0x128>
20000f52:	f3bf 8f5f 	dmb	sy
20000f56:	0006      	movs	r6, r0
20000f58:	6181      	str	r1, [r0, #24]
20000f5a:	0021      	movs	r1, r4
20000f5c:	f000 f888 	bl	20001070 <__tu_fifo_write_veneer>
20000f60:	6972      	ldr	r2, [r6, #20]
20000f62:	69b3      	ldr	r3, [r6, #24]
20000f64:	f3bf 8f5f 	dmb	sy
20000f68:	2100      	movs	r1, #0
20000f6a:	6011      	str	r1, [r2, #0]
20000f6c:	f383 8810 	msr	PRIMASK, r3
20000f70:	2800      	cmp	r0, #0
20000f72:	d12c      	bne.n	20000fce <dcd_event_handler+0x1aa>
20000f74:	4643      	mov	r3, r8
20000f76:	78db      	ldrb	r3, [r3, #3]
20000f78:	07db      	lsls	r3, r3, #31
20000f7a:	d400      	bmi.n	20000f7e <dcd_event_handler+0x15a>
20000f7c:	e77e      	b.n	20000e7c <dcd_event_handler+0x58>
20000f7e:	782b      	ldrb	r3, [r5, #0]
20000f80:	ac01      	add	r4, sp, #4
20000f82:	7023      	strb	r3, [r4, #0]
20000f84:	2303      	movs	r3, #3
20000f86:	7063      	strb	r3, [r4, #1]
20000f88:	686b      	ldr	r3, [r5, #4]
20000f8a:	6063      	str	r3, [r4, #4]
20000f8c:	4b15      	ldr	r3, [pc, #84]	@ (20000fe4 <dcd_event_handler+0x1c0>)
20000f8e:	681d      	ldr	r5, [r3, #0]
20000f90:	696a      	ldr	r2, [r5, #20]
20000f92:	f3ef 8110 	mrs	r1, PRIMASK
20000f96:	b672      	cpsid	i
20000f98:	6813      	ldr	r3, [r2, #0]
20000f9a:	2b00      	cmp	r3, #0
20000f9c:	d0fc      	beq.n	20000f98 <dcd_event_handler+0x174>
20000f9e:	f3bf 8f5f 	dmb	sy
20000fa2:	61a9      	str	r1, [r5, #24]
20000fa4:	0028      	movs	r0, r5
20000fa6:	0021      	movs	r1, r4
20000fa8:	f000 f862 	bl	20001070 <__tu_fifo_write_veneer>
20000fac:	696a      	ldr	r2, [r5, #20]
20000fae:	69ab      	ldr	r3, [r5, #24]
20000fb0:	f3bf 8f5f 	dmb	sy
20000fb4:	2100      	movs	r1, #0
20000fb6:	6011      	str	r1, [r2, #0]
20000fb8:	f383 8810 	msr	PRIMASK, r3
20000fbc:	2800      	cmp	r0, #0
20000fbe:	d100      	bne.n	20000fc2 <dcd_event_handler+0x19e>
20000fc0:	e75c      	b.n	20000e7c <dcd_event_handler+0x58>
20000fc2:	003a      	movs	r2, r7
20000fc4:	7861      	ldrb	r1, [r4, #1]
20000fc6:	7820      	ldrb	r0, [r4, #0]
20000fc8:	f000 f83a 	bl	20001040 <__tud_event_hook_cb_veneer>
20000fcc:	e756      	b.n	20000e7c <dcd_event_handler+0x58>
20000fce:	003a      	movs	r2, r7
20000fd0:	7861      	ldrb	r1, [r4, #1]
20000fd2:	7820      	ldrb	r0, [r4, #0]
20000fd4:	f000 f834 	bl	20001040 <__tud_event_hook_cb_veneer>
20000fd8:	e7cc      	b.n	20000f74 <dcd_event_handler+0x150>
20000fda:	46c0      	nop			@ (mov r8, r8)
20000fdc:	10006be0 	.word	0x10006be0
20000fe0:	20001d83 	.word	0x20001d83
20000fe4:	20001700 	.word	0x20001700
20000fe8:	200016a8 	.word	0x200016a8
20000fec:	20001d81 	.word	0x20001d81
20000ff0:	10006bfc 	.word	0x10006bfc
20000ff4:	200015c0 	.word	0x200015c0

20000ff8 <__aeabi_idiv0>:
20000ff8:	4770      	bx	lr
20000ffa:	46c0      	nop			@ (mov r8, r8)
20000ffc:	0000      	movs	r0, r0
	...

20001000 <__best_effort_wfe_or_timeout_veneer>:
20001000:	b401      	push	{r0}
20001002:	4802      	ldr	r0, [pc, #8]	@ (2000100c <__best_effort_wfe_or_timeout_veneer+0xc>)
20001004:	4684      	mov	ip, r0
20001006:	bc01      	pop	{r0}
20001008:	4760      	bx	ip
2000100a:	bf00      	nop
2000100c:	10000fe9 	.word	0x10000fe9

20001010 <__time_us_64_veneer>:
20001010:	b401      	push	{r0}
20001012:	4802      	ldr	r0, [pc, #8]	@ (2000101c <__time_us_64_veneer+0xc>)
20001014:	4684      	mov	ip, r0
20001016:	bc01      	pop	{r0}
20001018:	4760      	bx	ip
2000101a:	bf00      	nop
2000101c:	100010f5 	.word	0x100010f5

20001020 <____wrap_memset_veneer>:
20001020:	b401      	push	{r0}
20001022:	4802      	ldr	r0, [pc, #8]	@ (2000102c <____wrap_memset_veneer+0xc>)
20001024:	4684      	mov	ip, r0
20001026:	bc01      	pop	{r0}
20001028:	4760      	bx	ip
2000102a:	bf00      	nop
2000102c:	10002621 	.word	0x10002621

20001030 <____wrap___aeabi_lmul_veneer>:
20001030:	b401      	push	{r0}
20001032:	4802      	ldr	r0, [pc, #8]	@ (2000103c <____wrap___aeabi_lmul_veneer+0xc>)
20001034:	4684      	mov	ip, r0
20001036:	bc01      	pop	{r0}
20001038:	4760      	bx	ip
2000103a:	bf00      	nop
2000103c:	10002549 	.word	0x10002549

20001040 <__tud_event_hook_cb_veneer>:
20001040:	b401      	push	{r0}
20001042:	4802      	ldr	r0, [pc, #8]	@ (2000104c <__tud_event_hook_cb_veneer+0xc>)
20001044:	4684      	mov	ip, r0
20001046:	bc01      	pop	{r0}
20001048:	4760      	bx	ip
2000104a:	bf00      	nop
2000104c:	10004de5 	.word	0x10004de5

20001050 <__rp2040_chip_version_veneer>:
20001050:	b401      	push	{r0}
20001052:	4802      	ldr	r0, [pc, #8]	@ (2000105c <__rp2040_chip_version_veneer+0xc>)
20001054:	4684      	mov	ip, r0
20001056:	bc01      	pop	{r0}
20001058:	4760      	bx	ip
2000105a:	bf00      	nop
2000105c:	100003f9 	.word	0x100003f9

20001060 <__panic_veneer>:
20001060:	b401      	push	{r0}
20001062:	4802      	ldr	r0, [pc, #8]	@ (2000106c <__panic_veneer+0xc>)
20001064:	4684      	mov	ip, r0
20001066:	bc01      	pop	{r0}
20001068:	4760      	bx	ip
2000106a:	bf00      	nop
2000106c:	10000405 	.word	0x10000405

20001070 <__tu_fifo_write_veneer>:
20001070:	b401      	push	{r0}
20001072:	4802      	ldr	r0, [pc, #8]	@ (2000107c <__tu_fifo_write_veneer+0xc>)
20001074:	4684      	mov	ip, r0
20001076:	bc01      	pop	{r0}
20001078:	4760      	bx	ip
2000107a:	bf00      	nop
2000107c:	10006349 	.word	0x10006349

20001080 <striped_spin_lock_num>:
20001080:	00000010                                ....

20001084 <irq_handler_chain_slots>:
20001084:	00000000 	.word	0x00000000
20001088:	00010000 	.word	0x00010000
	...
20001094:	00020000 	.word	0x00020000
	...
200010a0:	00030000 	.word	0x00030000
	...
200010ac:	00040000 	.word	0x00040000
	...
200010b8:	00050000 	.word	0x00050000
	...
200010c4:	00ff0000 	.word	0x00ff0000
200010c8:	00000000 	.word	0x00000000

200010cc <irq_handler_chain_first_slot>:
200010cc:	b501      	push	{r0, lr}
200010ce:	6848      	ldr	r0, [r1, #4]
200010d0:	3101      	adds	r1, #1
200010d2:	468e      	mov	lr, r1
200010d4:	4700      	bx	r0

200010d6 <irq_handler_chain_remove_tail>:
200010d6:	4670      	mov	r0, lr
200010d8:	3809      	subs	r0, #9
200010da:	4901      	ldr	r1, [pc, #4]	@ (200010e0 <irq_handler_chain_remove_tail+0xa>)
200010dc:	4788      	blx	r1
200010de:	bd01      	pop	{r0, pc}
200010e0:	10000821 	.word	0x10000821
200010e4:	00000000 	.word	0x00000000

200010e8 <last_added.0>:
200010e8:	ffffffff 7fffffff                       ........

200010f0 <default_alarm_pool>:
	...
20001104:	20001238 00000000 00000000              8.. ........

20001110 <aeabi_bits_funcs>:
20001110:	00003350 	.word	0x00003350
20001114:	0000334c 	.word	0x0000334c
20001118:	00003354 	.word	0x00003354
2000111c:	00003352 	.word	0x00003352

20001120 <aeabi_bits_funcs_end>:
20001120:	0000534d 	.word	0x0000534d
20001124:	0000434d 	.word	0x0000434d
20001128:	00003453 	.word	0x00003453
2000112c:	00003443 	.word	0x00003443

20001130 <stdio_usb>:
20001130:	1000447d 10004431 100043a1 10004319     }D..1D...C...C..
20001140:	00000000 00000100                       ........

20001148 <_usbd_qdef>:
20001148:	20001704 000c0010 00000000 00000000     ... ............
	...

20001164 <_usbd_rhport>:
20001164:	000000ff                                ....

20001168 <print_mutex>:
	...
